image_lattice_col_index_0_to_49,image_lattice_row_index_0_to_49,predicted_x_px,predicted_y_px,predicted_in_sensor,assigned_in_v3,assigned_source_candidate_index,assigned_raw_x_px,assigned_raw_y_px,nearest_fresh_detector_candidate_distance_px,fresh_detector_candidate_within_v3_assignment_bound,local_mean_darkness_0_to_1
0,0,1524.9254403377174,786.9280135078643,True,True,1448,1524.7837051293236,788.5587858789179,3.0728911713732803,True,0.6937975190076031
1,0,1524.8939437694405,803.031743055041,True,False,,,,12.464635845012292,False,0.7122048819527811
2,0,1524.862442830159,819.1377074322244,True,True,1555,1524.4353611309277,820.7065816681285,3.4148809699832685,True,0.7205282112845138
3,0,1524.8309375189626,835.2459071046616,True,True,1615,1524.3297234605095,835.4240862636875,2.214636925500701,True,0.7198879551820728
4,0,1524.7994278349418,851.356342537729,True,False,,,,12.483704815983725,False,0.7250100040016006
5,0,1524.7679137771856,867.4690141969327,True,False,,,,18.194457309838587,False,0.7245298119247698
6,0,1524.7363953447837,883.5839225479074,True,False,,,,15.815908101816293,False,0.740376150460184
7,0,1524.7048725368245,899.7010680564172,True,False,,,,23.66370283230874,False,0.7402961184473789
8,0,1524.6733453523975,915.8204511883557,True,False,,,,14.183310888526806,False,0.7425370148059224
9,0,1524.6418137905907,931.9420724097461,True,True,1609,1524.5838388889576,931.5997572916549,1.974827234293636,True,0.7420568227290917
10,0,1524.6102778504928,948.0659321867405,True,False,,,,15.746391661895023,False,0.7460584233693477
11,0,1524.5787375311913,964.1920309856208,True,False,,,,12.552151738884849,False,0.7469387755102042
12,0,1524.5471928317745,980.3203692727983,True,True,1487,1524.4074891532343,979.7228678165559,2.788892113517651,True,0.7499799919967987
13,0,1524.5156437513294,996.4509475148138,True,True,609,1524.58622117343,995.6805153155882,2.4983483936389512,True,0.7498999599839936
14,0,1524.484090288944,1012.5837661783379,True,False,,,,13.49806852639472,False,0.7579031612645057
15,0,1524.4525324437043,1028.7188257301705,True,True,1556,1524.0801588214194,1027.6500496170595,3.082509343221932,True,0.7593437374949981
16,0,1524.4209702146977,1044.8561266372417,True,False,,,,18.785202912932053,False,0.7625450180072029
17,0,1524.3894036010108,1060.9956693666109,True,False,,,,13.720428701203632,False,0.7636654661864746
18,0,1524.3578326017298,1077.137454385467,True,False,,,,23.338248695471233,False,0.7674269707883153
19,0,1524.3262572159404,1093.2814821611298,True,False,,,,20.783490916250866,False,0.7654261704681873
20,0,1524.294677442728,1109.4277531610478,True,False,,,,14.774470907693928,False,0.7687074829931972
21,0,1524.2630932811792,1125.5762678528004,True,False,,,,22.93690500639983,False,0.7747899159663866
22,0,1524.2315047303782,1141.7270267040963,True,False,,,,16.506793327206662,False,0.7753501400560224
23,0,1524.1999117894104,1157.8800301827741,True,True,1444,1525.1765129721296,1158.1270109782636,2.802657086432094,True,0.7747098839535814
24,0,1524.1683144573603,1174.0352787568027,True,False,,,,16.283384409291607,False,0.7792717086834734
25,0,1524.136712733313,1190.1927728942815,True,False,,,,32.31985520689031,False,0.7762304921968788
26,0,1524.105106616352,1206.3525130634398,True,False,,,,48.439095029250964,False,0.7767106842737095
27,0,1524.0734961055614,1222.5144997326365,True,False,,,,48.86831304589329,False,0.7858343337334934
28,0,1524.041881200025,1238.6787333703612,True,False,,,,33.84726576935445,False,0.7827130852340937
29,0,1524.0102618988267,1254.8452144452338,True,False,,,,20.631672650873156,False,0.782953181272509
30,0,1523.9786382010486,1271.013943426005,True,False,,,,15.113423519542547,False,0.7819927971188475
31,0,1523.9470101057748,1287.1849207815544,True,False,,,,23.539423419734455,False,0.7798319327731092
32,0,1523.9153776120872,1303.3581469808937,True,False,,,,31.71044800981079,False,0.7761504601840736
33,0,1523.8837407190686,1319.533622493164,True,False,,,,15.610489631273193,False,0.7799119647859144
34,0,1523.852099425801,1335.7113477876374,True,True,1607,1524.2102218979098,1335.7843533461676,2.2626295657090583,True,0.7795118047218887
35,0,1523.8204537313666,1351.8913233337162,True,False,,,,17.031360071974827,False,0.7769507803121248
36,0,1523.7888036348465,1368.0735496009333,True,False,,,,13.948771698325658,False,0.7741496598639456
37,0,1523.7571491353226,1384.2580270589528,True,True,1533,1523.5238907021646,1383.6708922536254,2.381587918193032,True,0.7730292116846739
38,0,1523.725490231876,1400.444756177569,True,False,,,,18.45901856888699,False,0.7677470988395358
39,0,1523.6938269235873,1416.6337374267066,True,False,,,,16.749642705857024,False,0.7737494997999199
40,0,1523.6621592095375,1432.8249712764216,True,False,,,,15.812462839586154,False,0.7733493397358944
41,0,1523.6304870888066,1449.0184581969008,True,False,,,,11.411803019200098,False,0.7754301720688276
42,0,1523.5988105604752,1465.214198658462,True,False,,,,19.012074096612395,False,0.7719087635054022
43,0,1523.5671296236228,1481.4121931315535,True,False,,,,33.06881727546843,False,0.7690276110444177
44,0,1523.5354442773294,1497.6124420867548,True,False,,,,19.08243134238966,False,0.7690276110444177
45,0,1523.5037545206735,1513.8149459947758,True,False,,,,12.634789514559237,False,0.7703881552621048
46,0,1523.472060352735,1530.0197053264587,True,False,,,,21.914882374648315,False,0.7819927971188475
47,0,1523.440361772593,1546.2267205527755,True,False,,,,36.41745461767996,False,0.7824729891956783
48,0,1523.408658779325,1562.4359921448306,True,False,,,,32.817366378248586,False,0.7821528611444578
49,0,1523.3769513720101,1578.6475205738582,True,False,,,,19.72023199141459,False,0.7739895958383354
0,1,1510.934546504282,786.1973584182333,True,True,1449,1510.7989772944325,786.8707954417284,0.2079290873092456,True,0.690516206482593
1,1,1510.9020324263058,802.3242344084624,True,False,,,,16.324528375053408,False,0.7058823529411764
2,1,1510.869513829618,818.4533516649902,True,False,,,,12.638330947639295,False,0.708843537414966
3,1,1510.8369907132762,834.5847106550765,True,False,,,,12.17705553321855,False,0.7282913165266106
4,1,1510.804463076338,850.7183118461106,True,False,,,,20.18326551591174,False,0.7316526610644258
5,1,1510.7719309178608,866.8541557056117,True,False,,,,15.249142223991695,False,0.7329331732693076
6,1,1510.739394236902,882.9922427012289,True,True,1575,1510.3744981618584,883.0927936497682,2.0025078999868247,True,0.7342937174869948
7,1,1510.7068530325182,899.132573300742,True,False,,,,17.21738700209515,False,0.7362945178071229
8,1,1510.674307303766,915.2751479720602,True,False,,,,20.543776149278308,False,0.7368547418967587
9,1,1510.6417570497022,931.4199671832228,True,False,,,,14.42828636467987,False,0.7390956382553022
10,1,1510.6092022693826,947.5670314023997,True,True,944,1510.3668547594875,947.2738142564704,2.2461343147490322,True,0.7458183273309325
11,1,1510.576642961863,963.7163410978907,True,False,,,,14.37041108183753,False,0.7516606642657063
12,1,1510.544079126199,979.8678967381261,True,True,1406,1510.2795123175426,979.406258474209,2.4234724203641234,True,0.7516606642657063
13,1,1510.511510761446,996.0216987916663,True,False,,,,13.986834038019015,False,0.7551020408163265
14,1,1510.4789378666592,1012.1777477272019,True,True,1595,1510.5699001206735,1011.5175557054632,2.2392165840165497,True,0.7552621048419368
15,1,1510.4463604408925,1028.3360440135543,True,False,,,,12.769141232410751,False,0.7557422969187675
16,1,1510.413778483202,1044.496588119675,True,False,,,,13.51613066215555,False,0.7569427771108443
17,1,1510.3811919926407,1060.6593805146463,True,True,1462,1510.5270007926454,1059.7223427524907,2.730426353456969,True,0.7634253701480592
18,1,1510.348600968263,1076.8244216676808,True,False,,,,18.83568878011095,False,0.7647859143657463
19,1,1510.3160054091222,1092.9917120481214,True,False,,,,32.37314091860737,False,0.7671868747499
20,1,1510.2834053142728,1109.1612521254424,True,False,,,,28.740064663169736,False,0.7688675470188076
21,1,1510.2508006827675,1125.333042369248,True,False,,,,33.57008816127997,False,0.7664665866346538
22,1,1510.2181915136587,1141.5070832492736,True,False,,,,23.529670610075055,False,0.7729491796718687
23,1,1510.1855778059996,1157.683375235385,True,False,,,,16.817403038509237,False,0.7744697879151661
24,1,1510.152959558843,1173.8619187975787,True,False,,,,23.13921432475536,False,0.7755902360944378
25,1,1510.1203367712403,1190.0427144059831,True,False,,,,36.21682726606157,False,0.777751100440176
26,1,1510.0877094422435,1206.225762530856,True,False,,,,51.1052809755752,False,0.7767907162865146
27,1,1510.0550775709048,1222.4110636425874,True,False,,,,46.60088174697634,False,0.7765506202480993
28,1,1510.022441156275,1238.5986182116972,True,False,,,,30.418569995254487,False,0.7827931172468987
29,1,1509.9898001974052,1254.7884267088368,True,False,,,,14.246000134805767,False,0.7818327330932373
30,1,1509.9571546933469,1270.9804896047895,True,True,1416,1509.7946601139015,1270.4914686405343,2.199655468857571,True,0.779671868747499
31,1,1509.9245046431502,1287.1748073704682,True,False,,,,18.198305739514105,False,0.7793517406962785
32,1,1509.891850045865,1303.3713804769177,True,False,,,,32.7138665434867,False,0.7747899159663866
33,1,1509.8591909005418,1319.5702093953148,True,False,,,,19.328156857590876,False,0.777671068427371
34,1,1509.8265272062306,1335.771294596966,True,False,,,,12.94825411866074,False,0.7765506202480993
35,1,1509.7938589619807,1351.9746365533106,True,False,,,,12.9453472976481,False,0.7761504601840736
36,1,1509.7611861668408,1368.1802357359174,True,False,,,,13.840711278521887,False,0.7727090836334534
37,1,1509.728508819861,1384.3880926164886,True,True,936,1509.5537060607014,1383.618344191581,2.4967401638021283,True,0.7729491796718687
38,1,1509.695826920089,1400.5982076668572,True,False,,,,17.609368506249854,False,0.7756702681072429
39,1,1509.6631404665739,1416.8105813589868,True,True,1603,1508.695256719408,1417.2380807201118,2.9166819930003993,True,0.775750300120048
40,1,1509.6304494583633,1433.0252141649737,True,True,1499,1509.1869179269584,1433.6827067236684,2.5608874497911063,True,0.7765506202480993
41,1,1509.5977538945058,1449.2421065570447,True,True,1244,1509.1706429982723,1448.5517589692079,2.320420550576949,True,0.7723089235694278
42,1,1509.5650537740485,1465.461259007559,True,False,,,,18.46990443699543,False,0.7683873549419769
43,1,1509.532349096039,1481.6826719890078,True,False,,,,30.35283144785659,False,0.7737494997999199
44,1,1509.4996398595247,1497.906345974013,True,False,,,,14.173290526738908,False,0.7838335334133654
45,1,1509.466926063552,1514.1322814353287,True,True,1514,1509.339972562581,1513.367645452085,2.6262025462754495,True,0.7843937575030012
46,1,1509.4342077071676,1530.3604788458408,True,False,,,,18.42712372978652,False,0.7795918367346939
47,1,1509.401484789418,1546.5909386785672,True,False,,,,34.08689989085736,False,0.7792717086834734
48,1,1509.3687573093491,1562.8236614066577,True,False,,,,20.90854555311674,False,0.7797519007603041
49,1,1509.3360252660068,1579.0586475033938,True,False,,,,15.033722970149759,False,0.7765506202480993
0,2,1496.9032899344338,785.46459544049,True,True,1537,1497.3349738967258,786.2223176810713,2.1639896352317916,True,0.6861944777911164
1,2,1496.8697526025128,801.6146845075893,True,False,,,,15.759325056805311,False,0.7178871548619448
2,2,1496.8362106029467,817.7670213051244,True,False,,,,19.251148476130393,False,0.7196478591436575
3,2,1496.8026639347609,833.9216063023789,True,True,1424,1496.8279453678444,835.3501205016988,3.181316889232989,True,0.725250100040016
4,2,1496.7691125969814,850.0784399687665,True,False,,,,13.101035310366271,False,0.7296518607442977
5,2,1496.7355565886323,866.2375227738318,True,False,,,,19.97178661252198,False,0.7310124049619848
6,2,1496.7019959087384,882.3988551872498,True,False,,,,12.30447032948124,False,0.7282112845138056
7,2,1496.6684305563242,898.5624376788269,True,False,,,,20.649018059201335,False,0.7371748699479792
8,2,1496.6348605304142,914.7282707185,True,False,,,,19.061006198714825,False,0.7408563425370148
9,2,1496.601285830032,930.8963547763366,True,False,,,,12.743177233637718,False,0.7422168867547019
10,2,1496.5677064542008,947.0666903225355,True,True,1549,1496.3816691342358,947.1197281224839,1.896188748709796,True,0.7441376550620248
11,2,1496.5341224019444,963.2392778274263,True,True,1319,1496.3463064505117,963.0265016075591,1.9721412418227524,True,0.7467787114845938
12,2,1496.5005336722859,979.4141177614698,True,True,1341,1496.3726116341006,980.5137801082227,2.9897137410142895,True,0.7447779111644658
13,2,1496.4669402642476,995.5912105952578,True,False,,,,13.670147006653583,False,0.7534213685474189
14,2,1496.433342176852,1011.7705567995127,True,True,1217,1496.2026592389007,1011.347290418926,2.278012549623806,True,0.7591036414565826
15,2,1496.399739409122,1027.952156845089,True,True,1541,1496.5437791764805,1027.478176408916,2.0423587159920196,True,0.7608643457382953
16,2,1496.366131960079,1044.1360112029713,True,False,,,,18.147084918695178,False,0.7609443777511005
17,2,1496.3325198287446,1060.322120344276,True,False,,,,14.85015883643915,False,0.7609443777511005
18,2,1496.2989030141407,1076.5104847402515,True,False,,,,13.5337856865903,False,0.7655862344937975
19,2,1496.2652815152878,1092.7011048622762,True,False,,,,22.928127196735637,False,0.7683873549419769
20,2,1496.2316553312073,1108.8939811818602,True,False,,,,32.03525249883221,False,0.7654261704681873
21,2,1496.1980244609194,1125.0891141706463,True,False,,,,29.360981911028418,False,0.7678271308523409
22,2,1496.164388903445,1141.2865043004067,True,False,,,,34.96470832483786,False,0.7696678671468588
23,2,1496.1307486578032,1157.4861520430468,True,False,,,,30.87352778920126,False,0.7678271308523409
24,2,1496.0971037230145,1173.6880578706027,True,False,,,,34.656949635787434,False,0.7764705882352941
25,2,1496.0634540980982,1189.8922222552426,True,False,,,,44.43178718798365,False,0.7797519007603041
26,2,1496.0297997820737,1206.0986456692658,True,False,,,,57.20693154466531,False,0.7762304921968788
27,2,1495.9961407739595,1222.3073285851037,True,False,,,,45.986334627963444,False,0.7747899159663866
28,2,1495.9624770727746,1238.5182714753191,True,False,,,,33.152869829477375,False,0.7820728291316527
29,2,1495.9288086775375,1254.7314748126075,True,False,,,,19.350629282058808,False,0.7824729891956783
30,2,1495.8951355872662,1270.946939069795,True,False,,,,13.248699672708712,False,0.7811124449779911
31,2,1495.861457800978,1287.1646647198397,True,False,,,,22.418214369116676,False,0.7817527010804322
32,2,1495.8277753176915,1303.384652235833,True,False,,,,22.607144710954746,False,0.7764705882352941
33,2,1495.7940881364234,1319.6069020909968,True,False,,,,13.015975139982622,False,0.7818327330932373
34,2,1495.760396256191,1335.831414758686,True,True,1219,1495.823271306872,1335.4232077784998,2.211492134283574,True,0.7755902360944378
35,2,1495.7266996760104,1352.0581907123865,True,True,1548,1495.7701359920047,1351.569524275701,2.420215429176903,True,0.7779111644657863
36,2,1495.692998394899,1368.2872304257169,True,False,,,,13.730269340865735,False,0.7729491796718687
37,2,1495.6592924118725,1384.5185343724286,True,True,926,1495.4373946806386,1383.613208823831,2.6033981388671235,True,0.7787915166066427
38,2,1495.6255817259469,1400.7521030264043,True,False,,,,15.723506901749984,False,0.7764705882352941
39,2,1495.5918663361376,1416.9879368616591,True,False,,,,11.452937854041568,False,0.7755102040816326
40,2,1495.5581462414602,1433.2260363523408,True,True,981,1495.335078702025,1432.5004804301932,2.2694652643030957,True,0.7743097238895558
41,2,1495.5244214409304,1449.4664019727286,True,False,,,,13.699429046231682,False,0.7692677070828331
42,2,1495.490691933562,1465.7090341972355,True,False,,,,16.579014395764467,False,0.7785514205682273
43,2,1495.4569577183704,1481.9539335004058,True,False,,,,24.355188060888082,False,0.779031612645058
44,2,1495.4232187943692,1498.2011003569169,True,False,,,,20.80975117794476,False,0.78031212484994
45,2,1495.3894751605728,1514.4505352415783,True,False,,,,15.801696387811978,False,0.7812725090036015
46,2,1495.355726815995,1530.7022386293324,True,False,,,,24.38271956128504,False,0.7819127651060425
47,2,1495.3219737596494,1546.956210995254,True,False,,,,26.339336401494915,False,0.782312925170068
48,2,1495.2882159905485,1563.21245281455,True,False,,,,13.847597547203414,False,0.7824729891956783
49,2,1495.2544535077056,1579.470964562562,True,True,1587,1494.641322445263,1578.3710192977958,2.77115850727304,True,0.7803921568627451
0,3,1482.8314957104128,784.7297154397963,True,True,1504,1482.5077336935917,785.0488760324237,1.9715124043073338,True,0.7021208483393357
1,3,1482.7969293432159,800.9030845057343,True,True,1590,1482.5265980761365,801.2701785934285,2.0110983787492076,True,0.7148459383753502
2,3,1482.7623581582047,817.0787077942513,True,False,,,,17.06860190304073,False,0.7183673469387755
3,3,1482.7277821543726,833.2565857766656,True,True,473,1483.3446662394506,834.0791710481249,2.3907401877752634,True,0.7197278911564626
4,3,1482.6932013307112,849.4367189244274,True,False,,,,15.608126449142047,False,0.7230092036814726
5,3,1482.6586156862124,865.6191077091181,True,False,,,,22.900108817921584,False,0.7333333333333334
6,3,1482.6240252198693,881.803752602451,True,False,,,,13.7999118048948,False,0.7377350940376151
7,3,1482.5894299306724,897.9906540762703,True,False,,,,19.504127955961355,False,0.7378951580632254
8,3,1482.5548298176134,914.1798126025523,True,False,,,,11.556228826310248,False,0.7369347739095639
9,3,1482.520224879683,930.3712286534046,True,True,1496,1482.7312345621312,930.3304576761169,2.017424701600344,True,0.7384553821528612
10,3,1482.485615115872,946.5649027010666,True,True,1291,1482.6720873703473,947.4432484762251,2.86758791191281,True,0.7443777511004401
11,3,1482.4510005251711,962.7608352179095,True,True,1263,1482.5771846209407,964.2856514138678,3.285359783782844,True,0.7460584233693477
12,3,1482.4163811065703,978.9590266764363,True,False,,,,12.945848107007414,False,0.7486194477791116
13,3,1482.3817568590591,995.1594775492816,True,True,1596,1482.5199219542203,996.3569936879487,2.9070246600872722,True,0.7512605042016807
14,3,1482.3471277816275,1011.3621883092121,True,False,,,,12.72598649866553,False,0.7518207282913165
15,3,1482.3124938732649,1027.5671594291261,True,True,1238,1482.207574480218,1028.5810240662145,2.7642998047693124,True,0.7571828731492597
16,3,1482.27785513296,1043.7743913820545,True,False,,,,13.833537930943432,False,0.7617446978791517
17,3,1482.2432115597016,1059.9838846411592,True,True,974,1482.167776093919,1059.3521583038375,2.341233275776497,True,0.7622248899559824
18,3,1482.2085631524783,1076.1956396797348,True,True,1579,1482.2334842641058,1075.4473229496825,2.333924995975855,True,0.763265306122449
19,3,1482.1739099102783,1092.4096569712083,True,False,,,,15.364048577251227,False,0.7623849539815927
20,3,1482.139251832089,1108.6259369891382,True,False,,,,20.2005571075135,False,0.7712685074029612
21,3,1482.1045889168988,1124.844480207215,True,False,,,,15.370090240390267,False,0.7720688275310124
22,3,1482.0699211636945,1141.065287099262,True,False,,,,24.30201012379945,False,0.7719887955182072
23,3,1482.0352485714632,1157.2883581392348,True,False,,,,38.35787950041795,False,0.7733493397358944
24,3,1482.0005711391918,1173.5136938012215,True,False,,,,46.80590384953263,False,0.7755902360944378
25,3,1481.9658888658666,1189.7412945594415,True,False,,,,43.02521767871968,False,0.777110844337735
26,3,1481.9312017504742,1205.9711608882476,True,False,,,,45.14733015700063,False,0.776390556222489
27,3,1481.8965097919995,1222.2032932621246,True,False,,,,38.77254463225998,False,0.7769507803121248
28,3,1481.8618129894294,1238.43769215569,True,False,,,,24.567404696636647,False,0.7745498199279712
29,3,1481.8271113417488,1254.6743580436944,True,False,,,,15.195496871183815,False,0.7824729891956783
30,3,1481.7924048479422,1270.9132914010197,True,False,,,,19.635894071650334,False,0.779671868747499
31,3,1481.757693506995,1287.1544927026814,True,False,,,,26.908568776383884,False,0.7786314525810324
32,3,1481.7229773178917,1303.3979624238275,True,False,,,,18.645819609659235,False,0.7737494997999199
33,3,1481.6882562796163,1319.6437010397387,True,True,1461,1481.8163042515216,1320.6085969601977,2.696815970379566,True,0.7803921568627451
34,3,1481.6535303911526,1335.8917090258285,True,True,1598,1481.7342767577954,1336.6799276076492,2.5015737525251462,True,0.777671068427371
35,3,1481.6187996514843,1352.1419868576431,True,True,1481,1481.3434035112873,1353.3412209362696,3.284623484287102,True,0.7743097238895558
36,3,1481.584064059595,1368.394535010862,True,False,,,,13.487877042074059,False,0.7699879951980793
37,3,1481.5493236144675,1384.649353961297,True,False,,,,13.6493420683641,False,0.7761504601840736
38,3,1481.514578315085,1400.9064441848934,True,True,1511,1481.258264731182,1400.5370442927622,2.4348463817332284,True,0.7739095638255302
39,3,1481.4798281604296,1417.1658061577286,True,False,,,,14.754595158496892,False,0.7750300120048019
40,3,1481.4450731494837,1433.4274403560148,True,False,,,,14.755960229882998,False,0.7737494997999199
41,3,1481.410313281229,1449.691347256096,True,False,,,,14.510243053074706,False,0.7802320928371349
42,3,1481.3755485546476,1465.957527334449,True,True,1362,1480.6487242922065,1465.368911280963,3.0781722175023214,True,0.781672669067627
43,3,1481.3407789687205,1482.2259810676853,True,False,,,,18.375680451619427,False,0.7803921568627451
44,3,1481.3060045224288,1498.4967089325478,True,False,,,,30.534536313102702,False,0.7819127651060425
45,3,1481.2712252147535,1514.7697114059147,True,False,,,,26.282498548134544,False,0.7835134053621449
46,3,1481.236441044675,1531.0449889647957,True,False,,,,19.32311684234432,False,0.7819127651060425
47,3,1481.2016520111738,1547.3225420863355,True,False,,,,12.273118160105444,False,0.7813525410164066
48,3,1481.166858113229,1563.6023712478102,True,False,,,,13.421568041228728,False,0.7802320928371349
49,3,1481.1320593498212,1579.8844769266318,True,False,,,,13.18727051807136,False,0.7795918367346939
0,4,1468.7189879022878,783.9927092284547,True,False,,,,12.28101426183938,False,0.6941176470588235
1,4,1468.6833866811148,800.189425505015,True,True,1552,1468.3431645130302,799.5403247932747,2.7617702221881424,True,0.7123649459783914
2,4,1468.6477804907122,816.3884025244647,True,False,,,,13.855193211988556,False,0.7120448179271708
3,4,1468.612169330039,832.5896407601695,True,True,1149,1468.7950094565883,834.4156598516117,3.4323407134577892,True,0.7254901960784313
4,4,1468.5765531980546,848.7931406856272,True,False,,,,12.800146709953314,False,0.7270908363345339
5,4,1468.5409320937179,864.9989027744682,True,False,,,,19.006641973707254,False,0.7312525010004002
6,4,1468.5053060159876,881.2069275004552,True,True,1522,1468.573175686699,882.4617428687787,2.8365429884864217,True,0.7343737494997999
7,4,1468.4696749638222,897.417215337483,True,False,,,,13.427691985459933,False,0.7310124049619848
8,4,1468.4340389361791,913.6297667595783,True,True,1248,1469.2535811102618,913.884168912624,2.5925332849083738,True,0.7417366946778712
9,4,1468.398397932017,929.8445822409009,True,True,1453,1469.0816547731372,930.0965961050179,2.606240203814166,True,0.7418967587034814
10,4,1468.362751950293,946.061662255743,True,False,,,,15.910919372160508,False,0.7442176870748299
11,4,1468.3271009899638,962.2810072785289,True,False,,,,15.136871282437326,False,0.7438975590236094
12,4,1468.2914450499873,978.5026177838155,True,False,,,,15.364584121222597,False,0.7516606642657063
13,4,1468.2557841293192,994.7264942462924,True,True,1340,1468.593552056165,995.5180271554034,2.8655047401245604,True,0.7529411764705882
14,4,1468.2201182269162,1010.952637140782,True,False,,,,14.065705183476805,False,0.7563025210084033
15,4,1468.1844473417343,1027.1810469422392,True,False,,,,12.378114670164724,False,0.7533413365346138
16,4,1468.1487714727293,1043.4117241257516,True,False,,,,14.633436673582038,False,0.7572629051620648
17,4,1468.1130906188566,1059.644669166539,True,True,1608,1468.160399723333,1059.397689387207,1.9859273383360727,True,0.7635854341736694
18,4,1468.077404779071,1075.8798825399551,True,False,,,,14.161162316117592,False,0.7655062024809924
19,4,1468.0417139523279,1092.117364721486,True,True,1187,1468.0468106509657,1091.5222651485249,2.359746029187861,True,0.765906362545018
20,4,1468.0060181375818,1108.3571161867505,True,False,,,,12.082476396181521,False,0.7654261704681873
21,4,1467.9703173337866,1124.5991374115006,True,True,1515,1467.9467101945038,1123.5811441029377,2.774352359039621,True,0.7727891156462585
22,4,1467.9346115398962,1140.8434288716205,True,False,,,,18.866592441941624,False,0.7723889555822329
23,4,1467.898900754865,1157.0899910431292,True,False,,,,29.06362863591122,False,0.7739895958383354
24,4,1467.863184977646,1173.338824402177,True,False,,,,34.370378551109866,False,0.7727090836334534
25,4,1467.827464207192,1189.5899294250485,True,False,,,,28.928033683490835,False,0.7785514205682273
26,4,1467.791738442456,1205.8433065881604,True,False,,,,31.94685179845756,False,0.777671068427371
27,4,1467.7560076823909,1222.0989563680641,True,False,,,,35.90900279147274,False,0.7773509403761505
28,4,1467.7202719259487,1238.3568792414426,True,False,,,,19.656321751095224,False,0.7762304921968788
29,4,1467.6845311720808,1254.6170756851136,True,True,1313,1467.6571345502089,1256.272890008664,3.4514866138810296,True,0.780952380952381
30,4,1467.6487854197396,1270.8795461760276,True,False,,,,12.895876558857626,False,0.7767907162865146
31,4,1467.6130346678763,1287.1442911912684,True,False,,,,12.932274213506137,False,0.7773509403761505
32,4,1467.5772789154414,1303.4113112080536,True,False,,,,14.805349379198107,False,0.7739095638255302
33,4,1467.5415181613862,1319.6806067037337,True,False,,,,15.631514514515795,False,0.7779911964785914
34,4,1467.5057524046613,1335.9521781557935,True,False,,,,14.05692299407613,False,0.7736694677871149
35,4,1467.4699816442162,1352.2260260418511,True,True,1606,1467.473413470045,1351.671342603032,2.275098829699397,True,0.7743097238895558
36,4,1467.4342058790012,1368.5021508396585,True,False,,,,14.508885321187552,False,0.7743897559023609
37,4,1467.398425107966,1384.7805530271007,True,True,1321,1467.3451275125256,1384.491412501738,1.8794311461299384,True,0.7779911964785914
38,4,1467.3626393300597,1401.0612330821968,True,True,1458,1467.2833887078716,1402.4040177473769,2.9610569533327706,True,0.7773509403761505
39,4,1467.326848544231,1417.3441914830998,True,True,1574,1467.1331893815686,1418.3712098642445,2.675845445705968,True,0.7740696278511404
40,4,1467.2910527494294,1433.6294287080966,True,False,,,,13.63253603010234,False,0.7799119647859144
41,4,1467.2552519446026,1449.9169452356082,True,False,,,,18.33770810056753,False,0.78031212484994
42,4,1467.219446128699,1466.206741544189,True,True,1026,1466.9292578677248,1467.3021232936821,3.0478421320269,True,0.7808723489395758
43,4,1467.183635300666,1482.4988181125273,True,False,,,,13.550611903529557,False,0.7787114845938375
44,4,1467.147819459452,1498.7931754194458,True,False,,,,19.463222534903814,False,0.7819927971188475
45,4,1467.1119986040037,1515.0898139439012,True,False,,,,12.16092943058667,False,0.7819927971188475
46,4,1467.0761727332676,1531.3887341649845,True,False,,,,14.737374279487991,False,0.7818327330932373
47,4,1467.040341846191,1547.6899365619206,True,True,1485,1467.2014894979477,1547.205964879066,2.5876911838753034,True,0.7835134053621449
48,4,1467.0045059417203,1563.9934216140687,True,True,1565,1466.736968333953,1562.723184867762,3.154612714683648,True,0.7827130852340937
49,4,1466.9686650188012,1580.299189800922,True,False,,,,19.326727059061422,False,0.7788715486194477
0,5,1454.5655895606249,783.2535675655256,True,True,1360,1454.4926508759381,784.7135844381753,2.780576117816429,True,0.6884353741496598
1,5,1454.5289476291186,799.4736985559823,True,False,,,,12.557823643895057,False,0.703001200480192
2,5,1454.4923005757094,815.6960968379694,True,True,1345,1454.488872776954,815.4761984183878,1.7704528203809817,True,0.7170868347338936
3,5,1454.4556483993226,831.9207628869119,True,True,768,1454.2716798546132,831.5230452194115,2.4100295289038938,True,0.7234893957583033
4,5,1454.4189910988844,848.1476971783677,True,True,1356,1454.4319942434447,847.5949317171047,2.2248987646956464,True,0.7237294917967187
5,5,1454.3823286733202,864.3769001880277,True,False,,,,18.387277623088565,False,0.7232492997198879
6,5,1454.3456611215547,880.6083723917156,True,True,1466,1454.5138914309118,882.2259859124686,3.454170986086484,True,0.7372549019607844
7,5,1454.3089884425133,896.8421142653885,True,False,,,,12.860691885659815,False,0.7390956382553022
8,5,1454.2723106351202,913.0781262851367,True,False,,,,13.624576728191405,False,0.7401360544217688
9,5,1454.2356276982994,929.316408927183,True,True,1534,1454.1300563222649,930.4493237322954,2.9543928064676015,True,0.7427771108443377
10,5,1454.1989396309746,945.5569626678844,True,False,,,,13.609874834734217,False,0.7450180072028811
11,5,1454.16224643207,961.7997879837302,True,False,,,,18.237284178463398,False,0.7498999599839936
12,5,1454.125548100509,978.0448853513435,True,True,1563,1454.126028713071,978.7590353520686,2.2559547459890315,True,0.749499799919968
13,5,1454.0888446352137,994.2922552474807,True,False,,,,13.750921745099602,False,0.7481392557022809
14,5,1454.0521360351074,1010.5418981490317,True,True,1435,1454.0386015676092,1009.6501279019247,2.751042790729046,True,0.7556622649059623
15,5,1454.0154222991127,1026.7938145330195,True,True,1586,1454.459562333287,1026.2902606769417,2.67512975941932,True,0.7615046018407363
16,5,1453.9787034261512,1043.0480048766012,True,False,,,,18.16084028522013,False,0.7601440576230493
17,5,1453.9419794151445,1059.3044696570662,True,False,,,,13.12301576165771,False,0.7597438975590236
18,5,1453.9052502650147,1075.5632093518393,True,False,,,,19.490854133175308,False,0.7639855942376951
19,5,1453.8685159746829,1091.8242244384776,True,False,,,,13.257589053410063,False,0.7659863945578231
20,5,1453.8317765430695,1108.0875153946718,True,True,1376,1454.4585391187811,1107.9646364198138,2.4256715962453925,True,0.7671068427370948
21,5,1453.7950319690954,1124.3530826982471,True,False,,,,13.009605730957505,False,0.7676670668267307
22,5,1453.758282251681,1140.6209268271625,True,False,,,,19.920002359046645,False,0.7706282513005203
23,5,1453.7215273897461,1156.8910482595097,True,False,,,,15.002717378057218,False,0.7739095638255302
24,5,1453.68476738221,1173.1634474735156,True,False,,,,23.88426478149638,False,0.7722288915566227
25,5,1453.648002227993,1189.4381249475398,True,False,,,,14.87034542489529,False,0.7721488595438175
26,5,1453.6112319260133,1205.715081160077,True,False,,,,20.039749240528167,False,0.7760704281712685
27,5,1453.57445647519,1221.9943165897555,True,False,,,,30.03402460154263,False,0.7750300120048019
28,5,1453.5376758744412,1238.2758317153368,True,False,,,,15.927625908719978,False,0.772468987595038
29,5,1453.5008901226859,1254.559627015718,True,True,1491,1452.8538199250954,1254.6434813056844,2.562739511239702,True,0.7814325730292117
30,5,1453.464099218841,1270.8457029699287,True,True,1512,1453.411772908928,1272.2653253504939,3.188256237952935,True,0.7744697879151661
31,5,1453.4273031618245,1287.1340600571345,True,True,1490,1453.660058016431,1288.4878953287632,3.2690957619682557,True,0.776390556222489
32,5,1453.390501950554,1303.424698756634,True,True,1385,1453.4482626881193,1304.5980026739694,2.604739577667856,True,0.7703081232492998
33,5,1453.3536955839456,1319.71761954786,True,False,,,,13.722178639922134,False,0.7787114845938375
34,5,1453.3168840609167,1336.0128229103802,True,False,,,,19.56703311027966,False,0.7808723489395758
35,5,1453.280067380383,1352.3103093238967,True,False,,,,13.913090248356681,False,0.7741496598639456
36,5,1453.243245541261,1368.6100792682457,True,True,1226,1453.1500596886588,1370.2594807194807,3.3986366326691697,True,0.7769507803121248
37,5,1453.2064185424665,1384.912133223398,True,True,1208,1452.9671360080677,1384.511649769737,2.26090671272164,True,0.778391356542617
38,5,1453.1695863829143,1401.216471669459,True,True,1486,1452.8734159564713,1400.5752114092036,2.506128282553173,True,0.7727891156462585
39,5,1453.1327490615201,1417.5230950866687,True,True,1500,1453.4181111052214,1417.2410521946688,2.409656554426023,True,0.7789515806322529
40,5,1453.0959065771988,1433.832003955401,True,True,1454,1452.562679968527,1433.3660732451983,2.7837138633397496,True,0.7814325730292117
41,5,1453.0590589288645,1450.1431987561657,True,False,,,,18.25966551660433,False,0.779671868747499
42,5,1453.0222061154313,1466.4566799696065,True,False,,,,13.103425836270084,False,0.777671068427371
43,5,1452.9853481358134,1482.772448076502,True,False,,,,16.00400047032132,False,0.7795118047218887
44,5,1452.9484849889245,1499.0905035577657,True,False,,,,13.116152966225833,False,0.7799919967987194
45,5,1452.9116166736776,1515.4108468944457,True,True,1229,1453.240898400876,1515.0907105130634,2.5202844833924214,True,0.7787114845938375
46,5,1452.874743188986,1531.7334785677256,True,False,,,,17.860374537638997,False,0.781672669067627
47,5,1452.837864533762,1548.058399058923,True,False,,,,15.971066328694935,False,0.7843137254901961
48,5,1452.8009807069186,1564.3856088494915,True,False,,,,15.571529621498835,False,0.7799119647859144
49,5,1452.764091707367,1580.7151084210193,True,False,,,,19.156726352310546,False,0.7739095638255302
0,6,1440.3711227090923,782.512281156441,True,True,658,1440.1861398945223,782.8194800824433,1.4636971908947523,True,0.7024409763905562
1,6,1440.3334341729476,798.7558946572467,True,False,,,,15.302313367414227,False,0.7162064825930372
2,6,1440.295740360958,815.0017820267191,True,True,1035,1440.2286108646283,815.1852815666945,1.637837083495472,True,0.7183673469387755
3,6,1440.2580412720158,831.2499437423542,True,False,,,,12.803119603624058,False,0.721328531412565
4,6,1440.220336905013,847.5003802817819,True,False,,,,14.855624597817478,False,0.7296518607442977
5,6,1440.1826272588407,863.7530921227657,True,False,,,,13.298683898658316,False,0.7314925970388155
6,6,1440.1449123323907,880.0080797432026,True,True,1613,1440.211944922255,881.2744385073031,2.9954275833532154,True,0.7342136854741896
7,6,1440.1071921245534,896.2653436211241,True,True,1546,1440.192144799068,896.8848542187362,1.9509327654315314,True,0.7340536214485794
8,6,1440.0694666342195,912.5248842346948,True,True,1545,1440.2592305170722,911.7255836628373,2.6908981295175907,True,0.7395758303321328
9,6,1440.0317358602788,928.7867020622142,True,True,1530,1440.277753836579,930.2003435437766,3.3560123779939364,True,0.7458983593437375
10,6,1439.993999801622,945.0507975821148,True,False,,,,13.089513128014726,False,0.74749899959984
11,6,1439.9562584571383,961.3171712729636,True,False,,,,16.123630690984175,False,0.7512605042016807
12,6,1439.918511825717,977.5858236134619,True,False,,,,13.302390028834163,False,0.7540616246498599
13,6,1439.8807599062472,993.8567550824447,True,False,,,,13.057851068955156,False,0.7543817527010804
14,6,1439.8430026976177,1010.1299661588813,True,True,1516,1440.1225970547139,1009.4572058150213,2.4239221513281684,True,0.7539815926370548
15,6,1439.805240198717,1026.4054573218752,True,False,,,,11.888608263081789,False,0.7549419767907163
16,6,1439.7674724084325,1042.6832290506645,True,False,,,,15.56477998064355,False,0.7615046018407363
17,6,1439.7296993256523,1058.9632818246214,True,True,1528,1438.936132787077,1058.828244182815,2.8946796510343744,True,0.7629451780712285
18,6,1439.6919209492642,1075.2456161232521,True,False,,,,12.987358773933172,False,0.7627851140456182
19,6,1439.6541372781548,1091.5302324261975,True,False,,,,13.886595729021533,False,0.76062424969988
20,6,1439.6163483112116,1107.8171312132333,True,True,1540,1439.8714242635185,1107.420260061955,2.2839566199894903,True,0.7667867146858743
21,6,1439.5785540473205,1124.106312964269,True,True,1198,1439.8505271989468,1123.4101817685607,2.5410751464362926,True,0.7664665866346538
22,6,1439.5407544853679,1140.3977781593492,True,False,,,,13.612966407646933,False,0.7623849539815927
23,6,1439.5029496242396,1156.6915272786532,True,True,1519,1439.6152310361067,1155.727626010283,2.7381156688966057,True,0.7729491796718687
24,6,1439.4651394628213,1172.987560802494,True,False,,,,16.496237469762665,False,0.7687875150060024
25,6,1439.4273239999982,1189.2858792113207,True,True,1475,1439.5024186701476,1190.4931719173994,2.747554814105771,True,0.767907162865146
26,6,1439.3895032346552,1205.5864829857155,True,False,,,,12.622394970043214,False,0.7719887955182072
27,6,1439.351677165677,1221.8893726063973,True,False,,,,18.587054640379346,False,0.7748699479791916
28,6,1439.313845791948,1238.1945485542183,True,False,,,,19.656512803122858,False,0.7743097238895558
29,6,1439.2760091123523,1254.5020113101657,True,False,,,,11.734733814159581,False,0.777671068427371
30,6,1439.238167125773,1270.8117613553627,True,False,,,,14.126319751205944,False,0.7805522208883553
31,6,1439.2003198310942,1287.1237991710666,True,True,1260,1438.6433213909395,1287.1219729016723,2.4706946262127545,True,0.7792717086834734
32,6,1439.162467227199,1303.4381252386695,True,False,,,,14.072686862539287,False,0.7715886354541817
33,6,1439.1246093129691,1319.7547400396995,True,False,,,,16.21980696872857,False,0.780952380952381
34,6,1439.086746087288,1336.0736440558187,True,False,,,,12.239292389768899,False,0.7767907162865146
35,6,1439.0488775490378,1352.3948377688257,True,False,,,,14.251533542985905,False,0.7747899159663866
36,6,1439.0110036970998,1368.718321660653,True,True,1558,1439.0195935973804,1370.3349805193627,3.2816967873783955,True,0.7789515806322529
37,6,1438.9731245303556,1385.0440962133691,True,False,,,,13.044123899844692,False,0.777671068427371
38,6,1438.9352400476866,1401.3721619091777,True,True,1399,1438.4238378977427,1401.1900595407233,2.372336895798854,True,0.7739095638255302
39,6,1438.8973502479737,1417.7025192304181,True,False,,,,16.192402563127455,False,0.7813525410164066
40,6,1438.8594551300973,1434.0351686595639,True,False,,,,12.309944809420998,False,0.7781512605042017
41,6,1438.8215546929375,1450.3701106792253,True,False,,,,14.023294861110243,False,0.7772709083633453
42,6,1438.7836489353745,1466.7073457721478,True,True,1602,1438.740954725636,1466.3329199456746,2.0963156961886287,True,0.7787915166066427
43,6,1438.745737856288,1483.0468744212126,True,True,1524,1438.354758308363,1483.0566300053256,2.0355703664247273,True,0.7767106842737095
44,6,1438.707821454557,1499.3886971094355,True,True,1057,1438.6541288766853,1498.518379941113,2.715805455832334,True,0.7788715486194477
45,6,1438.6698997290607,1515.7328143199686,True,True,1526,1438.3428457113084,1516.501484052891,2.2910908093337503,True,0.7801520608243298
46,6,1438.6319726786778,1532.0792265361001,True,False,,,,14.01610747166166,False,0.7800720288115246
47,6,1438.5940403022862,1548.4279342412533,True,True,1258,1438.1148601150219,1547.595807144946,2.904449890282652,True,0.7785514205682273
48,6,1438.5561025987647,1564.7789379189878,True,False,,,,18.843300259325087,False,0.77703081232493
49,6,1438.5181595669906,1581.1322380529984,True,False,,,,13.946708302951128,False,0.7739095638255302
0,7,1426.1354083370002,781.7688406526153,True,True,1297,1425.9995062289943,781.4660644694184,2.101891849281,True,0.6992396958783513
1,7,1426.0966672636703,798.036004755101,True,False,,,,15.223883860301862,False,0.7126050420168066
2,7,1426.0579207592755,814.3054493320507,True,True,1239,1426.1572868217988,814.7470593803082,1.101133791760202,True,0.7179671868747499
3,7,1426.0191688226732,830.5771748630432,True,False,,,,15.23867653041633,False,0.7286114445778311
4,7,1425.9804114527212,846.8511818277925,True,False,,,,15.024397175448188,False,0.731172468987595
5,7,1425.9416486482767,863.1274707061465,True,True,1578,1426.0721619403416,863.0591620086643,1.546382157460778,True,0.7326130452180872
6,7,1425.9028804081966,879.4060419780882,True,False,,,,14.54803474868248,False,0.730452180872349
7,7,1425.8641067313372,895.6868961237345,True,False,,,,14.358105588501541,False,0.7387755102040816
8,7,1425.825327616555,911.9700336233377,True,True,216,1425.9903359910318,911.531247983402,2.2936625047093875,True,0.7400560224089636
9,7,1425.786543062706,928.2554549572847,True,True,1053,1425.9011062902864,927.5022650060343,2.3886663755809012,True,0.7439775910364146
10,7,1425.7477530686456,944.5431606060968,True,False,,,,12.99895665688463,False,0.7451780712284914
11,7,1425.7089576332291,960.8331510504302,True,True,1571,1425.5139432616975,960.3079191010478,2.50618813457118,True,0.7492597038815526
12,7,1425.6701567553118,977.125426771076,True,False,,,,18.20221193209643,False,0.750140056022409
13,7,1425.6313504337481,993.4199882489609,True,True,1290,1425.9732205399541,994.4823484770338,2.9205585545750394,True,0.7492597038815526
14,7,1425.5925386673925,1009.7168359651453,True,False,,,,13.788855510791596,False,0.7542216886754702
15,7,1425.5537214550986,1026.0159704008254,True,True,1494,1426.194751112814,1025.8903539980267,2.6488628833138956,True,0.7589435774309724
16,7,1425.5148987957205,1042.3173920373324,True,False,,,,17.494793367461522,False,0.7555022008803521
17,7,1425.4760706881116,1058.6211013561324,True,False,,,,11.540654820242683,False,0.756062424969988
18,7,1425.4372371311242,1074.9270988388269,True,True,1471,1425.6921427333216,1076.2242664201522,3.4474554863951683,True,0.7621448579431773
19,7,1425.3983981236122,1091.2353849671522,True,True,1096,1425.6233985110403,1090.6346900882409,2.314923490969692,True,0.7590236094437776
20,7,1425.359553664427,1107.5459602229796,True,True,817,1425.6839782999036,1108.5111927844398,2.9518427138133694,True,0.76062424969988
21,7,1425.320703752421,1123.8588250883172,True,True,1375,1424.5393922253998,1123.1496393691534,2.9733645278468916,True,0.7647859143657463
22,7,1425.2818483864462,1140.1739800453067,True,True,1050,1425.2568260682265,1141.2930552835671,3.103147445765227,True,0.7655862344937975
23,7,1425.242987565354,1156.4914255762262,True,False,,,,12.335580299178394,False,0.7637454981992797
24,7,1425.2041212879951,1172.8111621634887,True,True,1518,1424.675505109258,1173.2966569344762,2.504293523873384,True,0.7700680272108844
25,7,1425.1652495532203,1189.1331902896425,True,False,,,,14.12865591059785,False,0.7714285714285715
26,7,1425.1263723598809,1205.4575104373723,True,True,877,1425.618969998121,1206.576335050151,3.158280182296862,True,0.7675870348139255
27,7,1425.087489706826,1221.7841230894976,True,False,,,,12.089417283439046,False,0.7771908763505402
28,7,1425.0486015929062,1238.113028728974,True,False,,,,20.11960474674701,False,0.7751900760304122
29,7,1425.00970801697,1254.4442278388924,True,False,,,,25.994088092025777,False,0.7699079631852741
30,7,1424.9708089778678,1270.7777209024794,True,False,,,,19.401526165994245,False,0.7793517406962785
31,7,1424.9319044744477,1287.113508403098,True,False,,,,12.119357680076314,False,0.7771908763505402
32,7,1424.8929945055584,1303.451590824246,True,False,,,,14.671047602105153,False,0.7738295318127251
33,7,1424.854079070048,1319.791968649558,True,True,1415,1424.3167691993344,1319.3915774038205,2.5785191174371587,True,0.7794317727090836
34,7,1424.8151581667646,1336.1346423628038,True,True,1275,1425.2915563199824,1337.0006926620167,2.8728196864581736,True,0.78031212484994
35,7,1424.7762317945558,1352.4796124478896,True,True,1460,1424.8157719056724,1351.7211998250857,2.489688755948601,True,0.7733493397358944
36,7,1424.7372999522681,1368.8268793888572,True,True,1351,1425.2407088909993,1369.3526114834615,2.5487297766326606,True,0.7807923169267708
37,7,1424.6983626387494,1385.1764436698847,True,True,1384,1424.8198919053948,1384.5910918534664,2.5359745401689113,True,0.7752701080432173
38,7,1424.6594198528458,1401.5283057752868,True,True,1459,1424.3136541571537,1402.6323524351812,2.9770701349648205,True,0.779031612645058
39,7,1424.6204715934034,1417.8824661895137,True,False,,,,13.97672335306164,False,0.7774309723889556
40,7,1424.5815178592684,1434.2389253971517,True,False,,,,12.64237033877733,False,0.7756702681072429
41,7,1424.5425586492865,1450.597683882923,True,True,904,1424.4733440785437,1449.7296789177767,2.637653150992553,True,0.7782312925170067
42,7,1424.5035939623026,1466.9587421316876,True,False,,,,14.12077028897866,False,0.7759103641456583
43,7,1424.464623797162,1483.3221006284407,True,True,1573,1424.5890189056597,1482.542679844405,2.7837980194055136,True,0.7807122849139656
44,7,1424.4256481527093,1499.687759858314,True,False,,,,14.323759908549713,False,0.7846338535414166
45,7,1424.3866670277887,1516.0557203065755,True,True,1409,1424.3041228178192,1515.4962683887527,2.145265324771835,True,0.7833533413365346
46,7,1424.3476804212437,1532.4259824586297,True,False,,,,13.58968259549341,False,0.7867146858743498
47,7,1424.308688331919,1548.7985468000184,True,True,760,1424.2461562681724,1547.7058296011583,2.882668210931997,True,0.788155262104842
48,7,1424.2696907586574,1565.1734138164188,True,False,,,,13.829216123746974,False,0.788875550220088
49,7,1424.2306877003018,1581.550583993646,True,True,1547,1424.0518826019631,1580.5248725726785,2.5609950261008203,True,0.7827130852340937
0,8,1411.8582663917744,781.0232366510515,True,True,1469,1411.853685360867,781.1198607943242,1.335527777062143,True,0.6927571028411365
1,8,1411.8184668101771,797.31401974314,True,True,1538,1411.921051796347,798.5581592508029,2.8079134352047683,True,0.7093237294917967
2,8,1411.7786616410042,813.6070899443168,True,True,868,1411.896359037957,814.6082249838366,2.6865751286245763,True,0.7214885954381753
3,8,1411.7388508830784,829.9024477362567,True,True,1421,1411.8275254175473,829.3682211388322,2.0408841262095128,True,0.7254101640656263
4,8,1411.6990345352233,846.200093600769,True,True,1604,1411.7853326164045,846.9411517832785,1.9308838202821559,True,0.7258103241296519
5,8,1411.659212596261,862.5000280197988,True,False,,,,14.515005126489642,False,0.7355742296918768
6,8,1411.6193850650138,878.8022514754264,True,False,,,,16.63873695233591,False,0.7398959583833533
7,8,1411.5795519403039,895.1067644498676,True,False,,,,14.906888344888726,False,0.7358943577430972
8,8,1411.5397132209525,911.4135674254734,True,True,879,1411.8705447949783,911.1491027595831,2.0323903029241905,True,0.737094837935174
9,8,1411.4998689057813,927.7226608847305,True,True,1047,1411.6606496543611,927.2498689616673,1.7937194448262126,True,0.7381352541016406
10,8,1411.4600189936107,944.0340453102614,True,True,799,1411.793078959245,943.3562850138919,2.551251031207274,True,0.7398959583833533
11,8,1411.4201634832616,960.3477211848237,True,True,1398,1411.7560866842036,959.6331447634511,2.8297841227362723,True,0.7385354141656663
12,8,1411.3803023735543,976.663688991311,True,False,,,,12.663614251194852,False,0.7446178471388556
13,8,1411.3404356633084,992.9819492127524,True,True,1151,1411.325543711104,991.7276796492911,3.0013193012885,True,0.7471788715486194
14,8,1411.300563351344,1009.3025023323129,True,False,,,,15.472839295319911,False,0.749499799919968
15,8,1411.26068543648,1025.6253488332932,True,True,1133,1411.6708539352198,1026.6253423251462,2.943498482149302,True,0.7535014005602241
16,8,1411.2208019175353,1041.9504891991296,True,False,,,,14.051245753688926,False,0.7555022008803521
17,8,1411.1809127933284,1058.2779239133947,True,True,1387,1411.3390247586815,1057.6137950932525,2.285096670603976,True,0.7563825530212085
18,8,1411.141018062678,1074.6076534597973,True,True,1569,1410.645506942544,1074.6819958959243,2.2255788172782176,True,0.7576630652260905
19,8,1411.101117724402,1090.9396783221812,True,False,,,,14.10337214735306,False,0.7617446978791517
20,8,1411.061211777317,1107.2739989845268,True,True,1417,1411.1640218124671,1106.5955850431812,2.509430576434687,True,0.7609443777511005
21,8,1411.021300220242,1123.6106159309506,True,False,,,,12.086493788134208,False,0.7655862344937975
22,8,1410.9813830519927,1139.9495296457055,True,False,,,,13.371228687797277,False,0.7662264905962385
23,8,1410.941460271386,1156.2907406131799,True,True,1363,1411.3769398172306,1156.8866274476243,2.675659445018201,True,0.7661464585834334
24,8,1410.9015318772376,1172.6342493178988,True,True,1476,1411.4168084160679,1173.0893453670722,2.5037658412698383,True,0.7708683473389355
25,8,1410.8615978683647,1188.9800562445237,True,True,1253,1411.0602481459944,1190.4272265124114,3.02311353347533,True,0.7723889555822329
26,8,1410.821658243582,1205.3281618778517,True,True,1374,1410.8766892397691,1204.657317794214,2.4688985395775855,True,0.7697478991596638
27,8,1410.7817130017052,1221.6785667028173,True,True,1483,1411.2424588985796,1221.9334972049298,2.241454119838656,True,0.7756702681072429
28,8,1410.7417621415484,1238.03127120449,True,False,,,,16.18954275627488,False,0.7755902360944378
29,8,1410.7018056619274,1254.3862758680775,True,False,,,,11.708179397146939,False,0.7720688275310124
30,8,1410.6618435616558,1270.7435811789226,True,False,,,,11.685525586219093,False,0.7791116446578632
31,8,1410.6218758395473,1287.1031876225054,True,True,1205,1410.4476865545832,1287.0057908081471,1.9615055873885432,True,0.7779111644657863
32,8,1410.5819024944162,1303.4650956844418,True,False,,,,17.53658982723122,False,0.7745498199279712
33,8,1410.5419235250752,1319.829305850485,True,False,,,,12.591665074552077,False,0.7813525410164066
34,8,1410.5019389303375,1336.1958186065256,True,False,,,,14.02762100118975,False,0.7727891156462585
35,8,1410.4619487090156,1352.5646344385896,True,False,,,,13.704065559087422,False,0.7813525410164066
36,8,1410.421952859922,1368.9357538328404,True,False,,,,15.283253568571283,False,0.7807923169267708
37,8,1410.3819513818682,1385.3091772755777,True,True,1492,1411.1851603581574,1385.1309336959553,2.927135751172217,True,0.7779111644657863
38,8,1410.341944273666,1401.6849052532395,True,True,1388,1410.2538152889304,1400.9515297065188,2.70659234188792,True,0.7814325730292117
39,8,1410.3019315341269,1418.0629382523991,True,False,,,,13.872340744914718,False,0.7836734693877552
40,8,1410.2619131620615,1434.443276759768,True,True,1422,1410.5646850154449,1434.1775069578662,2.2592019966132333,True,0.777110844337735
41,8,1410.2218891562807,1450.8259212621938,True,True,1597,1410.0767427768674,1452.270827049231,3.268062471695896,True,0.7842336934773909
42,8,1410.1818595155942,1467.2108722466617,True,True,1325,1410.0348574177704,1468.3765642960625,3.029195526710455,True,0.7840736294517807
43,8,1410.1418242388127,1483.5981302002945,True,True,1231,1409.564119479025,1483.9896582075105,2.5598144474340074,True,0.785594237695078
44,8,1410.1017833247454,1499.987695610351,True,False,,,,12.142022165100512,False,0.7876750700280112
45,8,1410.0617367722011,1516.3795689642282,True,False,,,,13.661750494488652,False,0.7843937575030012
46,8,1410.0216845799896,1532.77375074946,True,True,814,1409.8465628414422,1531.8562143771412,2.955931765301571,True,0.788155262104842
47,8,1409.9816267469191,1549.1702414537178,True,False,,,,15.349331126916448,False,0.787515006002401
48,8,1409.9415632717976,1565.5690415648098,True,False,,,,13.431085560706148,False,0.786234493797519
49,8,1409.9014941534333,1581.9701515706824,True,True,1068,1409.8242897831205,1580.9310588850858,2.971784607712212,True,0.7861544617847138
0,9,1397.5395157713667,780.2754596939457,True,True,916,1397.544109727153,779.7393828231035,2.3385452927674337,True,0.6895558223289315
1,9,1397.4986516715842,796.5899304618757,True,False,,,,12.57794059891921,False,0.7104441776710684
2,9,1397.457781826414,812.9066950025142,True,True,781,1397.4678589855073,811.7470048738005,2.942522733682098,True,0.7137254901960784
3,9,1397.4169062346448,829.2257537996433,True,True,1419,1397.70713741504,829.14918614705,2.002163391745648,True,0.7173269307723089
4,9,1397.3760248950641,845.5471073371808,True,True,1006,1397.741865216427,846.5133199133487,2.941764361189332,True,0.7262104841936774
5,9,1397.3351378064594,861.8707560991807,True,False,,,,13.970312841394712,False,0.7293317326930773
6,9,1397.2942449676184,878.1967005698328,True,True,1316,1396.7645956917106,878.4228382726542,2.302661739295397,True,0.7307723089235695
7,9,1397.2533463773273,894.5249412334639,True,True,1033,1397.3486901268407,893.6181538181688,2.537619478832673,True,0.7354941976790716
8,9,1397.212442034373,910.8554785745365,True,True,1183,1397.3719019070877,909.8178715220489,2.8633703057071695,True,0.7382953181272509
9,9,1397.1715319375419,927.1883130776495,True,True,1247,1397.4440254845651,928.4454587897394,2.816914367692756,True,0.7414165666266507
10,9,1397.1306160856195,943.523445227538,True,True,1430,1396.687349620287,943.0917616954212,2.6192384896394856,True,0.7446978791516606
11,9,1397.0896944773915,959.8608755090736,True,True,1308,1396.6231409907384,960.6391961764589,2.9904308379432063,True,0.7471788715486194
12,9,1397.0487671116425,976.2006044072647,True,True,508,1397.5025412239127,975.3564686184359,2.9410830559303487,True,0.7465386154461785
13,9,1397.0078339871584,992.5426324072555,True,True,1506,1397.0685567955525,991.5847298362985,2.5426444756946807,True,0.7480592236894759
14,9,1396.966895102723,1008.8869599943272,True,True,1452,1397.0637520856703,1008.4012819719986,2.1202603990691284,True,0.7542216886754702
15,9,1396.92595045712,1025.2335876538975,True,True,1049,1396.938346560955,1024.5038875373261,2.417911920787088,True,0.7551020408163265
16,9,1396.885000049134,1041.5825158715209,True,False,,,,11.989895022540123,False,0.7552621048419368
17,9,1396.8440438775483,1057.9337451328881,True,True,1370,1396.56704243211,1058.8435883926134,2.7694596942701386,True,0.7592637054821929
18,9,1396.8030819411458,1074.2872759238267,True,True,1211,1396.4782495951174,1073.425013122235,2.912513628844208,True,0.759983993597439
19,9,1396.762114238709,1090.6431087303017,True,True,1311,1396.5754932648915,1090.6846334845131,1.875802609351914,True,0.761984793917567
20,9,1396.721140769021,1107.0012440384141,True,False,,,,13.428815293146389,False,0.7631052420968387
21,9,1396.6801615308636,1123.3616823344018,True,False,,,,13.932248189546753,False,0.7625450180072029
22,9,1396.6391765230185,1139.7244241046405,True,True,1273,1396.6899300186517,1139.3156739449712,1.7617695860146951,True,0.7674269707883153
23,9,1396.5981857442669,1156.0894698356421,True,True,774,1396.6746991640155,1155.449990993098,2.1277544243095368,True,0.7683873549419769
24,9,1396.55718919339,1172.4568200140552,True,True,1288,1396.8741651222047,1173.5216832622043,2.9239472403893623,True,0.7646258503401361
25,9,1396.516186869169,1188.8264751266665,True,False,,,,12.648752710535836,False,0.7692677070828331
26,9,1396.475178770383,1205.1984356603994,True,True,1146,1396.7151150615346,1204.5494980846263,2.675481103503816,True,0.769187675070028
27,9,1396.4341648958134,1221.5727021023135,True,True,1557,1396.2559571546008,1222.5801965466271,2.8193268757802077,True,0.7744697879151661
28,9,1396.3931452442391,1237.9492749396072,True,False,,,,14.018670586482163,False,0.7748699479791916
29,9,1396.35211981444,1254.3281546596152,True,True,1257,1397.1569666935843,1254.5129676165907,2.668136982560851,True,0.7736694677871149
30,9,1396.311088605194,1270.7093417498097,True,True,1508,1397.0473948371862,1270.8441397553372,2.780900970394354,True,0.7792717086834734
31,9,1396.270051615281,1287.0928366978003,True,True,920,1396.285976232793,1288.3732805857774,2.9974027273642165,True,0.7801520608243298
32,9,1396.2290088434788,1303.4786399913335,True,False,,,,13.500672700995594,False,0.7731892757102841
33,9,1396.1879602885651,1319.8667521182945,True,True,891,1396.1994180983047,1319.4786210669768,2.035723941035255,True,0.7821528611444578
34,9,1396.1469059493181,1336.2571735667045,True,True,1551,1396.1449542016555,1338.2276309506788,3.8388174180448007,True,0.7753501400560224
35,9,1396.1058458245145,1352.6499048247238,True,True,1423,1396.216594094884,1351.800567406078,2.7966957770970367,True,0.7820728291316527
36,9,1396.0647799129313,1369.0449463806485,True,True,1474,1395.956597916322,1370.3319511026505,3.1410345678174534,True,0.7818327330932373
37,9,1396.0237082133456,1385.4422987229138,True,True,1577,1395.6093860359124,1385.7786494026468,2.0714784799880364,True,0.7760704281712685
38,9,1395.982630724533,1401.8419623400923,True,True,1176,1396.4031790901204,1402.0355493328086,2.1860190703038134,True,0.7822328931572629
39,9,1395.9415474452699,1418.2439377208937,True,True,1510,1396.0162535752904,1420.1483356333679,3.9023487357154933,True,0.7803921568627451
40,9,1395.9004583743313,1434.6482253541658,True,True,1328,1395.7019165185286,1436.3163015947694,3.4706222151597483,True,0.7859143657462986
41,9,1395.8593635104928,1451.054825728895,True,True,1002,1394.9175813909364,1451.4613633648412,3.0115301904342275,True,0.7847138855542217
42,9,1395.8182628525294,1467.4637393342048,True,True,1489,1395.7662295704458,1466.7020129895743,2.470433139689988,True,0.7830332132853142
43,9,1395.7771563992153,1483.8749666593565,True,True,792,1395.8395919501095,1483.4097541025797,2.238492002594249,True,0.787515006002401
44,9,1395.7360441493245,1500.2885081937495,True,True,1347,1396.2082203586497,1500.0752174642666,2.604947112547127,True,0.7824729891956783
45,9,1395.694926101631,1516.7043644269218,True,False,,,,16.745125531841897,False,0.7863945578231293
46,9,1395.6538022549084,1533.1225358485492,True,False,,,,13.706612432565601,False,0.7879151660664265
47,9,1395.6126726079299,1549.5430229484455,True,False,,,,23.688610779569515,False,0.7847138855542217
48,9,1395.571537159468,1565.9658262165626,True,False,,,,14.106684226653035,False,0.7874349739895958
49,9,1395.5303959082953,1582.39094614299,True,True,1292,1395.6080010545975,1581.5631071367568,2.8064852832384903,True,0.7823929571828732
0,10,1383.1789743165964,779.5255002682862,True,True,1484,1383.2948315809099,780.6413206109945,2.480963669273017,True,0.6995598239295718
1,10,1383.137039649575,795.8637276983508,True,True,1599,1383.5448421298256,796.9011648810641,2.8344806603767005,True,0.7172468987595038
2,10,1383.0950990780418,812.2042555939084,True,False,,,,13.79607217844452,False,0.7167667066826731
3,10,1383.0531526007499,828.5470844408613,True,True,1535,1383.1548898544588,827.7170593758058,2.547638975177684,True,0.7259703881552622
4,10,1383.0112002164515,844.8922147252476,True,True,1418,1382.6819223307446,845.3613257066874,2.296108561373482,True,0.7287715086034414
5,10,1382.9692419238993,861.239646933243,True,True,956,1382.608936316999,861.5196286231104,2.110935939570266,True,0.7275710284113646
6,10,1382.9272777218443,877.5893815511592,True,False,,,,12.079703254467974,False,0.7319727891156462
7,10,1382.8853076090386,893.9414190654461,True,True,897,1382.9623928988856,893.4735001217441,1.9448039315627799,True,0.7378151260504202
8,10,1382.843331584233,910.2957599626898,True,False,,,,11.84702397100734,False,0.7353341336534613
9,10,1382.8013496461788,926.6524047296139,True,True,1572,1383.049230392675,928.1965481076027,3.3534841668606292,True,0.7425370148059224
10,10,1382.7593617936254,943.0113538530787,True,True,1393,1383.3889075079412,943.3027325598058,2.4490571197274513,True,0.741656662665066
11,10,1382.7173680253236,959.3726078200823,True,True,1330,1382.4945024011668,960.3547629735023,3.138876009258183,True,0.7418167266906763
12,10,1382.675368340023,975.7361671177595,True,True,1315,1382.7769557493857,975.2747447720484,1.7662564863146761,True,0.7496598639455783
13,10,1382.6333627364727,992.1020322333828,True,True,1529,1382.3734021111238,991.32132994497,2.6620318065488924,True,0.7492597038815526
14,10,1382.5913512134216,1008.4702036543617,True,True,838,1382.3301530320653,1007.5961059461897,2.9384187547864076,True,0.7485394157663066
15,10,1382.5493337696187,1024.840681868243,True,False,,,,11.607373908540833,False,0.7523809523809524
16,10,1382.5073104038122,1041.2134673627118,True,True,1612,1383.2241233178413,1040.9186992338864,2.772364417480055,True,0.7516606642657063
17,10,1382.4652811147498,1057.5885606255895,True,True,865,1382.3220757037382,1058.5227491976564,2.8217173142786396,True,0.7523809523809524
18,10,1382.4232459011791,1073.9659621448357,True,True,1570,1382.264153709537,1073.3941926612008,2.42706325631411,True,0.7591836734693878
19,10,1382.3812047618476,1090.3456724085474,True,False,,,,12.62352893118438,False,0.7593437374949981
20,10,1382.339157695502,1106.7276919049593,True,True,1070,1382.4470419493282,1105.7154829345236,2.8066021591587886,True,0.7623049219687875
21,10,1382.297104700889,1123.1120211224438,True,True,1405,1382.374909690978,1124.2715655163997,2.972285955072819,True,0.7637454981992797
22,10,1382.2550457767543,1139.498660549511,True,True,1562,1382.162201845627,1139.1787102799292,1.9547693839451612,True,0.7642256902761104
23,10,1382.212980921844,1155.8876106748082,True,True,1400,1382.183459683169,1155.4230371517401,2.2437461479426886,True,0.7686274509803921
24,10,1382.1709101349036,1172.2788719871219,True,True,1568,1381.7075489839722,1172.0431679476271,2.519596073435607,True,0.7700680272108844
25,10,1382.1288334146782,1188.6724449753751,True,True,976,1382.5563334210249,1188.2446877775594,2.5096486976631653,True,0.7744697879151661
26,10,1382.0867507599123,1205.0683301286294,True,True,1544,1382.5497042045245,1204.4936776612703,2.817536543807793,True,0.7754301720688276
27,10,1382.0446621693507,1221.466527936084,True,False,,,,13.200729487603953,False,0.7706282513005203
28,10,1382.0025676417372,1237.8670388870762,True,False,,,,15.118295871253297,False,0.7762304921968788
29,10,1381.9604671758152,1254.2698634710823,True,True,1104,1381.55642627314,1254.193959469149,2.3358049538945025,True,0.7740696278511404
30,10,1381.9183607703285,1270.6750021777148,True,True,1559,1382.0297387548956,1272.2594903820523,3.4965059618662124,True,0.7827931172468987
31,10,1381.8762484240199,1287.0824554967262,True,True,1411,1381.8718280374062,1288.4288333954619,3.0462890915309564,True,0.7789515806322529
32,10,1381.834130135632,1303.4922239180062,True,True,1397,1381.7726861696715,1303.3689399396187,1.7095336512157782,True,0.7723889555822329
33,10,1381.792005903907,1319.9043079315827,True,True,1354,1381.733696669889,1319.4513858776788,2.062440799177608,True,0.7821528611444578
34,10,1381.749875727587,1336.3187080276227,True,True,396,1381.6816904056172,1335.6493613595312,2.436949019611691,True,0.7735094037615046
35,10,1381.7077396054135,1352.7354246964312,True,True,1410,1381.9180384040894,1351.7354827795298,3.0253074549973613,True,0.7799119647859144
36,10,1381.6655975361275,1369.1544584284509,True,True,1236,1382.2279075805104,1370.0147535784388,2.9758122514113623,True,0.7775110044017607
37,10,1381.6234495184701,1385.5758097142639,True,True,1336,1381.3944948376677,1386.619372899572,2.9175823690991662,True,0.7806322529011605
38,10,1381.581295551182,1401.9994790445903,True,False,,,,14.072217641010312,False,0.7799919967987194
39,10,1381.5391356330024,1418.4254669102888,True,True,1323,1381.7203338128363,1417.6658332381671,2.8314332822211066,True,0.7754301720688276
40,10,1381.4969697626718,1434.853773802357,True,True,1588,1381.4372840777762,1436.3719353339093,3.1852344076606833,True,0.7836734693877552
41,10,1381.4547979389297,1451.284400211931,True,True,1521,1381.5851211410506,1452.427367097507,3.1244410089641317,True,0.7791916766706682
42,10,1381.412620160515,1467.7173466302852,True,True,1326,1380.7436953942988,1468.7006097880308,3.3213314265808536,True,0.7860744297719088
43,10,1381.3704364261662,1484.1526135488332,True,True,1425,1381.301178788402,1483.5393681082505,2.184254618045016,True,0.7857543017206883
44,10,1381.3282467346219,1500.590201459127,True,False,,,,13.422775484212206,False,0.7871948779511805
45,10,1381.28605108462,1517.0301108528581,True,True,1543,1380.6614598877877,1517.2927224862012,2.4832870392357798,True,0.7883153261304522
46,10,1381.2438494748983,1533.4723422218567,True,False,,,,15.634200788535725,False,0.78687474989996
47,10,1381.2016419041938,1549.9168960580917,True,False,,,,24.155917799748146,False,0.7928771508603442
48,10,1381.1594283712438,1566.3637728536703,True,False,,,,20.901444933593787,False,0.7903961584633854
49,10,1381.1172088747842,1582.8129731008398,True,False,,,,15.303290118696898,False,0.7895958383353341
0,11,1368.7764588034265,778.7733488054513,True,True,153,1369.2471790012453,778.9808121967505,2.354188570984142,True,0.695718287314926
1,11,1368.7334474806723,795.135402185747,True,True,1036,1369.329852190157,794.9901052032192,2.535034210078763,True,0.7106042416966787
2,11,1368.6904300929586,811.4997627536562,True,True,1468,1368.7720495466056,811.3301474035444,1.5313790662667754,True,0.7094037615046018
3,11,1368.6474066390024,827.8664309972124,True,False,,,,14.229255827020143,False,0.7276510604241697
4,11,1368.6043771175207,844.2354074045872,True,True,1019,1368.3331860034416,843.4944773159672,2.75155814034658,True,0.7238895558223288
5,11,1368.5613415272296,860.6066924640896,True,True,836,1369.2308297304075,861.1512663979689,2.8086226226460904,True,0.7295718287314926
6,11,1368.518299866845,876.9802866641669,True,False,,,,15.184459953897553,False,0.7300520208083234
7,11,1368.475252135083,893.3561904934035,True,False,,,,14.587924910480094,False,0.7284513805522208
8,11,1368.4321983306588,909.7344044405219,True,True,901,1369.0808602983993,909.8427854693726,2.5815008065630827,True,0.7325330132052821
9,11,1368.3891384522867,926.1149289943825,True,True,1282,1368.5564412922054,926.7706237047909,1.981576273246772,True,0.735094037615046
10,11,1368.346072498682,942.4977646439838,True,True,1166,1368.234417970565,942.8832530491853,2.0170826052923028,True,0.7346138455382153
11,11,1368.3030004685586,958.8829118784624,True,True,1513,1368.2864282302837,959.069837067124,1.716303030453607,True,0.7465386154461785
12,11,1368.2599223606303,975.2703711870925,True,True,819,1369.1653422700401,974.8763023977511,3.0202431065675026,True,0.7427771108443377
13,11,1368.2168381736105,991.6601430592865,True,True,1437,1369.3523004929848,991.0960357298225,3.2406889281707745,True,0.7495798319327731
14,11,1368.1737479062124,1008.0522279845951,True,True,787,1368.0582281033862,1007.3920354511738,2.3641750882904686,True,0.7533413365346138
15,11,1368.1306515571491,1024.4466264527075,True,True,1150,1369.0812554070392,1024.839489126432,3.262840765945961,True,0.7534213685474189
16,11,1368.0875491251325,1040.8433389534503,True,True,770,1368.3185977820472,1039.7390835991127,2.986158569676793,True,0.7539015606242497
17,11,1368.0444406088745,1057.2423659767892,True,True,1312,1368.5060339016866,1056.479555654517,2.9753012798842264,True,0.7577430972388955
18,11,1368.001326007087,1073.6437080128273,True,True,1281,1368.2041550815857,1073.2215436660952,1.923311148918311,True,0.7608643457382953
19,11,1367.9582053184815,1090.0473655518076,True,False,,,,13.991473982512527,False,0.7603041216486595
20,11,1367.9150785417687,1106.45333908411,True,True,554,1368.0208205949116,1105.6167560275878,2.682522550166602,True,0.7615046018407363
21,11,1367.8719456756592,1122.8616291002538,True,True,786,1367.473552669662,1123.5983634346994,2.841973032507578,True,0.765906362545018
22,11,1367.8288067188632,1139.2722360908965,True,True,1339,1367.560982187288,1139.4320561681016,1.8489582213089408,True,0.7684673869547819
23,11,1367.7856616700903,1155.685160546834,True,True,1299,1367.8039580988311,1156.6097480891424,2.4445338929504383,True,0.7696678671468588
24,11,1367.7425105280504,1172.1004029590008,True,True,1479,1367.7041473515392,1171.6027804004239,2.227782411826836,True,0.771828731492597
25,11,1367.6993532914523,1188.517963818471,True,True,1433,1367.652771581633,1187.634671180115,2.613280853141067,True,0.7759103641456583
26,11,1367.6561899590051,1204.9378436164561,True,True,1358,1367.6150826428936,1203.7723733951939,3.010234272785282,True,0.7765506202480993
27,11,1367.6130205294164,1221.3600428443074,True,True,1493,1367.7752048832626,1222.5172078097205,2.982127736317313,True,0.7729491796718687
28,11,1367.569845001395,1237.7845619935147,True,True,1024,1367.596505913131,1237.3874283555301,1.873335216748951,True,0.7753501400560224
29,11,1367.5266633736483,1254.211401555706,True,True,1427,1367.5992376887289,1256.1367634543442,3.8250297359953978,True,0.7732693077230892
30,11,1367.4834756448836,1270.6405620226496,True,True,1391,1367.4483584682205,1269.7705842771957,2.6844583242537383,True,0.7759903961584633
31,11,1367.4402818138071,1287.0720438862513,True,False,,,,13.872234293472982,False,0.7739095638255302
32,11,1367.3970818791265,1303.5058476385573,True,False,,,,13.686013243955914,False,0.7799119647859144
33,11,1367.3538758395475,1319.9419737717517,True,False,,,,13.783612252695454,False,0.7779911964785914
34,11,1367.3106636937757,1336.3804227781582,True,True,1527,1367.2179972014303,1338.3197903913594,3.6328846933954075,True,0.7739095638255302
35,11,1367.267445440517,1352.82119515024,True,True,837,1367.048783405238,1352.4922229946658,2.2188216962940324,True,0.7807122849139656
36,11,1367.2242210784761,1369.264291380599,True,False,,,,12.289426905698953,False,0.7767907162865146
37,11,1367.1809906063577,1385.7097119619766,True,False,,,,12.394432276199145,False,0.782953181272509
38,11,1367.1377540228666,1402.1574573872535,True,True,1396,1366.6879445640723,1402.5641011562807,2.1435449822858987,True,0.7799919967987194
39,11,1367.0945113267062,1418.6075281494495,True,True,1465,1367.1288804971534,1418.4009870435546,1.8450085335130622,True,0.7869547819127651
40,11,1367.0512625165804,1435.0599247417242,True,True,859,1366.63988509578,1435.069764825123,2.3089214733392414,True,0.7835134053621449
41,11,1367.0080075911926,1451.5146476573766,True,True,1268,1366.8685486175193,1450.8121927693533,2.7091570911727407,True,0.7863945578231293
42,11,1366.9647465492455,1467.9716973898453,True,True,1394,1367.40966449837,1467.4978740596412,2.8336985030046318,True,0.7876750700280112
43,11,1366.9214793894419,1484.4310744327079,True,True,1193,1367.3349329476714,1485.0522794173662,2.604184203204128,True,0.7855142056822729
44,11,1366.8782061104835,1500.8927792796821,True,True,1235,1366.8905533711084,1500.4706234897697,2.2002351992800007,True,0.787515006002401
45,11,1366.834926711072,1517.356812424625,True,True,1539,1366.7487160381554,1516.6978739604924,2.500333461306485,True,0.782953181272509
46,11,1366.7916411899096,1533.8231743615343,True,True,1037,1366.4920519866855,1533.3553726891917,2.55615784057566,True,0.7916766706682673
47,11,1366.7483495456968,1550.2918655845456,True,False,,,,11.751974411447463,False,0.7910364145658263
48,11,1366.7050517771338,1566.7628865879362,True,False,,,,16.03519736595146,False,0.7887955182072829
49,11,1366.661747882922,1583.2362378661226,True,True,1407,1366.2457714643867,1584.3575374902262,3.2248700995622808,True,0.7863945578231293
0,12,1354.3317849351706,778.0189956808011,True,True,124,1354.5662539699877,777.4727074931624,2.1267004800767304,True,0.6894757903161264
1,12,1354.287690828443,794.4049446029923,True,True,1115,1354.3331810875525,794.6764616404222,1.3498621415346717,True,0.7048419367747099
2,12,1354.2435904949732,810.7932074644236,True,True,958,1354.634708517457,810.4199744063645,2.510093097837827,True,0.7174069627851141
3,12,1354.199483933442,827.1837847552736,True,True,1536,1354.1535944018797,826.6242016729333,2.491521134558319,True,0.7194877951180472
4,12,1354.15537114253,843.576676965859,True,True,1114,1354.0807882461252,843.2559538136408,1.9546848164502386,True,0.7302120848339335
5,12,1354.1112521209168,859.971884586635,True,True,1034,1354.1156531439626,860.774769345289,2.3126031666004816,True,0.7321328531412565
6,12,1354.067126867283,876.3694081081962,True,True,1446,1354.0370729501276,875.58480092371,2.598625508622423,True,0.7314125650260104
7,12,1354.0229953803077,892.7692480212751,True,True,1148,1354.0590482928467,893.0188559334134,1.6003968199375778,True,0.7368547418967587
8,12,1353.97885765867,909.1714048167426,True,True,1561,1354.0358251856528,910.4115118616932,2.9931777472586125,True,0.7384553821528612
9,12,1353.9347137010486,925.5758789856086,True,True,913,1354.4144843245774,925.572394685146,2.144071851105244,True,0.7390956382553022
10,12,1353.890563506122,941.9826710190223,True,False,,,,13.263745376194287,False,0.7406962785114046
11,12,1353.846407072568,958.391781408271,True,False,,,,12.946680721826175,False,0.7386954781912765
12,12,1353.802244399064,974.8032106447811,True,True,1322,1353.5575243408007,974.2447419019412,2.5494418023185417,True,0.7481392557022809
13,12,1353.7580754842872,991.2169592201176,True,True,1355,1352.9453419372883,990.9585523643062,3.014626033267731,True,0.7503001200480192
14,12,1353.7139003269153,1007.6330276259852,True,True,1147,1353.943600617596,1008.4443017075988,2.6938096793310966,True,0.7497398959583834
15,12,1353.6697189256236,1024.0514163542268,True,True,1011,1353.8197628112148,1024.646245050552,2.0604615172123517,True,0.7556622649059623
16,12,1353.625531279089,1040.4721258968248,True,True,910,1353.6927982675697,1039.5268935942076,2.5500383979207886,True,0.7539815926370548
17,12,1353.581337385987,1056.8951567459005,True,True,1005,1352.8926940422652,1057.1663287813376,2.8078428225993703,True,0.7573429371748699
18,12,1353.5371372449927,1073.3205093937145,True,True,1429,1353.6593619067535,1072.6230264297012,2.3662218358155043,True,0.7559023609443778
19,12,1353.492930854781,1089.7481843326664,True,True,1434,1353.344185185773,1088.828270232641,3.1275165328851524,True,0.7539015606242497
20,12,1353.448718214027,1106.178182055295,True,True,1553,1353.2231463134353,1107.3109084317084,3.1719774552653957,True,0.757422969187675
21,12,1353.4044993214047,1122.610503054279,True,True,999,1352.6974482321016,1122.5917435764684,2.4807924068570832,True,0.76062424969988
22,12,1353.3602741755876,1139.0451478224356,True,True,983,1352.6285673944785,1138.8977915825797,2.5813229466085357,True,0.7644657863145258
23,12,1353.3160427752496,1155.4821168527224,True,True,1095,1353.4317174546943,1156.405035438373,2.5376403565383776,True,0.760704281712685
24,12,1353.2718051190639,1171.921410638235,True,True,1594,1353.628679752352,1171.2985129098133,2.5842748281126977,True,0.769187675070028
25,12,1353.2275612057028,1188.36302967221,True,True,1302,1353.5086425333095,1188.9168402881216,2.4127186188187753,True,0.7711884753901561
26,12,1353.1833110338384,1204.8069744480224,True,False,,,,13.364469719616746,False,0.7735094037615046
27,12,1353.1390546021435,1221.2532454591872,True,True,1144,1352.650603529939,1221.04246181751,2.479148799875542,True,0.773109243697479
28,12,1353.0947919092894,1237.7018431993597,True,False,,,,12.09846638242962,False,0.7805522208883553
29,12,1353.050522953947,1254.152768162334,True,True,1216,1353.3839850713769,1254.4093547829768,1.9554536211607505,True,0.7758303321328531
30,12,1353.0062477347872,1270.6060208420438,True,True,1077,1352.454430145538,1270.7544936272163,2.0957793858920604,True,0.7783113245298119
31,12,1352.9619662504804,1287.0616017325635,True,True,1600,1352.9439608437012,1286.5864767879098,2.2749902792698307,True,0.778391356542617
32,12,1352.9176784996973,1303.5195113281068,True,True,512,1352.4875873364147,1304.6745486328248,3.1353332964123655,True,0.7863145258103241
33,12,1352.8733844811068,1319.979750123027,True,True,580,1352.5230618400767,1319.461743003713,2.725615520149063,True,0.7828731492597039
34,12,1352.8290841933788,1336.4423186118183,True,True,1567,1352.8456235310903,1336.3647608523297,1.6636296395857189,True,0.7731892757102841
35,12,1352.7847776351819,1352.9072172891138,True,True,1441,1352.9454985760865,1352.5250502521976,2.261469253350274,True,0.7824729891956783
36,12,1352.7404648051847,1369.374446649687,True,True,1295,1353.2517783488113,1369.1876078431897,2.644731156364366,True,0.7762304921968788
37,12,1352.696145702056,1385.8440071884513,True,True,860,1353.251636847815,1386.822143258758,3.1553208441623024,True,0.7838335334133654
38,12,1352.651820324463,1402.3158994004616,True,True,1332,1352.7290412956634,1402.1838319736119,1.8839266624968087,True,0.7755902360944378
39,12,1352.6074886710733,1418.790123780911,True,True,1367,1352.593303952324,1420.3134077471911,3.2337857822077227,True,0.7819927971188475
40,12,1352.5631507405537,1435.2666808251342,True,True,1353,1353.0295931302746,1435.686491502911,2.544796912425349,True,0.7761504601840736
41,12,1352.5188065315715,1451.7455710286051,True,True,1161,1352.305521070994,1451.435703379659,2.313826159470458,True,0.7847138855542217
42,12,1352.4744560427926,1468.2267948869392,True,True,1016,1352.4405799767994,1467.6557694695007,2.2879711360626143,True,0.7847138855542217
43,12,1352.430099272883,1484.7103528958912,True,True,1451,1352.9865253647727,1485.2025691587266,2.875339875627431,True,0.7905562224889956
44,12,1352.385736220508,1501.1962455513574,True,True,1472,1352.3107771541477,1500.5370673481239,2.229862541429165,True,0.7898359343737495
45,12,1352.3413668843334,1517.6844733493735,True,True,1480,1353.0585035395093,1517.2065580612093,3.147344993557073,True,0.7916766706682673
46,12,1352.2969912630238,1534.1750367861164,True,True,1379,1352.167073226129,1535.241116138414,2.8405318111417306,True,0.7899159663865546
47,12,1352.2526093552428,1550.6679363579028,True,True,1583,1352.9909483115887,1550.725707284548,2.8274183159036883,True,0.7924769907963185
48,12,1352.2082211596557,1567.163172561191,True,True,1031,1351.9581807259517,1568.2915357466547,3.0834053071595195,True,0.7930372148859544
49,12,1352.1638266749258,1583.6607458925798,True,True,1202,1352.073260614959,1582.6679882979522,2.6657846657780975,True,0.7903961584633854
0,13,1339.844767334631,777.2624312132679,True,True,1102,1339.8620495701152,777.2761059756175,1.5190011250464346,True,0.6877951180472188
1,13,1339.7995842756343,793.6723455743617,True,True,1189,1340.9762801850072,794.1426507883033,3.217144421907058,True,0.7120448179271708
2,13,1339.7543948267655,810.0845806560021,True,True,1601,1340.0379918794706,812.2289066774795,4.108776081382546,True,0.7156462585034014
3,13,1339.709198986669,826.499136950525,True,True,1467,1339.8151428033198,826.7571384243347,0.867237509608348,True,0.7165266106442576
4,13,1339.6639967539888,842.916014950405,True,True,1199,1340.0128921017763,844.2989547100378,3.360932677022491,True,0.7273309323729492
5,13,1339.6187881273686,859.3352151482569,True,True,1576,1338.913698127416,858.9847834537524,2.939532402982045,True,0.7258103241296519
6,13,1339.5735731054517,875.756738036834,True,True,835,1339.7742860356282,876.6028503862572,2.3154287600107377,True,0.7314925970388155
7,13,1339.5283516868808,892.1805841090296,True,True,1364,1339.723208780736,891.4256348337781,2.630721538676995,True,0.7361344537815127
8,13,1339.4831238702986,908.6067538578764,True,True,1277,1339.9002520464544,907.6353257053808,3.0159706345405684,True,0.7287715086034414
9,13,1339.4378896543471,925.035247776546,True,True,754,1338.9467393016375,925.2052261693719,2.621841493956528,True,0.735094037615046
10,13,1339.392649037668,941.4660663583506,True,False,,,,12.404145891777395,False,0.7347739095638255
11,13,1339.3474020189028,957.8992100967414,True,True,597,1339.7370603608488,958.5932774225007,2.6729007285643407,True,0.7371748699479792
12,13,1339.3021485966922,974.3346794853093,True,True,928,1338.8402038564832,974.284651261123,2.3263487526892086,True,0.7401360544217688
13,13,1339.2568887696766,990.7724750177848,True,True,1509,1339.1941574041034,990.3137409126657,2.1728868051535613,True,0.7414965986394557
14,13,1339.2116225364966,1007.2125971880387,True,True,964,1338.7002727384183,1006.8730683131192,2.522234363491842,True,0.7479791916766707
15,13,1339.1663498957919,1023.655046490081,True,True,1112,1339.1142111029485,1022.6837937904121,2.8999386103683253,True,0.7541416566626651
16,13,1339.121070846202,1040.099823418062,True,True,1463,1339.2052807579812,1041.1780535176997,3.030435721776288,True,0.7553421368547419
17,13,1339.0757853863654,1056.5469284662713,True,True,297,1339.147519221147,1055.601146134509,2.5480557366528864,True,0.757422969187675
18,13,1339.030493514921,1072.9963621291397,True,True,1225,1339.067632466106,1074.3009214510842,3.0037926549145255,True,0.7595838335334133
19,13,1338.9851952305075,1089.4481249012367,True,True,1156,1339.1295502921319,1088.5556447722836,2.65012155423859,True,0.7565426170468187
20,13,1338.9398905317623,1105.9022172772723,True,False,,,,13.42247060416158,False,0.7637454981992797
21,13,1338.8945794173228,1122.358639752097,True,True,1300,1339.373910631806,1122.4425106742592,2.1357477149103823,True,0.763265306122449
22,13,1338.8492618858263,1138.817392820701,True,True,1141,1338.99299745851,1140.2864887499202,3.1861748911180143,True,0.7655062024809924
23,13,1338.8039379359097,1155.278476978215,True,True,797,1338.8594161201083,1154.5901683467173,2.41614849399831,True,0.7642256902761104
24,13,1338.7586075662089,1171.7418927199099,True,True,367,1339.2805712678478,1171.199349267262,2.838666991728882,True,0.7728691476590637
25,13,1338.7132707753603,1188.2076405411965,True,True,844,1338.7063411402282,1187.5432005215105,2.226182923166203,True,0.7756702681072429
26,13,1338.667927561999,1204.6757209376267,True,True,1296,1338.8465290076133,1205.5972267355755,2.678934515785858,True,0.7747098839535814
27,13,1338.6225779247604,1221.1461344048923,True,True,1276,1339.1329380967359,1221.601487422333,2.5261081089979034,True,0.7707082833133253
28,13,1338.577221862279,1237.6188814388256,True,True,942,1339.1824388295681,1237.8986205644185,2.4525711533593872,True,0.772468987595038
29,13,1338.5318593731897,1254.0939625353997,True,False,,,,15.672374889856313,False,0.7734293717486995
30,13,1338.4864904561261,1270.5713781907277,True,True,1010,1339.2420491558264,1270.7552411347738,2.5776352077018636,True,0.7767106842737095
31,13,1338.441115109722,1287.051128901064,True,True,1215,1338.3856208054046,1287.1242790816937,1.7837277612127216,True,0.77703081232493
32,13,1338.3957333326105,1303.5332151628036,True,True,634,1338.344507991462,1302.785287331584,2.5639391435049523,True,0.7811924769907963
33,13,1338.3503451234244,1320.017637472481,True,True,1038,1339.1611140683265,1320.86111727291,3.3091437193739615,True,0.7815126050420168
34,13,1338.3049504807964,1336.5043963267735,True,True,889,1338.2182763638918,1338.2259531801044,3.5640340731283096,True,0.7832733093237295
35,13,1338.2595494033583,1352.9934922224975,True,True,1204,1338.1752973213652,1354.3843377591631,3.0963456044586213,True,0.781592637054822
36,13,1338.214141889742,1369.4849256566113,True,False,,,,13.507804889536681,False,0.7779111644657863
37,13,1338.1687279385785,1385.9786971262129,True,False,,,,16.952208838766932,False,0.7834333733493397
38,13,1338.123307548499,1402.4748071285428,True,True,997,1338.1285709427232,1404.2759067112192,3.6325713255889927,True,0.7754301720688276
39,13,1338.0778807181337,1418.973256160981,True,True,1343,1338.0337701640108,1418.6174195963647,2.2484587430891048,True,0.78687474989996
40,13,1338.032447446113,1435.4740447210504,True,True,1059,1338.0072706442695,1434.7862743056119,2.474257488321827,True,0.7804721888755503
41,13,1337.987007731067,1451.9771733064133,True,True,1044,1337.6004733892637,1451.9969928728126,2.214287107420091,True,0.7873549419767907
42,13,1337.9415615716239,1468.4826424148737,True,True,1306,1338.421123946709,1468.2177717456973,2.5368084858337285,True,0.7813525410164066
43,13,1337.8961089664137,1484.990452544377,True,True,1324,1337.858063069103,1486.3253518722756,3.1401253426152373,True,0.7908763505402161
44,13,1337.8506499140647,1501.5006041930096,True,False,,,,12.937968007300379,False,0.7899959983993597
45,13,1337.8051844132049,1518.0130978589998,True,True,929,1338.2692656055194,1517.9572815984764,2.4173503535790646,True,0.7913565426170468
46,13,1337.759712462462,1534.5279340407167,True,False,,,,14.453266041238187,False,0.792797118847539
47,13,1337.7142340604637,1551.0451132366707,True,True,1197,1337.767173145512,1552.2962683701494,3.222506762657082,True,0.7924769907963185
48,13,1337.668749205837,1567.5646359455138,True,True,1153,1337.6805970193445,1566.6525186017798,2.5859397946694784,True,0.7899959983993597
49,13,1337.6232578972083,1584.08650266604,True,True,807,1338.091383807158,1583.902527785518,2.6133103655123917,True,0.7901560624249699
0,14,1325.3152195361708,776.5036456649412,True,True,500,1325.4548799935076,775.7087766368622,2.5234113758091157,True,0.6928371348539416
1,14,1325.26894131624,792.937595669077,True,True,1488,1325.6174784611271,793.4343520301255,2.0310753627043985,True,0.7093237294917967
2,14,1325.222656541949,809.3738732049198,True,True,966,1325.6517123671024,810.5240441742706,3.171039531717458,True,0.7074829931972789
3,14,1325.1763652119057,825.8124787669753,True,True,1039,1325.6443207846128,825.3730807948958,2.57113265334253,True,0.7234893957583033
4,14,1325.1300673247167,842.2534128498894,True,True,988,1325.1560685373781,844.1595520147756,3.748844192859024,True,0.7202080832332933
5,14,1325.083762878989,858.6966759484479,True,True,746,1325.2871147366477,860.2387910883774,3.3043858747820156,True,0.7273309323729492
6,14,1325.0374518733288,875.142268557577,True,True,335,1324.6103337553645,875.3678504643372,2.21063641593365,True,0.7300520208083234
7,14,1324.991134306342,891.5901911723429,True,True,650,1325.5310414049302,891.1501941170108,2.5620791048976606,True,0.7317326930772309
8,14,1324.9448101766343,908.0404442879521,True,True,1589,1325.5643173936803,908.6974081238185,2.839659099026741,True,0.7359743897559023
9,14,1324.8984794828102,924.493028399752,True,True,448,1324.5028227426928,924.9474180056701,2.423878658391411,True,0.7351740696278511
10,14,1324.852142223475,940.9479440032295,True,True,677,1325.334615947227,941.2266701500537,2.3916761587889166,True,0.7394957983193278
11,14,1324.805798397233,957.4051915940125,True,True,1232,1324.4114672874257,958.4624297805284,3.1613191099970672,True,0.7388555422168868
12,14,1324.7594480026876,973.8647716678695,True,True,360,1324.287439009183,973.1678922549785,2.563792239525283,True,0.7439775910364146
13,14,1324.7130910384426,990.326684720709,True,True,867,1324.8295929862993,989.5475785508713,2.344307689234169,True,0.7439775910364146
14,14,1324.6667275031014,1006.7909312485807,True,True,1344,1325.3000210010475,1006.696866497899,2.463682768695082,True,0.7483793517406963
15,14,1324.6203573952664,1023.2575117476745,True,True,1464,1324.717031259337,1022.5072918128267,2.3411968282803497,True,0.7473389355742297
16,14,1324.5739807135399,1039.7264267143212,True,True,931,1324.3493295617227,1039.1721158867367,2.3362286888310595,True,0.752781112444978
17,14,1324.5275974565238,1056.1976766449923,True,True,808,1324.5852914581271,1055.3683705153792,2.247876063982895,True,0.7536614645858344
18,14,1324.48120762282,1072.6712620362998,True,True,242,1324.2575571924808,1071.5474384240756,3.0544421566755275,True,0.758703481392557
19,14,1324.4348112110295,1089.1471833849973,True,True,1262,1324.3076486670811,1088.9611758379506,1.837039174897953,True,0.758063225290116
20,14,1324.3884082197524,1105.6254411879786,True,True,1261,1324.2048877707562,1105.2229247357543,2.1376941877296654,True,0.7611044417767107
21,14,1324.34199864759,1122.1060359422781,True,True,1064,1324.5916287207472,1121.901832014492,1.9930589530179104,True,0.763265306122449
22,14,1324.2955824931416,1138.5889681450726,True,True,1030,1324.3478062058493,1137.6853515206346,2.6830877883828697,True,0.7659863945578231
23,14,1324.249159755007,1155.074238293679,True,True,1128,1324.1506924895593,1156.2986699563003,3.1812704468032584,True,0.7684673869547819
24,14,1324.2027304317853,1171.5618468855544,True,True,1194,1324.0192082633407,1171.2659528494628,1.9712752688192325,True,0.769827931172469
25,14,1324.1562945220753,1188.0517944182989,True,True,757,1324.0442745995877,1187.4647834921454,2.355180960508931,True,0.7775110044017607
26,14,1324.1098520244755,1204.5440813896528,True,True,1061,1323.9844873854506,1203.6018327379654,2.775629952535075,True,0.7769507803121248
27,14,1324.0634029375833,1221.0387082974971,True,True,1503,1323.5654032857726,1220.5016120173284,2.9006832307425494,True,0.7773509403761505
28,14,1324.016947259997,1237.5356756398555,True,True,1373,1324.0019697339155,1236.8063033848152,2.5357322729693177,True,0.7778311324529812
29,14,1323.9704849903133,1254.0349839148917,True,True,1470,1323.9513016537571,1253.5552352497807,2.2545510972898968,True,0.7774309723889556
30,14,1323.924016127129,1270.5366336209117,True,True,1525,1323.8972515193657,1269.7006659385431,2.6996881171599245,True,0.7834333733493397
31,14,1323.8775406690406,1287.0406252563628,True,True,1120,1323.917083602704,1288.4011627143036,3.165093019633967,True,0.7784713885554222
32,14,1323.8310586146442,1303.5469593198327,True,True,1209,1323.8433318035843,1302.8565864547213,2.5525561636462673,True,0.7824729891956783
33,14,1323.784569962535,1320.0556363100523,True,True,1482,1323.947001558244,1319.4576695612582,2.388076802612812,True,0.7811924769907963
34,14,1323.7380747113082,1336.5666567258927,True,True,558,1323.7463095166204,1335.8299377733442,2.670670520308125,True,0.7832733093237295
35,14,1323.6915728595588,1353.080021066368,True,True,1585,1323.8951232409945,1354.4886623759523,3.1997278876018758,True,0.7785514205682273
36,14,1323.6450644058812,1369.5957298306328,True,False,,,,12.745352389057505,False,0.7846338535414166
37,14,1323.598549348869,1386.1137835179838,True,False,,,,13.899110385504843,False,0.7795118047218887
38,14,1323.5520276871164,1402.6341826278597,True,True,1254,1323.5008475059499,1401.8467205864667,2.691403478533226,True,0.7843137254901961
39,14,1323.505499419216,1419.1569276598407,True,True,1107,1323.7370380387765,1420.5089538903862,3.2119452544124636,True,0.7811124449779911
40,14,1323.458964543761,1435.6820191136496,True,True,1605,1323.6619838027757,1436.7557959440703,2.783491632261725,True,0.7879951980792317
41,14,1323.4124230593434,1452.2094574891503,True,True,579,1322.8231854601165,1452.9254119085601,3.004301499585502,True,0.7842336934773909
42,14,1323.3658749645551,1468.739243286349,True,False,,,,14.274848391717574,False,0.7876750700280112
43,14,1323.3193202579885,1485.271377005394,True,True,1119,1323.2822618110285,1484.5498008172199,2.3711765880713256,True,0.7831932773109244
44,14,1323.272758938234,1501.8058591465758,True,True,1106,1323.4822116562314,1501.3526945850167,2.498897545463286,True,0.7905562224889956
45,14,1323.2261910038821,1518.3426902103272,True,True,1523,1323.2587295852406,1520.139951986495,3.664297650010678,True,0.7864745898359344
46,14,1323.1796164535242,1534.8818706972224,True,True,1301,1323.1601743905762,1536.258544938371,3.1232983237623477,True,0.793517406962785
47,14,1323.1330352857494,1551.4234011079786,True,True,1377,1323.1337622191948,1550.707895911328,2.5738105497312045,True,0.791436574629852
48,14,1323.0864474991477,1567.9672819434547,True,True,1055,1323.1548933628478,1566.8565851848018,3.104728700509288,True,0.7964785914365746
49,14,1323.0398530923082,1584.513513704653,True,True,1564,1323.030880206858,1583.536141234587,2.513829630751601,True,0.7878351340536215
0,15,1310.742953977712,775.7426292406512,True,True,246,1310.8951493610214,776.6917760002107,2.2719584949415097,True,0.6962785114045618
1,15,1310.6955743474985,792.200685400902,True,True,1052,1310.7999195910397,791.5850333428737,2.3079947804622614,True,0.7102040816326531
2,15,1310.6481879970672,808.6610759340498,True,True,1218,1310.4503545956882,808.8081568147275,1.7758223628100518,True,0.7203681472589036
3,15,1310.6007949249881,825.1238013367831,True,True,1022,1311.2121263447232,825.009545079965,2.6493611374288464,True,0.7210884353741497
4,15,1310.553395129831,841.5888621059312,True,True,416,1310.3087447633318,841.2681973288715,2.222052929398088,True,0.7242897158863546
5,15,1310.5059886101649,858.0562587384643,True,True,1227,1310.701923242484,857.5224854940799,2.1147688414570514,True,0.7234893957583033
6,15,1310.458575364559,874.5259917314936,True,True,734,1310.3267931037587,873.5424337156868,2.916860696309049,True,0.7248499399759905
7,15,1310.4111553915818,890.9980615822717,True,True,1359,1310.1804650838646,889.7791936767023,3.313567984859211,True,0.7314925970388155
8,15,1310.3637286898008,907.4724687881916,True,True,1098,1310.206819105918,908.4772022185547,2.8719627375806365,True,0.7323729491796719
9,15,1310.3162952577848,923.9492138467882,True,True,971,1310.2789746912117,924.5469180686518,2.436874443189852,True,0.7384553821528612
10,15,1310.2688550941004,940.4282972557376,True,True,845,1310.1273277198306,939.5089191453604,2.7398213102403632,True,0.7366946778711485
11,15,1310.2214081973143,956.9097195128564,True,True,1113,1310.1772629222394,956.7037314709015,1.5229667023734752,True,0.7434973989595839
12,15,1310.1739545659934,973.3934811161032,True,True,1285,1310.134986499856,972.5453612940319,2.39979416704279,True,0.741016406562625
13,15,1310.1264941987038,989.879582563578,True,True,932,1309.9913770901724,989.2799866157704,2.191305499700937,True,0.7470188075230092
14,15,1310.0790270940108,1006.3680243535218,True,False,,,,13.291669912570873,False,0.7466986794717887
15,15,1310.0315532504799,1022.8588069843175,True,True,1495,1310.4756572873405,1022.2778851730766,2.707387303406,True,0.7524609843937575
16,15,1309.9840726666757,1039.3519309544888,True,True,616,1311.1258930101878,1038.8695204657292,3.305077152745071,True,0.7550220088035214
17,15,1309.936585341163,1055.8473967627021,True,True,1043,1309.94235603794,1054.7355123758387,2.8481028322731046,True,0.7562224889955982
18,15,1309.8890912725055,1072.3452049077648,True,True,783,1309.952133371832,1071.5584161098157,2.5950152716752,True,0.7595038015206083
19,15,1309.8415904592669,1088.8453558886251,True,True,1191,1310.0945736643557,1087.729501908119,3.072126754708424,True,0.760704281712685
20,15,1309.7940829000106,1105.347850204375,True,True,1428,1309.3921067286562,1105.9346708706094,2.4389203347576593,True,0.7607843137254902
21,15,1309.7465685932991,1121.852688354246,True,True,775,1308.8978857497234,1121.8650564450056,2.7505162712974114,True,0.7660664265706283
22,15,1309.699047537695,1138.359870837613,True,True,1436,1308.8255868026752,1138.445204452425,2.7229330932840274,True,0.7644657863145258
23,15,1309.6515197317603,1154.8693981539923,True,True,1169,1309.7788465244478,1156.3003281672457,3.408675248840617,True,0.7668667466986795
24,15,1309.6039851740568,1171.3812708030416,True,True,895,1309.3241531454316,1170.645326271269,2.8711006732632085,True,0.7671068427370948
25,15,1309.5564438631448,1187.8954892845616,True,True,218,1309.788505426227,1187.4432242514868,2.382589756575848,True,0.7720688275310124
26,15,1309.508895797586,1204.4120540984943,True,True,762,1309.4442233064012,1203.5803647553696,2.4651531203687895,True,0.7647058823529411
27,15,1309.4613409759404,1220.930965744924,True,True,717,1309.3550910258864,1219.747723712017,2.967051683742482,True,0.7706282513005203
28,15,1309.413779396768,1237.4522247240766,True,True,1517,1309.7575782163058,1237.2352237502969,2.1505935114142716,True,0.7694277711084434
29,15,1309.3662110586279,1253.9758315363208,True,True,1505,1308.7114858756643,1254.2997321250466,2.3663344836707747,True,0.775750300120048
30,15,1309.31863596008,1270.501786682168,True,True,1531,1309.2294779861109,1269.627102150631,2.5219963279372104,True,0.77703081232493
31,15,1309.2710540996827,1287.0300906622706,True,True,1171,1309.7047772920562,1288.4724459572133,3.43651209812453,True,0.7768707482993197
32,15,1309.223465475994,1303.5607439774242,True,True,862,1308.5930682789692,1303.1618605135122,2.716564095692107,True,0.7834333733493397
33,15,1309.1758700875719,1320.093747128566,True,True,748,1309.5439430683894,1319.4338475922332,2.77690960886265,True,0.7787915166066427
34,15,1309.1282679329743,1336.629100616777,True,True,1289,1309.0394791166889,1335.7359059433218,2.6322277097101883,True,0.7826330532212885
35,15,1309.080659010758,1353.1668049432797,True,True,1338,1309.4363896682241,1353.1499426873356,2.246175329008532,True,0.7794317727090836
36,15,1309.0330433194795,1369.7068606094388,True,True,340,1309.483760297253,1369.4178207783082,2.6042833415544457,True,0.7826330532212885
37,15,1308.985420857695,1386.2492681167623,True,True,1554,1308.9540734389939,1388.237739544594,3.7507602177859884,True,0.7793517406962785
38,15,1308.937791623961,1402.7940279669008,True,True,1294,1308.9084242737213,1402.6093307742817,2.024349148737311,True,0.7867146858743498
39,15,1308.8901556168319,1419.3411406616467,True,True,1111,1309.4684020246689,1419.2043680409488,2.5000203190190877,True,0.7797519007603041
40,15,1308.8425128348638,1435.8906067029363,True,True,1404,1309.2737531776104,1435.4088138266538,2.868648562113408,True,0.7894357743097239
41,15,1308.7948632766108,1452.4424265928485,True,True,804,1308.7566862732929,1451.8471039690326,2.4510260579472427,True,0.7814325730292117
42,15,1308.747206940627,1468.996600833604,True,True,1478,1308.2930078671732,1470.447789206282,3.474642232818178,True,0.7878351340536215
43,15,1308.699543825466,1485.5531299275674,True,True,1309,1308.9050162268697,1484.7964909815603,2.865250196566429,True,0.7923169267707083
44,15,1308.6518739296816,1502.112014377246,True,True,1023,1308.6542995926034,1501.022798960421,3.1795554884895516,True,0.788235294117647
45,15,1308.604197251827,1518.6732546852895,True,True,1331,1308.2425354384418,1520.2296469572118,3.693329556337636,True,0.7905562224889956
46,15,1308.5565137904541,1535.236851354492,True,True,1184,1308.7490208771255,1534.6687137825172,2.6621713730040066,True,0.7902360944377751
47,15,1308.5088235441153,1551.8028048877893,True,True,1182,1309.2736252602328,1551.2179578712582,3.0750716410827117,True,0.79343737494998
48,15,1308.4611265113624,1568.3711157882612,True,True,1350,1307.7394152371933,1567.9001369881157,2.8172863201581353,True,0.7939975990396159
49,15,1308.413422690747,1584.9417845591297,True,True,726,1308.4010902023376,1583.713578544531,2.9996948731603417,True,0.7916766706682673
0,16,1296.1277819926638,774.9793720875459,True,True,371,1297.2302640958108,774.9169319009889,3.0346014511843764,True,0.6890756302521008
1,16,1296.0792946618187,791.4616052277343,True,True,882,1296.2636527187503,791.275913064024,1.7274224038999844,True,0.7033213285314126
2,16,1296.0308004435155,807.9461796122159,True,True,812,1296.1364134603239,807.454949550912,2.2023089332236716,True,0.7150060024009603
3,16,1295.9822993362866,824.4330957398748,True,True,1188,1296.1468550795705,823.6870995700895,2.6373603319075998,True,0.7150860344137655
4,16,1295.9337913386642,840.922354109737,True,True,1200,1295.8965230651288,839.7176807229763,3.0679178292223845,True,0.7262104841936774
5,16,1295.8852764491799,857.4139552209695,True,True,1134,1295.980960889225,857.2982048499822,1.6682277297717105,True,0.7248499399759905
6,16,1295.8367546663649,873.9078995728817,True,True,873,1295.9304856396186,873.3970990049141,2.083324063098539,True,0.7292517006802721
7,16,1295.7882259887494,890.4041876649248,True,True,949,1295.94922628962,889.5879983796685,2.6923065543357154,True,0.7281312525010004
8,16,1295.7396904148643,906.9028199966924,True,True,923,1295.3933989878974,906.332020508661,2.5782254904067714,True,0.7404561824729892
9,16,1295.6911479432395,923.4037970679193,True,True,364,1295.9526961945237,924.3494351027907,2.907466830598542,True,0.7355742296918768
10,16,1295.6425985724038,939.9071193784829,True,True,389,1295.791291990016,939.4450855916764,2.3408637208144194,True,0.7402961184473789
11,16,1295.5940423008867,956.4127874284023,True,True,413,1295.826547669315,955.5241629908444,2.7925365219370546,True,0.7406962785114046
12,16,1295.545479127217,972.9208017178393,True,True,1246,1294.7858048863682,972.6317700992138,2.7069059441867194,True,0.7412565026010405
13,16,1295.4969090499226,989.4311627470975,True,True,829,1294.7202925261552,988.900119045151,2.8779822119437815,True,0.7380552220888354
14,16,1295.4483320675315,1005.9438710166227,True,True,1105,1295.6279398309619,1005.3107761560882,2.4872289604933187,True,0.7466186474589835
15,16,1295.3997481785711,1022.4589270270033,True,True,767,1296.1189569588964,1022.0194149510747,2.9815730084914307,True,0.7463785514205682
16,16,1295.3511573815679,1038.9763312789698,True,True,503,1294.7292576988614,1039.181142885374,2.564339814321929,True,0.7519007603041217
17,16,1295.302559675049,1055.4960842733951,True,True,1314,1294.7030219257308,1055.0057491199993,2.7459150041947704,True,0.7504601840736295
18,16,1295.25395505754,1072.0181865112954,True,True,608,1295.546851967301,1071.3000226358583,2.668660663228833,True,0.755422168867547
19,16,1295.2053435275673,1088.542638493828,True,True,525,1295.2101264870043,1087.5252749568879,2.5509167910007826,True,0.7571828731492597
20,16,1295.1567250836554,1105.0694407222932,True,True,763,1294.6652752962461,1105.258622419152,2.348915421166659,True,0.7616646658663465
21,16,1295.1080997243293,1121.598593698135,True,True,1155,1294.5312818263596,1121.164744973745,2.645673120291709,True,0.7639055622248899
22,16,1295.059467448114,1138.1300979229384,True,True,930,1294.428935751244,1137.2268395313426,2.9628910427397663,True,0.7640656262505002
23,16,1295.0108282535332,1154.6639538984323,True,True,1560,1294.5238107887672,1154.6272007164441,2.117608331219626,True,0.7676670668267307
24,16,1294.9621821391102,1171.2001621264878,True,True,1443,1294.9439965708546,1172.4204655311999,2.8000932678315165,True,0.7681472589035614
25,16,1294.9135291033685,1187.738723109119,True,True,887,1294.5393077439137,1187.8905042786664,1.9312843506710349,True,0.7722288915566227
26,16,1294.864869144831,1204.2796373484834,True,True,477,1294.3717897155498,1203.5275690036547,2.9452475902618005,True,0.7723089235694278
27,16,1294.8162022620195,1220.8229053468804,True,True,728,1294.9615459252566,1220.4011280282207,2.1735595202645794,True,0.7722288915566227
28,16,1294.7675284534566,1237.3685276067527,True,True,962,1294.3945984720244,1238.5271251321883,3.169984824916633,True,0.7684673869547819
29,16,1294.7188477176633,1253.916504630686,True,True,954,1295.2435583886902,1254.2835094309887,2.2826798312306043,True,0.7779911964785914
30,16,1294.6701600531608,1270.4668369214096,True,True,656,1294.6946437628987,1269.6958339943462,2.4887906274655713,True,0.7691076430572229
31,16,1294.6214654584699,1287.0195249817957,True,True,606,1294.274815004872,1288.5276166187364,3.3929900629313243,True,0.7762304921968788
32,16,1294.5727639321103,1303.5745693148592,True,True,1099,1294.2363199626886,1304.6646107587765,2.890726620517685,True,0.7806322529011605
33,16,1294.5240554726026,1320.131970423758,True,True,559,1294.2430385781065,1319.5582889478192,2.620695131324727,True,0.775750300120048
34,16,1294.4753400784657,1336.6917288117947,True,True,1131,1293.686169446674,1336.2871434878368,2.9982086112735837,True,0.7806322529011605
35,16,1294.4266177482186,1353.253844982414,True,True,941,1294.3762144675134,1354.4193825886296,2.8053760153089677,True,0.7761504601840736
36,16,1294.37788848038,1369.8183194392038,True,True,715,1294.1611039750883,1369.4622050522523,2.2814167193545916,True,0.7820728291316527
37,16,1294.329152273468,1386.3851526858964,True,True,1192,1294.0351127276317,1388.2198275716912,3.8514629519634775,True,0.7741496598639456
38,16,1294.280409126,1402.954345226367,True,True,1270,1294.2698566880124,1402.5925883313012,1.9743592737309579,True,0.7854341736694678
39,16,1294.231659036494,1419.5258975646343,True,True,1420,1294.1179376399948,1419.3180756409763,1.9609557261534871,True,0.7899159663865546
40,16,1294.182902003466,1436.0998102048604,True,True,853,1294.2266096901328,1435.5856287252009,2.2531870833057184,True,0.7836734693877552
41,16,1294.1341380254328,1452.6760836513515,True,False,,,,12.354670890629556,False,0.7931172468987595
42,16,1294.0853671009106,1469.254718408558,True,True,1256,1294.0048007690236,1468.7177016216622,2.25633389457494,True,0.7891156462585034
43,16,1294.036589228415,1485.8357149810722,True,True,1584,1294.0372371123583,1484.9167820237262,2.8359510266422805,True,0.7906362545018008
44,16,1293.987804406461,1502.4190738736318,True,True,1438,1294.3965921444742,1502.2634464944192,2.462255422469809,True,0.788235294117647
45,16,1293.939012633563,1519.0047955911175,True,True,1381,1294.4357183579202,1518.417435185762,2.8752172590566776,True,0.7963985594237695
46,16,1293.8902139082356,1535.5928806385546,True,True,1520,1294.3565348465131,1536.0995973551157,2.535977572920739,True,0.8000800320128052
47,16,1293.8414082289933,1552.1833295211115,True,True,1591,1293.9335600962731,1551.4816532639304,2.4716922724323322,True,0.7951180472188876
48,16,1293.7925955943488,1568.776142744102,True,True,1365,1293.9355666984202,1570.1857017489617,3.4425399061148005,True,0.798079231692677
49,16,1293.7437760028151,1585.3713208129816,True,True,1280,1293.8973435497455,1586.3428537135972,2.913426333265843,True,0.7948779511804722
0,17,1281.4695138017835,774.2138642946665,True,True,337,1281.8195012592996,774.5077228742911,1.5453562500163003,True,0.6808323329331734
1,17,1281.4199124386337,790.7203455511931,True,True,58,1281.7685157545143,790.9780431018598,1.7365409337842408,True,0.706202480992397
2,17,1281.3703040193925,807.2291749537935,True,True,1092,1281.7084266262027,807.6499720135489,1.8027978924625596,True,0.7099639855942377
3,17,1281.3206885425536,823.7403530035602,True,True,699,1281.734304889401,824.5784690266368,2.815331511497336,True,0.7174069627851141
4,17,1281.2710660066111,840.2538802017286,True,True,950,1280.7553849487176,840.8928341644523,2.864729508400381,True,0.7211684673869547
5,17,1281.2214364100582,856.7697570496763,True,True,478,1281.3208607944998,855.7251772175725,2.778594644407666,True,0.7251700680272108
6,17,1281.1717997513879,873.2879840489234,True,True,1266,1280.728412335571,873.4639483534355,2.2855373273512782,True,0.7284513805522208
7,17,1281.1221560290928,889.808561701133,True,True,849,1281.4967905995852,889.9048459056013,1.8875769126966764,True,0.7290116046418567
8,17,1281.0725052416649,906.3314905081114,True,True,759,1281.1360029061118,905.602665958863,2.332617628219959,True,0.7329331732693076
9,17,1281.022847387596,922.8567709718072,True,True,434,1281.3829938919039,922.7331359218163,2.1548060123518926,True,0.7378151260504202
10,17,1280.9731824653772,939.3844035943118,True,True,424,1281.362082345707,939.0857828343912,2.454498447870312,True,0.7377350940376151
11,17,1280.9235104734992,955.9143888778599,True,True,469,1281.453608537347,956.7141583738277,2.943056660423341,True,0.7409363745498199
12,17,1280.8738314104526,972.4467273248292,True,True,1015,1281.4561954865806,971.4722196349477,3.241460700555245,True,0.7383753501400561
13,17,1280.8241452747272,988.9814194377402,True,True,703,1281.2802654669686,988.8086367695882,2.386949496379448,True,0.7426970788315326
14,17,1280.7744520648127,1005.5184657192566,True,True,546,1281.3021105995417,1005.054040448883,2.694216352183634,True,0.7461384553821528
15,17,1280.724751779198,1022.0578666721851,True,True,1074,1281.2626844195456,1021.2768325560651,3.0678281742550615,True,0.7497398959583834
16,17,1280.6750444163717,1038.5996227994763,True,True,497,1281.3318795191146,1038.6297997619936,2.401034353668423,True,0.7508603441376551
17,17,1280.6253299748223,1055.143734604223,True,True,293,1281.2096048923422,1054.8443889446164,2.6357516145066913,True,0.7539015606242497
18,17,1280.5756084530376,1071.690202589662,True,True,798,1281.3146572436085,1071.098911357556,2.955411843903135,True,0.7548619447779112
19,17,1280.5258798495045,1088.2390272591729,True,True,1042,1281.2333422028378,1088.8118130499936,3.0368232600901006,True,0.7547018807523009
20,17,1280.4761441627102,1104.7902091162796,True,True,1091,1281.133736862194,1104.6944274404123,2.6446698725688447,True,0.7583833533413366
21,17,1280.4264013911413,1121.3437486646485,True,True,1220,1281.1150536490784,1121.0298648498665,2.9032861163281742,True,0.7625450180072029
22,17,1280.3766515332838,1137.8996464080903,True,True,998,1280.1590293894862,1137.2984547186652,2.3460234269638764,True,0.7639055622248899
23,17,1280.3268945876232,1154.4579028505586,True,True,457,1280.6623152623204,1155.4793475632296,3.0432777786660274,True,0.7614245698279312
24,17,1280.2771305526448,1171.0185184961506,True,True,583,1280.1689216779298,1170.566961452921,2.0374538675786704,True,0.7677470988395358
25,17,1280.2273594268338,1187.581493849108,True,True,1004,1280.091033719846,1188.4646263972063,2.7121178375100325,True,0.772468987595038
26,17,1280.1775812086737,1204.1468294138153,True,True,251,1280.2109365036392,1203.5289226475938,2.298966985484856,True,0.7723089235694278
27,17,1280.127795896649,1220.7145256948013,True,True,1164,1279.9652158994784,1219.8108339823143,2.9394852155156377,True,0.7759903961584633
28,17,1280.0780034892432,1237.284583196738,True,True,1592,1279.6411278862872,1237.5672561737256,2.0973998419882864,True,0.771108443377351
29,17,1280.0282039849392,1253.8570024244418,True,True,1163,1279.9170527324738,1253.4938039463764,2.1226543380936045,True,0.7781512605042017
30,17,1279.9783973822193,1270.4317838828733,True,False,,,,15.174516828969459,False,0.7712685074029612
31,17,1279.9285836795661,1287.0089280771365,True,True,707,1278.7952907741908,1287.00341986273,3.0975051627165233,True,0.78031212484994
32,17,1279.8787628754612,1303.588435512479,True,True,1124,1279.8315693071759,1303.4191547524129,1.815310322945735,True,0.7827130852340937
33,17,1279.828934968386,1320.1703066942937,True,True,855,1279.7161110734235,1319.581942153375,2.323222832426762,True,0.7799919967987194
34,17,1279.7790999568213,1336.7545421281163,True,True,1265,1279.8254213140094,1336.4708145976276,1.7683933127026186,True,0.7837535014005602
35,17,1279.7292578392476,1353.341142319628,True,True,1390,1279.686789817475,1352.7923060046733,2.4520938719505336,True,0.7740696278511404
36,17,1279.679408614145,1369.9301077746532,True,True,1333,1279.6295811679202,1369.5713195430899,2.046194537855783,True,0.7807122849139656
37,17,1279.6295522799926,1386.5214389991606,True,True,1085,1279.7586150003426,1386.38440661464,2.047658072394025,True,0.7869547819127651
38,17,1279.5796888352702,1403.1151364992643,True,True,689,1278.7128457702722,1403.0175583017692,2.81039568367322,True,0.7807122849139656
39,17,1279.529818278456,1419.7112007812216,True,True,1383,1279.6184566363302,1418.8837149799808,2.7516686805228705,True,0.7851940776310524
40,17,1279.4799406080288,1436.3096323514342,True,True,1382,1279.4464486180289,1435.6515312545582,2.3589710863057154,True,0.7802320928371349
41,17,1279.4300558224659,1452.9104317164488,True,True,1403,1280.2040298191644,1453.8237755426098,3.312236206441915,True,0.7843137254901961
42,17,1279.3801639202452,1469.5135993829574,True,True,1143,1279.4511687702347,1471.1070449502572,3.5410713108155227,True,0.791436574629852
43,17,1279.3302648998435,1486.1191358577953,True,True,1402,1278.7447717828095,1487.0023850275702,2.994625924030288,True,0.7897559023609444
44,17,1279.280358759737,1502.7270416479425,True,True,1230,1279.234136433538,1504.3544846487205,3.284944049518039,True,0.793517406962785
45,17,1279.230445498402,1519.3373172605238,True,True,1214,1279.665147158768,1519.1119143500568,2.218048824850423,True,0.7885554221688675
46,17,1279.1805251143146,1535.94996320281,True,True,1378,1278.5906550323273,1536.7886179037826,2.992881662209429,True,0.7953581432573029
47,17,1279.1305976059498,1552.5649799822147,True,True,1386,1278.650894631683,1553.0992881534241,2.5687990598572448,True,0.7957583033213285
48,17,1279.080662971782,1569.182368106298,True,True,1181,1279.5583932929005,1570.4770404350172,3.4092380550930956,True,0.7947979191676671
49,17,1279.030721210286,1585.8021280827636,True,True,1221,1278.5262172792573,1586.6627191304476,2.992401978090781,True,0.7943177270908364
0,18,1266.767958504958,773.4460958925187,True,True,22,1266.5915570521306,774.6114044150927,3.1061396403676484,True,0.684593837535014
1,18,1266.7172367361857,789.9768967162038,True,True,957,1266.7235230186889,789.5005440736707,1.997016697451534,True,0.7080432172869148
2,18,1266.6665077412815,806.5100526183073,True,True,1093,1267.3727162884968,806.6665906083422,2.388585312468707,True,0.7157262905162065
3,18,1266.6157715187019,823.0455641021432,True,True,881,1266.4483927282997,822.9454771660503,1.9245575835341198,True,0.718687474989996
4,18,1266.5650280669013,839.5834316711689,True,True,676,1266.7450824445875,840.5064593181993,2.4554028326311608,True,0.7208483393357343
5,18,1266.5142773843345,856.1236558289855,True,True,444,1266.3493910507084,855.4973332864773,2.608246552128679,True,0.7229291716686674
6,18,1266.463519469456,872.6662370793375,True,True,346,1266.568032602909,871.7244169902957,2.7196748928662373,True,0.7260504201680672
7,18,1266.4127543207203,889.2111759261129,True,True,1180,1266.6456909020637,888.5086465819594,2.7218831390442415,True,0.7306122448979592
8,18,1266.3619819365802,905.7584728733434,True,True,841,1266.1685588333428,905.2360642328177,2.2242350689293695,True,0.7321328531412565
9,18,1266.3112023154888,922.3081284252045,True,True,1129,1266.177502889,921.5024519742865,2.6545636815454374,True,0.7330132052821129
10,18,1266.260415455899,938.8601430860152,True,True,488,1266.0804216015965,937.7361140049986,3.1255504465533277,True,0.7375750300120048
11,18,1266.2096213562622,955.4145173602383,True,True,833,1266.0811139412378,956.416296287817,2.8544534163364665,True,0.7386154461784714
12,18,1266.1588200150313,971.9712517524808,True,True,1349,1266.1201658009409,971.34363248933,2.286634491757696,True,0.7401360544217688
13,18,1266.1080114306567,988.5303467674936,True,True,148,1265.994526143869,987.5520022425411,2.7623077479222293,True,0.7408563425370148
14,18,1266.0571956015892,1005.0918029101707,True,True,323,1266.46356277765,1005.7213610338305,2.723179219977488,True,0.7495798319327731
15,18,1266.0063725262796,1021.655620685551,True,True,322,1265.9051755046155,1021.2950823367919,1.9374894879907467,True,0.7513405362144858
16,18,1265.9555422031779,1038.221800598817,True,True,824,1265.9983244569821,1037.470930815141,2.455053968907051,True,0.7525410164065627
17,18,1265.9047046307332,1054.7903431552957,True,True,1056,1266.3165004352936,1054.2121184491962,2.7560100323084287,True,0.755982392957183
18,18,1265.8538598073947,1071.3612488604579,True,True,1318,1264.7073997982209,1070.9630458340505,3.16188460579454,True,0.7584633853541416
19,18,1265.8030077316107,1087.9345182199186,True,True,284,1265.8801213824613,1087.3234975005207,2.274895873173248,True,0.7601440576230493
20,18,1265.75214840183,1104.5101517394369,True,True,992,1265.9875067136068,1103.5678711005148,2.8032116163524545,True,0.760704281712685
21,18,1265.7012818165,1121.0881499249165,True,True,970,1264.72004103286,1121.3232659824612,2.8510338496033283,True,0.7627851140456182
22,18,1265.650407974068,1137.668513282406,True,True,1165,1265.7933258335486,1138.549709407852,2.693924451571887,True,0.7634253701480592
23,18,1265.5995268729807,1154.2512423180972,True,True,1414,1265.7882180258707,1153.4610417676813,2.65130476450647,True,0.7601440576230493
24,18,1265.5486385116849,1170.8363375383271,True,True,773,1264.660263495944,1171.267140955086,2.801726001583645,True,0.7653461384553821
25,18,1265.497742888626,1187.423799449577,True,True,692,1264.6424717499335,1187.1585658002512,2.875052070884476,True,0.7610244097639056
26,18,1265.44684000225,1204.013628558473,True,True,718,1264.6960775655652,1204.7652643050003,3.15161823518079,True,0.7730292116846739
27,18,1265.3959298510015,1220.6058253717852,True,True,1196,1265.408097137171,1219.6312208706124,2.635732595532657,True,0.7731892757102841
28,18,1265.3450124333256,1237.2003903964294,True,True,1442,1264.739054244162,1237.6025948707043,2.4775913364745694,True,0.7699879951980793
29,18,1265.2940877476663,1253.7973241394652,True,True,1080,1265.5641334951536,1254.7215336191764,2.786021816003069,True,0.7782312925170067
30,18,1265.2431557924674,1270.3966271080972,True,True,1287,1265.2809457547407,1269.7758966887777,2.4089305167805537,True,0.7745498199279712
31,18,1265.192216566172,1286.998299809675,True,True,596,1264.5740344747073,1286.984031713242,2.408820454703085,True,0.7795918367346939
32,18,1265.1412700672229,1303.6023427516925,True,True,177,1264.964952111133,1302.789681303457,2.8415990504688415,True,0.7831932773109244
33,18,1265.0903162940624,1320.20875644179,True,True,1310,1265.0301539097507,1319.7665948017625,2.210602192191529,True,0.779671868747499
34,18,1265.0393552451333,1336.8175413877511,True,True,1566,1265.4116737191184,1336.8672785528831,2.12426499652762,True,0.7827931172468987
35,18,1264.9883869188761,1353.428698097505,True,True,716,1265.0405226165883,1352.8743552899361,2.630957140419731,True,0.7748699479791916
36,18,1264.9374113137321,1370.0422270791262,True,True,1109,1265.4638428387082,1369.4629137223903,2.902578772649671,True,0.780952380952381
37,18,1264.8864284281424,1386.658128840834,True,True,266,1265.3408049348907,1386.908700425857,2.213666271257306,True,0.7822328931572629
38,18,1264.835438260547,1403.2764038909936,True,True,960,1265.374040930813,1403.1660009248958,2.5128737367498095,True,0.7804721888755503
39,18,1264.7844408093852,1419.8970527381146,True,True,1224,1264.4015808857826,1420.872811039684,2.7580094612728696,True,0.7876750700280112
40,18,1264.7334360730965,1436.5200758908518,True,False,,,,13.962737871545157,False,0.7879951980792317
41,18,1264.6824240501203,1453.1454738580062,True,True,1185,1264.9079214483527,1452.6856195953335,2.517749880168684,True,0.7847939175670269
42,18,1264.631404738894,1469.7732471485235,True,True,1139,1264.3223899338009,1469.4909878397389,2.4095408010308508,True,0.7883953581432572
43,18,1264.5803781378563,1486.4033962714952,True,True,1032,1264.5845835093069,1488.1410963100614,3.620999984408075,True,0.7817527010804322
44,18,1264.5293442454445,1503.0359217361583,True,True,1283,1265.2337951145312,1503.0112768243478,2.6790434302123036,True,0.7883953581432572
45,18,1264.4783030600954,1519.6708240518947,True,True,1305,1264.529245202436,1518.7585713015076,2.7133143816144303,True,0.7939175670268107
46,18,1264.4272545802462,1536.3081037282327,True,True,1021,1264.4540208154172,1535.6695614693303,2.3781043156536863,True,0.7910364145658263
47,18,1264.3761988043323,1552.9477612748458,True,True,1234,1265.081691287239,1553.1965874846019,2.826931030128187,True,0.7964785914365746
48,18,1264.32513573079,1569.5897972015532,True,True,1159,1265.233606063965,1569.1468480678013,3.1116481164750973,True,0.7952781112444978
49,18,1264.274065358054,1586.2342120183202,True,True,888,1263.766271756696,1585.9619077645843,2.5874026665495173,True,0.794077631052421
0,19,1252.02292407292,772.6760568526394,True,True,543,1253.0366522802497,773.2991283773353,3.258190683959821,True,0.6956382553021208
1,19,1251.971075483233,789.2312490105793,True,True,945,1252.1149538756092,790.4592074544603,2.9341045713393674,True,0.7066026410564226
2,19,1251.9192194959562,805.7888032100266,True,True,686,1252.0627867370833,805.4527724647876,2.0899529712705283,True,0.7165266106442576
3,19,1251.8673561095065,822.3487199565301,True,True,410,1252.4534894193162,822.1041614354519,2.523334199982552,True,0.714045618247299
4,19,1251.8154853223,838.9109997557824,True,True,1447,1251.0147351137484,838.8318738182381,2.9592022835761553,True,0.7262905162064826
5,19,1251.7636071327524,855.4756431136213,True,True,361,1251.8265562569416,856.5228100040814,2.637323177579445,True,0.7242897158863546
6,19,1251.7117215392789,872.0426505360284,True,True,347,1251.941677504814,871.4193507721963,2.414970518390481,True,0.7295718287314926
7,19,1251.6598285402943,888.6120225291302,True,True,1118,1251.673044284411,887.5826191799181,2.694074125793578,True,0.7295718287314926
8,19,1251.6079281342136,905.183759599197,True,True,834,1251.7772897533848,904.9540983886692,1.827334361359464,True,0.7338935574229692
9,19,1251.5560203194502,921.7578622526443,True,True,1212,1250.8999457532682,921.6446104123595,2.66600732696395,True,0.7344537815126051
10,19,1251.5041050944178,938.3343309960316,True,True,143,1251.7633410916756,937.488425910427,2.77250838909108,True,0.7347739095638255
11,19,1251.4521824575297,954.9131663360638,True,True,461,1251.682742142431,954.7281624537712,1.7971121005933175,True,0.7397358943577431
12,19,1251.4002524071984,971.4943687795898,True,True,111,1251.63861178982,971.0542034180156,2.189139193858408,True,0.7405362144857943
13,19,1251.3483149418357,988.0779388336036,True,True,392,1250.6262220407796,987.3300141942465,3.1356678494775196,True,0.7426970788315326
14,19,1251.2963700598536,1004.6638770052439,True,True,600,1250.640862437282,1004.9954866410724,2.6567913182838243,True,0.7430172068827532
15,19,1251.2444177596637,1021.2521838017941,True,True,1028,1251.0958137992013,1019.8784289682296,3.261355473095657,True,0.7482192877150861
16,19,1251.1924580396765,1037.842859730683,True,True,298,1250.6683370457083,1037.8159723867682,2.1980821913620576,True,0.7520608243297319
17,19,1251.140490898302,1054.4359052994832,True,True,909,1251.0258959611072,1053.5476692513755,2.4399533439302132,True,0.7524609843937575
18,19,1251.0885163339506,1071.0313210159143,True,True,603,1251.038901033447,1072.2510622823047,2.9699983252399846,True,0.7584633853541416
19,19,1251.0365343450314,1087.629107387839,True,True,562,1250.8914300362776,1086.6648277520515,2.82605893519921,True,0.7611844737895158
20,19,1250.9845449299537,1104.2292649232659,True,True,1132,1250.980401660921,1102.9481069495976,3.385158924469881,True,0.7628651460584234
21,19,1250.9325480871257,1120.8317941303487,True,True,1083,1250.0477677355289,1120.9861029412525,2.9373681243402037,True,0.7623049219687875
22,19,1250.880543814956,1137.4366955173869,True,True,678,1251.4698706857243,1138.5889898040602,3.326052373446087,True,0.7628651460584234
23,19,1250.8285321118517,1154.0439695928237,True,True,486,1251.4364922039967,1154.8906894983538,2.9225550025718015,True,0.7687875150060024
24,19,1250.77651297622,1170.6536168652494,True,True,687,1250.764217202875,1172.185022261734,3.353837583178576,True,0.7687074829931972
25,19,1250.7244864064678,1187.265637843399,True,True,871,1250.4230530140596,1187.0214522044719,2.139086841793904,True,0.7651860744297719
26,19,1250.6724524010015,1203.880033036152,True,True,994,1250.3766644677357,1204.6921921227909,2.7002512774595724,True,0.7720688275310124
27,19,1250.6204109582263,1220.4968029525348,True,True,780,1250.6101729628786,1219.6206206956613,2.5254925904506877,True,0.7639855942376951
28,19,1250.5683620765485,1237.1159481017185,True,True,805,1251.1791432672019,1237.6035258871975,2.5873559379456608,True,0.7681472589035614
29,19,1250.5163057543723,1253.73746899302,True,True,1140,1250.2376844315356,1254.6694554276494,2.723642725889074,True,0.7752701080432173
30,19,1250.4642419901022,1270.361366135902,True,True,338,1250.3611474427282,1269.577836058033,2.4213811498717965,True,0.7730292116846739
31,19,1250.4121707821423,1286.9876400399721,True,True,1432,1249.7020904512467,1287.4862631014964,2.4122024481442144,True,0.7807923169267708
32,19,1250.3600921288958,1303.6162912149846,True,True,1048,1250.145753460629,1303.391748507492,2.112403344704922,True,0.7843937575030012
33,19,1250.3080060287664,1320.247320170839,True,True,624,1250.2682381895231,1319.6074549303898,2.3514471302760325,True,0.7781512605042017
34,19,1250.2559124801564,1336.8807274175813,True,True,1501,1250.0536597119824,1338.3270754593127,3.3626146971132194,True,0.7837535014005602
35,19,1250.2038114814675,1353.5165134654023,True,True,875,1250.174519843641,1352.7515809558276,2.5247532832990367,True,0.788155262104842
36,19,1250.1517030311022,1370.1546788246399,True,True,1017,1250.51094157003,1370.1937568930468,2.1793312903981406,True,0.7826330532212885
37,19,1250.0995871274613,1386.7952240057768,True,True,1040,1250.5671331724309,1386.4346458978393,2.614268218264585,True,0.7887955182072829
38,19,1250.0474637689451,1403.438149519443,True,True,1237,1250.0479383586699,1402.717588480004,2.4386114673154493,True,0.7803921568627451
39,19,1249.995332953955,1420.0834558764132,True,True,1269,1250.0594949834028,1422.0736699853485,4.043349322704046,True,0.7869547819127651
40,19,1249.9431946808902,1436.7311435876097,True,True,1395,1250.0001881477738,1435.7287050653931,2.9284778945111514,True,0.794077631052421
41,19,1249.89104894815,1453.3812131641002,True,True,1278,1249.9751457833856,1452.64464489246,2.3837043576298473,True,0.7851940776310524
42,19,1249.8388957541338,1470.0336651170987,True,True,578,1250.0349268172959,1469.6250313702274,2.3417849769508714,True,0.7905562224889956
43,19,1249.7867350972397,1486.6884999579656,True,True,1456,1250.3614896957872,1486.3625096120638,2.7838056034573664,True,0.7917567026810725
44,19,1249.7345669758658,1503.3457181982074,True,False,,,,16.943758253500533,False,0.7923169267707083
45,19,1249.68239138841,1520.0053203494776,True,True,1122,1249.4078743818322,1521.3733293986227,3.4349013076140666,True,0.7963985594237695
46,19,1249.630208333269,1536.6673069235758,True,True,755,1249.8858457936587,1535.7800429679921,2.998475518459543,True,0.8013605442176871
47,19,1249.5780178088396,1553.3316784324477,True,True,1127,1249.903544074199,1554.4978157310318,3.0235696353552277,True,0.7946378551420568
48,19,1249.525819813518,1569.9984353881862,True,True,1243,1249.796934479998,1569.4655546652734,2.48333469813698,True,0.7991996798719487
49,19,1249.4736143456998,1586.6675783030307,True,True,1029,1249.6217496316729,1585.7168106173272,2.7092959512118573,True,0.7929571828731493
0,20,1237.2342173388852,771.9037370871603,True,True,12,1237.770396909062,771.507862139306,2.5965753028408813,True,0.6870748299319728
1,20,1237.1812354706885,788.4833926645966,True,True,260,1236.749967908517,789.0053708991167,2.6566682119506617,True,0.6981192476990796
2,20,1237.1282460320137,805.0654172775558,True,True,1135,1236.731580626966,804.9578329315751,2.3800304931022582,True,0.7124449779911965
3,20,1237.0752490212376,821.6498114338343,True,True,245,1236.535120453684,821.152301738754,2.651138673732108,True,0.7178871548619448
4,20,1237.022244436737,838.2365756413743,True,True,925,1237.1625967527425,837.5862313441324,2.236686257514603,True,0.7208483393357343
5,20,1236.969232276888,854.8257104082626,True,True,590,1237.4594119413525,855.1208849488561,2.3458417658691335,True,0.7243697478991596
6,20,1236.916212540067,871.4172162427318,True,True,414,1236.4842375868532,872.4877082380442,3.215997891093545,True,0.7243697478991596
7,20,1236.8631852246492,888.0110936531594,True,True,146,1236.3868411785627,888.737066288633,2.7252903767954804,True,0.7309323729491797
8,20,1236.8101503290095,904.6073431480685,True,True,498,1236.4846920915056,904.4120359923617,1.9093218463944055,True,0.7300520208083234
9,20,1236.7571078515223,921.205965236127,True,True,673,1236.4968860270224,920.8758159136404,2.1311452678379417,True,0.7334133653461384
10,20,1236.7040577905618,937.8069604261493,True,True,696,1236.4277638978233,938.5314507159766,2.7772712373928505,True,0.7370148059223689
11,20,1236.651000144502,954.4103292270944,True,True,474,1236.4377816482543,954.3356019288897,1.7012264845555813,True,0.7353341336534613
12,20,1236.5979349117151,971.0160721480673,True,True,214,1236.666587898508,969.7253820867661,3.0427532824014905,True,0.7402961184473789
13,20,1236.5448620905745,987.6241896983183,True,True,918,1236.2493034413274,987.0817649665041,2.241559960165599,True,0.7406962785114046
14,20,1236.4917816794518,1004.2346823872437,True,True,472,1236.2272941525052,1003.3039739649588,2.686860240318636,True,0.7459783913565426
15,20,1236.4386936767191,1020.8475507243852,True,True,668,1236.1375171464151,1019.5603833448223,3.1903580713421995,True,0.7520608243297319
16,20,1236.3855980807477,1037.4627952194305,True,True,1179,1236.1794499296343,1037.0868532942716,2.014857785393451,True,0.7486994797919169
17,20,1236.3324948899083,1054.080416382213,True,True,423,1237.208605767614,1054.057624795052,2.6687169776680464,True,0.7542216886754702
18,20,1236.279384102571,1070.700414722712,True,True,917,1235.948654093981,1069.5622006617668,2.988153837497406,True,0.7577430972388955
19,20,1236.226265717106,1087.3227907510523,True,True,1369,1236.0453706284168,1087.0822606359452,1.8037469279304688,True,0.7610244097639056
20,20,1236.173139731882,1103.9475449775057,True,True,922,1235.6101973017767,1103.2944402670114,2.918127436163761,True,0.7662264905962385
21,20,1236.1200061452687,1120.5746779124888,True,True,951,1236.130992035877,1119.6148579384067,2.720910791889855,True,0.7672669067627051
22,20,1236.0668649556342,1137.2041900665654,True,True,1086,1236.3913712212616,1136.4947451400324,2.9318023380338585,True,0.7647859143657463
23,20,1236.0137161613463,1153.8360819504446,True,True,758,1235.888217569166,1152.760196804687,2.8361151180302704,True,0.7707082833133253
24,20,1235.9605597607729,1170.470354074982,True,True,397,1235.8812275809416,1169.6602621993607,2.650532835072233,True,0.765906362545018
25,20,1235.907395752281,1187.1070069511793,True,True,743,1235.798539457204,1186.542932002502,2.109040976134294,True,0.7687074829931972
26,20,1235.8542241342368,1203.7460410901847,True,True,731,1235.7212105217304,1203.4113145291146,1.9437999794541498,True,0.7729491796718687
27,20,1235.8010449050066,1220.3874570032922,True,True,619,1234.932004556727,1221.0034986124972,3.232050042325299,True,0.7696678671468588
28,20,1235.7478580629563,1237.0312552019434,True,True,666,1235.304397609442,1236.4808318760213,2.679739820143644,True,0.7751100440176071
29,20,1235.6946636064508,1253.6774361977248,True,True,737,1235.8030777087195,1253.4059467785305,2.1254870730637947,True,0.7768707482993197
30,20,1235.641461533855,1270.3260005023706,True,True,612,1235.563320073586,1269.7161195721292,2.4128305444940796,True,0.7714285714285715
31,20,1235.5882518435328,1286.9769486277607,True,True,876,1235.3128747088856,1286.5691621180488,2.535915967710779,True,0.7783113245298119
32,20,1235.5350345338484,1303.6302810859222,True,True,846,1235.775719194578,1303.2365200628474,2.1917892773103294,True,0.782312925170068
33,20,1235.4818096031647,1320.2859983890287,True,True,1502,1234.7177375922859,1321.0657583931036,3.0161532502134016,True,0.7774309723889556
34,20,1235.4285770498448,1336.9441010494002,True,True,1259,1234.6973773648422,1337.4996598085306,2.648189774338412,True,0.7818327330932373
35,20,1235.3753368722507,1353.6045895795037,True,True,1201,1235.30243197905,1352.8928160475025,2.6784493463249714,True,0.7851940776310524
36,20,1235.322089068745,1370.2674644919534,True,True,961,1235.3607110087999,1369.7994846414056,2.2902263186145397,True,0.7795918367346939
37,20,1235.2688336376884,1386.9327262995096,True,True,1264,1234.6080078767386,1388.5290733905485,3.815203012845684,True,0.7852741096438576
38,20,1235.2155705774423,1403.6003755150798,True,True,826,1235.4698674038605,1403.3862710376143,2.3969543494518994,True,0.7899159663865546
39,20,1235.162299886367,1420.270412651718,True,True,545,1235.13193948144,1419.7390569528704,2.276206243334769,True,0.7833533413365346
40,20,1235.1090215628224,1436.9428382226267,True,True,1284,1235.1768904135179,1436.5221736556725,2.1373962980259202,True,0.7902360944377751
41,20,1235.0557356051684,1453.6176527411544,True,True,1550,1234.5202408526227,1453.3387170483256,2.615884032085777,True,0.7918367346938775
42,20,1235.0024420117638,1470.2948567207968,True,True,1241,1235.0563558738363,1469.773913490141,2.2948580200979247,True,0.7879951980792317
43,20,1234.9491407809671,1486.974450675196,True,True,938,1235.4415387445536,1488.3788191115348,3.655129580892264,True,0.7930372148859544
44,20,1234.8958319111368,1503.656435118143,True,True,1160,1234.482820078215,1504.7711320555118,3.0143780437692502,True,0.7981592637054822
45,20,1234.8425154006306,1520.340810563575,True,True,1001,1234.9665867680753,1519.694783499197,2.3461021916324087,True,0.7929571828731493
46,20,1234.7891912478053,1537.0275775255768,True,True,1380,1234.9682240371976,1536.593807979202,2.3615944733623184,True,0.7946378551420568
47,20,1234.7358594510179,1553.7167365183805,True,True,940,1234.5288976789316,1553.3265571078243,2.4413914694757737,True,0.8003201280512204
48,20,1234.6825200086241,1570.4082880563656,True,False,,,,16.49424155975003,False,0.797358943577431
49,20,1234.6291729189804,1587.102232654059,True,True,1066,1233.86634261057,1587.7874935949171,3.2425408458830702,True,0.7971988795518208
0,21,1222.401643990117,771.1291264483672,True,True,172,1223.259424197774,771.0963760034747,2.833086742494364,True,0.6825130052020809
1,21,1222.3475223431801,787.7333178505698,True,True,592,1222.2542980765647,787.3196121446091,2.1954970363163113,True,0.7041216486594638
2,21,1222.293392951433,804.3398853134206,True,True,99,1222.204999059724,804.8934115525672,2.104482382775611,True,0.7076430572228891
3,21,1222.2392558132124,820.9488293469775,True,True,1025,1223.2008483825537,820.8771454698401,2.919244010795855,True,0.715326130452181
4,21,1222.1851109268562,837.5601504614448,True,True,902,1222.3586002715294,838.520273770868,2.5723355092828277,True,0.7196478591436575
5,21,1222.1309582907002,854.1738491671725,True,True,372,1223.032025583263,854.3342675353182,2.87430406579205,True,0.7240496198479391
6,21,1222.076797903081,870.789925974657,True,True,275,1222.1504190852431,872.218301199144,3.3858631059541406,True,0.7308523409363745
7,21,1222.0226297623335,887.4083813945405,True,True,802,1222.0409821761823,888.3766930670357,2.786083025858039,True,0.7270108043217287
8,21,1221.9684538667932,904.0292159376119,True,True,1152,1222.121046925067,904.7460679283189,2.22442739721866,True,0.7339735894357744
9,21,1221.9142702147944,920.6524301148057,True,True,443,1221.865159068096,919.6982650300911,2.805579358989616,True,0.7360544217687075
10,21,1221.860078804672,937.2780244372035,True,True,168,1221.8261099228282,938.318014991864,2.8546254596194003,True,0.7375750300120048
11,21,1221.8058796347586,953.9059994160326,True,True,685,1221.4879869027307,954.074312159178,2.1114067663425202,True,0.7385354141656663
12,21,1221.751672703388,970.536355562667,True,True,1346,1221.838012972669,970.8995974965281,1.9236881447891112,True,0.7408563425370148
13,21,1221.697458008893,987.1690933886273,True,True,209,1220.76821378512,986.8514065276034,2.9399080021443753,True,0.7482192877150861
14,21,1221.6432355496052,1003.8042134055803,True,True,1018,1221.8330028995738,1004.6013128536423,2.5811409380521058,True,0.7469387755102042
15,21,1221.5890053238568,1020.4417161253396,True,True,294,1221.5385560429197,1019.4569567383874,2.5117533533917764,True,0.7470188075230092
16,21,1221.534767329979,1037.0816020598654,True,True,672,1220.719600022825,1036.7977099022041,2.7558861429737096,True,0.7498199279711886
17,21,1221.4805215663027,1053.7238717212645,True,True,661,1220.6985769154946,1053.16598559626,3.0207153047363287,True,0.7538215286114446
18,21,1221.4262680311576,1070.3685256217905,True,True,483,1221.360002158835,1069.4795080813467,2.4065780800682384,True,0.7546218487394958
19,21,1221.3720067228744,1087.015564273844,True,True,872,1222.0995191218585,1087.7185217205586,3.2930736122750206,True,0.7582232893157264
20,21,1221.317737639782,1103.6649881899716,True,True,764,1220.5307331977222,1103.0412854157798,2.8537858082917764,True,0.7635054021608644
21,21,1221.2634607802092,1120.3167978828683,True,True,1445,1221.2317088746145,1122.0300370131577,3.692612817281552,True,0.7623049219687875
22,21,1221.209176142484,1136.9709938653743,True,True,822,1221.1632129409427,1138.3301474921589,3.0362201537741593,True,0.7676670668267307
23,21,1221.1548837249352,1153.627576650478,True,True,828,1220.9556541841032,1152.6782356786625,2.8701769060908493,True,0.77046818727491
24,21,1221.1005835258898,1170.2865467513145,True,True,1392,1220.6157956749305,1170.4653010301322,2.120037780306842,True,0.7693477390956383
25,21,1221.0462755436745,1186.947904681166,True,True,710,1220.5348698036341,1186.9773991694062,2.255164491831272,True,0.7730292116846739
26,21,1220.991959776616,1203.6116509534618,True,True,831,1220.7970901671556,1202.6938501250327,2.7936901941951424,True,0.7755102040816326
27,21,1220.9376362230405,1220.2777860817785,True,True,142,1220.4147783645033,1219.5707718415197,2.990442035415887,True,0.7731892757102841
28,21,1220.883304881273,1236.9463105798397,True,True,1175,1220.3762115318896,1238.3564031226108,3.587736939997901,True,0.7740696278511404
29,21,1220.8289657496393,1253.617224961517,True,True,566,1220.3991184802876,1253.3293198093252,2.4414201378516034,True,0.7787114845938375
30,21,1220.7746188264632,1270.290529740828,True,True,594,1220.7361217641421,1272.2168957302338,3.7163108423631117,True,0.7721488595438175
31,21,1220.7202641100691,1286.9662254319398,True,True,1041,1221.3362748083562,1286.9003364852083,2.476042671919489,True,0.7754301720688276
32,21,1220.6659015987802,1303.644312549165,True,True,490,1220.3332346663603,1303.3836977884669,2.3407246519316005,True,0.7812725090036015
33,21,1220.6115312909203,1320.3247916069647,True,True,660,1220.1528854549988,1319.5275240521623,2.8287257055834947,True,0.7746298519407763
34,21,1220.5571531848118,1337.0076631199474,True,True,848,1221.1926213477207,1337.0347463019018,2.6425150001045137,True,0.7779111644657863
35,21,1220.5027672787764,1353.6929276028686,True,True,823,1220.403952767509,1352.881942969847,2.73945870764646,True,0.7811924769907963
36,21,1220.448373571136,1370.3805855706332,True,True,655,1220.4728662681705,1369.6492782330329,2.443661059993462,True,0.7773509403761505
37,21,1220.393972060212,1387.0706375382922,True,True,1130,1221.1920057900995,1387.604478363352,2.7667844527875816,True,0.7851940776310524
38,21,1220.339562744325,1403.763084021045,True,True,885,1220.1565718895467,1403.4782457845781,2.2142478658107154,True,0.788875550220088
39,21,1220.2851456217948,1420.457925534238,True,True,973,1220.200702504868,1419.7710460354133,2.773625281301987,True,0.7811124449779911
40,21,1220.2307206909418,1437.155162593367,True,True,1242,1220.192463461348,1436.69865292752,2.1674772988609208,True,0.7879951980792317
41,21,1220.176287950085,1453.8547957140754,True,True,1337,1220.0383619408515,1455.3088003646455,3.3579701222187173,True,0.7911964785914366
42,21,1220.121847397543,1470.5568254121536,True,True,646,1220.1898099334435,1469.932458395256,2.7034252683283566,True,0.7975990396158463
43,21,1220.067399031634,1487.2612522035406,True,True,1457,1220.0527383249319,1486.6780097852115,2.262256430531796,True,0.7917567026810725
44,21,1220.0129428506764,1503.9680766043234,True,True,1117,1220.062088320949,1503.4956482883642,2.201728261279318,True,0.798719487795118
45,21,1219.9584788529871,1520.6772991307378,True,True,613,1219.9622646935252,1522.125456188002,3.4581820047851055,True,0.7999199679871949
46,21,1219.904007036883,1537.3889202991672,True,True,1498,1219.9266733117568,1538.4596498786175,2.763144210285628,True,0.7949579831932774
47,21,1219.84952740068,1554.1029406261434,True,True,1542,1219.845786242725,1553.502832404832,2.2680511637947443,True,0.7991196478591437
48,21,1219.7950399426948,1570.8193606283467,True,False,,,,13.18444211742255,False,0.8012004801920769
49,21,1219.7405446612422,1587.5381808226048,True,True,972,1219.500016005438,1586.6151124376674,3.0776383163096668,True,0.7987995198079232
0,22,1207.5250085594178,770.3522147282562,True,True,348,1207.7512180136493,769.6861280543435,2.4100929681834193,True,0.6784313725490196
1,22,1207.469740590537,786.9810146824203,True,True,505,1206.872879640673,787.4160808983465,2.671694155772475,True,0.6938775510204082
2,22,1207.414464701058,803.6121977536529,True,True,139,1207.8612914733114,803.3258433501125,2.2612173228317967,True,0.7081232492997198
3,22,1207.3591808892786,820.2457644542866,True,True,842,1207.4656675886906,819.5651237402483,2.2743062448492064,True,0.7123649459783914
4,22,1207.3038891534948,836.8817152968011,True,True,610,1206.727359070412,836.8210754469757,2.4668455760756154,True,0.7192476990796319
5,22,1207.2485894920032,853.5200507938232,True,True,880,1206.634722058311,853.1018253176225,2.7141682186905753,True,0.7198079231692678
6,22,1207.1932819030997,870.1607714581268,True,True,254,1207.56313021313,870.7770594423009,2.5781760822155557,True,0.7264505802320929
7,22,1207.1379663850787,886.8038778026321,True,True,567,1207.2630739139793,888.2147808178529,3.199098595529619,True,0.7307723089235695
8,22,1207.082642936236,903.449370340407,True,True,470,1206.530745761566,903.0004123990367,2.5373363954164625,True,0.7289315726290516
9,22,1207.027311554865,920.0972495846664,True,True,540,1206.5160186842418,920.6425608367612,2.7803689114111045,True,0.7348539415766306
10,22,1206.97197223926,936.7475160487726,True,True,516,1206.9273385452952,935.6354852743266,2.747659002430069,True,0.7366146458583434
11,22,1206.9166249877142,953.4001702462346,True,True,690,1206.511568322225,952.9450383201009,2.373589699583907,True,0.7354141656662665
12,22,1206.8612697985204,970.055212690709,True,True,458,1206.470257756199,970.0860779771052,1.8620885328307013,True,0.7394157663065226
13,22,1206.8059066699707,986.7126438959998,True,True,1125,1206.7293998026391,986.2030389805917,1.8927848993503253,True,0.7423769507803122
14,22,1206.7505356003574,1003.3724643760585,True,True,252,1206.259391159774,1002.9059559620983,2.224417530875904,True,0.7427771108443377
15,22,1206.6951565879713,1020.0346746449836,True,True,359,1206.297629566696,1019.3850392360945,2.6482931802732175,True,0.7487795118047219
16,22,1206.6397696311033,1036.6992752170215,True,True,995,1206.615907183973,1035.670021087962,2.7232063116668312,True,0.7482192877150861
17,22,1206.584374728044,1053.3662666065661,True,True,589,1206.2915151219931,1052.9893521002496,2.0921108285848518,True,0.7504601840736295
18,22,1206.528971877083,1070.0356493281586,True,True,1157,1207.0698353137402,1070.1703167409487,2.4712852645627326,True,0.7511804721888755
19,22,1206.4735610765101,1086.7074238964885,True,True,59,1206.0587002864506,1085.6782261750575,3.082454606556735,True,0.7609443777511005
20,22,1206.4181423246139,1103.3815908263923,True,True,212,1206.0710613921342,1104.5353982031193,2.9777834463396027,True,0.7586234493797519
21,22,1206.3627156196821,1120.0581506328547,True,True,738,1206.102660650745,1119.3848953739775,2.4683958125968792,True,0.765906362545018
22,22,1206.307280960004,1136.7371038310082,True,True,20,1206.2302079097574,1135.6903656302898,2.823401680613799,True,0.7690276110444177
23,22,1206.2518383438658,1153.418450936133,True,True,1081,1205.650688350443,1153.5297280782215,2.2903879830401372,True,0.7646258503401361
24,22,1206.1963877695548,1170.102192463657,True,True,1348,1207.08426786333,1170.321333774596,2.80547408441607,True,0.7707082833133253
25,22,1206.1409292353578,1186.7883289291565,True,True,132,1205.8186650345453,1188.3501854697731,3.4083061170304743,True,0.7747899159663866
26,22,1206.0854627395602,1203.4768608483562,True,True,863,1205.9793231404444,1204.5145879220072,2.683767795337494,True,0.7710284113645458
27,22,1206.0299882804475,1220.1677887371281,True,True,381,1205.9904650375013,1219.5198954782898,2.374916997473577,True,0.7747098839535814
28,22,1205.974505856305,1236.8611131114924,True,True,537,1205.4685683159041,1236.3897299595262,2.713377119080935,True,0.7783113245298119
29,22,1205.919015465417,1253.5568344876178,True,True,1272,1206.302613637635,1254.1119890524553,2.532434269493044,True,0.7800720288115246
30,22,1205.8635171060669,1270.2549533818215,True,True,595,1205.3773072461263,1270.1869489617184,2.2466873380933365,True,0.7734293717486995
31,22,1205.808010776539,1286.955470310568,True,True,811,1205.7120967203678,1286.565600494544,1.96487251429654,True,0.7801520608243298
32,22,1205.752496475116,1303.6583857904718,True,True,1071,1206.2427510926095,1303.901105358807,2.3419530190550746,True,0.7823929571828732
33,22,1205.6969742000801,1320.3637003382942,True,True,719,1205.5388636580003,1319.6289891611282,2.464315792431911,True,0.7734293717486995
34,22,1205.6414439497134,1337.0714144709452,True,True,100,1205.2212976156113,1336.524643706041,2.6429332474529477,True,0.7800720288115246
35,22,1205.5859057222972,1353.7815287054846,True,True,1076,1204.746997275074,1354.2547002040915,2.595118130478182,True,0.7832733093237295
36,22,1205.530359516113,1370.494043559119,True,True,1389,1205.179940193843,1371.6344030217404,2.9362932299330313,True,0.7728691476590637
37,22,1205.4748053294413,1387.2089595492052,True,True,496,1204.707758908091,1387.122593875834,2.7543138184030034,True,0.7787114845938375
38,22,1205.419243160561,1403.9262771932474,True,True,604,1205.802061486299,1403.4293782246332,2.4918539304417444,True,0.7875950380152061
39,22,1205.3636730077533,1420.6459970088995,True,True,706,1205.1416950786736,1420.337636128252,2.1375009299134637,True,0.7889555822328932
40,22,1205.3080948692962,1437.3681195139634,True,True,986,1204.6471968791263,1438.7090947950567,3.5005852108542546,True,0.7838335334133654
41,22,1205.252508743468,1454.09264522639,True,True,593,1205.5576266624253,1453.598916082908,2.726332653068664,True,0.7871148459383753
42,22,1205.1969146285476,1470.81957466428,True,True,1142,1205.6110328796606,1472.4721730329538,3.655984432794434,True,0.7960784313725491
43,22,1205.1413125228116,1487.5489083458817,True,True,1073,1205.4841440403281,1488.705456703105,3.076128969133952,True,0.7959983993597439
44,22,1205.0857024245377,1504.2806467895932,True,True,1320,1205.9268328500448,1504.606700986798,3.0017660467911598,True,0.7933573429371749
45,22,1205.0300843320022,1521.014790513961,True,True,1450,1205.2748241120357,1520.5382108207828,2.236094188126985,True,0.7976790716286515
46,22,1204.9744582434812,1537.7513400376822,True,True,1366,1205.521521869944,1537.3168105200016,2.677687684363137,True,0.8003201280512204
47,22,1204.9188241572501,1554.4902958796006,True,False,,,,13.004499198919731,False,0.792797118847539
48,22,1204.8631820715843,1571.2316585587116,True,True,1062,1205.5295333071404,1572.4711243070274,3.4970995402981133,True,0.7969587835134053
49,22,1204.807531984758,1587.9754285941588,True,True,1067,1205.971053438554,1587.7390121501917,3.33816011758655,True,0.7991196478591437
0,23,1192.6041144165397,769.5729916580842,True,True,256,1192.5074820877965,770.6672871142525,2.9092185468058678,True,0.6906762705082032
1,23,1192.5476935392003,786.2264732152422,True,True,309,1192.785245714635,785.6611049806157,2.271951608787508,True,0.7006802721088435
2,23,1192.491264564007,802.8823449773695,True,True,517,1192.2803789253733,802.9670572973341,1.7327442566495883,True,0.705562224889956
3,23,1192.4348274892163,819.5406074590876,True,True,75,1193.191381176213,819.840882630335,2.6059837905724095,True,0.7139655862344938
4,23,1192.3783823130839,836.201261175165,True,True,95,1193.283055984353,837.0566597838631,3.179361674349168,True,0.7158863545418168
5,23,1192.3219290338657,852.8643066405187,True,True,591,1193.1459643675105,853.3560458208184,2.9089282401636285,True,0.7216486594637854
6,23,1192.2654676498166,869.5297443702135,True,True,924,1192.2965921957739,869.6864536097538,1.3500180480565107,True,0.7232492997198879
7,23,1192.2089981591912,886.1975748794617,True,True,1101,1192.24989456713,885.4505245350185,2.335598266612689,True,0.7254901960784313
8,23,1192.1525205602431,902.8677986836235,True,True,407,1193.0648115183792,902.7092912801263,2.976779084033058,True,0.7302921168467387
9,23,1192.0960348512258,919.5404162982078,True,True,874,1192.0312873065461,920.5176372450807,2.69273919665894,True,0.731812725090036
10,23,1192.039541030393,936.2154282388709,True,True,630,1191.9725673637993,935.4009648145529,2.4471959127656766,True,0.7379751900760304
11,23,1191.9830390959964,952.8928350214175,True,True,452,1191.722938556044,951.6695107298965,3.0553003658227835,True,0.7394157663065226
12,23,1191.9265290462881,969.5726371618005,True,True,547,1191.534069801887,969.4919234906326,2.009832700815347,True,0.7393357342937175
13,23,1191.8700108795201,986.2548351761207,True,True,669,1190.853408774898,986.1898057361545,2.88130238183227,True,0.7426970788315326
14,23,1191.813484593943,1002.9394295806275,True,True,809,1191.6074172480269,1001.6968119135843,3.0499185962989883,True,0.7464585834333735
15,23,1191.7569501878072,1019.6264208917187,True,True,1170,1191.607200261334,1018.6119968948374,2.7333240362748272,True,0.7478191276510604
16,23,1191.700407659363,1036.3158096259401,True,True,25,1190.8578777790506,1036.8190789133314,3.1825616636323586,True,0.751500600240096
17,23,1191.6438570068594,1053.007596299986,True,True,422,1191.810494141355,1054.3419648820716,3.2853620381476007,True,0.7535814325730292
18,23,1191.5872982285457,1069.7017814307,True,True,1027,1191.7395897279387,1069.189810114439,2.211738305710164,True,0.7539015606242497
19,23,1191.5307313226706,1086.3983655350733,True,True,789,1191.6462355606084,1086.9108565976278,2.1734726603807326,True,0.7498199279711886
20,23,1191.4741562874817,1103.0973491302454,True,True,81,1191.7090455895147,1104.4062351574466,3.2792653303321506,True,0.7617446978791517
21,23,1191.4175731212265,1119.7987327335054,True,True,561,1191.6274984723002,1120.6662242321772,2.7110242354515104,True,0.7641456582633053
22,23,1191.360981822152,1136.5025168622913,True,True,234,1191.1913057519544,1135.6838229527239,2.5284181857391266,True,0.7617446978791517
23,23,1191.3043823885046,1153.2087020341885,True,True,857,1191.4653836250523,1152.9703750049393,2.082325548963198,True,0.7674269707883153
24,23,1191.2477748185304,1169.9172887669326,True,True,684,1190.5723648597382,1170.829901374199,3.064339686647724,True,0.7710284113645458
25,23,1191.1911591104745,1186.6282775784066,True,True,856,1190.6005769672008,1187.1865641097838,2.5851113417640943,True,0.7752701080432173
26,23,1191.1345352625822,1203.3416689866442,True,True,943,1191.3699418137921,1203.6091243625965,1.9782210214471523,True,0.7726290516206482
27,23,1191.077903273098,1220.0574635098267,True,True,87,1190.3805408552876,1219.380599231787,2.924181613138872,True,0.7773509403761505
28,23,1191.0212631402655,1236.775661666285,True,True,968,1191.4554830432512,1236.7490461142027,2.125335404263487,True,0.7791916766706682
29,23,1190.964614862328,1253.4962639744988,True,True,1110,1190.731358624761,1255.1881753160383,3.634095206377953,True,0.7733493397358944
30,23,1190.907958437529,1270.2192709530968,True,True,1014,1190.7996502455917,1269.5330539761758,2.2211787889500134,True,0.7778311324529812
31,23,1190.8512938641109,1286.9446831208581,True,True,982,1190.9234819443702,1286.5292853980432,2.2586097996732275,True,0.7818327330932373
32,23,1190.794621140315,1303.672500996709,True,True,1063,1190.2636614508287,1303.4475054840996,2.453145862205962,True,0.7840736294517807
33,23,1190.7379402643828,1320.402725099727,True,True,332,1190.640522649818,1319.6827398212345,2.4169739779090498,True,0.7751900760304122
34,23,1190.6812512345557,1337.1353559491379,True,True,1255,1190.5130017297822,1338.491354328225,2.8823230758560068,True,0.776390556222489
35,23,1190.624554049074,1353.870394064317,True,True,533,1190.2116849440301,1353.4134368322295,2.4774078820806125,True,0.7807923169267708
36,23,1190.5678487061773,1370.6078399647888,True,True,548,1190.1880148463736,1372.4533346274984,3.7369639107095787,True,0.7824729891956783
37,23,1190.5111352041047,1387.3476941702284,True,True,914,1190.1052425966855,1388.5658775646662,3.05258182850602,True,0.7727090836334534
38,23,1190.4544135410956,1404.0899572004594,True,True,1108,1189.834019201656,1404.1490003455474,2.685545108455033,True,0.7869547819127651
39,23,1190.3976837153884,1420.8346295754554,True,True,1279,1190.3349865099578,1422.399321923036,3.2221661706513056,True,0.7913565426170468
40,23,1190.3409457252205,1437.5817118153398,True,True,1186,1191.1668523743374,1438.0900024126772,2.6917530796210305,True,0.7917567026810725
41,23,1190.2841995688298,1454.3312044403851,True,True,935,1191.1193720545698,1454.6987843629875,2.7359218488976027,True,0.7863945578231293
42,23,1190.2274452444526,1471.0831079710142,True,True,985,1191.0614146529244,1471.546722506753,2.9202313033946665,True,0.792156862745098
43,23,1190.1706827503256,1487.8374229278002,True,True,1126,1190.0702913655168,1487.44625263621,2.1786741650635957,True,0.7954381752701081
44,23,1190.1139120846847,1504.5941498314648,True,True,342,1190.0376997529083,1503.6941300196677,2.8231920729018145,True,0.7989595838335335
45,23,1190.0571332457648,1521.353289202881,True,True,1240,1190.5718734721997,1520.6809186788414,3.0516718855584912,True,0.7967987194877951
46,23,1190.0003462318011,1538.1148415630705,True,True,1082,1190.9927560626593,1538.355998810833,3.0018513143855325,True,0.7989595838335335
47,23,1189.9435510410278,1554.878807433206,True,True,979,1190.554466159543,1554.4262453623992,2.785480154646217,True,0.8037615046018407
48,23,1189.8867476716784,1571.64518733461,True,True,1440,1189.9863021928177,1570.6723363515173,2.7898633422460515,True,0.8004001600640256
49,23,1189.8299361219867,1588.4139817887556,True,True,1078,1189.9494035374428,1587.5082956060874,2.552665673961616,True,0.7955982392957183
0,24,1177.6387637595235,768.7914469079176,True,True,427,1177.9146266213825,768.9721011958544,1.5745959197327135,True,0.6865146058423369
1,24,1177.581183343557,785.4696834448638,True,True,71,1177.9700473742375,785.3082751433247,2.0427946868705495,True,0.6972388955582234
2,24,1177.523594651,802.1503173063489,True,True,622,1177.8664385607246,801.6363160530705,2.6083782840185865,True,0.7098839535814325
3,24,1177.4659976800665,818.8333490092961,True,True,351,1177.7541395832138,818.9329693588492,1.7457473152939689,True,0.7078031212484994
4,24,1177.4083924289725,835.5187790707774,True,True,370,1177.7419752974033,835.2582861396883,2.199978301252877,True,0.7162865146058424
5,24,1177.3507788959319,852.2066080080132,True,True,306,1177.6089681334206,851.5200162474492,2.7548228892492594,True,0.7169267707082834
6,24,1177.2931570791586,868.8968363383724,True,True,662,1177.1644165698353,868.3315432741304,2.295701053261954,True,0.7226890756302522
7,24,1177.235526976866,885.5894645793733,True,True,213,1177.5660326564469,885.0946122503178,2.374818455893038,True,0.7244497799119648
8,24,1177.1778885872664,902.2844932486829,True,True,57,1176.6630343303862,902.3150336163975,2.1963913829486725,True,0.7302921168467387
9,24,1177.1202419085726,918.9819228641167,True,True,1097,1177.605477157712,920.3279932919296,3.5555984138297703,True,0.729811924769908
10,24,1177.0625869389962,935.6817539436393,True,True,287,1176.5935802979343,935.140127217704,2.6613081760412425,True,0.7377350940376151
11,24,1177.0049236767484,952.3839870053645,True,True,35,1176.4219048653963,951.3564549881821,3.1149820210288377,True,0.737094837935174
12,24,1176.9472521200398,969.0886225675549,True,True,730,1176.9415876844644,967.8906634425414,3.089072952141119,True,0.7410964385754302
13,24,1176.8895722670811,985.7956611486228,True,True,442,1176.5008735257616,986.5202031578016,2.903376159613674,True,0.7409363745498199
14,24,1176.8318841160815,1002.5051032671288,True,True,521,1177.4669772265374,1002.4634136057806,2.2261751495702105,True,0.7430972388955582
15,24,1176.7741876652506,1019.2169494417831,True,True,34,1177.3729596420415,1018.8262866071657,2.5367708791648607,True,0.7492597038815526
16,24,1176.716482912797,1035.9312001914454,True,True,784,1176.1684629002152,1035.2533050308878,2.583766198664773,True,0.7520608243297319
17,24,1176.658769856928,1052.6478560351243,True,True,977,1176.1923541348765,1051.478554433509,3.1245254073214457,True,0.7511004401760704
18,24,1176.6010484958526,1069.3669174919783,True,True,273,1177.1125096152794,1069.541793135173,2.4810807687808136,True,0.7507002801120448
19,24,1176.5433188277775,1086.0883850813148,True,True,987,1176.3871727801861,1084.8403267499714,3.135812137087468,True,0.7540616246498599
20,24,1176.4855808509087,1102.8122593225905,True,True,635,1176.1372195958809,1101.7278075721244,3.180527151603024,True,0.7648659463785514
21,24,1176.427834563453,1119.538540735413,True,True,319,1176.0642945907186,1120.5315856548211,2.8456094693073317,True,0.7651060424169668
22,24,1176.3700799636154,1136.2672298395378,True,True,900,1176.0732384719634,1135.4976203720016,2.6490470460131017,True,0.7644657863145258
23,24,1176.3123170496012,1152.998327154871,True,True,1206,1176.0352114007515,1153.0110008518075,1.6488884579700986,True,0.7706282513005203
24,24,1176.2545458196153,1169.7318332014684,True,True,408,1176.102483458044,1169.378787539322,1.885457019600617,True,0.7735094037615046
25,24,1176.196766271861,1186.4677484995345,True,True,185,1175.9353657997415,1185.727215513903,2.742632342553212,True,0.7675870348139255
26,24,1176.1389784045425,1203.2060735694254,True,True,751,1175.8881834147016,1204.4450988479198,3.0171669999318396,True,0.7746298519407763
27,24,1176.0811822158628,1219.9468089316458,True,True,649,1175.8335378090965,1219.4346024696931,2.226885717820717,True,0.7759903961584633
28,24,1176.0233777040237,1236.6899551068502,True,True,614,1176.4482356016515,1236.3050851005737,2.600573775942496,True,0.7826330532212885
29,24,1175.9655648672276,1253.4355126158441,True,True,1210,1175.868829009468,1252.7474517433525,2.4357560387495525,True,0.7752701080432173
30,24,1175.907743703676,1270.183481979582,True,True,581,1175.7526399595904,1269.5380337613396,2.3646547711500596,True,0.78031212484994
31,24,1175.8499142115697,1286.9338637191688,True,True,733,1175.8763260228966,1288.4315906156353,3.2747349531494248,True,0.7842336934773909
32,24,1175.7920763891093,1303.6866583558601,True,True,1329,1175.744070938102,1305.2818703264027,3.319859195622219,True,0.7839135654261704
33,24,1175.7342302344944,1320.4418664110606,True,True,741,1175.880918434106,1319.6402170927881,2.750433541959166,True,0.7740696278511404
34,24,1175.6763757459244,1337.1994884063263,True,True,1334,1175.7864640814814,1337.2079816127552,1.7862680657976437,True,0.7811124449779911
35,24,1175.6185129215985,1353.959524863363,True,True,1123,1176.2481326397606,1354.0612920121962,2.5675218924100807,True,0.781672669067627
36,24,1175.5606417597144,1370.7219763040266,True,True,1286,1174.6457886940123,1370.865575039488,2.6604766499950796,True,0.7840736294517807
37,24,1175.5027622584703,1387.4868432503233,True,True,352,1175.7650439255253,1387.3291109325335,2.1100767061159207,True,0.7740696278511404
38,24,1175.4448744160636,1404.2541262244113,True,True,769,1174.7493981996652,1405.1467818522608,3.004244688871206,True,0.7819927971188475
39,24,1175.3869782306908,1421.023825748597,True,True,1154,1175.1953870323134,1420.6260919060633,2.453483090036292,True,0.7854341736694678
40,24,1175.3290737005486,1437.7959423453392,True,True,967,1175.6913150189093,1437.4595934443896,2.4530396666137912,True,0.7944777911164466
41,24,1175.2711608238321,1454.5704765372461,True,True,1327,1174.555270366741,1455.7556581870904,3.325771450924048,True,0.7939175670268107
42,24,1175.213239598737,1471.3474288470775,True,True,417,1174.5431853595885,1472.6761466897765,3.4546437215339205,True,0.7883153261304522
43,24,1175.1553100234576,1488.1267997977436,True,True,739,1175.649021868906,1487.512555189152,2.8153434052062694,True,0.7951980792316927
44,24,1175.0973720961886,1504.9085899123047,True,True,1007,1174.582462025941,1504.9648862801102,2.285717685676052,True,0.7962384953981593
45,24,1175.039425815123,1521.6927997139733,True,True,1075,1175.2160592842654,1520.7792369398294,2.69308831909996,True,0.8004001600640256
46,24,1174.9814711784543,1538.4794297261114,True,True,1352,1175.0332879410116,1540.210606264622,3.5206190323032094,True,0.7924769907963185
47,24,1174.9235081843754,1555.268480472233,True,True,1072,1175.2014642267243,1554.6590035798072,2.5109437034727424,True,0.7972789115646258
48,24,1174.8655368310779,1572.0599524760023,True,True,386,1175.476171842385,1571.4588532248215,2.9663676816728537,True,0.8025610244097638
49,24,1174.8075571167535,1588.853846261235,True,True,681,1175.0844725069737,1587.8220130420868,2.8603273844225394,True,0.8018407362945178
0,25,1162.6287576059574,768.0075700861746,True,True,11,1162.3744799401459,767.3962936619077,2.5851864516640144,True,0.6853941576630652
1,25,1162.5700109771967,784.7106353074058,True,True,527,1163.2957156537793,785.4014093189087,2.7508740359116652,True,0.7050020008003202
2,25,1162.5112558916132,801.4161050046027,True,True,1103,1163.30008117506,801.1862216062012,2.8634246316414043,True,0.701000400160064
3,25,1162.4524923473814,818.1239796970044,True,True,52,1162.3816478909864,818.8339740413581,2.372590608691933,True,0.7077230892356943
4,25,1162.393720342674,834.8342599039994,True,True,463,1162.1566171063798,833.7268287313443,3.1583992143175883,True,0.7175670268107244
5,25,1162.3349398756638,851.5469461451258,True,True,449,1162.443337869453,851.1763278392398,1.6838489673666472,True,0.720688275310124
6,25,1162.2761509445234,868.2620389400709,True,True,723,1162.5272060370316,868.0317324313187,2.136445143766367,True,0.7234893957583033
7,25,1162.217353547424,884.979538808672,True,True,771,1163.0904908319942,885.3087321787705,2.9638593628984062,True,0.7276510604241697
8,25,1162.1585476825371,901.6994462709164,True,True,984,1161.9930845943718,901.2383715577572,2.0567815538952425,True,0.729811924769908
9,25,1162.0997333480332,918.4217618469407,True,True,279,1161.9775509318542,917.5834222479172,2.6597638767518568,True,0.7330932372949179
10,25,1162.040910542082,935.1464860570317,True,True,878,1160.9439573848588,934.818665677164,3.2498564897412474,True,0.735734293717487
11,25,1161.9820792628534,951.8736194216254,True,True,388,1163.0237704184565,951.9539361158895,3.020565779169482,True,0.7400560224089636
12,25,1161.9232395085166,968.603162461309,True,True,140,1161.7702054092183,967.6408955849073,2.7620329451428427,True,0.7422168867547019
13,25,1161.8643912772397,985.3351156968185,True,True,1177,1162.8934444733486,985.528397875363,3.2053257554993175,True,0.742296918767507
14,25,1161.8055345671912,1002.0694796490409,True,True,409,1161.7676256422585,1001.4199832150117,2.2207277988835847,True,0.7458983593437375
15,25,1161.7466693765382,1018.8062548390121,True,True,46,1161.7171902041136,1017.8131404861866,2.9038907313015256,True,0.7506202480992397
16,25,1161.6877957034474,1035.5454417879196,True,True,433,1161.8155975437696,1035.1351363858378,2.027380190230545,True,0.7506202480992397
17,25,1161.6289135460859,1052.2870410171,True,True,355,1160.5730205756875,1052.9176192413606,3.137740414676123,True,0.7502200880352141
18,25,1161.570022902619,1069.0310530480408,True,True,441,1160.6301242178897,1068.7051775118996,2.7691312911923434,True,0.7547819127651061
19,25,1161.5111237712122,1085.7774784023795,True,True,69,1160.6503471573346,1085.0380360565002,3.0765519766895717,True,0.7557422969187675
20,25,1161.4522161500302,1102.526317601904,True,True,744,1161.7081029948251,1104.3065906574511,3.8029073416359602,True,0.7614245698279312
21,25,1161.3933000372376,1119.2775711685529,True,True,15,1161.5228231423548,1120.5610119742541,3.1611870417036734,True,0.7640656262505002
22,25,1161.3343754309979,1136.031239624415,True,True,358,1161.507901153277,1135.3999613434385,2.62683071716804,True,0.7664665866346538
23,25,1161.2754423294743,1152.7873234917301,True,True,467,1161.5712363763137,1152.2501054611057,2.4836715610280127,True,0.7682272909163665
24,25,1161.2165007308295,1169.5458232928875,True,True,1046,1161.0800396123434,1168.6189164604777,2.663660515793843,True,0.7710284113645458
25,25,1161.1575506332258,1186.3067395504286,True,True,229,1161.4454594640924,1185.5615857116697,2.952230855241174,True,0.7682272909163665
26,25,1161.0985920348248,1203.0700727870446,True,True,431,1161.4254761411614,1202.9684067787637,2.1818359286630713,True,0.7720688275310124
27,25,1161.0396249337875,1219.8358235255773,True,True,217,1160.456643774664,1219.3821782384116,2.744142468530191,True,0.777110844337735
28,25,1160.9806493282745,1236.60399228902,True,True,921,1160.273264270974,1235.5617933837052,3.271658234423266,True,0.7795118047218887
29,25,1160.921665216446,1253.3745796005164,True,True,893,1161.369482450586,1253.1293216189147,2.4917753812666543,True,0.7723089235694278
30,25,1160.8626725964612,1270.1475859833618,True,True,969,1161.2962772067494,1270.4837664915974,2.142416871760248,True,0.778391356542617
31,25,1160.8036714664795,1286.9230119610013,True,True,479,1161.3153855047535,1286.9537776654363,2.382395875438791,True,0.782953181272509
32,25,1160.744661824659,1303.7008580570318,True,True,542,1160.3213852018184,1303.3529045755256,2.4365473548841,True,0.7839935974389756
33,25,1160.6856436691578,1320.4811247952011,True,True,633,1160.2505177563137,1322.3445710004694,3.9017787336444365,True,0.7729491796718687
34,25,1160.6266169981332,1337.2638126994084,True,True,564,1161.2369468856339,1337.133709315302,2.6888974344025067,True,0.7739895958383354
35,25,1160.567581809742,1354.048922293704,True,True,912,1160.4111813718475,1353.6589745079991,2.094055409224686,True,0.7817527010804322
36,25,1160.5085381021406,1370.836454102289,True,True,947,1160.72356751072,1370.5749409111615,2.3658026677177872,True,0.7801520608243298
37,25,1160.449485873485,1387.626408649516,True,True,271,1160.1551870786016,1387.3715412716367,2.1785808207759287,True,0.7876750700280112
38,25,1160.3904251219299,1404.4187864598896,True,True,489,1160.188382040566,1403.7064997055572,2.7899480207055634,True,0.7787114845938375
39,25,1160.3313558456305,1421.2135880580647,True,True,778,1160.6316467986535,1420.6482980462538,2.772065187674764,True,0.7834333733493397
40,25,1160.2722780427412,1438.010813968849,True,True,724,1161.1349133963756,1438.4219218147825,2.727743392996168,True,0.7887955182072829
41,25,1160.2131917114145,1454.8104647172006,True,True,980,1160.6159312344018,1454.4427843109784,2.543711137764264,True,0.794077631052421
42,25,1160.154096849805,1471.6125408282294,True,True,1138,1160.1148956214997,1471.4423702217346,1.9829844834079102,True,0.798079231692677
43,25,1160.0949934560647,1488.4170428271975,True,True,911,1159.6492129991693,1488.252261256089,2.5292307041995583,True,0.787515006002401
44,25,1160.0358815283453,1505.223971239518,True,True,1090,1160.0576127338459,1506.4679045542875,2.9630029058017957,True,0.7949579831932774
45,25,1159.9767610647987,1522.033326590756,True,True,989,1161.047039670136,1522.821976520593,3.6066297228777295,True,0.7988795518207283
46,25,1159.917632063576,1538.8451094066288,True,True,638,1160.0449688987305,1537.8349863931765,2.989430738416705,True,0.8017607042817126
47,25,1159.8584945228274,1555.6593202130048,True,True,1251,1160.0712061595625,1554.7307715986026,2.7944582374801086,True,0.8013605442176871
48,25,1159.799348440703,1572.4759595359046,True,True,645,1160.024395066766,1571.6260923810657,2.6017942949224975,True,0.8008803521408563
49,25,1159.7401938153516,1589.295027901501,True,True,174,1159.4812211598562,1588.4382721841368,2.8801783944152404,True,0.8038415366146459
0,26,1147.5738957841572,767.2213507391662,True,True,31,1147.8347885456228,766.7775989988786,2.2618496654625404,True,0.6808323329331734
1,26,1147.5139762240865,783.949318678835,True,True,194,1147.9104017854042,783.4550006104726,2.4511446253200067,True,0.699719887955182
2,26,1147.4540480254545,800.6796982779445,True,True,584,1147.8365412012577,802.2852350817051,3.6625634510662115,True,0.7052420968387354
3,26,1147.3941111863937,817.4124900580631,True,True,341,1147.5508718138008,817.2078692727438,1.4664418813467415,True,0.7048419367747099
4,26,1147.3341657050344,834.1476945409097,True,True,426,1147.7470208421153,833.5248307943468,2.718013197049817,True,0.7125250100040016
5,26,1147.2742115795077,850.8853122483536,True,True,73,1146.676921492914,850.8441059377031,2.4404540736206397,True,0.7194877951180472
6,26,1147.2142488079437,867.6253437024149,True,True,189,1147.5302089706001,867.3177206775562,2.414673781468234,True,0.7243697478991596
7,26,1147.1542773884719,884.3677894252636,True,True,382,1147.4683369933377,884.4482618931359,1.8820098352670473,True,0.7250900360144057
8,26,1147.0942973192214,901.1126499392211,True,True,225,1146.969369722306,900.3983652997713,2.379238615302394,True,0.7286114445778311
9,26,1147.0343085983206,917.8599257667591,True,True,544,1146.5083243812385,917.1914839031357,2.756398978931738,True,0.7342937174869948
10,26,1146.9743112238978,934.6096174305004,True,True,190,1147.3995785607692,934.9585763085923,2.4569449947434503,True,0.7330132052821129
11,26,1146.91430519408,951.3617254532176,True,True,97,1147.3971078619534,951.0035842715721,2.4908671247945064,True,0.7362144857943178
12,26,1146.8542905069942,968.1162503578353,True,True,484,1146.748430684474,967.4830844251774,2.1212606707780925,True,0.7392557022809123
13,26,1146.794267160767,984.8731926674283,True,True,555,1146.7410862143145,983.7460994224455,2.8805489243028717,True,0.7390156062424971
14,26,1146.7342351535242,1001.6325529052228,True,True,585,1146.3235520940107,1001.0687569122534,2.381764168861103,True,0.742296918767507
15,26,1146.6741944833905,1018.3943315945957,True,True,965,1146.2492846299456,1017.576079867903,2.9216007518300717,True,0.7439775910364146
16,26,1146.6141451484912,1035.1585292590748,True,True,776,1146.7059133126922,1034.423537400387,2.565120315254776,True,0.7478191276510604
17,26,1146.5540871469505,1051.9251464223398,True,True,520,1147.3237639937547,1052.769480559815,3.2074143875468017,True,0.7507002801120448
18,26,1146.4940204768914,1068.6941836082206,True,True,51,1146.1449407556383,1067.6970615463972,3.080701624658745,True,0.7581432573029212
19,26,1146.4339451364376,1085.4656413406985,True,True,908,1145.7010451496376,1085.5264173967703,2.4780861133858627,True,0.7572629051620648
20,26,1146.3738611237118,1102.2395201439072,True,True,106,1145.577702610601,1101.9413096615738,2.677989324441335,True,0.7595038015206083
21,26,1146.3137684368355,1119.0158205421303,True,True,642,1145.6531729150681,1119.27711588796,2.3138225231961003,True,0.7660664265706283
22,26,1146.2536670739305,1135.7945430598033,True,True,663,1145.8745450562135,1136.6266216219303,2.536872375055366,True,0.7686274509803921
23,26,1146.1935570331173,1152.5756882215135,True,True,625,1146.0004808462352,1151.5902244023378,2.698985007975754,True,0.7711884753901561
24,26,1146.1334383125168,1169.3592565519991,True,True,796,1146.060278669248,1168.7379647602345,2.3630271393697786,True,0.7693477390956383
25,26,1146.0733109102487,1186.1452485761504,True,True,948,1145.838939265695,1185.572463406357,2.398767967839751,True,0.7708683473389355
26,26,1146.013174824432,1202.9336648190092,True,True,302,1145.3880320845662,1202.4435876747023,2.791403321987192,True,0.7749499799919968
27,26,1145.953030053186,1219.7245058057686,True,True,750,1145.9731387038673,1219.2882611361945,2.017440542782153,True,0.7762304921968788
28,26,1145.8928765946287,1236.5177720617733,True,True,721,1144.8081387120674,1237.0659406766458,3.250497600769798,True,0.7795118047218887
29,26,1145.8327144468772,1253.3134641125207,True,True,574,1144.9114474909043,1253.786287629853,2.914721712675769,True,0.7739095638255302
30,26,1145.7725436080495,1270.1115824836595,True,True,620,1145.6278238363866,1269.6092832827983,2.248467080398521,True,0.7767907162865146
31,26,1145.7123640762618,1286.91212770099,True,True,403,1145.2803752264974,1286.4932216021884,2.566792370754766,True,0.7807122849139656
32,26,1145.6521758496299,1303.7151002904643,True,True,892,1144.6941903723873,1304.7966777335243,3.500686135602033,True,0.7842336934773909
33,26,1145.5919789262698,1320.5205007781874,True,True,272,1145.5203411049629,1319.6775551412663,2.589085402606647,True,0.7843937575030012
34,26,1145.5317733042962,1337.3283296904156,True,True,756,1144.7974910295218,1337.9233138220923,2.619354322943727,True,0.7742296918767507
35,26,1145.4715589818234,1354.1385875535575,True,True,794,1145.3580916811395,1353.6484669262666,2.189959953416806,True,0.7810324129651861
36,26,1145.4113359569653,1370.951274894174,True,True,670,1145.102478339589,1370.553011368428,2.4081824881136376,True,0.7851140456182473
37,26,1145.351104227835,1387.7663922389781,True,True,736,1144.6127999011112,1387.2879541421187,2.9407197472840334,True,0.7895958383353341
38,26,1145.290863792546,1404.583940114835,True,True,899,1145.1175757334156,1404.4678553750366,2.0433295422642184,True,0.7929571828731493
39,26,1145.2306146492099,1421.403919048762,True,True,898,1144.5518373045682,1421.1542985080284,2.6356461084042424,True,0.7801520608243298
40,26,1145.1703567959385,1438.2263295679293,True,True,553,1145.1655120888395,1437.7582021704225,2.232837831764445,True,0.7887154861944778
41,26,1145.1100902308428,1455.051172199659,True,True,375,1144.646029772531,1455.1022795259432,2.3574231218927264,True,0.7895958383353341
42,26,1145.049814952034,1471.8784474714269,True,True,631,1145.1938193350857,1473.293538348925,3.26296518737475,True,0.7974389755902361
43,26,1144.9895309576211,1488.7081559108592,True,True,257,1145.1266517076747,1487.8331465866622,2.7081761461119878,True,0.7971988795518208
44,26,1144.9292382457147,1505.5402980457363,True,True,455,1145.0663987333037,1504.731555136111,2.7049210484727286,True,0.7991996798719487
45,26,1144.868936814423,1522.374874403991,True,True,1000,1145.0396051418736,1524.1643794783288,3.627494058637847,True,0.7928771508603442
46,26,1144.8086266618545,1539.211885513709,True,True,975,1145.4678965498942,1540.4606017406954,3.5462232721306446,True,0.8
47,26,1144.7483077861175,1556.051331903128,True,True,1250,1144.5739573144374,1555.4656658779738,2.6952815607630667,True,0.8032012805122049
48,26,1144.6879801853188,1572.893214100639,True,True,1190,1144.9812474709522,1571.7730104454288,2.9099904118209223,True,0.8031212484993997
49,26,1144.6276438575653,1589.7375326347853,True,True,1088,1144.5802758231982,1589.2512761659211,2.380807464709019,True,0.8029611844737895
0,27,1132.473976924269,766.4327783506297,True,True,4,1133.3570109256711,766.7106959868817,2.5628284530766776,True,0.6673869547819128
1,27,1132.4128776696732,783.1857233745146,True,True,18,1132.3802103882463,783.1935787385873,1.8444953863676479,True,0.6962785114045618
2,27,1132.3517695932571,799.9410872735542,True,True,318,1132.5012483313385,799.454863685361,2.046465847205902,True,0.7064425770308123
3,27,1132.29065269311,816.6988705716609,True,True,801,1133.1062138636412,817.1220849348884,2.726030403712409,True,0.7172468987595038
4,27,1132.2295269673207,833.4590737928977,True,True,78,1132.306844751338,832.7118735616705,2.469762447613879,True,0.7142857142857142
5,27,1132.1683924139775,850.2216974614794,True,True,753,1132.205056184503,849.5820625315622,2.3722375065482244,True,0.7202080832332933
6,27,1132.1072490311672,866.9867421017719,True,True,402,1131.9474698082317,865.8821385633535,3.1853773402091097,True,0.7277310924369748
7,27,1132.046096816978,883.7542082382931,True,True,586,1133.055543889439,883.9422042338306,2.964111604644905,True,0.7314925970388155
8,27,1131.9849357694957,900.5240963957121,True,True,499,1131.4858352138715,901.4040997330281,3.1733371498706164,True,0.7305322128851541
9,27,1131.9237658868064,917.2964070988495,True,True,504,1131.803360629716,915.9142899551593,3.423396438476368,True,0.7349339735894358
10,27,1131.8625871669954,934.0711408726775,True,True,617,1130.9952135129436,934.1534226688841,2.8634710252439777,True,0.736454581832733
11,27,1131.8013996081474,950.8482982423205,True,True,197,1130.8604996964682,950.5514374731245,2.927020613602302,True,0.7384553821528612
12,27,1131.7402032083473,967.627879733054,True,True,53,1131.7578416387612,966.7476707786027,2.6406904900705257,True,0.7409363745498199
13,27,1131.6789979656783,984.4098858703056,True,True,451,1131.8422436175508,983.5950479118972,2.7481987341858827,True,0.7374149659863946
14,27,1131.6177838782232,1001.1943171796548,True,True,429,1131.4432375364488,999.8024615562997,3.253508746635014,True,0.7445378151260504
15,27,1131.5565609440655,1017.981174186833,True,True,74,1131.713679170293,1017.3340452150778,2.451237945767471,True,0.7470188075230092
16,27,1131.495329161287,1034.7704574177237,True,True,532,1131.7431491016475,1033.5751741298993,3.1526922837939493,True,0.7523809523809524
17,27,1131.4340885279685,1051.5621673983621,True,True,265,1131.6368586450096,1052.5763701712913,2.897431022793881,True,0.7545418167266906
18,27,1131.372839042192,1068.3563046549355,True,True,76,1131.6627883806311,1067.4409230855024,2.863533553057317,True,0.7537414965986395
19,27,1131.3115807020372,1085.1528697137837,True,True,621,1131.537618383495,1084.8615345461192,2.044472622143179,True,0.7573429371748699
20,27,1131.250313505584,1101.9518631013982,True,True,317,1130.5808298656634,1102.6914581466883,3.042823627624187,True,0.7633453381352541
21,27,1131.1890374509123,1118.7532853444234,True,True,363,1131.453141755558,1118.2840804702,2.5206338197302434,True,0.7651060424169668
22,27,1131.1277525361002,1135.5571369696554,True,True,92,1130.3833869508162,1135.1223893000433,2.6366657727418312,True,0.7687074829931972
23,27,1131.066458759226,1152.3634185040428,True,True,607,1130.8730460432462,1151.5212194685917,2.3643527215560884,True,0.7630252100840336
24,27,1131.0051561183675,1169.1721304746866,True,True,847,1130.3597907103863,1169.0295403979499,2.322615101284669,True,0.7703081232492998
25,27,1130.9438446116014,1185.9832734088402,True,True,602,1130.3665106437538,1185.4369705689307,2.777031740593647,True,0.7708683473389355
26,27,1130.8825242370046,1202.7968478339105,True,True,328,1130.7756314411815,1202.4868805133049,2.0018769110835977,True,0.7741496598639456
27,27,1130.8211949926529,1219.6128542774552,True,True,113,1130.3275442823665,1219.2475026064049,2.432704281570079,True,0.7735094037615046
28,27,1130.7598568766216,1236.431293267186,True,True,491,1130.7135027532793,1236.2425276106917,1.8938203143790313,True,0.7682272909163665
29,27,1130.698509886986,1253.2521653309666,True,True,117,1130.771276577484,1252.6352770261558,2.60117765488659,True,0.7712685074029612
30,27,1130.63715402182,1270.0754709968141,True,True,641,1130.474074662234,1272.029160145047,3.941266941064561,True,0.7743897559023609
31,27,1130.5757892791967,1286.9012107928972,True,True,886,1130.4202666332749,1288.4023222639557,3.1276907273100067,True,0.7760704281712685
32,27,1130.5144156571905,1303.729385247539,True,True,207,1130.0675794565875,1303.384727085756,2.2987449004075224,True,0.777671068427371
33,27,1130.4530331538735,1320.5599948892147,True,True,390,1130.137653114078,1319.7346868816624,2.9436166834459523,True,0.7894357743097239
34,27,1130.3916417673177,1337.393040246552,True,True,953,1130.081775261924,1338.5966224736924,2.9551490596315477,True,0.7795118047218887
35,27,1130.3302414955942,1354.2285218483323,True,True,353,1130.5721416165363,1354.221008480952,2.073007331117098,True,0.7853541416566626
36,27,1130.2688323367745,1371.0664402234897,True,True,395,1130.021240443362,1372.506826315665,3.1962021934169904,True,0.7883953581432572
37,27,1130.207414288929,1387.9067959011124,True,True,290,1130.114545565824,1386.8803589914555,2.914186524225244,True,0.7912765106042416
38,27,1130.1459873501274,1404.7495894104404,True,True,712,1129.5814891901452,1405.8528523976508,3.1095995768761906,True,0.7929571828731493
39,27,1130.0845515184385,1421.5948212808673,True,True,464,1130.0306320000898,1420.851834831658,2.5961984590767053,True,0.79671868747499
40,27,1130.0231067919315,1438.4424920419403,True,True,700,1129.9526422283907,1437.8120445763059,2.6481153454179815,True,0.7831132452981192
41,27,1129.9616531686745,1455.2926022233603,True,True,996,1131.1635410345316,1455.078377447954,3.3018740095984374,True,0.7903161264505802
42,27,1129.900190646735,1472.1451523549813,True,True,952,1129.5387826969045,1473.5878868271077,3.4294138814391832,True,0.79343737494998
43,27,1129.83871922418,1489.00014296681,True,True,1058,1129.825024575619,1490.4567496155626,3.11489841834186,True,0.798719487795118
44,27,1129.777238899076,1505.8575745890075,True,True,1207,1128.956600469409,1506.2021128454257,2.7808885091347797,True,0.798079231692677
45,27,1129.7157496694888,1522.7174477518884,True,True,884,1130.4354865466312,1522.371940867505,2.857870947559907,True,0.8024809923969588
46,27,1129.654251533484,1539.5797629859208,True,True,659,1129.9761584514715,1538.801992609466,2.602829050403595,True,0.8037615046018407
47,27,1129.5927444891263,1556.4445208217257,True,True,813,1129.9767389302917,1558.0270522012968,3.8238462652185943,True,0.7964785914365746
48,27,1129.5312285344799,1573.3117217900797,True,True,955,1129.4583726317308,1572.5645686563576,2.7728538474889874,True,0.8041616646658664
49,27,1129.4697036676082,1590.1813664219114,True,True,1431,1130.3585157449463,1589.9150734374155,2.792494611012744,True,0.793517406962785
0,28,1117.3287984492904,765.6418423412614,True,True,200,1116.8648071484276,766.0652347117948,2.35617892485491,True,0.6842737094837935
1,28,1117.266512691899,782.4198391487492,True,True,186,1116.7214116235734,782.6593146214794,2.305069346757577,True,0.6911564625850339
2,28,1117.204217927894,799.200262079539,True,True,283,1117.696259540782,800.445044328933,3.3261638074160738,True,0.7078031212484994
3,28,1117.1419141553226,815.9831116599001,True,True,299,1116.651482585947,816.789675471945,2.9420460270366666,True,0.7141256502601041
4,28,1117.07960137223,832.7683884162545,True,True,825,1117.5618739705121,832.8545120118223,2.068417667632741,True,0.7234093637454982
5,28,1117.0172795766612,849.5560928751762,True,True,307,1117.0939048037342,849.2407078275805,1.5561888124336767,True,0.7223689475790316
6,28,1116.9549487666611,866.3462255633916,True,True,276,1117.411958723051,866.5614316219613,2.0741520406485923,True,0.7218087234893957
7,28,1116.892608940274,883.1387870077797,True,True,576,1116.4696192306105,884.483235198398,3.43052596370515,True,0.725890356142457
8,28,1116.8302600955428,899.9337777353716,True,True,563,1117.4731898063294,899.3550422628491,2.9064183427050896,True,0.7318927571028411
9,28,1116.7679022305108,916.7311982733513,True,True,206,1116.4285022115928,917.0851978456748,2.176082746172984,True,0.7330932372949179
10,28,1116.7055353432197,933.5310491490546,True,True,236,1116.3451681337178,933.0611545761346,2.291934184001037,True,0.7346138455382153
11,28,1116.6431594317123,950.333330889971,True,True,643,1116.5556589454998,949.5439154142864,2.360459326755828,True,0.7362945178071229
12,28,1116.5807744940294,967.1380440237418,True,True,523,1116.3011707451335,966.9269488026309,1.9478172914696734,True,0.7351740696278511
13,28,1116.518380528211,983.9451890781613,True,True,219,1116.0629315611025,983.3641784371474,2.4676385428681917,True,0.7384553821528612
14,28,1116.455977532298,1000.7547665811765,True,True,466,1116.2368693069177,999.7125534672763,2.8079706839871377,True,0.7494197679071628
15,28,1116.39356550433,1017.5667770608874,True,True,343,1115.6847343673453,1017.4891027115024,2.4597544715410473,True,0.7494197679071628
16,28,1116.3311444423448,1034.3812210455467,True,True,345,1115.9748084899768,1033.5124819900686,2.7280321101739,True,0.7527010804321729
17,28,1116.268714344382,1051.1980990635604,True,True,274,1116.0525692614883,1052.3910918172717,2.8957602745623534,True,0.7589435774309724
18,28,1116.206275208479,1068.0174116434869,True,True,141,1117.0370864360218,1068.1393385391204,2.7937790492607624,True,0.7619047619047619
19,28,1116.1438270326728,1084.839159314038,True,True,487,1116.4134217313133,1084.28624623689,2.6130222094442326,True,0.7631852741096439
20,28,1116.0813698150005,1101.6633426040787,True,True,675,1115.949066232285,1101.2270469190198,1.9001552661126415,True,0.7615846338535415
21,28,1116.018903553498,1118.4899620426268,True,True,324,1116.4809085585523,1119.595484531817,3.1976606570737935,True,0.7588635454181673
22,28,1115.9564282462006,1135.3190181588539,True,True,247,1115.8681553677022,1135.090798939817,1.6819188175159032,True,0.7639855942376951
23,28,1115.8939438911434,1152.150511482084,True,True,223,1115.8926425945376,1151.465223791295,2.418276194009789,True,0.7650260104041617
24,28,1115.8314504863608,1168.9844425417953,True,True,103,1115.8792224056115,1167.7924541057673,3.205059320996053,True,0.7722288915566227
25,28,1115.7689480298868,1185.8208118676189,True,True,1045,1115.6298074666277,1187.1930393313633,3.1875730884116367,True,0.7694277711084434
26,28,1115.7064365197546,1202.6596199893395,True,True,653,1115.5654889520201,1204.2684957286328,3.4142629031847047,True,0.7731892757102841
27,28,1115.6439159539964,1219.5008674368953,True,True,366,1114.7012480118854,1219.1236273613729,3.0402129259197115,True,0.7726290516206482
28,28,1115.5813863306453,1236.344554740378,True,True,32,1115.741932748941,1235.5646237090116,2.740328752815844,True,0.7633453381352541
29,28,1115.518847647732,1253.1906824300327,True,True,674,1115.6899673875803,1254.557278182482,3.175858545268721,True,0.7700680272108844
30,28,1115.4562999032878,1270.0392510362585,True,True,766,1115.3582330172637,1269.5769181647381,2.0896780590851556,True,0.7806322529011605
31,28,1115.3937430953429,1286.890261089608,True,True,243,1114.4722651805696,1288.5913587202874,3.924344798473733,True,0.7822328931572629
32,28,1115.3311772219274,1303.7437131207876,True,True,515,1114.6376313265462,1304.776625254916,3.244259194537244,True,0.7847939175670269
33,28,1115.2686022810703,1320.599607660658,True,True,820,1114.6439385588797,1321.283641772161,2.6660185696587746,True,0.787515006002401
34,28,1115.2060182708008,1337.4579452402327,True,True,854,1114.5973253382476,1338.763922382665,3.3657924791588867,True,0.7778311324529812
35,28,1115.1434251891465,1354.3187263906802,True,True,1013,1115.121928964024,1353.8380366713025,2.3231579497999504,True,0.7810324129651861
36,28,1115.0808230341352,1371.1819516433227,True,True,536,1114.5234426001055,1371.1778480348808,2.393080480581604,True,0.7844737895158063
37,28,1115.0182118037937,1388.0476215296358,True,True,628,1115.5573102194996,1387.4749722843444,2.8496031975084413,True,0.7892757102841137
38,28,1114.9555914961484,1404.9157365812505,True,True,535,1115.0280126695873,1404.6093996781553,2.1819339521761174,True,0.7926370548219288
39,28,1114.8929621092252,1421.7862973299505,True,True,519,1114.45571673974,1421.4562101414083,2.6027223628252183,True,0.792797118847539
40,28,1114.8303236410495,1438.6593043076748,True,True,1069,1114.368505437244,1440.4100220356468,3.8092430139996183,True,0.7961584633853541
41,28,1114.7676760896456,1455.534758046516,True,True,68,1115.4874559998739,1455.3374029397605,2.7090131601904446,True,0.7982392957182873
42,28,1114.7050194530382,1472.4126590787214,True,True,394,1114.8544689048888,1471.6855618635386,2.4306248894518143,True,0.787515006002401
43,28,1114.6423537292505,1489.2930079366931,True,True,727,1114.4163335359692,1490.592461752866,3.1662488535788778,True,0.7923169267707083
44,28,1114.579678916305,1506.1758051529866,True,True,1173,1114.3935487773397,1505.5153522884364,2.6887754726607307,True,0.7942376950780312
45,28,1114.5169950122252,1523.0610512603128,True,True,1413,1114.7532954339608,1522.6124628573884,2.1249037955405106,True,0.8008003201280512
46,28,1114.454302015032,1539.9487467915365,True,True,601,1114.4229083973257,1539.40196353781,2.431585574979779,True,0.7948779511804722
47,28,1114.391599922747,1556.8388922796773,True,True,326,1114.8390543951355,1555.7814164977783,2.9033532388624472,True,0.7974389755902361
48,28,1114.3288887333906,1573.7314882579096,True,True,1079,1114.7144368407178,1572.9106238936147,2.812724379541702,True,0.7985594237695078
49,28,1114.2661684449836,1590.626535259563,True,True,1228,1114.436765068709,1589.688719976061,2.915796632277391,True,0.7952781112444978
0,29,1102.138156566011,764.8485320682427,True,True,288,1103.1502910520067,765.5482123229344,3.084805705150844,True,0.685234093637455
1,29,1102.0746774521397,781.6516556943277,True,True,163,1102.1323486594151,781.3692388892138,1.970507081627094,True,0.7043617446978792
2,29,1102.011189145315,798.4572127244891,True,True,138,1102.5875778998138,798.3048383256092,2.4655298700534165,True,0.7017206882753102
3,29,1101.9476916435399,815.2652036873678,True,True,611,1102.2342821331363,816.4380707864676,2.930266839156855,True,0.7129251700680272
4,29,1101.8841849448163,832.0756291117586,True,True,17,1101.9739737581967,831.5249160105171,2.256107095467717,True,0.7216486594637854
5,29,1101.820669047146,848.8884895266092,True,True,269,1101.9041001657765,847.9068681275102,3.002810255456495,True,0.7256502601040417
6,29,1101.7571439485305,865.7037854610204,True,True,339,1102.9720515401525,865.9822071396201,3.2563566180096672,True,0.7276510604241697
7,29,1101.69360964697,882.5215174442465,True,True,864,1101.3771448110597,882.131795789582,2.276692550489798,True,0.7302120848339335
8,29,1101.6300661404648,899.3416860056951,True,True,575,1101.6535886482116,899.1787496605716,1.4822633636565234,True,0.7282913165266106
9,29,1101.5665134270141,916.1642916749272,True,True,725,1101.791652175259,915.4598021456026,2.5959665269586965,True,0.7339735894357744
10,29,1101.5029515046167,932.9893349816574,True,True,183,1100.684540997549,933.3367791389499,2.699298059452578,True,0.7342937174869948
11,29,1101.4393803712712,949.8168164557536,True,True,175,1101.11288111373,948.672233687499,3.163269005096662,True,0.7394157663065226
12,29,1101.3758000249748,966.6467366272375,True,True,493,1101.2852431293147,965.7031101140444,2.673282707221871,True,0.741656662665066
13,29,1101.3122104637248,983.4790960262842,True,True,399,1101.2566439797447,982.6349340653613,2.5727361997973586,True,0.7422168867547019
14,29,1101.2486116855177,1000.3138951832227,True,True,55,1101.6357253148497,999.3579711255311,2.9019772478512413,True,0.7458183273309325
15,29,1101.1850036883495,1017.1511346285357,True,True,806,1101.4970447805213,1016.9615466473635,2.1492609297893277,True,0.7497398959583834
16,29,1101.1213864702156,1033.9908148928596,True,True,654,1100.5249182188143,1034.76871394852,2.9218325329780073,True,0.7541416566626651
17,29,1101.0577600291108,1050.8329365069847,True,True,278,1100.4593839660183,1050.699950859099,2.2199458466534394,True,0.7576630652260905
18,29,1100.9941243630287,1067.6775000018554,True,True,77,1100.3786901089572,1067.2187094301567,2.6058661192489416,True,0.7611844737895158
19,29,1100.930479469964,1084.52450590857,True,True,526,1100.7092504325412,1083.630285067143,2.5254629647851994,True,0.7599039615846339
20,29,1100.8668253479088,1101.3739547583803,True,True,182,1101.3784270560118,1102.5601431620696,3.3832747017287783,True,0.7581432573029212
21,29,1100.8031619948558,1118.225847082693,True,True,164,1100.1979897006636,1117.4507119109574,2.8645747354931097,True,0.761264505802321
22,29,1100.7394894087972,1135.0801834130684,True,True,240,1100.1922362868595,1136.3952674066145,3.398698619271569,True,0.7631852741096439
23,29,1100.675807587724,1151.9369642812214,True,True,667,1100.1603768652037,1151.3383767141968,2.56128126097094,True,0.7644657863145258
24,29,1100.6121165296267,1168.796190219021,True,True,134,1100.4683580493488,1167.7143871238295,2.8229653429571093,True,0.7654261704681873
25,29,1100.5484162324958,1185.6578617584896,True,True,151,1101.282726786218,1186.8480660894747,3.3905566668963645,True,0.7668667466986795
26,29,1100.4847066943203,1202.5219794318057,True,True,963,1100.5407905632424,1202.258600681977,2.14768135277963,True,0.7781512605042017
27,29,1100.4209879130897,1219.3885437713006,True,True,450,1100.0478295310013,1219.2598238109454,1.9867713642905098,True,0.7710284113645458
28,29,1100.3572598867922,1236.2575553094616,True,True,749,1100.5831284412723,1237.5379112375824,3.1968105918562015,True,0.7745498199279712
29,29,1100.2935226134155,1253.1290145789292,True,True,1368,1100.1026098244931,1252.648841576011,2.1491529963869964,True,0.7791916766706682
30,29,1100.2297760909469,1270.0029221124987,True,True,334,1099.9712742149768,1269.5799175803536,2.350328960507626,True,0.7815126050420168
31,29,1100.1660203173728,1286.8792784431207,True,True,333,1099.810105039766,1288.499150906434,3.3314420925625217,True,0.7863145258103241
32,29,1100.1022552906793,1303.7580841038998,True,True,990,1099.4623101075874,1305.3759823539017,3.8638705962513975,True,0.7870348139255703
33,29,1100.0384810088522,1320.6393396280964,True,True,1174,1099.817178015269,1322.3099433495643,3.517453758193516,True,0.7887154861944778
34,29,1099.974697469876,1337.5230455491246,True,True,598,1099.9629233617084,1337.4672571852764,1.8360046358838535,True,0.7895158063225289
35,29,1099.9109046717351,1354.4092024005533,True,True,747,1100.01289427807,1356.4015363009075,3.752326749397002,True,0.7800720288115246
36,29,1099.8471026124128,1371.2978107161073,True,True,907,1099.8551716578106,1370.7506494364548,2.3028920292077197,True,0.7811924769907963
37,29,1099.783291289893,1388.1888710296655,True,True,130,1099.7440660029024,1387.5383538630472,2.324801417181939,True,0.7863145258103241
38,29,1099.7194707021577,1405.0823838752628,True,True,740,1099.6916683713557,1404.7110942124748,2.203170600570447,True,0.7911964785914366
39,29,1099.6556408471886,1421.978349787088,True,True,1060,1100.347243901906,1422.0510620977705,2.5403126073902684,True,0.7915966386554621
40,29,1099.5918017229671,1438.876769299486,True,True,327,1098.890815643496,1438.99843899516,2.7360848992121656,True,0.7971988795518208
41,29,1099.5279533274747,1455.7776429469563,True,True,468,1099.654898006143,1454.9564657798865,2.8174684384777984,True,0.7963185274109644
42,29,1099.4640956586911,1472.6809712641539,True,True,843,1099.7393760817845,1471.795139293636,2.7208439315099895,True,0.7935974389755902
43,29,1099.4002287145954,1489.5867547858893,True,True,401,1099.6861525652423,1488.820415597726,2.655376793812331,True,0.7961584633853541
44,29,1099.3363524931672,1506.494994047128,True,True,693,1098.8589432889783,1506.7511285369044,2.3882131561107993,True,0.7867947178871548
45,29,1099.272466992385,1523.4056895829915,True,True,815,1099.5624127993337,1522.8233120266382,2.4210701418284355,True,0.7904761904761904
46,29,1099.208572210226,1540.318841928756,True,True,411,1100.2112133469157,1540.061529640158,3.0872986798440865,True,0.7971988795518208
47,29,1099.144668144668,1557.2344516198534,True,True,852,1098.781774751109,1556.9887224544761,2.4745650633015126,True,0.7999199679871949
48,29,1099.0807547936877,1574.152519191872,True,True,1213,1098.6579967665818,1574.9248075737485,2.782575398413414,True,0.8000800320128052
49,29,1099.0168321552608,1591.0730451805553,True,True,680,1099.48739014017,1589.8482874196163,3.073091278043105,True,0.8000800320128052
0,30,1086.9018462558718,764.0528368247624,True,True,160,1087.3433051166726,765.9745908082202,3.9483833767047396,True,0.6809923969587834
1,30,1086.8371668860614,780.8811626420596,True,True,239,1086.9737066900695,780.6418457272204,2.0590340650407954,True,0.7040416166466587
2,30,1086.772478135396,797.7119291770309,True,True,702,1087.3441718081767,798.262860651498,2.2460717834331243,True,0.7149259703881552
3,30,1086.707780001835,814.5451369607036,True,True,384,1086.852348388341,814.4230391250969,1.6995295697133883,True,0.7182072829131653
4,30,1086.6430724833367,831.3807865242592,True,True,365,1087.3143626267797,831.1464487063017,2.7316073554558185,True,0.7166866746698679
5,30,1086.5783555778587,848.218878399033,True,True,295,1086.6827580075771,847.6056262154567,2.2585848154138475,True,0.7231692677070829
6,30,1086.5136292833583,865.0594131165153,True,True,800,1087.2455838249323,865.0075449029848,2.7026645171048975,True,0.7234893957583033
7,30,1086.4488935977924,881.9023912083495,True,True,147,1086.2601579351362,882.6418806352872,2.5493637050317792,True,0.7287715086034414
8,30,1086.384148519117,898.7478132063343,True,True,315,1086.0276744882635,897.6388099480442,3.0767425208942507,True,0.7338135254101641
9,30,1086.319394045287,915.5956796424219,True,True,300,1086.296316964853,915.2924955252,1.734767415773819,True,0.7338135254101641
10,30,1086.2546301742577,932.4459910487197,True,True,38,1086.0538034259787,931.532050134461,2.7489941950784664,True,0.7342937174869948
11,30,1086.1898569039834,949.298747957489,True,True,524,1086.9899134895818,949.4378121300211,2.896318119132608,True,0.7411764705882353
12,30,1086.1250742324178,966.1539509011457,True,True,89,1087.0260377087984,966.3478016806068,2.8790448153982973,True,0.7436574629851941
13,30,1086.0602821575137,983.0116004122601,True,True,577,1084.8660813107729,983.3463245704961,3.215938529984853,True,0.7487795118047219
14,30,1085.9954806772237,999.8716970235578,True,True,369,1085.8909241301824,998.841588198113,2.871700579689485,True,0.7498199279711886
15,30,1085.9306697895,1016.7342412679182,True,True,48,1085.951723514196,1015.6288769202841,2.93590572230697,True,0.7518207282913165
16,30,1085.8658494922934,1033.599233678376,True,True,428,1086.2793798485618,1033.613309473359,2.2166820680568144,True,0.7530212084833934
17,30,1085.8010197835547,1050.4666747881204,True,True,629,1086.3584891873338,1050.0320637021046,2.643226991089828,True,0.7498199279711886
18,30,1085.7361806612344,1067.3365651304957,True,True,481,1085.7776079552748,1066.5841351004062,2.656459284477469,True,0.7541416566626651
19,30,1085.6713321232817,1084.208905239001,True,True,171,1086.1785271348353,1084.0240731268384,2.6237656063269212,True,0.7564625850340136
20,30,1085.606474167645,1101.0836956472906,True,True,896,1084.7513873110931,1101.409817394759,2.7628465852079334,True,0.7561424569827931
21,30,1085.5416067922736,1117.9609368891724,True,True,161,1084.6352332803613,1118.8520790982932,3.258457220291359,True,0.7572629051620648
22,30,1085.476729995115,1134.840629498612,True,True,220,1085.213414295377,1133.7818870524588,2.8803554358147325,True,0.7678271308523409
23,30,1085.4118437741158,1151.7227740097276,True,True,832,1084.5709872509144,1151.2986073093948,2.9639400600103367,True,0.7714285714285715
24,30,1085.346948127223,1168.607370956794,True,True,107,1084.5498342254857,1169.170922922156,2.729025680321835,True,0.7733493397358944
25,30,1085.2820430523818,1185.4944208742409,True,True,432,1084.5260309293874,1185.218262178397,2.7278222526937057,True,0.7633453381352541
26,30,1085.2171285475386,1202.3839242966526,True,True,927,1085.3959936945207,1202.6570236800808,1.8237402450903442,True,0.7689475790316127
27,30,1085.1522046106375,1219.2758817587703,True,True,169,1084.986031024795,1218.5729139704667,2.428661113067822,True,0.7703081232492998
28,30,1085.0872712396226,1236.170293795489,True,True,560,1084.8762169838585,1235.5669654883163,2.172047749936282,True,0.7749499799919968
29,30,1085.0223284324377,1253.0671609418603,True,True,465,1084.4717109217602,1254.4951147770594,3.562493119936633,True,0.7782312925170067
30,30,1084.9573761870256,1269.9664837330906,True,True,701,1085.3779895875448,1270.9212181815392,2.882273486176338,True,0.782312925170068
31,30,1084.8924145013284,1286.8682627045425,True,True,456,1084.9040369291258,1286.5426345107194,2.17190035914454,True,0.7847138855542217
32,30,1084.8274433732886,1303.7724983917335,True,True,573,1085.3302478158776,1304.8624472869665,3.1115535848025315,True,0.7840736294517807
33,30,1084.7624628008468,1320.679191330337,True,True,720,1084.722579875072,1319.7829083240474,2.6897007464650797,True,0.78687474989996
34,30,1084.6974727819431,1337.5883420561831,True,True,890,1084.2451436997287,1337.342891153261,2.3247030633777377,True,0.78687474989996
35,30,1084.6324733145186,1354.4999511052563,True,True,709,1084.2030697270213,1356.2794114763851,3.862034617686913,True,0.7733493397358944
36,30,1084.5674643965117,1371.414019013698,True,True,915,1084.239649426069,1371.3543144168793,2.1110173863403174,True,0.7739895958383354
37,30,1084.5024460258617,1388.3305463178044,True,True,321,1084.2074220056475,1387.586266863533,2.7728667836842202,True,0.7786314525810324
38,30,1084.4374182005065,1405.249533554029,True,True,627,1083.7622227822517,1406.0615445145172,3.0008565881478555,True,0.7834333733493397
39,30,1084.3723809183832,1422.1709812589802,True,True,1009,1083.7327049667272,1422.1331269861155,2.645635713924277,True,0.786234493797519
40,30,1084.3073341774298,1439.0948899694238,True,True,587,1085.10208543447,1439.6404531146165,2.8407170572740132,True,0.792797118847539
41,30,1084.242277975582,1456.02126022228,True,True,664,1084.0650393434116,1455.511144695836,2.37249814642452,True,0.7942376950780312
42,30,1084.1772123107753,1472.9500925546267,True,True,934,1084.723954831849,1472.5570646150486,2.6693474729977993,True,0.7952781112444978
43,30,1084.1121371809454,1489.8813875036972,True,True,652,1084.365561721825,1488.9250037688137,2.883568742688925,True,0.7988795518207283
44,30,1084.0470525840267,1506.8151456068815,True,True,788,1084.2419765803963,1508.4191906528386,3.324365545931483,True,0.801920768307323
45,30,1083.981958517953,1523.751367401726,True,True,1222,1084.1315076338108,1523.503477547392,2.007867103871335,True,0.8029611844737895
46,30,1083.916854980658,1540.6900534259332,True,True,506,1084.0879614367564,1539.8138207962988,2.8420081790755605,True,0.8046418567426971
47,30,1083.8517419700738,1557.6312042173622,True,True,511,1084.7056575264262,1556.7098417976463,3.3967996992179277,True,0.8062424969987996
48,30,1083.7866194841329,1574.5748203140288,True,True,312,1084.1015464826912,1573.664347523022,2.692298249145653,True,0.8057623049219688
49,30,1083.7214875207674,1591.5209022541055,True,True,349,1084.0396790471607,1590.6047537564132,2.622116019053571,True,0.8030412164865947
0,31,1071.6196612657425,763.2547458395363,True,True,215,1071.0149971171925,763.8909173273897,2.7236058655612974,True,0.6791516606642657
1,31,1071.5537746943921,780.1083495603098,True,True,858,1071.8309788930806,780.5424311370741,0.564274790654711,True,0.6999599839935975
2,31,1071.487878552711,796.9644013453761,True,True,149,1071.799796024855,796.6263468889351,2.0300593642770535,True,0.7005202080832333
3,31,1071.4219728386138,813.8229017281632,True,True,310,1071.9566365923436,813.460527651253,2.411045506126529,True,0.7104441776710684
4,31,1071.3560575500142,830.6838512422539,True,True,679,1071.5000968623265,829.826822458865,2.7073667039154494,True,0.7210884353741497
5,31,1071.2901326848262,847.547250421386,True,True,157,1071.4631602040736,847.3250921867027,1.5742175330251142,True,0.7236494597839136
6,31,1071.224198240962,864.4130997994527,True,True,156,1070.6279999883866,864.543906991868,2.2622354562261426,True,0.722609043617447
7,31,1071.1582542163346,881.2813999105017,True,True,729,1071.0592468006441,880.5361108415907,2.55858132200134,True,0.7281312525010004
8,31,1071.0923006088549,898.1521512887366,True,True,122,1071.4970116773845,898.406563588868,1.9137572943400252,True,0.7300520208083234
9,31,1071.0263374164342,915.025354468516,True,True,83,1070.5396095088488,914.881750026524,2.270989896795434,True,0.7359743897559023
10,31,1070.960364636983,931.9010099843537,True,True,698,1070.361380509388,931.3307577360144,2.7307267293792026,True,0.7390956382553022
11,31,1070.8943822684112,948.779118370919,True,True,905,1070.8901119824654,950.1889216650877,3.222612848881667,True,0.7391756702681073
12,31,1070.8283903086276,965.6596801630369,True,True,440,1070.3117064715852,966.6889420623247,2.9698666737694284,True,0.7436574629851941
13,31,1070.7623887555408,982.5426958956872,True,True,406,1071.2791768749244,982.586414045043,2.3024819036261954,True,0.7431772709083633
14,31,1070.696377607059,999.428166104006,True,True,391,1070.2399205156116,1000.5654317936345,3.080913269521743,True,0.741656662665066
15,31,1070.6303568610895,1016.3160913232848,True,True,270,1069.676424744864,1015.8975162188528,2.9412367446205336,True,0.7438175270108043
16,31,1070.564326515539,1033.2064720889703,True,True,126,1071.1699837806334,1033.5564401125546,2.561677549671185,True,0.7460584233693477
17,31,1070.4982865683137,1050.0993089366655,True,True,752,1069.61575547301,1049.922635974493,2.729453409686478,True,0.7523809523809524
18,31,1070.432237017319,1066.994602402129,True,True,605,1069.9862019553498,1066.9045951198752,1.7437135120482572,True,0.7597438975590236
19,31,1070.36617786046,1083.892353021275,True,True,599,1069.955442819917,1083.3248967310426,2.3339755576141394,True,0.7607843137254902
20,31,1070.3001090956411,1100.7925613301743,True,True,368,1070.2394222816167,1102.2339080264276,3.282911832306434,True,0.7693477390956383
21,31,1070.2340307207658,1117.6952278650524,True,True,1051,1069.8497337265535,1116.7351005025025,2.9643017836159307,True,0.7671068427370948
22,31,1070.1679427337372,1134.6003531622923,True,True,14,1069.7897395052862,1133.7179065920861,2.8506011292239952,True,0.7722288915566227
23,31,1070.1018451324578,1151.507937758432,True,True,195,1069.8564194706803,1150.6876540912897,2.7393091275155625,True,0.7731892757102841
24,31,1070.0357379148295,1168.4179821901655,True,True,67,1069.8257187277552,1167.5828034179763,2.6304735125396945,True,0.7656662665066026
25,31,1069.9696210787536,1185.330486994344,True,True,110,1069.7700740620292,1184.6824259172595,2.3306849872221598,True,0.7672669067627051
26,31,1069.903494622131,1202.2454527079742,True,True,296,1069.835024954855,1201.6242573433374,2.498876128871654,True,0.7663065226090436
27,31,1069.837358542861,1219.162879868219,True,True,518,1068.764466077732,1219.0846761650653,3.0664137177907977,True,0.7686274509803921
28,31,1069.771212838844,1236.082769012398,True,True,742,1070.3147864637165,1237.4262545837116,3.6712026428350466,True,0.7736694677871149
29,31,1069.705057507978,1253.005120677987,True,True,529,1069.5227494043925,1252.5475251219807,2.0266968216511922,True,0.7764705882352941
30,31,1069.6388925481613,1269.9299354026189,True,True,582,1069.8098287482235,1269.524767446378,2.3616232031661144,True,0.7784713885554222
31,31,1069.572717957292,1286.8572137240817,True,True,991,1069.3997113392015,1288.3688929166028,3.194544010450506,True,0.7784713885554222
32,31,1069.5065337332671,1303.7869561803213,True,True,665,1068.845136291172,1304.3129215882377,2.515571311871191,True,0.7787915166066427
33,31,1069.4403398739826,1320.7191633094396,True,True,861,1069.3883899282914,1319.8935799061853,2.7761607590441457,True,0.7892757102841137
34,31,1069.374136377334,1337.6538356496953,True,True,713,1069.6140479403007,1338.7589573900314,2.8544561089897704,True,0.7871948779511805
35,31,1069.307923241217,1354.5909737395043,True,True,418,1068.6531055163969,1354.8874423023267,2.382385285408935,True,0.7909563825530213
36,31,1069.241700463526,1371.5305781174386,True,True,258,1069.5725657850194,1372.7733220245561,3.0314454793114,True,0.7928771508603442
37,31,1069.1754680421548,1388.4726493222272,True,True,639,1068.6122151615425,1388.7263496015826,2.2262206953126866,True,0.7778311324529812
38,31,1069.1092259749967,1405.4171878927564,True,True,571,1068.6745601862922,1406.679630476805,3.3346293039744133,True,0.7805522208883553
39,31,1069.0429742599445,1422.3641943680689,True,True,647,1069.587745439009,1421.6882976277188,3.0690983622634977,True,0.7847939175670269
40,31,1068.9767128948904,1439.313669287365,True,True,1003,1069.5552202360484,1439.2024446263413,2.4123469290856145,True,0.7887154861944778
41,31,1068.9104418777254,1456.2656131900021,True,True,501,1069.0910755139744,1458.1851632524736,3.735460547770723,True,0.7899159663865546
42,31,1068.844161206341,1473.2200266154941,True,True,840,1069.129394575257,1472.6640808654802,2.5028946223182533,True,0.7926370548219288
43,31,1068.7778708786268,1490.176910103513,True,True,268,1069.53428263455,1489.523782457216,3.1107548008210837,True,0.7969587835134053
44,31,1068.7115708924728,1507.1362641938867,True,True,777,1069.5115599818935,1507.0905007011374,2.55499590968107,True,0.7984793917567027
45,31,1068.6452612457679,1524.098089426602,True,True,303,1069.5430424769029,1523.484449976735,3.153850637348205,True,0.8031212484993997
46,31,1068.5789419364007,1541.0623863418025,True,True,1252,1069.3762482600432,1540.9918229476248,2.6438961565401087,True,0.8034413765506203
47,31,1068.5126129622586,1558.0291554797884,True,True,1089,1068.52498900365,1558.820621464736,2.4843965256055016,True,0.8080032012805122
48,31,1068.4462743212289,1574.9983973810188,True,True,1094,1069.0284438646395,1573.840774309477,3.0490980603829043,True,0.7937575030012005
49,31,1068.3799260111984,1591.9701125861088,True,True,551,1069.9902619764923,1591.7259737256384,3.7478065737340716,True,0.792797118847539
0,32,1056.2913940986134,762.4542482763197,True,True,325,1056.3660441817415,762.8604327004642,1.3689558847797059,True,0.6657062825130051
1,32,1056.2242933336129,779.3332059545264,True,True,28,1056.179673576682,779.2869772334401,1.810064165689613,True,0.6906762705082032
2,32,1056.157182807217,796.214619076865,True,True,44,1056.1365857175801,795.6723135397772,2.4987216141324926,True,0.7034013605442178
3,32,1056.090062517295,813.0984881791784,True,True,531,1057.1380589654411,813.7152473323712,3.0463846960507093,True,0.7098839535814325
4,32,1056.0229324617171,829.9848137974653,True,True,460,1056.026812510226,829.5217553595718,2.232907663080453,True,0.7171668667466986
5,32,1055.9557926383513,846.8735964678806,True,True,232,1057.1391457706136,846.8907300901222,3.1670758199653717,True,0.7266906762705082
6,32,1055.8886430450657,863.7648367267345,True,True,530,1055.8861313301277,863.4313803641311,1.9759390510779102,True,0.7295718287314926
7,32,1055.8214836797272,880.6585351104941,True,True,137,1054.8859717739376,881.235527863743,3.124147596504356,True,0.7307723089235695
8,32,1055.754314540203,897.554692155782,True,True,120,1055.779656798725,897.272847392589,1.7280214480185023,True,0.7337334933973589
9,32,1055.6871356243591,914.4533083993776,True,True,818,1054.7297430964356,914.4087759774935,2.7251030014746833,True,0.729171668667467
10,32,1055.619946930061,931.3543843782163,True,True,264,1054.729184393167,930.9551682060509,2.9493183891014447,True,0.7338935574229692
11,32,1055.5527484551733,948.2579206293897,True,True,188,1054.5705296092092,948.9422106802724,3.090528305791046,True,0.7356542617046818
12,32,1055.48554019756,965.1639176901457,True,True,550,1054.6328090318325,964.9424246472842,2.7445608871222467,True,0.7391756702681073
13,32,1055.4183221550854,982.0723760978893,True,True,522,1055.3397169654602,981.5208489393588,2.1141750439682943,True,0.7441376550620248
14,32,1055.3510943256122,998.9832963901812,True,True,135,1055.5219665371892,998.8352959967051,1.9198337724844141,True,0.7442176870748299
15,32,1055.2838567070025,1015.896679104739,True,True,21,1055.5825618703514,1015.300360702517,2.557838819873822,True,0.7530212084833934
16,32,1055.216609297118,1032.812524779437,True,True,127,1055.0363236835635,1031.7370458366295,2.8208536336620833,True,0.7551820728291316
17,32,1055.1493520938204,1049.7308339523056,True,True,538,1055.4788102533073,1049.2768271718046,2.5339068339425337,True,0.7590236094437776
18,32,1055.08208509497,1066.651607161533,True,True,492,1055.3737454428033,1067.1760257073227,2.344474531694782,True,0.7583033213285314
19,32,1055.0148082984258,1083.5748449454634,True,True,19,1054.3192523523157,1083.1573536020821,2.5572620283531866,True,0.7619047619047619
20,32,1054.947521702048,1100.5005478425976,True,True,85,1054.7638117107224,1099.6899198939475,2.501098455654121,True,0.7623849539815927
21,32,1054.880225303695,1117.428716391594,True,True,671,1054.307364332872,1117.1120273126253,2.3614566945561504,True,0.7565426170468187
22,32,1054.8129191012247,1134.3593511312677,True,True,203,1054.6349494985473,1133.585737360594,2.366756646404645,True,0.7614245698279312
23,32,1054.7456030924943,1151.2924526005902,True,True,63,1054.1628107754161,1152.5176314301777,3.2214815033733366,True,0.761984793917567
24,32,1054.6782772753606,1168.2280213386912,True,True,192,1054.3702620369081,1167.5560060372136,2.25112962692347,True,0.7643057222889156
25,32,1054.61094164768,1185.1660578848562,True,True,159,1054.701621747649,1184.5671613303496,2.5731867143092524,True,0.7628651460584234
26,32,1054.5435962073077,1202.1065627785297,True,True,588,1054.0528364314544,1201.526380091757,2.6115696412505254,True,0.7653461384553821
27,32,1054.476240952099,1219.0495365593113,True,True,446,1054.0511045255205,1218.4967618887022,2.5258439097869276,True,0.7742296918767507
28,32,1054.4088758799076,1235.9949797669592,True,True,112,1053.969026899482,1235.513563166324,2.442309463512331,True,0.7769507803121248
29,32,1054.341500988587,1252.942892941389,True,True,513,1053.5107520748684,1252.4979810986426,3.0426074116213346,True,0.7803921568627451
30,32,1054.274116275991,1269.8932766226728,True,True,435,1053.9507410454084,1269.44399383157,2.282075514680569,True,0.781592637054822
31,32,1054.2067217399713,1286.8461313510413,True,True,640,1054.440118064809,1287.9061211106973,2.80267676960058,True,0.7858343337334934
32,32,1054.13931737838,1303.801457666882,True,True,779,1054.1440081957687,1303.4166606696895,1.996503017960853,True,0.7887154861944778
33,32,1054.0719031890676,1320.7592561107397,True,True,123,1053.910729156754,1319.826669150305,2.9601470793505342,True,0.7923969587835133
34,32,1054.0044791698856,1337.719527223318,True,True,572,1053.912564032751,1337.4273237427612,1.991419663070974,True,0.7908763505402161
35,32,1053.9370453186827,1354.6822715454773,True,True,228,1054.0205419125168,1356.4113032192017,3.4838476936404383,True,0.7963185274109644
36,32,1053.8696016333092,1371.6474896182353,True,True,937,1054.0236446581448,1371.3898255661638,1.9980046320292624,True,0.7918367346938775
37,32,1053.802148111613,1388.6151819827687,True,True,1245,1053.776880385044,1387.6873631487279,2.7354375145417493,True,0.7939975990396159
38,32,1053.7346847514423,1405.5853491804114,True,True,528,1052.9045822683436,1406.2236785429088,2.7659421526771624,True,0.7933573429371749
39,32,1053.6672115506444,1422.5579917526552,True,True,383,1055.0041889371355,1422.7812916255998,3.379176474259544,True,0.7968787515006003
40,32,1053.5997285070662,1439.53311024115,True,True,810,1053.2359288505133,1441.3431801636464,3.8181744193185443,True,0.7967987194877951
41,32,1053.5322356185536,1456.5107051877044,True,True,380,1053.969523099885,1455.6865833920626,2.9082594139808817,True,0.7959983993597439
42,32,1053.464732882952,1473.4907771342835,True,True,1008,1053.7162143090395,1475.1140924255078,3.5498107002854042,True,0.7811924769907963
43,32,1053.3972202981063,1490.473326623012,True,True,946,1053.8314574173924,1489.816965082267,2.9472440273759086,True,0.7835134053621449
44,32,1053.329697861861,1507.4583541961722,True,True,301,1052.6257573814958,1508.7089090776992,3.447818951116049,True,0.7863145258103241
45,32,1053.262165572059,1524.4458603962048,True,True,226,1053.6072514316604,1526.069170920816,3.563795604469834,True,0.7922368947579032
46,32,1053.194623426544,1541.4358457657088,True,True,400,1053.351652815783,1540.6461862250007,2.713018563439846,True,0.7953581432573029
47,32,1053.127071423158,1558.4283108474417,True,True,883,1053.3506010459243,1559.5332045859936,2.807823906566321,True,0.7964785914365746
48,32,1053.0595095597428,1575.4232561843194,True,True,1298,1052.9129141796043,1575.6342659184606,2.138740997782968,True,0.7952781112444978
49,32,1052.991937834139,1592.4206823194158,True,True,514,1053.294350813383,1593.4266870962952,2.763479756424923,True,0.7991996798719487
0,33,1040.9168360042052,761.6513332334181,True,True,173,1041.7534919458897,762.0483533985075,2.1826147654432324,True,0.6834733893557423
1,33,1040.848514006562,778.5557212667668,True,True,54,1040.523556560914,778.8654080633626,1.930240958738802,True,0.7040416166466587
2,33,1040.7801820548561,795.4625721575078,True,True,373,1040.5051437957695,795.2566199500085,2.3039456296425125,True,0.6975590236094438
3,33,1040.7118401469122,812.3718864439129,True,True,651,1041.0596656725234,814.2058383674097,3.6395389923443004,True,0.7045218087234894
4,33,1040.643488280554,829.2836646644115,True,True,64,1040.3772636994704,829.1145905631253,2.085389339902064,True,0.7138055222088835
5,33,1040.5751264536048,846.1979073575894,True,True,191,1040.7425958524643,845.6331231876763,2.2385964984722504,True,0.7178071228491396
6,33,1040.506754663887,863.1146150621901,True,True,255,1041.4364763870399,863.0883621235353,2.7310509044889817,True,0.7235694277711084
7,33,1040.4383729092226,880.0337883171129,True,True,36,1040.1187679599034,879.4609367826611,2.4910262031561334,True,0.7233293317326931
8,33,1040.369981187433,896.9554276614156,True,True,336,1041.1796814272504,897.3691899960199,2.8298640117489504,True,0.7314125650260104
9,33,1040.301579496339,913.879533634312,True,True,23,1040.1188275287386,913.2967432105465,2.2862099351984293,True,0.7333333333333334
10,33,1040.2331678337603,930.8061067751742,True,True,181,1040.0995122191737,932.3312608061736,3.4236905289189616,True,0.7398159263705482
11,33,1040.1647461975163,947.7351476235302,True,True,376,1041.0361672086506,947.9815166661547,2.847597391805984,True,0.7439775910364146
12,33,1040.096314585426,964.6666567190666,True,True,708,1039.9028920164094,963.6299574938989,2.883221068104356,True,0.7433373349339736
13,33,1040.0278729953077,981.600634601627,True,True,329,1039.9073482556405,982.5217582245747,2.6102638198834214,True,0.7478191276510604
14,33,1039.9594214249785,998.5370818112121,True,True,437,1040.0655738177436,997.6283302422526,2.742186698162133,True,0.7522208883553421
15,33,1039.8909598722553,1015.4759988879804,True,True,94,1038.7665266889085,1015.11517506732,3.2459546670139416,True,0.747579031612645
16,33,1039.8224883349544,1032.4173863722476,True,True,235,1039.6888857275976,1031.6351404055806,2.5534768324511177,True,0.7495798319327731
17,33,1039.7540068108917,1049.3612448044876,True,True,636,1038.7191150388571,1049.0079822276196,3.07205809388143,True,0.752781112444978
18,33,1039.6855152978817,1066.307574725332,True,True,534,1039.8391884064915,1065.5284293965212,2.655705395011639,True,0.7526210484193677
19,33,1039.6170137937388,1083.256376675569,True,True,292,1038.6258059043134,1083.5208881517383,2.7206133215245574,True,0.7533413365346138
20,33,1039.5485022962766,1100.2076511961457,True,True,436,1039.402927297188,1099.6025551327427,2.2747700043881616,True,0.7549419767907163
21,33,1039.4799808033085,1117.161398828167,True,True,205,1038.621051810014,1117.0137966286818,2.7384579644110754,True,0.7643057222889156
22,33,1039.4114493126467,1134.1176201128953,True,True,133,1038.6116401070922,1134.4324410729914,2.4143161098791106,True,0.7663065226090436
23,33,1039.342907822103,1151.0763155917512,True,True,248,1038.4931235302856,1152.4542793411388,3.7466181526689413,True,0.7673469387755102
24,33,1039.274356329488,1168.0374858063124,True,True,549,1039.5528259694013,1167.4594845673628,2.670055147090123,True,0.7703081232492998
25,33,1039.205794832613,1185.0011312983163,True,True,827,1038.9597938685595,1184.4788032510037,2.3363363737821152,True,0.77046818727491
26,33,1039.1372233292873,1201.9672526096576,True,True,1100,1039.5315191480015,1201.4380278195158,2.70924708270699,True,0.7765506202480993
27,33,1039.0686418173202,1218.9358502823889,True,True,894,1039.473653949766,1218.9302174500826,2.1461500834870497,True,0.7750300120048019
28,33,1039.0000502945204,1235.9069248587216,True,True,357,1038.9394377462174,1235.4706371504421,1.906924859384846,True,0.7805522208883553
29,33,1038.9314487586958,1252.8804768810244,True,True,263,1038.3146666227842,1254.4763923435285,3.6690487591868752,True,0.780952380952381
30,33,1038.8628372076535,1269.856506891826,True,True,795,1038.3262646904827,1269.432749766398,2.6299772435547175,True,0.7820728291316527
31,33,1038.7942156392003,1286.8350154338123,True,True,40,1038.1853673176595,1288.5583464367503,3.638177712008781,True,0.7802320928371349
32,33,1038.725584051142,1303.816003049828,True,True,691,1038.2776352645344,1303.484125145312,2.5050962844849285,True,0.7849539815926371
33,33,1038.6569424412844,1320.7994702828762,True,True,682,1038.8412159749016,1320.529350036734,2.2454168666369414,True,0.7845538215286114
34,33,1038.5882908074318,1337.7854176761189,True,True,648,1038.1420639644896,1337.4236257051123,2.3896409703489083,True,0.7867947178871548
35,33,1038.5196291473883,1354.7738457728767,True,True,445,1038.1710373208118,1356.4720034754876,3.5661385058319754,True,0.7871148459383753
36,33,1038.4509574589576,1371.7647551166283,True,True,250,1038.181465731199,1371.3855988453095,2.2846527459048502,True,0.792076830732293
37,33,1038.382275739942,1388.7581462510122,True,True,866,1038.7530054923957,1388.4612745472532,2.3891651306530375,True,0.7939175670268107
38,33,1038.3135839881443,1405.7540197198252,True,True,1293,1038.140197987282,1405.417457305621,2.1913667131369907,True,0.7923169267707083
39,33,1038.2448822013657,1422.7523760670229,True,True,222,1039.1396448310613,1422.9802436872974,2.8560013708995555,True,0.7959983993597439
40,33,1038.176170377407,1439.7532158367192,True,True,618,1038.1094700607885,1439.3819207593883,2.1111945734140063,True,0.7947979191676671
41,33,1038.1074485140684,1456.7565395731883,True,True,313,1039.2275618112897,1456.8683418509502,2.9898505354891665,True,0.7985594237695078
42,33,1038.0387166091496,1473.7623478208632,True,True,782,1038.2107107164934,1473.4216004182126,2.0456788691836074,True,0.7995198079231692
43,33,1037.9699746604497,1490.7706411243353,True,True,72,1038.3743203912697,1490.0058897677134,2.955910086584767,True,0.8021608643457383
44,33,1037.9012226657667,1507.7814200283556,True,True,1137,1037.6624542914751,1507.9284243018387,2.055544912070808,True,0.8028811524609845
45,33,1037.8324606228982,1524.794685077834,True,True,869,1038.4057665063187,1523.8162961477456,3.0287642498799627,True,0.8056822729091637
46,33,1037.7636885296413,1541.8104368178406,True,True,772,1038.297504269788,1540.8600383410894,2.8203542717355554,True,0.8060824329731893
47,33,1037.6949063837928,1558.8286757936037,True,True,761,1037.6100454386628,1558.264681574843,2.4933437003216725,True,0.8068027210884354
48,33,1037.6261141831478,1575.8494025505117,True,True,510,1038.2838979421094,1574.7262512678594,2.8738276738360695,True,0.8091236494597839
49,33,1037.5573119255016,1592.8726176341127,True,True,705,1037.6010084811358,1593.7110117378986,2.6364703988472833,True,0.807843137254902
0,34,1025.4957769694915,760.8459897431911,True,True,60,1025.9546574481853,761.2178660376895,0.9805577234731296,True,0.6661064425770309
1,34,1025.4262266529558,777.7758848752183,True,True,118,1026.9861508595645,778.4571256145836,3.5807937004523316,True,0.6893957583033213
2,34,1025.3566661880736,794.7082503115203,True,True,311,1025.787129398877,796.3579272273115,3.311015974186993,True,0.704281712685074
3,34,1025.2870955726235,811.6430865928137,True,True,61,1025.8113458501969,811.4990924738685,2.373557483780466,True,0.7103641456582632
4,34,1025.2175148043832,828.5803942599728,True,True,697,1025.543383578892,830.3011565600274,3.426516614194813,True,0.7182072829131653
5,34,1025.1479238811305,845.5201738540295,True,True,404,1025.7420930716794,846.652633294425,3.095112867784556,True,0.7230092036814726
6,34,1025.078322800642,862.4624259161742,True,True,187,1024.6832828135764,863.1233777670479,2.585258154792427,True,0.7170068027210884
7,34,1025.0087115606934,879.4071509877548,True,True,43,1025.5960931682837,879.2503112654953,2.438299315271873,True,0.7214885954381753
8,34,1024.9390901590607,896.3543496102775,True,True,704,1025.5959751050775,895.5286873413361,3.128947340543502,True,0.7292517006802721
9,34,1024.8694585935182,913.3040223254063,True,True,430,1024.519252524327,914.5889788195465,3.2807272143210087,True,0.7315726290516207
10,34,1024.7998168618403,930.2561696749639,True,True,128,1025.3306302840474,930.5051888826158,2.215045991353959,True,0.7338135254101641
11,34,1024.7301649618003,947.2107922009307,True,True,330,1024.9126723791708,946.4596109470095,2.549526069671686,True,0.7374949979991997
12,34,1024.6605028911713,964.1678904454457,True,True,115,1024.3209946159093,964.8749831649741,2.472629222402239,True,0.7393357342937175
13,34,1024.590830647725,981.1274649508059,True,True,178,1024.1564314838051,982.4051950018372,3.2836260077221677,True,0.7430172068827532
14,34,1024.5211482292334,998.0895162594672,True,True,565,1024.1435876352705,997.5398247769149,2.584563818882774,True,0.7442977190876351
15,34,1024.4514556334668,1015.0540449140436,True,True,539,1025.187257391099,1014.8692075967118,2.757913898041279,True,0.7533413365346138
16,34,1024.381752858196,1032.0210514573075,True,True,425,1023.498065977319,1033.383143980623,3.8140373749525014,True,0.7562224889955982
17,34,1024.3120399011905,1048.9905364321905,True,True,208,1024.132329928493,1047.808252441526,3.06864746261491,True,0.7595038015206083
18,34,1024.242316760219,1065.9625003817819,True,True,419,1024.979999058233,1066.2447525152993,2.7579381922617094,True,0.76062424969988
19,34,1024.1725834330496,1082.9369438493304,True,True,405,1022.8174555362294,1082.8679814280133,3.3080431400540533,True,0.7643857543017207
20,34,1024.1028399174502,1099.9138673782431,True,True,765,1022.8434376648667,1100.2036081024812,3.104035177289872,True,0.7642256902761104
21,34,1024.0330862111878,1116.8932715120861,True,True,233,1023.8184369568675,1118.3630022806574,3.273992824879415,True,0.7667867146858743
22,34,1023.9633223120283,1133.8751567945844,True,True,56,1023.8364330193112,1133.4509299978315,2.108127814229394,True,0.7663065226090436
23,34,1023.8935482177379,1150.8595237696218,True,True,632,1023.2212220290111,1150.3073243831,2.65393170648509,True,0.7712685074029612
24,34,1023.823763926081,1167.8463729812408,True,True,131,1023.8540911488253,1167.469282956302,2.1892063601781655,True,0.769827931172469
25,34,1023.7539694348225,1184.835704973643,True,True,821,1023.2409054205191,1184.4059570008812,2.5389410250238598,True,0.7695078031212486
26,34,1023.6841647417259,1201.82752029119,True,True,286,1022.7828464501448,1202.2123087797868,2.689700654473596,True,0.7730292116846739
27,34,1023.6143498445541,1218.8218194784013,True,True,482,1023.5911955679833,1218.480145723826,1.8621901767214057,True,0.7748699479791916
28,34,1023.5445247410696,1235.8186030799563,True,True,694,1023.8179858992678,1235.4748491155162,2.3293186539812885,True,0.7766306522609043
29,34,1023.4746894290341,1252.817871640694,True,True,356,1023.1438647749873,1252.4651263414842,2.3408046082798912,True,0.7787915166066427
30,34,1023.4048439062087,1269.819625705611,True,True,210,1022.4896478683538,1269.338598494642,3.0156776886381427,True,0.7849539815926371
31,34,1023.3349881703539,1286.823865819866,True,True,314,1023.7446159322827,1288.3938709323008,3.5860971435639764,True,0.7831132452981192
32,34,1023.265122219229,1303.8305925287743,True,True,502,1023.3181579304104,1303.5308389236004,1.8496915411855415,True,0.7851140456182473
33,34,1023.1952460505939,1320.8398063778131,True,True,291,1023.1340629488396,1319.8555710733542,2.8465103695122487,True,0.7870348139255703
34,34,1023.1253596622065,1337.851507912618,True,True,557,1022.4147127577152,1338.8478287711387,3.022113820371043,True,0.7876750700280112
35,34,1023.0554630518249,1354.865697678984,True,True,102,1022.6117781263912,1356.5580122856327,3.748170139807428,True,0.7865546218487395
36,34,1022.9855562172058,1371.8823762228658,True,True,344,1022.4943417918975,1371.436195633293,2.736014206120873,True,0.7949579831932774
37,34,1022.9156391561061,1388.9015440903784,True,True,839,1022.4844430627131,1388.9776407358836,2.1171809377809256,True,0.7908763505402161
38,34,1022.8457118662814,1405.923201827797,True,True,1145,1022.9777318163592,1408.115829872099,4.079716677060419,True,0.7936774709883954
39,34,1022.775774345487,1422.9473499815551,True,True,816,1022.4624379880446,1422.9867742889894,2.012671486766339,True,0.7944777911164466
40,34,1022.7058265914775,1439.9739890982478,True,True,281,1023.4998728636072,1439.4660527425635,3.0265268193711576,True,0.7969587835134053
41,34,1022.6358686020063,1457.0031197246283,True,True,374,1023.0662314426271,1456.6046851072615,2.4234981126848525,True,0.7943977591036414
42,34,1022.5659003748273,1474.0347424076115,True,True,1084,1023.4750075524825,1475.0421890092118,3.128430659245429,True,0.7983993597438975
43,34,1022.4959219076925,1491.068857694272,True,True,993,1022.3368203333978,1492.4858029450631,3.2908019646193103,True,0.792156862745098
44,34,1022.4259331983542,1508.1054661318442,True,True,803,1023.006985290884,1509.4295168016297,3.294846371220437,True,0.7929571828731493
45,34,1022.3559342445631,1525.1445682677224,True,True,1203,1023.4077298632325,1525.0784540377556,2.881166471856747,True,0.7941576630652261
46,34,1022.28592504407,1542.1861646494622,True,True,1408,1022.4584558618985,1541.414432357016,2.5363199903648974,True,0.7938375350140057
47,34,1022.2159055946253,1559.2302558247782,True,True,454,1022.4013086473491,1560.534115413215,3.024881685490573,True,0.7982392957182873
48,34,1022.1458758939775,1576.2768423415462,True,True,385,1022.3907797368951,1575.3611268863024,2.548929699433907,True,0.7971988795518208
49,34,1022.0758359398756,1593.3259247478027,True,True,791,1021.9363532989549,1593.284189020852,2.101266710941114,True,0.7963985594237695
0,35,1010.0280057091375,760.0382067715545,True,True,109,1010.7741439736276,760.314600518586,2.2285948002488376,True,0.6689075630252102
1,35,1009.9572199398226,776.9936860937132,True,True,39,1010.1794082620544,777.2458650256618,1.3797398544772994,True,0.6949179671868747
2,35,1009.886423826246,793.9516432008562,True,True,50,1011.1492657146136,794.5500037066413,3.1139516646525336,True,0.7066026410564226
3,35,1009.8156173661399,810.912078636159,True,True,305,1009.4508569900433,810.521127670264,2.6367614854370958,True,0.713405362144858
4,35,1009.7448005572362,827.8749929429559,True,True,377,1010.0412841001619,827.5840348165295,2.017504995333083,True,0.7174069627851141
5,35,1009.6739733972657,844.84038666474,True,True,415,1009.9936105760792,846.3525099559432,3.426587658226753,True,0.7235694277711084
6,35,1009.6031358839588,861.808260345163,True,True,198,1009.9370499952012,861.4092468633314,2.2849583879302444,True,0.7268507402961184
7,35,1009.5322880150455,878.7786145280362,True,True,462,1008.8565492185077,879.4248117808797,2.8114524826622094,True,0.7326130452180872
8,35,1009.4614297882545,895.7514497573296,True,True,155,1009.8150285155251,895.3890634485289,2.331260291970998,True,0.7282913165266106
9,35,1009.3905612013142,912.7267665771718,True,True,378,1008.6916097603677,912.7781157216252,2.49859410767792,True,0.7305322128851541
10,35,1009.3196822519525,929.7045655318512,True,True,509,1009.6605218765153,929.318665001771,2.3935353322603756,True,0.7369347739095639
11,35,1009.2487929378962,946.684847165815,True,True,152,1009.6705841462506,946.8453901705836,1.880356831797406,True,0.7378151260504202
12,35,1009.1778932568717,963.6676120236699,True,True,167,1009.6079632221886,963.2813572766148,2.4700208187062023,True,0.7460584233693477
13,35,1009.1069832066048,980.6528606501817,True,True,105,1009.0865374659783,979.7851746807389,2.6550169558361882,True,0.7434173669467787
14,35,1009.0360627848208,997.6405935902756,True,True,398,1007.9069648794992,998.1414746413486,3.3265091342387723,True,0.749499799919968
15,35,1008.9651319892434,1014.630811389036,True,True,16,1009.4331162784505,1014.6389818204281,2.130401565371627,True,0.7543817527010804
16,35,1008.8941908175972,1031.6235145917076,True,True,47,1008.4262774398796,1031.239268711194,2.494746176058183,True,0.7565426170468187
17,35,1008.8232392676045,1048.6187037436937,True,True,119,1009.2887646585991,1049.1700033201294,2.57803542135957,True,0.7536614645858344
18,35,1008.7522773369882,1065.6163793905573,True,True,722,1007.7446790613516,1066.1447492935201,3.0804929038342768,True,0.7581432573029212
19,35,1008.6813050234695,1082.6165420780217,True,True,304,1009.2394389588541,1083.2562279943977,2.70005596535934,True,0.7561424569827931
20,35,1008.6103223247698,1099.6191923519689,True,True,45,1008.1911781595857,1099.2969293976773,2.283620341108909,True,0.7623049219687875
21,35,1008.5393292386094,1116.624330758442,True,True,224,1007.5810795600403,1116.1658867679498,3.0144059771168186,True,0.7605442176870748
22,35,1008.4683257627081,1133.6319578436428,True,True,196,1009.2255793331424,1133.1501297441598,3.0120857967851347,True,0.7690276110444177
23,35,1008.3973118947848,1150.6420741539334,True,True,354,1007.5198196369585,1151.690942589961,3.362576187452934,True,0.7728691476590637
24,35,1008.326287632558,1167.654680235836,True,True,657,1008.2019562829312,1166.847469960882,2.6746571319887438,True,0.7716686674669868
25,35,1008.2552529737454,1184.669776636032,True,True,615,1008.1652833337432,1183.799132133868,2.7717062289171204,True,0.7759903961584633
26,35,1008.1842079160639,1201.6873639013645,True,True,732,1009.0094987965515,1202.2031159755918,2.8330948431225034,True,0.7789515806322529
27,35,1008.1131524572301,1218.7074425788346,True,True,695,1006.7392726653703,1218.8313035224521,3.192521452442523,True,0.7807122849139656
28,35,1008.0420865949594,1235.7300132156051,True,True,211,1007.8487333459865,1235.3910044322272,2.0196262519492425,True,0.7823929571828732
29,35,1007.9710103269671,1252.755076358999,True,True,154,1007.4175991398688,1252.4100216927218,2.63916174853462,True,0.7864745898359344
30,35,1007.8999236509676,1269.7826325564988,True,True,476,1008.3518288315192,1269.9277383553454,2.241168086123204,True,0.7837535014005602
31,35,1007.8288265646743,1286.8126823557477,True,True,471,1007.7742438391567,1288.3838532984958,3.293318575490643,True,0.7859143657462986
32,35,1007.7577190658004,1303.8452263045494,True,True,350,1008.3206649612143,1303.9782435513575,2.3962953269113694,True,0.7853541416566626
33,35,1007.6866011520584,1320.880264950868,True,True,421,1007.747769047488,1320.578247497785,1.9062043760713683,True,0.7853541416566626
34,35,1007.6154728211599,1337.9177988428285,True,True,125,1008.2791790121781,1337.980175408102,2.5550586260445245,True,0.7830332132853142
35,35,1007.5443340708158,1354.9578285287157,True,True,259,1006.6751918461473,1354.946410351734,2.7186524887038868,True,0.7850340136054421
36,35,1007.4731848987363,1372.0003545569755,True,True,249,1007.5671956472643,1373.9685928365086,4.027538655096799,True,0.7835134053621449
37,35,1007.4020253026316,1389.0453774762148,True,True,507,1007.5902126921029,1388.7048807062988,2.130995720056576,True,0.7854341736694678
38,35,1007.3308552802104,1406.0928978352008,True,True,1357,1007.1869874144891,1406.1308109131364,1.7220921737962773,True,0.786234493797519
39,35,1007.259674829181,1423.1429161828614,True,True,320,1006.5927551292233,1423.1141643005597,2.532269285577798,True,0.7867947178871548
40,35,1007.1884839472508,1440.195433068286,True,True,227,1007.8173158974614,1439.5630100499125,2.846316350424197,True,0.7892757102841137
41,35,1007.1172826321274,1457.250449040725,True,True,289,1007.2113445323653,1456.6386333451214,2.5125368385266857,True,0.7917567026810725
42,35,1007.0460708815168,1474.3079646495885,True,True,711,1007.4498455878208,1473.6515897630045,2.3084244301847594,True,0.7949579831932774
43,35,1006.9748486931245,1491.3679804444494,True,True,933,1007.2348104785713,1490.7017201027293,2.560793111475647,True,0.7916766706682673
44,35,1006.9036160646558,1508.43049697504,True,True,870,1007.8577275517532,1507.6140834820906,3.2096948686825737,True,0.7957583033213285
45,35,1006.8323729938146,1525.4955147912553,True,True,1012,1007.5745305753402,1524.6849914324125,2.755167308703355,True,0.7916766706682673
46,35,1006.761119478305,1542.5630344431509,True,True,906,1007.3874201004712,1544.1623172862362,3.44525705029576,True,0.8040016006402562
47,35,1006.6898555158295,1559.6330564809434,True,True,362,1007.1515194131421,1558.6000452661203,2.7219270865617653,True,0.8057623049219688
48,35,1006.6185811040908,1576.705581455011,True,True,1168,1007.7894810937961,1575.5481510972895,3.6043483415858906,True,0.8041616646658664
49,35,1006.54729624079,1593.7806099158934,True,True,850,1006.7248516444417,1593.1524492356648,2.3589610699078496,True,0.803921568627451
0,36,994.5133096558496,759.227973217475,True,True,1,995.5066602121062,759.4105313624538,2.7733638583003315,True,0.6609043617446979
1,36,994.4412812518489,776.2091141712422,True,True,33,994.5267696305154,777.2723323489852,2.298817891564417,True,0.6768307322929171
2,36,994.3692423060255,793.1927404247347,True,True,116,995.4146279597481,793.2947351962304,2.8885144564641174,True,0.6886754701880753
3,36,994.2971928160654,810.1788525236021,True,True,688,995.3192498251041,810.782312741433,2.7087183129161776,True,0.6971588635454181
4,36,994.2251327796533,827.1674510136536,True,True,438,994.3196842167342,827.2695272822139,1.6923038134631454,True,0.7060424169667867
5,36,994.1530621944734,844.1585364408581,True,True,193,994.5053427021412,843.7541595292346,2.318746043218794,True,0.7126050420168066
6,36,994.0809810582089,861.1521093513445,True,True,199,994.1734311689843,861.203826746793,1.5798341703045333,True,0.7190076030412165
7,36,994.008889368543,878.1481702914016,True,True,66,994.2069606466428,877.5993105453738,2.3657844121236917,True,0.7216486594637854
8,36,993.9367871231577,895.146719807478,True,True,37,993.9757769415176,896.4412328711306,3.0031280310956565,True,0.7301320528211285
9,36,993.8646743197345,912.1477584461827,True,True,121,993.5652197496446,911.5241257615975,2.8442708488866595,True,0.7313325330132052
10,36,993.792550955954,929.1512867542843,True,True,145,994.9827644650758,929.6611112068982,3.317837178585621,True,0.7338135254101641
11,36,993.7204170294966,946.1573052787121,True,True,6,993.7603793485525,945.6135175019631,2.274415696821455,True,0.7388555422168868
12,36,993.6482725380415,963.1658145665551,True,True,459,992.8262633580651,963.5953804265799,2.776546915345828,True,0.7381352541016406
13,36,993.5761174792677,980.1768151650629,True,True,745,993.5798735325241,979.5429417820761,2.2517627789723917,True,0.7380552220888354
14,36,993.5039518508529,997.1903076216453,True,True,253,992.7649365726355,997.5543353580229,2.631611031090156,True,0.7389355742296919
15,36,993.431775650475,1014.2062924838726,True,True,150,993.3786136596221,1013.5292969739972,2.2481451769705454,True,0.7470988395358142
16,36,993.3595888758101,1031.2247702994753,True,True,13,993.6540520517511,1031.0184539174675,2.047195873101215,True,0.7494197679071628
17,36,993.2873915245347,1048.2457416163447,True,True,104,993.5817825710582,1047.5713138555852,2.8242491387302175,True,0.7499799919967987
18,36,993.2151835943239,1065.2692069825325,True,True,447,992.421760088522,1066.5798626288392,3.5162862313541585,True,0.7524609843937575
19,36,993.1429650828524,1082.295166946251,True,True,626,992.9413266830895,1081.6485059243257,2.2996152560977827,True,0.7516606642657063
20,36,993.0707359877944,1099.3236220558733,True,True,165,993.4460354862688,1099.1236746248303,2.339665569175673,True,0.7522208883553421
21,36,992.9984963068229,1116.3545728599331,True,True,179,993.5035471114254,1115.4104389831825,3.0903123444945404,True,0.7577430972388955
22,36,992.9262460376107,1133.388019907125,True,True,231,993.4122579286495,1133.0360850760503,2.49540673219833,True,0.7595038015206083
23,36,992.8539851778294,1150.4239637463043,True,True,86,993.2949814383236,1150.5978521473999,2.1874928285954147,True,0.7603841536614646
24,36,992.7817137251508,1167.4624049264874,True,True,80,993.3652470964292,1168.7107715534678,3.370487020342919,True,0.7586234493797519
25,36,992.7094316772452,1184.503343996852,True,True,88,992.2318784388704,1183.6465979282639,3.031317836477109,True,0.7702280912364946
26,36,992.6371390317823,1201.546781506736,True,True,277,992.3573794976653,1200.8532649458184,2.6252699268594273,True,0.771748699479792
27,36,992.5648357864317,1218.5927180056385,True,True,316,993.2464870507191,1218.860756351109,2.5062600386336515,True,0.7732693077230892
28,36,992.4925219388616,1235.641154043221,True,True,166,992.0954603230514,1235.346043866352,2.21833458512543,True,0.7783113245298119
29,36,992.4201974867401,1252.6920901693045,True,True,10,992.0481601056769,1251.774389353774,3.043732968085211,True,0.7815126050420168
30,36,992.3478624277341,1269.745526933873,True,True,439,993.3463625627155,1269.2873543995963,3.1750114927509356,True,0.7840736294517807
31,36,992.2755167595101,1286.8014648870699,True,True,241,991.4875947761211,1287.035365695596,2.412534453229049,True,0.7837535014005602
32,36,992.203160479734,1303.8599045792012,True,True,683,992.6316107333307,1305.4705007246023,3.6178490174842124,True,0.7848739495798319
33,36,992.1307935860708,1320.9208465607348,True,True,331,992.5889310401341,1320.5085272435203,2.680220910253651,True,0.7873549419767907
34,36,992.0584160761852,1337.9842913822988,True,True,267,991.8899605980845,1340.150546430362,4.152849659282985,True,0.7843137254901961
35,36,991.9860279477404,1355.0502395946837,True,True,494,992.5793733589039,1354.4966260166989,2.8739460368788734,True,0.7852741096438576
36,36,991.9136291984,1372.1186917488417,True,True,204,991.9759785578248,1371.5580559798364,2.3072869433121914,True,0.785594237695078
37,36,991.841219825826,1389.1896483958858,True,True,793,993.0296810968565,1389.7253021052397,3.2610676029553978,True,0.7866346538615446
38,36,991.7687998276801,1406.2631100870922,True,True,387,991.8406194943396,1408.2327806609944,3.8151539151433043,True,0.7864745898359344
39,36,991.6963692016235,1423.3390773738972,True,True,569,992.0621923232665,1422.7887204437445,2.677823037385723,True,0.7895958383353341
40,36,991.6239279453162,1440.4175508079004,True,True,453,991.9882927165604,1439.5839059505834,2.7817487680345407,True,0.7910364145658263
41,36,991.5514760564181,1457.498530940863,True,True,623,991.9528237478277,1456.7630313163195,2.538470127934562,True,0.7902360944377751
42,36,991.4790135325878,1474.582018324707,True,True,244,992.0055733662265,1476.2612299988018,3.741122634543011,True,0.7902360944377751
43,36,991.406540371484,1491.6680135115184,True,True,552,992.0113894316858,1490.7554261730102,3.1076373156073718,True,0.7933573429371749
44,36,991.3340565707638,1508.7565170535433,True,True,714,991.9779684568725,1507.7851432441653,2.7766850845830096,True,0.793517406962785
45,36,991.2615621280843,1525.847529503192,True,True,919,990.9477765734115,1526.14461900656,2.266695945993196,True,0.7941576630652261
46,36,991.1890570411016,1542.9410514130352,True,True,282,992.5436285144458,1542.3147545375416,3.4160036455230154,True,0.7938375350140057
47,36,991.1165413074712,1560.037083335807,True,True,1178,992.4152140187471,1559.9319124758417,3.064290436125256,True,0.7959983993597439
48,36,991.0440149248478,1577.135625824403,True,True,851,991.8151624144068,1575.8119295479491,3.1359347289559523,True,0.7935974389755902
49,36,990.9714778908857,1594.236679431882,True,True,1116,991.3949936811305,1593.3689617591253,2.43854550367304,True,0.7947178871548619
0,37,978.9514749506383,758.4152779124628,True,True,108,979.2357848204778,758.4868364047832,1.7053785946812856,True,0.6340936374549819
1,37,978.8781966816387,775.4221582914607,True,True,62,978.7521161316664,776.4107802056558,1.965076032891867,True,0.6607442977190876
2,37,978.8049076715959,792.4315315191637,True,True,3,978.6550239508191,793.4504915048717,2.391189051154755,True,0.6698679471788715
3,37,978.731607918148,809.4433981437102,True,True,82,978.491452231333,810.2067165806764,1.818865472930375,True,0.684593837535014
4,37,978.6582974189325,826.4577587133992,True,True,29,979.0236784825553,828.3455230860947,3.558684305527416,True,0.6893157262905162
5,37,978.5849761715864,843.4746137766907,True,True,30,978.3701696278922,844.7570974597346,2.981564193737404,True,0.694437775110044
6,37,978.5116441737456,860.4939638822058,True,True,24,978.4137191593721,860.8217661557974,1.590304506986886,True,0.6968387354941976
7,37,978.4383014230457,877.5158095787258,True,True,26,978.2447343538247,878.7258804441165,2.870524870591747,True,0.7097238895558223
8,37,978.3649479171215,894.5401514151933,True,True,162,979.1779753683553,894.8292362522692,2.6898444250211875,True,0.716126450580232
9,37,978.2915836536068,911.5669899407121,True,True,5,978.3531840816848,911.3865167782825,1.7196834575380469,True,0.7199679871948779
10,37,978.2182086301355,928.5963257045471,True,True,180,977.9520016517615,927.6958253432452,2.867915520134524,True,0.7241296518607443
11,37,978.1448228443395,945.6281592561237,True,True,393,977.9934226802045,945.3373190168788,1.9903572313087037,True,0.7278911564625851
12,37,978.0714262938515,962.6624911450291,True,True,91,979.0645934336128,963.3111468164651,3.219545602949302,True,0.7335734293717486
13,37,977.9980189763022,979.6993219210116,True,True,285,977.9756460494534,979.3434969323675,1.9727293182494516,True,0.7356542617046818
14,37,977.9246008893224,996.7386521339806,True,True,136,979.0216621953867,997.3374004948303,3.3240153623393898,True,0.7419767907162865
15,37,977.8511720305421,1013.7804823340074,True,True,93,977.8329355700662,1013.4188765557138,2.1189438513375367,True,0.7424569827931172
16,37,977.7777323975904,1030.824813071324,True,True,41,977.902451152331,1032.4611125027484,3.4023154062984458,True,0.7458183273309325
17,37,977.7042819880959,1047.8716448963244,True,True,7,976.4989848788751,1048.7669703340553,3.441371313659998,True,0.7453381352541016
18,37,977.630820799686,1064.9209783595638,True,True,221,978.2706262183206,1065.9058266717063,3.152037605201152,True,0.7454181672669067
19,37,977.5573488299884,1081.9728140117593,True,True,90,976.755764420043,1082.309482734063,2.557493326716573,True,0.7452581032412966
20,37,977.483866076629,1099.0271524037896,True,True,262,976.5518154417105,1098.9590403494758,2.6878676952631806,True,0.7500600240096038
21,37,977.4103725372339,1116.083994086695,True,True,70,976.4019426063547,1115.357908038156,3.18636581729576,True,0.7486994797919169
22,37,977.3368682094277,1133.1433396116772,True,True,9,976.4490330704425,1132.9453884546206,2.601572312249691,True,0.7499799919967987
23,37,977.2633530908352,1150.205189530101,True,True,96,976.4769759966396,1150.5389019661707,2.2726350250438654,True,0.7548619447779112
24,37,977.1898271790797,1167.2695443934917,True,True,2,976.3740539808821,1168.6318777896022,3.5001044117780755,True,0.7568627450980392
25,37,977.1162904717839,1184.3364047535376,True,True,412,976.4605892377717,1185.0989008372846,2.6918830778872382,True,0.7577430972388955
26,37,977.0427429665707,1201.405771162088,True,True,170,976.3758811617433,1201.1813211826486,2.479715989308548,True,0.7571028411364547
27,37,976.9691846610608,1218.4776441711551,True,True,176,976.3322163318606,1220.3740356239787,4.035427959257181,True,0.7555822328931573
28,37,976.8956155528757,1235.5520243329129,True,True,8,977.3237430865518,1235.327323352668,2.614806576259947,True,0.7744697879151661
29,37,976.8220356396353,1252.6289121996974,True,True,238,976.2464816192006,1254.4334769986617,3.8319768826873064,True,0.7710284113645458
30,37,976.7484449189589,1269.7083083240077,True,True,541,977.423118637569,1269.3920517360623,2.826272742117472,True,0.7744697879151661
31,37,976.6748433884652,1286.790213258504,True,True,42,977.3739768741285,1286.9435072754463,2.455766736088671,True,0.7760704281712685
32,37,976.6012310457725,1303.8746275560102,True,True,65,976.0914856305249,1303.4178036172386,2.4653943570346493,True,0.7759103641456583
33,37,976.527607888498,1320.961551769511,True,True,230,976.1184614946085,1321.0162417939225,1.8050395193599273,True,0.7748699479791916
34,37,976.4539739142582,1338.050986452155,True,True,114,976.1542277357005,1340.2574173726528,4.208176344262016,True,0.771748699479792
35,37,976.3803291206692,1355.1429321572532,True,True,237,977.2336519422261,1355.0602879577652,2.8581409048710618,True,0.7728691476590637
36,37,976.3066735053461,1372.2373894382786,True,True,84,976.0067756400523,1371.551414880569,2.591005045941437,True,0.7737494997999199
37,37,976.2330070659035,1389.3343588488672,True,True,158,976.1368185580081,1389.2096784473285,1.8168158855861238,True,0.7695878351340536
38,37,976.1593297999552,1406.4338409428174,True,True,420,976.4536184049537,1405.8208503704038,2.574938469202216,True,0.7703881552621048
39,37,976.0856417051142,1423.5358362740906,True,True,144,976.0523952300013,1423.374705083528,1.880800620133796,True,0.7877551020408163
40,37,976.0119427789933,1440.6403453968117,True,True,202,976.0734450734625,1442.3239410330737,3.508747246622559,True,0.7879151660664265
41,37,975.9382330192038,1457.7473688652678,True,True,570,975.516224476201,1457.897245024991,2.077331812085821,True,0.7885554221688675
42,37,975.864512423357,1474.856907233909,True,True,79,975.4680839942661,1475.9283049914973,2.8406430928443953,True,0.7922368947579032
43,37,975.790780989063,1491.9689610573485,True,True,98,975.5561944683762,1491.9866884669045,2.0361193681725465,True,0.7909563825530213
44,37,975.7170387139315,1509.0835308903622,True,True,475,975.5471765541456,1510.0425972103203,2.5731451170377846,True,0.7935974389755902
45,37,975.6432855955716,1526.2006172878905,True,True,184,975.5615852837623,1526.011323175725,2.0351583281392553,True,0.7908763505402161
46,37,975.5695216315911,1543.3202208050357,True,True,101,976.0707580777258,1544.4665110377703,2.739629796635654,True,0.7947979191676671
47,37,975.4957468195979,1560.4423419970635,True,True,27,976.0323748139778,1559.4468651961442,2.4921475357132605,True,0.7697478991596638
48,37,975.4219611571984,1577.5669814194036,True,True,556,976.014710649637,1578.4980244035478,2.469338095869284,True,0.7731892757102841
49,37,975.3481646419991,1594.6941396276484,True,True,939,977.1524086206163,1594.956022038813,3.8782950885696827,True,0.7719887955182072
0,38,963.3422864329917,757.6001096200573,True,False,,,,14.669993134577252,False,0.23113245298119256
1,38,963.2677510198839,774.6328075721926,True,False,,,,13.800140477058667,False,0.2440976390556222
2,38,963.1932046648373,791.6680059564593,True,False,,,,14.002349575916933,False,0.25290116046418565
3,38,963.1186473654419,808.7057053235,True,False,,,,13.941561952470355,False,0.2576230492196879
4,38,963.0440791192876,825.7459062241188,True,False,,,,16.513289345419466,False,0.2779511804721889
5,38,962.9694999239633,842.788609209282,True,False,,,,14.393330510843338,False,0.28323329331732694
6,38,962.8949097770573,859.8338148301174,True,False,,,,14.106069179897142,False,0.2834733893557423
7,38,962.8203086761572,876.8815236379149,True,False,,,,14.518558498017155,False,0.2858743497398959
8,38,962.7456966188497,893.9317361841262,True,False,,,,11.745894985509409,False,0.2901160464185675
9,38,962.6710736027209,910.9844530203646,True,False,,,,16.358575275281904,False,0.2921968787515006
10,38,962.5964396253563,928.0396746984063,True,False,,,,14.547261747192314,False,0.3073229291716687
11,38,962.5217946843406,945.0974017701892,True,False,,,,14.51973552815619,False,0.3070028011204482
12,38,962.447138777258,962.157634787813,True,False,,,,18.644113524793813,False,0.31140456182472986
13,38,962.3724719016914,979.22037430354,True,False,,,,16.67225252030402,False,0.31580632252901153
14,38,962.2977940552238,996.2856208697949,True,False,,,,18.78061774817073,False,0.3189275710284114
15,38,962.2231052354366,1013.3533750391646,True,False,,,,16.831393939239504,False,0.3136454581832733
16,38,962.1484054399115,1030.4236373643982,True,False,,,,17.22691524675656,False,0.3230892356942777
17,38,962.0736946662282,1047.4964083984075,True,False,,,,13.166523477724144,False,0.3287715086034414
18,38,961.9989729119671,1064.571688694267,True,False,,,,18.164076415321613,False,0.3334133653461384
19,38,961.9242401747073,1081.649478805214,True,False,,,,13.080457183016708,False,0.3337334933973589
20,38,961.8494964520265,1098.7297792846468,True,False,,,,13.170737313057403,False,0.34173669467787116
21,38,961.7747417415028,1115.8125906861287,True,False,,,,13.348892875418137,False,0.34301720688275317
22,38,961.6999760407127,1132.8979135633842,True,False,,,,13.330299549707233,False,0.35158063225290115
23,38,961.6251993472329,1149.9857484703014,True,False,,,,13.374808245629502,False,0.3481392557022809
24,38,961.5504116586383,1167.0760959609306,True,False,,,,13.763743726972676,False,0.3571028411364545
25,38,961.475612972504,1184.168956589486,True,False,,,,13.647775072907997,False,0.3595838335334134
26,38,961.4008032864039,1201.264330910344,True,False,,,,13.657843310930726,False,0.3602240896358544
27,38,961.3259825979113,1218.3622194780444,True,False,,,,14.149636003747366,False,0.3642256902761104
28,38,961.2511509045992,1235.4626228472903,True,False,,,,17.809012038985383,False,0.37078831532613044
29,38,961.1763082040388,1252.565541572947,True,False,,,,14.243944662798967,False,0.3716686674669868
30,38,961.1014544938018,1269.6709762100445,True,False,,,,17.976375962133776,False,0.3784713885554222
31,38,961.0265897714586,1286.778927313775,True,False,,,,17.990280792794255,False,0.3872749099639856
32,38,960.9517140345789,1303.8893954394953,True,False,,,,14.17477173336603,False,0.3911964785914366
33,38,960.8768272807315,1321.0023811427238,True,False,,,,14.158699644161473,False,0.39143657462985204
34,38,960.801929507485,1338.1178849791436,True,False,,,,14.7192398834173,False,0.3900760304121649
35,38,960.727020712407,1355.2359075046013,True,False,,,,18.314727390947763,False,0.389515806322529
36,38,960.6521008930642,1372.3564492751068,True,False,,,,14.540119049339287,False,0.38999599839935983
37,38,960.5771700470232,1389.4795108468343,True,False,,,,14.498516344729408,False,0.3915166066426571
38,38,960.502228171849,1406.6050927761207,True,False,,,,16.702184996758064,False,0.3985594237695078
39,38,960.4272752651063,1423.7331956194673,True,False,,,,14.675430939305397,False,0.3926370548219288
40,38,960.3523113243594,1440.8638199335392,True,False,,,,14.97966651657355,False,0.3963185274109643
41,38,960.2773363471716,1457.9969662751653,True,False,,,,13.75883132691414,False,0.4036014405762305
42,38,960.2023503311055,1475.1326352013389,True,False,,,,13.923440224198252,False,0.40432172869147665
43,38,960.1273532737226,1492.2708272692164,True,False,,,,13.930733259246555,False,0.4082432973189276
44,38,960.0523451725846,1509.4115430361196,True,False,,,,14.037815738597768,False,0.4153661464585834
45,38,959.9773260252516,1526.5547830595328,True,False,,,,14.108605025455068,False,0.4204881952781113
46,38,959.9022958292835,1543.7005478971064,True,False,,,,15.271809034949728,False,0.42168867547018807
47,38,959.8272545822389,1560.8488381066531,True,False,,,,15.437878159582365,False,0.4214485794317727
48,38,959.7522022816764,1577.999654246152,True,False,,,,15.378449804640622,False,0.42152861144457787
49,38,959.6771389251538,1595.1529968737448,True,False,,,,19.341416039517156,False,0.42432973189275713
0,39,947.685527630959,756.7824570353102,True,False,,,,30.315252925793608,False,0.21624649859943978
1,39,947.6097277454435,773.8410510649279,True,False,,,,29.469461544134187,False,0.22561024409763908
2,39,947.5339167154036,790.9021531447598,True,False,,,,29.628478180178128,False,0.22697078831532613
3,39,947.4580945383811,807.9657638279682,True,False,,,,29.61186071672681,False,0.23289315726290516
4,39,947.3822612119176,825.0318836678777,True,False,,,,32.00568052644581,False,0.23841536614645853
5,39,947.3064167335533,842.1005132179757,True,False,,,,29.948537265859667,False,0.2452180872348939
6,39,947.2305611008285,859.1716530319128,True,False,,,,29.7809612180508,False,0.25258103241296515
7,39,947.1546943112819,876.245303663502,True,False,,,,18.166331986423216,False,0.2507402961184474
8,39,947.078816362452,893.3214656667196,True,True,1249,950.9342931456988,894.1742304507986,3.9794585009539007,True,0.25546218487394956
9,39,947.0029272518767,910.4001395957042,True,False,,,,16.880200511616415,False,0.2645858343337335
10,39,946.9270269770929,927.4813260047584,True,False,,,,30.109434288423202,False,0.2691476590636255
11,39,946.8511155356367,944.5650254483473,True,False,,,,30.154178619269427,False,0.2682673069227691
12,39,946.7751929250436,961.6512384810992,True,False,,,,20.69599422531803,False,0.2787515006002401
13,39,946.6992591428486,978.7399656578057,True,True,0,942.5357605963724,982.3306225790581,4.930754720956582,True,0.315406162464986
14,39,946.6233141865855,995.8312075334217,True,False,,,,14.297926686316863,False,0.28931572629051616
15,39,946.5473580537878,1012.9249646630655,True,False,,,,31.12775591933379,False,0.2866746698679472
16,39,946.4713907419881,1030.0212376020186,True,False,,,,32.77103859324584,False,0.28675470188075225
17,39,946.395412248718,1047.120026905726,True,False,,,,28.749203214081152,False,0.29195678271308523
18,39,946.3194225715091,1064.2213331297967,True,False,,,,32.012838637339144,False,0.30028011204481797
19,39,946.2434217078916,1081.3251568300027,True,False,,,,28.76449562176006,False,0.30484193677470994
20,39,946.1674096553952,1098.4314985622798,True,False,,,,28.83581899286107,False,0.30324129651860754
21,39,946.0913864115487,1115.540358882727,True,False,,,,28.949622538022638,False,0.31028411364545816
22,39,946.0153519738807,1132.6517383476087,True,False,,,,28.99197447694389,False,0.31804721888755505
23,39,945.9393063399185,1149.7656375133515,True,False,,,,29.06163866302532,False,0.31884753901560614
24,39,945.8632495071889,1166.882056936546,True,False,,,,29.303102194601642,False,0.32332933173269307
25,39,945.787181473218,1184.0009971739476,True,False,,,,29.281133492016068,False,0.3316526610644258
26,39,945.711102235531,1201.122458782475,True,False,,,,29.310398256862197,False,0.3366946778711485
27,39,945.6350117916528,1218.2464423192114,True,False,,,,29.603914061140248,False,0.3371748699479792
28,39,945.558910139107,1235.3729483414043,True,False,,,,32.33594779095003,False,0.34237695078031205
29,39,945.4827972754169,1252.501977406464,True,False,,,,29.723751760991107,False,0.34141656662665065
30,39,945.4066731981046,1269.633530071967,True,False,,,,32.58278891419531,False,0.3387755102040816
31,39,945.3305379046922,1286.767606895653,True,False,,,,33.3512035871311,False,0.3440576230492197
32,39,945.2543913927005,1303.9042084354257,True,False,,,,29.806496627148153,False,0.35190076030412165
33,39,945.1782336596497,1321.0433352493546,True,False,,,,29.84001166388844,False,0.35350140056022405
34,39,945.1020647030591,1338.1849878956718,True,False,,,,30.14035255892396,False,0.358063225290116
35,39,945.0258845204478,1355.3291669327764,True,False,,,,32.804180982053964,False,0.35630252100840343
36,39,944.9496931093337,1372.4758729192297,True,False,,,,30.152129127731637,False,0.36094437775110044
37,39,944.873490467234,1389.6251064137589,True,False,,,,30.170309038587625,False,0.3702280912364946
38,39,944.7972765916652,1406.7768679752555,True,False,,,,32.32222750160815,False,0.363265306122449
39,39,944.7210514801434,1423.9311581627767,True,False,,,,30.34046959619752,False,0.3697478991596639
40,39,944.6448151301836,1441.0879775355434,True,False,,,,30.49454251688704,False,0.37158863545418164
41,39,944.5685675393001,1458.2473266529416,True,False,,,,29.457851932343534,False,0.3758303321328532
42,39,944.4923087050065,1475.4092060745227,True,False,,,,29.550540957383003,False,0.379031612645058
43,39,944.4160386248158,1492.5736163600034,True,False,,,,29.625783349927858,False,0.38207282913165264
44,39,944.3397572962401,1509.7405580692648,True,False,,,,29.686970057970466,False,0.3891156462585035
45,39,944.2634647167908,1526.9100317623534,True,False,,,,29.797814550445498,False,0.39063625450180073
46,39,944.1871608839789,1544.0820379994811,True,False,,,,30.872473704341136,False,0.3935974389755903
47,39,944.1108457953138,1561.2565773410242,True,False,,,,31.06034680197493,False,0.39351740696278514
48,39,944.0345194483052,1578.4336503475258,True,False,,,,31.005071150235953,False,0.4009603841536614
49,39,943.9581818404615,1595.613257579694,True,False,,,,34.74720545453581,False,0.40512204881952774
0,40,931.9809807511439,755.9623087842625,True,False,,,,46.03071730579276,False,0.20600240096038414
1,40,931.9039090153334,773.046877754317,True,False,,,,45.19268030439527,False,0.2165666266506603
2,40,931.8268259307079,790.1339624275369,True,False,,,,45.33830501911452,False,0.2205682272909164
3,40,931.7497314947608,807.223563359619,True,False,,,,45.3353658881705,False,0.23081232492997206
4,40,931.6726257049843,824.3156811064241,True,False,,,,47.53429904838484,False,0.23657462985194078
5,40,931.5955085588703,841.4103162239767,True,False,,,,45.635874486981336,False,0.23825530212084833
6,40,931.5183800539096,858.5074692684647,True,False,,,,40.48769261705201,False,0.24529811924769906
7,40,931.4412401875924,875.6071407962401,True,False,,,,26.84850750207148,False,0.23945578231292508
8,40,931.3640889574082,892.7093313638187,True,False,,,,19.67828315684582,False,0.25002000800320123
9,40,931.2869263608455,909.8140415278807,True,False,,,,25.272300681739722,False,0.2542617046818728
10,40,931.2097523953927,926.9212718452702,True,False,,,,38.41176955259738,False,0.25850340136054417
11,40,931.1325670585366,944.0310228729948,True,False,,,,39.7803869851863,False,0.2633053221288515
12,40,931.0553703477638,961.1432951682267,True,False,,,,24.034897835622207,False,0.26594637855142067
13,40,930.9781622605602,978.2580892883027,True,False,,,,12.590729860009445,False,0.27563025210084036
14,40,930.9009427944108,995.3754057907232,True,False,,,,18.035760736121816,False,0.27627050820328136
15,40,930.8237119467998,1012.4952452331534,True,False,,,,32.836290481488135,False,0.2837935174069628
16,40,930.7464697152107,1029.6176081734225,True,False,,,,48.452126300779994,False,0.2788315326130453
17,40,930.6692160971261,1046.7424951695245,True,False,,,,44.450306401237285,False,0.28675470188075225
18,40,930.5919510900284,1063.8699067796183,True,False,,,,46.52364046445349,False,0.29371748699479794
19,40,930.5146746913987,1080.9998435620264,True,False,,,,44.496567066600825,False,0.2942777110844338
20,40,930.4373868987176,1098.1323060752363,True,False,,,,44.56280950873869,False,0.2969987995198079
21,40,930.3600877094649,1115.267294877901,True,False,,,,44.65789746074283,False,0.3058823529411765
22,40,930.2827771211197,1132.4048105288368,True,False,,,,44.719055150614636,False,0.3137254901960784
23,40,930.2054551311603,1149.5448535870264,True,False,,,,44.79685712484454,False,0.3173269307723089
24,40,930.1281217370644,1166.6874246116165,True,False,,,,44.99398420397376,False,0.3170068027210885
25,40,930.0507769363085,1183.8325241619184,True,False,,,,45.00145114924814,False,0.32028811524609835
26,40,929.9734207263689,1200.9801527974093,True,False,,,,45.03724614794799,False,0.32284913965586237
27,40,929.8960531047212,1218.1303110777314,True,False,,,,45.26964234326639,False,0.325890356142457
28,40,929.8186740688396,1235.2829995626907,True,False,,,,47.09342088105499,False,0.3352541016406563
29,40,929.7412836161982,1252.4382188122604,True,False,,,,45.398652996963975,False,0.3342136854741897
30,40,929.6638817442699,1269.5959693865775,True,False,,,,47.33089902017807,False,0.342296918767507
31,40,929.5864684505275,1286.7562518459447,True,False,,,,47.90366066992375,False,0.3414965986394558
32,40,929.5090437324421,1303.9190667508303,True,False,,,,45.53141683860721,False,0.34253701480592236
33,40,929.4316075874849,1321.0844146618674,True,False,,,,45.58129377518629,False,0.34573829531812716
34,40,929.3541600131259,1338.252296139856,True,False,,,,45.79943222716467,False,0.3518207282913166
35,40,929.2767010068345,1355.4227117457601,True,False,,,,47.65279909331848,False,0.35318127250900355
36,40,929.1992305660794,1372.5956620407096,True,False,,,,45.8742623065345,False,0.35222088835534215
37,40,929.1217486883285,1389.771147586001,True,False,,,,45.91242650076652,False,0.3551820728291317
38,40,929.0442553710487,1406.9491689430959,True,False,,,,48.046342632630314,False,0.3564625850340136
39,40,928.9667506117067,1424.1297266736217,True,False,,,,46.082488918776264,False,0.36366546618647455
40,40,928.8892344077682,1441.3128213393716,True,False,,,,46.18899904366717,False,0.3661464585834334
41,40,928.8117067566976,1458.4984535023048,True,False,,,,45.21313093716533,False,0.3739095638255302
42,40,928.7341676559594,1475.6866237245465,True,False,,,,45.28488197003189,False,0.3737494997999199
43,40,928.6566171030171,1492.8773325683885,True,False,,,,45.38222945288976,False,0.3710284113645458
44,40,928.579055095333,1510.070580596288,True,False,,,,45.430452963411966,False,0.3756702681072429
45,40,928.5014816303695,1527.2663683708681,True,False,,,,45.55492947447149,False,0.37919167667066833
46,40,928.4238967055871,1544.4646964549188,True,False,,,,46.601400784390115,False,0.38751500600240096
47,40,928.3463003184469,1561.6655654113963,True,False,,,,46.79747924580741,False,0.3908763505402161
48,40,928.268692466408,1578.868975803423,True,False,,,,46.7449924540843,False,0.3979191676670668
49,40,928.1910731469295,1596.0749281942878,True,False,,,,49.492210999182625,False,0.3963185274109643
0,41,916.2284266686056,755.1396534234173,True,False,,,,61.79958059097843,False,0.20744297719087634
1,41,916.1500756546232,772.2502765576597,True,False,,,,60.965348508247885,False,0.21920768307322924
2,41,916.0717130858155,789.3634230831001,True,False,,,,61.1044514892615,False,0.21520608243297323
3,41,915.9933389596265,806.4790935579856,True,False,,,,61.10817844992963,False,0.22304921968787517
4,41,915.9149532734989,823.5972885407282,True,False,,,,62.580102183031315,False,0.23049219687875144
5,41,915.8365560248752,840.7180085899046,True,False,,,,61.39109310115393,False,0.23329331732693082
6,41,915.7581472111967,857.8412542642563,True,False,,,,50.49201007258317,False,0.23529411764705888
7,41,915.6797268299042,874.9670261226897,True,False,,,,40.12201130831509,False,0.2442577030812325
8,41,915.6012948784376,892.0953247242761,True,False,,,,35.44990990382465,False,0.24601840736294522
9,41,915.5228513542361,909.2261506282518,True,False,,,,38.60652456499863,False,0.25242096838735495
10,41,915.4443962547383,926.3595043940182,True,False,,,,48.07638175150615,False,0.25370148059223696
11,41,915.3659295773817,943.4953865811417,True,False,,,,47.39458938167888,False,0.25450180072028805
12,41,915.2874513196033,960.6337977493536,True,False,,,,34.99285574197805,False,0.26658663465386156
13,41,915.2089614788393,977.774738458551,True,False,,,,28.11040122762895,False,0.2677871148459383
14,41,915.1304600525253,994.9182092687962,True,False,,,,30.71793267126384,False,0.2680272108843538
15,41,915.0519470380957,1012.0642107403163,True,False,,,,41.048147726780044,False,0.2765106042416967
16,41,914.9734224329844,1029.212743433504,True,False,,,,54.904755646827404,False,0.2737895158063226
17,41,914.894886234625,1046.3638079089183,True,False,,,,60.215003061296244,False,0.2837935174069628
18,41,914.8163384404494,1063.5174047272826,True,False,,,,61.683006973360925,False,0.2853941576630652
19,41,914.7377790478895,1080.6735344494866,True,False,,,,60.276817972896396,False,0.2897158863545418
20,41,914.6592080543759,1097.8321976365853,True,False,,,,60.341025266880116,False,0.2933173269307723
21,41,914.580625457339,1114.9933948497994,True,False,,,,60.42754052130501,False,0.29787915166066425
22,41,914.5020312542082,1132.157126650516,True,False,,,,60.498172791838144,False,0.30932372949179676
23,41,914.4234254424118,1149.3233936002866,True,False,,,,60.58035309695026,False,0.31820728291316525
24,41,914.344808019378,1166.4921962608307,True,False,,,,60.75653875327859,False,0.3139655862344938
25,41,914.2661789825336,1183.6635351940317,True,False,,,,60.77874696940679,False,0.3197278911564626
26,41,914.1875383293051,1200.8374109619403,True,False,,,,60.818227132734776,False,0.3200480192076831
27,41,914.108886057118,1218.0138241267732,True,False,,,,61.02144996062728,False,0.3244497799119648
28,41,914.030222163397,1235.1927752509123,True,False,,,,62.38079134049051,False,0.32709083633453373
29,41,913.9515466455663,1252.374264896907,True,False,,,,61.15602678400772,False,0.33077230892356946
30,41,913.8728595010492,1269.5582936274723,True,False,,,,62.61273537921198,False,0.3352541016406563
31,41,913.794160727268,1286.7448620054893,True,False,,,,63.078316371880625,False,0.3384553821528611
32,41,913.7154503216447,1303.9339705940054,True,False,,,,61.315057461746555,False,0.34269707883153255
33,41,913.6367282816001,1321.1256199562351,True,False,,,,61.373594780426984,False,0.34301720688275317
34,41,913.5579946045546,1338.3198106555596,True,False,,,,61.55212279543964,False,0.34509803921568627
35,41,913.4792492879276,1355.5165432555257,True,False,,,,62.988091809130516,False,0.34917967186874743
36,41,913.4004923291376,1372.7158183198476,True,False,,,,61.659346529452094,False,0.35062024809923964
37,41,913.3217237256029,1389.9176364124053,True,False,,,,61.7080796459511,False,0.35174069627851146
38,41,913.2429434747404,1407.121998097247,True,False,,,,63.523924400830545,False,0.35270108043217296
39,41,913.1641515739667,1424.3289039385863,True,False,,,,61.879689269763844,False,0.3647058823529412
40,41,913.0853480206976,1441.5383545008046,True,False,,,,61.963568556707976,False,0.3637454981992797
41,41,913.0065328123474,1458.75035034845,True,False,,,,61.018577219676125,False,0.3623049219687875
42,41,912.9277059463308,1475.964892046237,True,False,,,,61.08106539226198,False,0.3663065226090436
43,41,912.8488674200609,1493.1819801590486,True,False,,,,61.19004864537841,False,0.36606642657062827
44,41,912.7700172309503,1510.4016152519332,True,False,,,,61.23290662874693,False,0.372468987595038
45,41,912.6911553764108,1527.6237978901079,True,False,,,,61.364963492595116,False,0.3807122849139656
46,41,912.6122818538535,1544.8485286389557,True,False,,,,62.398343421747406,False,0.37871148459383763
47,41,912.5333966606889,1562.0758080640283,True,False,,,,62.599430861036,False,0.3898359343737494
48,41,912.4544997943262,1579.3056367310435,True,False,,,,62.54935440376034,False,0.39447779111644665
49,41,912.3755912521744,1596.5380152058872,True,False,,,,64.77130937355587,False,0.3945578231292517
0,42,900.427644916667,754.3144794392067,True,False,,,,77.61882692914875,False,0.19975990396158472
1,42,900.3480071462417,771.4512363243899,True,False,,,,76.78684300991391,False,0.21112444977991196
2,42,900.2683576132455,788.5905243240992,True,False,,,,76.92208636313075,False,0.2160864345738296
3,42,900.1886963150721,805.7323439991482,True,False,,,,76.9297683703768,False,0.21720688275310118
4,42,900.1090232491149,822.8766959105159,True,False,,,,77.96173165904571,False,0.22553021208483393
5,42,900.0293384127657,840.0235806193466,True,False,,,,74.2392227316298,False,0.23129251700680276
6,42,899.9496418034162,857.1729986869511,True,False,,,,62.94733590638143,False,0.23329331732693082
7,42,899.869933418457,874.3249506748059,True,False,,,,54.78495481956559,False,0.23889555822328923
8,42,899.7902132552782,891.4794371445532,True,False,,,,51.2717806941415,False,0.2483393357342938
9,42,899.710481311269,908.6364586580013,True,False,,,,53.33704762516456,False,0.2494597839135655
10,42,899.6307375838176,925.7960157771248,True,False,,,,60.41347317016116,False,0.24985994397759104
11,42,899.5509820703116,942.9581090640638,True,False,,,,58.41306709040295,False,0.2549019607843137
12,42,899.4712147681381,960.1227390811257,True,False,,,,48.717242215401136,False,0.26418567426970785
13,42,899.3914356746831,977.2899063907828,True,False,,,,43.86219174098455,False,0.2569827931172469
14,42,899.3116447873318,994.4596115556744,True,False,,,,45.43032358795792,False,0.2669867947178872
15,42,899.2318421034687,1011.6318551386065,True,False,,,,52.85544895856109,False,0.27114845938375354
16,42,899.1520276204778,1028.8066377025507,True,False,,,,64.13661992039476,False,0.2747498999599839
17,42,899.072201335742,1045.9839598106457,True,False,,,,76.0339344556272,False,0.2803521408563425
18,42,898.9923632466434,1063.1638220261968,True,False,,,,77.13914087651992,False,0.28547418967587035
19,42,898.9125133505635,1080.3462249126753,True,False,,,,76.1054570754794,False,0.2879551820728291
20,42,898.8326516448827,1097.5311690337196,True,False,,,,76.16879123318637,False,0.2921968787515006
21,42,898.7527781269815,1114.718654953135,True,False,,,,76.2506085765548,False,0.30012004801920766
22,42,898.6728927942386,1131.908683234893,True,False,,,,76.32716183084098,False,0.3028411364545819
23,42,898.5929956440325,1149.101254443133,True,False,,,,76.41228996849149,False,0.3068427370948379
24,42,898.5130866737404,1166.2963691421598,True,False,,,,76.57652898708515,False,0.31092436974789917
25,42,898.4331658807396,1183.4940278964468,True,False,,,,76.6078323882756,False,0.31532613045218083
26,42,898.3532332624058,1200.6942312706333,True,False,,,,76.64991068738638,False,0.32316926770708276
27,42,898.2732888161142,1217.8969798295261,True,False,,,,76.83633895244317,False,0.3197278911564626
28,42,898.1933325392396,1235.102274138099,True,False,,,,77.91619699406363,False,0.32789115646258504
29,42,898.1133644291552,1252.3101147614932,True,False,,,,76.97512573862574,False,0.3314925970388155
30,42,898.0333844832345,1269.5205022650175,True,False,,,,78.14514627028316,False,0.331812725090036
31,42,897.953392698849,1286.7334372141477,True,False,,,,78.54455828325818,False,0.33869547819127654
32,42,897.8733890733705,1303.9489201745268,True,False,,,,77.1512307281897,False,0.33933573429371744
33,42,897.7933736041692,1321.166951711965,True,False,,,,77.21544492990668,False,0.3427771108443377
34,42,897.7133462886153,1338.3875323924417,True,False,,,,77.37103310748249,False,0.343577430972389
35,42,897.6333071240775,1355.610662782102,True,False,,,,78.55479175661667,False,0.3445378151260504
36,42,897.5532561079241,1372.8363434472594,True,False,,,,77.49866439904375,False,0.3519807923169268
37,42,897.4731932375227,1390.0645749543955,True,False,,,,77.5542921863698,False,0.35190076030412165
38,42,897.3931185102398,1407.295357870159,True,False,,,,78.9876860955705,False,0.3539015606242497
39,42,897.3130319234415,1424.5286927613668,True,False,,,,77.72811136268274,False,0.3535814325730292
40,42,897.2329334744926,1441.7645801950034,True,False,,,,77.7991885413162,False,0.364545818327331
41,42,897.1528231607576,1459.003020738222,True,False,,,,76.87327676273163,False,0.3664665866346539
42,42,897.0727009796001,1476.2440149583435,True,False,,,,76.93101356382373,False,0.36902761104441784
43,42,896.9925669283828,1493.4875634228563,True,False,,,,77.04760035239477,False,0.3719887955182073
44,42,896.9124210044679,1510.7336666994174,True,False,,,,77.08803907753396,False,0.3687074829931972
45,42,896.8322632052161,1527.9823253558523,True,False,,,,77.22534471633779,False,0.37783113245298117
46,42,896.7520935279884,1545.2335399601548,True,False,,,,78.25166022676673,False,0.37895158063225287
47,42,896.6719119701443,1562.4873110804865,True,False,,,,78.45651875495042,False,0.3853541416566626
48,42,896.5917185290424,1579.7436392851776,True,False,,,,78.40870056342611,False,0.3900760304121649
49,42,896.5115132020409,1597.0025251427264,True,False,,,,80.3078869810248,False,0.38783513405362147
0,43,884.5784136766297,753.4867752474562,True,False,,,,93.48762238572986,False,0.19255702280912368
1,43,884.497481620687,770.6497458355548,True,False,,,,92.6571158958625,False,0.207843137254902
2,43,884.4165375926767,787.8152552970204,True,False,,,,92.78980859108007,False,0.21224489795918366
3,43,884.3355815899423,804.9833041952481,True,False,,,,92.80011678910569,False,0.21528611444577828
4,43,884.2546136098265,822.1538930937999,True,False,,,,93.53835477491624,False,0.2160864345738296
5,43,884.1736336496707,839.3270225564041,True,False,,,,86.3417494734521,False,0.2299319727891156
6,43,884.0926417068159,856.5026931469557,True,False,,,,76.69838730380104,False,0.23521408563425372
7,43,884.0116377786023,873.6809054295175,True,False,,,,70.00218766059666,False,0.2304121648659464
8,43,883.9306218623695,890.8616599683183,True,False,,,,67.14276328781023,False,0.2423369347739095
9,43,883.8495939554558,908.0449573277544,True,False,,,,68.60348284369825,False,0.2416966786714686
10,43,883.768554055199,925.230798072389,True,False,,,,74.13116802038823,False,0.2483393357342938
11,43,883.6875021589365,942.4191827669525,True,False,,,,71.30647581378618,False,0.25642256902761107
12,43,883.6064382640039,959.6101119763428,True,False,,,,63.47363437994933,False,0.2577831132452981
13,43,883.5253623677372,976.8035862656245,True,False,,,,59.70121637946563,False,0.2661864745898359
14,43,883.4442744674708,993.9996062000298,True,False,,,,60.752571901621955,False,0.2665066026410564
15,43,883.3631745605385,1011.1981723449583,True,False,,,,66.40093536075143,False,0.26850740296118447
16,43,883.2820626442733,1028.3992852659771,True,False,,,,75.6249014228516,False,0.2785914365746298
17,43,883.2009387160077,1045.6029455288208,True,False,,,,87.29984198375624,False,0.27643057222889156
18,43,883.1198027730733,1062.8091536993916,True,False,,,,92.76877201382796,False,0.2784313725490196
19,43,883.0386548128004,1080.017910343759,True,False,,,,91.98270320035535,False,0.28851540616246507
20,43,882.9574948325192,1097.2292160281604,True,False,,,,92.04573246727402,False,0.2857142857142857
21,43,882.8763228295586,1114.4430713190013,True,False,,,,92.12474264603091,False,0.29467787114845934
22,43,882.7951388012472,1131.6594767828549,True,False,,,,92.20548999242232,False,0.2982793117246898
23,43,882.7139427449121,1148.8784329864613,True,False,,,,92.29287229388424,False,0.30676270508203285
24,43,882.6327346578804,1166.0999404967304,True,False,,,,92.44956555284925,False,0.30516206482593045
25,43,882.5515145374782,1183.3239998807383,True,False,,,,92.4872069042654,False,0.31308523409363753
26,43,882.4702823810301,1200.5506117057305,True,False,,,,92.53135585247198,False,0.3162064825930372
27,43,882.389038185861,1217.77977653912,True,False,,,,92.70706841551879,False,0.31852741096438575
28,43,882.307781949294,1235.011494948487,True,False,,,,93.60099512267016,False,0.32597038815526214
29,43,882.2265136686524,1252.2457675015828,True,False,,,,92.84941587174856,False,0.3282913165266107
30,43,882.1452333412576,1269.4825947663242,True,False,,,,93.82850341384759,False,0.33301320528211276
31,43,882.0639409644314,1286.7219773107977,True,False,,,,94.18348605968288,False,0.3374949979991996
32,43,881.9826365354935,1303.9639157032577,True,False,,,,93.03809365403835,False,0.3384553821528611
33,43,881.9013200517641,1321.2084105121276,True,False,,,,93.10652213497123,False,0.33741496598639453
34,43,881.8199915105617,1338.4554623059994,True,False,,,,93.24740065844182,False,0.3397358943577431
35,43,881.7386509092045,1355.7050716536332,True,False,,,,94.26297376630153,False,0.3454981992797119
36,43,881.6572982450094,1372.9572391239578,True,False,,,,93.38953492847786,False,0.3434173669467787
37,43,881.5759335152931,1390.211965286072,True,False,,,,93.45024873677828,False,0.3531012404961984
38,43,881.4945567173712,1407.4692507092416,True,False,,,,94.62774750796821,False,0.34757903161264503
39,43,881.4131678485584,1424.7290959629022,True,False,,,,93.62661543021213,False,0.3585434173669467
40,43,881.3317669061688,1441.9915016166583,True,False,,,,93.68976441787106,False,0.36174469787915164
41,43,881.2503538875155,1459.2564682402838,True,False,,,,92.77709039903394,False,0.36446578631452586
42,43,881.1689287899112,1476.5239964037212,True,False,,,,92.83229158776727,False,0.3664665866346539
43,43,881.0874916106674,1493.794086677082,True,False,,,,92.95451110923479,False,0.37078831532613044
44,43,881.0060423470948,1511.066739630647,True,False,,,,92.99398160165329,False,0.37543017206882756
45,43,880.9245809965037,1528.3419558348664,True,False,,,,93.13539762882104,False,0.37286914765906365
46,43,880.8431075562031,1545.61973586036,True,False,,,,94.15766031231146,False,0.3803921568627451
47,43,880.7616220235016,1562.9000802779165,True,False,,,,94.36568587347529,False,0.3805522208883553
48,43,880.6801243957068,1580.182989658494,True,False,,,,94.32005311292217,False,0.3871148459383754
49,43,880.5986146701254,1597.4684645732204,True,False,,,,95.83795289845426,False,0.38655462184873957
0,44,868.6805097673938,752.6565291928412,True,False,,,,109.40574337469457,False,0.19079631852741097
1,44,868.5982758456428,769.8457938032902,True,False,,,,108.57627758193304,False,0.20392156862745103
2,44,868.516029740561,787.0376050816776,True,False,,,,108.70716051047208,False,0.2086434573829532
3,44,868.4337714494411,804.2319635939962,True,False,,,,108.71934614259402,False,0.21680672268907564
4,44,868.3515009695743,821.4288699064061,True,False,,,,109.24795379732275,False,0.22112845138055226
5,44,868.2692182982516,838.6283245852356,True,False,,,,99.55101546051833,False,0.22496998799519807
6,44,868.1869234327626,855.8303281969809,True,False,,,,91.18623523362132,False,0.2320128051220488
7,44,868.1046163703963,873.0348813083056,True,False,,,,85.5054432703322,False,0.23385354141656667
8,44,868.0222971084414,890.2419844860418,True,False,,,,83.06275854896055,False,0.23729491796718682
9,44,867.9399656441848,907.4516382971896,True,False,,,,84.14223600587057,False,0.24641856742697077
10,44,867.8576219749135,924.6638433089165,True,False,,,,88.61673831810877,False,0.24873949579831933
11,44,867.7752660979132,941.8786000885594,True,False,,,,85.2554240004324,False,0.24649859943977592
12,44,867.6928980104692,959.0959092036225,True,False,,,,78.71313095837505,False,0.2558623449379752
13,44,867.6105177098653,976.3157712217785,True,False,,,,75.60346881445115,False,0.25714285714285723
14,44,867.5281251933852,993.5381867108689,True,False,,,,76.34876318186303,False,0.2610644257703082
15,44,867.4457204583116,1010.7631562389025,True,False,,,,80.84409881919095,False,0.27162865146058424
16,44,867.3633035019261,1027.990680374058,True,False,,,,88.52148066097011,False,0.2720288115246099
17,44,867.28087432151,1045.2207596846818,True,False,,,,98.64203185571168,False,0.27659063625450175
18,44,867.1984329143431,1062.4533947392888,True,False,,,,108.5185002967509,False,0.27867146858743497
19,44,867.1159792777053,1079.6885861065632,True,False,,,,107.90877888937162,False,0.2813925570228091
20,44,867.0335134088748,1096.9263343553575,True,False,,,,107.97182495794031,False,0.28467386954781915
21,44,866.9510353051295,1114.1666400546928,True,False,,,,108.04909319629296,False,0.2901960784313725
22,44,866.8685449637464,1131.4095037737595,True,False,,,,108.13306734783087,False,0.2939575830332133
23,44,866.7860423820016,1148.654926081917,True,False,,,,108.22231677059526,False,0.29803921568627456
24,44,866.7035275571708,1165.9029075486928,True,False,,,,108.37394571627918,False,0.30580232092837134
25,44,866.621000486528,1183.1534487437843,True,False,,,,108.41637509894629,False,0.30884353741496595
26,44,866.5384611673475,1200.4065502370584,True,False,,,,108.46230077332052,False,0.3163665466186474
27,44,866.4559095969015,1217.6622125985498,True,False,,,,108.63073212022553,False,0.31820728291316525
28,44,866.3733457724629,1234.9204363984636,True,False,,,,109.39235661322797,False,0.326530612244898
29,44,866.2907696913027,1252.1812222071733,True,False,,,,108.77628334402856,False,0.3252501000400161
30,44,866.2081813506913,1269.4445705952228,True,False,,,,109.6194156320585,False,0.3298919567827131
31,44,866.1255807478985,1286.7104821333244,True,False,,,,109.94275112110736,False,0.33221288515406167
32,44,866.0429678801933,1303.9789573923606,True,False,,,,108.97500227445457,False,0.33061224489795915
33,44,865.9603427448436,1321.2499969433832,True,False,,,,109.04682180916804,False,0.34125650260104035
34,44,865.8777053391167,1338.5236013576132,True,False,,,,109.17765586225705,False,0.34461784713885557
35,44,865.7950556602792,1355.7997712064423,True,False,,,,110.07340075418615,False,0.34917967186874743
36,44,865.7123937055964,1373.0785070614304,True,False,,,,109.33095671074983,False,0.3489395758303322
37,44,865.6297194723332,1390.359809494309,True,False,,,,109.39573558210554,False,0.351500600240096
38,44,865.5470329577541,1407.6436790769785,True,False,,,,110.39047035317742,False,0.35206082432973185
39,44,865.4643341591217,1424.9301163815087,True,False,,,,109.57484963810694,False,0.35110044017607045
40,44,865.3816230736987,1442.21912198014,True,False,,,,109.61946068623963,False,0.35934373749499804
41,44,865.2988996987466,1459.5106964452834,True,False,,,,108.73009152641927,False,0.36686674669867947
42,44,865.2161640315262,1476.8048403495193,True,False,,,,108.78401102783897,False,0.36686674669867947
43,44,865.1334160692973,1494.1015542655982,True,False,,,,108.91075583064878,False,0.3692677070828331
44,44,865.050655809319,1511.400838766441,True,False,,,,108.95008155708815,False,0.3711884753901561
45,44,864.9678832488501,1528.7026944251388,True,False,,,,109.0949697705735,False,0.3732693077230892
46,44,864.8850983851474,1546.007121814954,True,False,,,,110.11490184515857,False,0.37398959583833535
47,44,864.8023012154682,1563.3141215093178,True,False,,,,110.32575721390809,False,0.3779111644657863
48,44,864.719491737068,1580.6236940818335,True,False,,,,110.28227190731215,False,0.38319327731092445
49,44,864.6366699472019,1597.9358401062736,True,False,,,,111.52632807294455,False,0.3869547819127651
0,45,852.7337086349823,751.8237295483407,True,False,,,,125.37319302041492,False,0.19479791916766698
1,45,852.6501652154982,769.0393688702907,True,False,,,,124.54449725562657,False,0.19631852741096434
2,45,852.5666093996384,786.2575626907006,True,False,,,,124.67403110427841,False,0.20472188875550223
3,45,852.4830411846433,803.478311578177,True,False,,,,124.68763151370138,False,0.21336534613845537
4,45,852.3994605677528,820.7016161014944,True,False,,,,122.86056917686336,False,0.21840736294517815
5,45,852.3158675462062,837.9274768295967,True,False,,,,113.50192004038233,False,0.22569027611044412
6,45,852.2322621172412,855.1558943315969,True,False,,,,106.13166630019246,False,0.23081232492997206
7,45,852.148644278096,872.3868691767766,True,False,,,,101.18655025269011,False,0.2370548219287716
8,45,852.0650140260065,889.6204019345862,True,False,,,,99.03187531743947,False,0.2397759103641457
9,45,851.9813713582088,906.8564931746458,True,False,,,,99.84977834151998,False,0.24441776710684282
10,45,851.8977162719375,924.0951434667442,True,False,,,,103.57113642517068,False,0.24561824729891957
11,45,851.8140487644271,941.3363533808395,True,False,,,,99.84192435597508,False,0.2504201680672269
12,45,851.7303688329109,958.5801234870592,True,False,,,,94.22651531951011,False,0.2513805522208884
13,45,851.6466764746212,975.8264543556999,True,False,,,,91.56168622821872,False,0.25418167266906766
14,45,851.5629716867899,993.0753465572276,True,False,,,,92.10533886867516,False,0.25898359343737487
15,45,851.4792544666475,1010.3268006622784,True,False,,,,95.80425094295722,False,0.2594637855142057
16,45,851.3955248114244,1027.5808172416569,True,False,,,,102.31808625551835,False,0.27018807523009203
17,45,851.3117827183494,1044.837396866338,True,False,,,,111.15425153013642,False,0.2709083633453382
18,45,851.228028184651,1062.096540107466,True,False,,,,121.80948463918608,False,0.2709083633453382
19,45,851.144261207557,1079.3582475363548,True,False,,,,123.88390891435843,False,0.28083233293317333
20,45,851.0604817842939,1096.6225197244885,True,False,,,,123.94717272875076,False,0.2853941576630652
21,45,850.9766899120876,1113.8893572435204,True,False,,,,124.0233594408006,False,0.2866746698679472
22,45,850.8928855881633,1131.1587606652745,True,False,,,,124.10996547921131,False,0.29091636654661857
23,45,850.8090688097451,1148.4307305617438,True,False,,,,124.20084539354984,False,0.2987595038015206
24,45,850.7252395740564,1165.7052675050925,True,False,,,,124.34894774837655,False,0.30676270508203285
25,45,850.64139787832,1182.9823720676532,True,False,,,,124.3952089109399,False,0.306202480992397
26,45,850.5575437197575,1200.2620448219307,True,False,,,,124.44273218050446,False,0.3158863545418167
27,45,850.47367709559,1217.5442863405983,True,False,,,,124.60601301826475,False,0.314765906362545
28,45,850.3897980030376,1234.8290971965007,True,False,,,,125.26886355595721,False,0.32773109243697485
29,45,850.3059064393195,1252.1164779626524,True,False,,,,124.75455387413439,False,0.31948779511804726
30,45,850.2220024016542,1269.4064292122382,True,False,,,,125.49613949789666,False,0.3250100040016006
31,45,850.1380858872592,1286.698951518614,True,False,,,,125.7959446108148,False,0.332452981192477
32,45,850.0541568933515,1303.9940454553052,True,False,,,,124.96175385656619,False,0.3373349339735894
33,45,849.9702154171473,1321.291711596009,True,False,,,,125.03645689030786,False,0.3392557022809124
34,45,849.8862614558612,1338.5919505145926,True,False,,,,125.16014690701708,False,0.34285714285714286
35,45,849.802295006708,1355.8947627850937,True,False,,,,125.96638348560057,False,0.3450180072028811
36,45,849.718316066901,1373.200148981721,True,False,,,,125.32254897909682,False,0.34693877551020413
37,45,849.634324633653,1390.5081096788542,True,False,,,,125.39076191738154,False,0.35286114445778316
38,45,849.5503207041756,1407.8186454510444,True,False,,,,126.24869445767891,False,0.3567827130852341
39,45,849.46630427568,1425.1317568730124,True,False,,,,125.57275446257364,False,0.352781112444978
40,45,849.3822753453763,1442.447444519651,True,False,,,,125.46455343683422,False,0.35478191276510607
41,45,849.298233910474,1459.7657089660238,True,False,,,,124.73243207735351,False,0.361984793917567
42,45,849.2141799681816,1477.0865507873657,True,False,,,,124.78585004739985,False,0.36286514605842335
43,45,849.1301135157066,1494.409970559083,True,False,,,,124.91643786873738,False,0.3682272909163665
44,45,849.046034550256,1511.7359688567524,True,False,,,,124.95613282978125,False,0.37126850740296113
45,45,848.9619430690357,1529.0645462561233,True,False,,,,125.1041015208504,False,0.37286914765906365
46,45,848.8778390692511,1546.3957033331155,True,False,,,,126.12278168106492,False,0.37735094037615047
47,45,848.7937225481064,1563.7294406638202,True,False,,,,126.33626145562714,False,0.3837535014005602
48,45,848.7095935028051,1581.065758824501,True,False,,,,126.29490336153209,False,0.38127250900360143
49,45,848.6254519305502,1598.4046583915929,True,False,,,,127.33318923061888,False,0.3879951980792318
0,46,836.7377843419675,750.9883645146848,True,False,,,,141.3900750895365,False,0.19127651060424167
1,46,836.652923740772,768.2304596092746,True,False,,,,140.56197057667006,False,0.19823929571828725
2,46,836.5680505283572,785.4751170690176,True,False,,,,140.6904618707075,False,0.20408163265306123
3,46,836.483164701911,802.7223374651495,True,False,,,,140.7051718102836,False,0.21080432172869146
4,46,836.3982662586218,819.9721213690765,True,False,,,,136.43197642460686,False,0.21904761904761905
5,46,836.3133551956757,837.2244693523735,True,False,,,,127.97065045076864,False,0.22561024409763908
6,46,836.2284315102596,854.4793819867867,True,False,,,,121.38530463668774,False,0.2305722288915566
7,46,836.143495199558,871.7368598442314,True,False,,,,116.99429090587867,False,0.2304121648659464
8,46,836.0585462607555,888.9969034967935,True,False,,,,115.05028797144001,False,0.23673469387755097
9,46,835.9735846910357,906.2595135167282,True,False,,,,115.67787986688367,False,0.2424969987995198
10,46,835.8886104875813,923.524690476462,True,False,,,,118.83744924564249,False,0.23945578231292508
11,46,835.8036236475741,940.7924349485909,True,False,,,,114.84392243630938,False,0.24633853541416573
12,46,835.7186241681951,958.0627475058812,True,False,,,,109.91945076887968,False,0.25178071228491405
13,46,835.6336120466243,975.33562872127,True,False,,,,107.57302220675747,False,0.25706282513005196
14,46,835.5485872800413,992.6110791678648,True,False,,,,107.9740760396754,False,0.25530212084833936
15,46,835.4635498656244,1009.889099418943,True,False,,,,111.09405912965258,False,0.2593037214885955
16,46,835.3784998005515,1027.1696900479535,True,False,,,,116.71627223402952,False,0.263625450180072
17,46,835.2934370819991,1044.452851628515,True,False,,,,124.50326249597879,False,0.26866746698679467
18,46,835.2083617071434,1061.7385847344171,True,False,,,,134.07937642048407,False,0.2726690676270508
19,46,835.1232736731594,1079.0268899396208,True,False,,,,139.90831980745463,False,0.2771508603441376
20,46,835.0381729772215,1096.317767818257,True,False,,,,139.97193621818434,False,0.28355342136854733
21,46,834.9530596165031,1113.6112189446278,True,False,,,,140.04748002548192,False,0.2915566226490597
22,46,834.8679335881766,1130.9072438932064,True,False,,,,140.13632702749356,False,0.2923569427771108
23,46,834.7827948894142,1148.2058432386377,True,False,,,,140.2286832552757,False,0.2939575830332133
24,46,834.6976435173865,1165.507017555736,True,False,,,,140.3742787187839,False,0.3005202080832333
25,46,834.6124794692638,1182.810767419488,True,False,,,,140.42374131613386,False,0.3008403361344538
26,46,834.527302742215,1200.1170934050513,True,False,,,,140.47274606037575,False,0.30980392156862746
27,46,834.442113333409,1217.4259960877548,True,False,,,,140.632290090034,False,0.31676670668267304
28,46,834.3569112400129,1234.7374760430985,True,False,,,,141.21870170730972,False,0.31756702681072435
29,46,834.2716964591935,1252.0515338467542,True,False,,,,140.78368443266672,False,0.3222889155662264
30,46,834.1864689881171,1269.368170074565,True,False,,,,141.44666304716063,False,0.32629051620648264
31,46,834.101228823948,1286.6873853025445,True,False,,,,141.7284018388488,False,0.32741096438575434
32,46,834.015975963851,1304.0091801068802,True,False,,,,140.9983398417418,False,0.33381352541016407
33,46,833.9307104049891,1321.3335550639292,True,False,,,,141.07559263015548,False,0.3362144857943178
34,46,833.8454321445248,1338.660510750221,True,False,,,,141.19406579214063,False,0.33837535014005604
35,46,833.76014117962,1355.9900477424571,True,False,,,,141.93103661791918,False,0.3368547418967587
36,46,833.6748375074351,1373.3221666175104,True,False,,,,141.36420460846648,False,0.34661864745898363
37,46,833.5895211251305,1390.6568679524264,True,False,,,,141.43543573990405,False,0.3446978791516606
38,46,833.504192029865,1407.9941523244215,True,False,,,,142.18729704946514,False,0.35206082432973185
39,46,833.4188502187968,1425.3340203108849,True,False,,,,141.6203998892846,False,0.3494197679071629
40,46,833.3334956890836,1442.676472489378,True,False,,,,141.39387849337962,False,0.35630252100840343
41,46,833.2481284378819,1460.021509437634,True,False,,,,140.7842990802622,False,0.3553421368547419
42,46,833.162748462347,1477.369131733558,True,False,,,,140.83773528041712,False,0.35934373749499804
43,46,833.0773557596344,1494.7193399552284,True,False,,,,140.9717175514266,False,0.3618247298919568
44,46,832.9919503268976,1512.072134680895,True,False,,,,141.01212552609115,False,0.36950780312124853
45,46,832.9065321612901,1529.427516488981,True,False,,,,141.1629185339169,False,0.37110844337735094
46,46,832.8211012599642,1546.7854859580807,True,False,,,,142.1810684835351,False,0.37206882753101245
47,46,832.735657620071,1564.146043666962,True,False,,,,142.39703987636068,False,0.37655062024809927
48,46,832.6502012387617,1581.5091901945652,True,False,,,,142.35779874108903,False,0.3800720288115246
49,46,832.5647321131856,1598.874926120003,True,False,,,,143.23607575559984,False,0.38143257302921163
0,47,820.692509556802,750.1504222197977,True,False,,,,157.45654405360193,False,0.18247298919567823
1,47,820.6063240374373,767.4190545224444,True,False,,,,156.62890699475577,False,0.19175670268107237
2,47,820.5201256901947,784.690257093332,True,False,,,,156.7209993343606,False,0.20272108843537417
3,47,820.4339145122105,801.9640305063423,True,False,,,,156.76850738230476,False,0.20408163265306123
4,47,820.3476905006193,819.2403753355283,True,False,,,,150.5291581637746,False,0.21552621048419374
5,47,820.2614536525551,836.5192921551136,True,False,,,,142.81666315732272,False,0.22240896358543416
6,47,820.1752039651517,853.8007815394928,True,False,,,,136.86162509043663,False,0.22464985994397757
7,47,820.088941435541,871.0848440632319,True,False,,,,132.90150347559512,False,0.2313725490196078
8,47,820.0026660608548,888.3714803010673,True,False,,,,131.11819756679537,False,0.23001200480192074
9,47,819.9163778382239,905.6606908279076,True,False,,,,131.60124509150867,False,0.2316926770708284
10,47,819.830076764778,922.9524762188316,True,False,,,,134.32719248438136,False,0.238655462184874
11,47,819.7437628376462,940.2468370490901,True,False,,,,130.13618488271297,False,0.243297318927571
12,47,819.6574360539564,957.5437738941049,True,False,,,,125.74376754386881,False,0.24337735094037605
13,47,819.5710964108362,974.8432873294695,True,False,,,,123.63621143286312,False,0.24881952781112449
14,47,819.4847439054118,992.1453779309486,True,False,,,,123.93121955937283,False,0.2552220888355342
15,47,819.3983785348091,1009.4500462744787,True,False,,,,126.61305568264024,False,0.2509003601440576
16,47,819.3120002961524,1026.757292936168,True,False,,,,131.53682580065913,False,0.26434573829531804
17,47,819.2256091865657,1044.067118492296,True,False,,,,138.46453343428226,False,0.26850740296118447
18,47,819.1392052031722,1061.3795235193143,True,False,,,,147.1142591384508,False,0.262985194077631
19,47,819.0527883430939,1078.6945085938462,True,False,,,,155.98223968452317,False,0.2739495798319328
20,47,818.9663586034521,1096.012074292687,True,False,,,,156.04630433331093,False,0.27643057222889156
21,47,818.879915981367,1113.3322211928032,True,False,,,,156.12151217087398,False,0.28611444577831135
22,47,818.7934604739588,1130.654949871335,True,False,,,,156.21233034094743,False,0.2923569427771108
23,47,818.7069920783456,1147.980260905593,True,False,,,,156.30605769197751,False,0.2982793117246898
24,47,818.6205107916455,1165.3081548730602,True,False,,,,156.44985796018173,False,0.29307723089235693
25,47,818.5340166109754,1182.638632351393,True,False,,,,156.5020854505256,False,0.30580232092837134
26,47,818.4475095334515,1199.9716939184184,True,False,,,,156.55249302554407,False,0.3100440176070428
27,47,818.3609895561892,1217.307340152137,True,False,,,,156.70928705492858,False,0.3168467386954782
28,47,818.2744566763027,1234.6455716307214,True,False,,,,157.23487657633663,False,0.3163665466186474
29,47,818.1879108909058,1251.986388932516,True,False,,,,156.8634449594919,False,0.31980792316926765
30,47,818.1013521971107,1269.329792636039,True,False,,,,157.4638658679981,False,0.32060824329731896
31,47,818.01478059203,1286.6757833199802,True,False,,,,157.73138790178916,False,0.3266906762705082
32,47,817.928196072774,1304.024361563202,True,False,,,,157.08484850134818,False,0.3271708683473389
33,47,817.841598636453,1321.3755279447407,True,False,,,,157.16442089821888,False,0.3321328531412565
34,47,817.7549882801763,1338.7292830438037,True,False,,,,157.2790237131927,False,0.3349339735894358
35,47,817.6683650010524,1356.0856274397727,True,False,,,,157.9457284486886,False,0.34109643857543015
36,47,817.5817287961888,1373.4445617122012,True,False,,,,157.45595293346582,False,0.3395758303321329
37,47,817.495079662692,1390.8060864408164,True,False,,,,157.52991478311375,False,0.33933573429371744
38,47,817.4084175976678,1408.1702022055185,True,False,,,,158.19725076975038,False,0.35430172068827537
39,47,817.321742598221,1425.53690958638,True,False,,,,157.7179209433218,False,0.3486194477791116
40,47,817.2350546614562,1442.9062091636479,True,False,,,,157.39721416573892,False,0.34885954381752704
41,47,817.1483537844761,1460.2781015177413,True,False,,,,156.88589761377693,False,0.35510204081632646
42,47,817.061639964383,1477.6525872292527,True,False,,,,156.93971683662727,False,0.3592637054821929
43,47,816.9749131982788,1495.029666878949,True,False,,,,157.07678409059488,False,0.3558223289315726
44,47,816.8881734832638,1512.4093410477692,True,False,,,,157.11814749930682,False,0.36558623449379757
45,47,816.8014208164378,1529.7916103168266,True,False,,,,157.27158938205903,False,0.3682272909163665
46,47,816.7146551948997,1547.176475267408,True,False,,,,158.2897168931839,False,0.3694277711084434
47,47,816.6278766157475,1564.563936480973,True,False,,,,158.50809041611456,False,0.37334933973589435
48,47,816.5410850760783,1581.9539945391562,True,False,,,,158.47096205149293,False,0.38047218887555023
49,47,816.4542805729883,1599.3466500237648,True,False,,,,159.22143641531045,False,0.382953181272509
0,48,804.5976555430481,749.3098907182354,True,False,,,,173.57278255513705,False,0.1838335334133654
1,48,804.5101373161476,766.6051420409415,True,False,,,,172.74552406579204,False,0.1951180472188876
2,48,804.4226060428807,783.9029715715961,True,False,,,,172.75825266739707,False,0.20224089635854348
3,48,804.3350617203299,801.2033798867432,True,False,,,,172.81513126145816,False,0.20384153661464588
4,48,804.2475043455765,818.506367563099,True,False,,,,165.03206815440288,False,0.21512605042016808
5,48,804.1599339157019,835.8119351775518,True,False,,,,157.94890279904592,False,0.22016806722689075
6,48,804.0723504277855,853.1200833071618,True,False,,,,152.50869417062376,False,0.22809123649459784
7,48,803.9847538789068,870.4308125291611,True,False,,,,148.89254242600992,False,0.22553021208483393
8,48,803.8971442661434,887.7441234209541,True,False,,,,147.23581818575286,False,0.2270508203281313
9,48,803.8095215865733,905.0600165601179,True,False,,,,147.60542300973742,False,0.23521408563425372
10,48,803.7218858372726,922.3784925244013,True,False,,,,149.9872719576127,False,0.23465386154461787
11,48,803.6342370153168,939.6995518917256,True,False,,,,145.6438938042502,False,0.2412164865946378
12,48,803.5465751177808,957.0231952401846,True,False,,,,141.6725043450235,False,0.2418567426970788
13,48,803.4589001417382,974.3494231480445,True,False,,,,139.75067039488954,False,0.24065626250500205
14,48,803.3712120842623,991.6782361937446,True,False,,,,139.96380485911337,False,0.25034013605442185
15,48,803.2835109424249,1009.009634955896,True,False,,,,142.303259607875,False,0.25530212084833936
16,48,803.1957967132971,1026.3436200132828,True,False,,,,146.66823750394002,False,0.25906362545018
17,48,803.1080693939497,1043.6801919448621,True,False,,,,152.8862267408122,False,0.2665066026410564
18,48,803.0203289814517,1061.0193513297638,True,False,,,,160.7431683868327,False,0.26786714685874347
19,48,802.9325754728721,1078.3610987472903,True,False,,,,170.01277824165948,False,0.27306922769107644
20,48,802.8448088652782,1095.705434776917,True,False,,,,172.170481977009,False,0.2792316926770708
21,48,802.7570291557371,1113.0523599982928,True,False,,,,172.24557766987934,False,0.28163265306122454
22,48,802.6692363413147,1130.4018749912389,True,False,,,,172.3381736781764,False,0.285234093637455
23,48,802.5814304190759,1147.7539803357508,True,False,,,,172.43319790766557,False,0.29387755102040825
24,48,802.4936113860854,1165.1086766119959,True,False,,,,172.5757200683253,False,0.30420168067226894
25,48,802.4057792394058,1182.4659644003157,True,False,,,,172.63039838793333,False,0.30220088035214077
26,48,802.3179339761002,1199.8258442812248,True,False,,,,172.68215384485123,False,0.30964385754301726
27,48,802.2300755932299,1217.1883168354113,True,False,,,,172.83691467507003,False,0.3173269307723089
28,48,802.1422040878557,1234.553382643736,True,False,,,,173.31302612153706,False,0.3113245298119247
29,48,802.0543194570372,1251.9210422872345,True,False,,,,172.9937753634248,False,0.32028811524609835
30,48,801.9664216978335,1269.2912963471156,True,False,,,,173.54330231570108,False,0.3184473789515807
31,48,801.8785108073029,1286.664145404761,True,False,,,,173.79942018448583,False,0.3281312525010004
32,48,801.7905867825021,1304.039590041727,True,False,,,,173.2214211773135,False,0.3216486594637855
33,48,801.7026496204878,1321.4176308397427,True,False,,,,173.30314863197725,False,0.32885154061624655
34,48,801.614699318315,1338.7982683807122,True,False,,,,173.41485973768295,False,0.3290916366546618
35,48,801.5267358730389,1356.1815032467134,True,False,,,,174.02276925558624,False,0.33109243697478985
36,48,801.4387592817125,1373.5673360199974,True,False,,,,173.59789793068038,False,0.3332533013205282
37,48,801.3507695413889,1390.9557672829897,True,False,,,,173.67438440685206,False,0.3346138455382154
38,48,801.26276664912,1408.3467976182897,True,False,,,,174.27287852013603,False,0.33933573429371744
39,48,801.1747506019567,1425.7404276086713,True,False,,,,173.86548860250463,False,0.34173669467787116
40,48,801.0867213969494,1443.1366578370828,True,False,,,,173.46813590161827,False,0.3478191276510605
41,48,800.998679031147,1460.5354888866468,True,False,,,,173.03744316949349,False,0.34661864745898363
42,48,800.9106235015983,1477.9369213406596,True,False,,,,173.0919122264355,False,0.35094037615046014
43,48,800.8225548053503,1495.3409557825928,True,False,,,,173.23184297712803,False,0.3557422969187676
44,48,800.73447293945,1512.7475927960916,True,False,,,,173.2743401319166,False,0.35526210484193677
45,48,800.646377900943,1530.1568329649765,True,False,,,,173.43030652423855,False,0.36542617046818726
46,48,800.5582696868739,1547.5686768732426,True,False,,,,174.44878337715645,False,0.3670268107242898
47,48,800.4701482942871,1564.9831251050591,True,False,,,,174.66949697257112,False,0.37286914765906365
48,48,800.3820137202254,1582.4001782447708,True,False,,,,174.6344810969765,False,0.37494997999199686
49,48,800.2938659617311,1599.8198368768963,True,False,,,,175.28066150261822,False,0.37783113245298117
0,49,788.4529921485082,748.4667579906173,True,False,,,,189.7389902066631,False,0.2415366146458584
1,49,788.3641333713646,765.7887105242972,True,False,,,,188.91204464377842,False,0.2283313325330132
2,49,788.2752613275185,783.113249242479,True,False,,,,188.85874430849654,False,0.24889955982392964
3,49,788.1863760139983,800.440374724386,True,False,,,,187.7809352335015,False,0.23873549419767903
4,49,788.0974774278321,817.770087549414,True,False,,,,179.85614088098205,False,0.23449379751900756
5,49,788.0085655660467,835.1023882971323,True,False,,,,173.30648101885706,False,0.2407362945178071
6,49,787.9196404256681,852.437277547283,True,False,,,,168.2933854213378,False,0.2408963585434173
7,49,787.8307020037216,869.7747558797815,True,False,,,,164.95781964272706,False,0.24113645458183275
8,49,787.7417502972311,887.1148238747163,True,False,,,,163.40337128189194,False,0.24689875950380158
9,49,787.6527853032203,904.4574821123495,True,False,,,,163.6816161984172,False,0.24761904761904763
10,49,787.5638070187114,921.8027311731164,True,False,,,,165.78413988346892,False,0.25434173669467786
11,49,787.4748154407262,939.1505716376257,True,False,,,,161.3200438357814,False,0.2534613845538215
12,49,787.3858105662849,956.5010040866596,True,False,,,,157.68948838049008,False,0.25578231292517006
13,49,787.296792392408,973.8540291011739,True,False,,,,155.91614958424745,False,0.2573029211684674
14,49,787.2077609161139,991.2096472622982,True,False,,,,156.06421550588297,False,0.2669867947178872
15,49,787.1187161344209,1008.5678591513354,True,False,,,,158.12914278989325,False,0.2685874349739896
16,49,787.0296580443459,1025.9286653497622,True,False,,,,162.03849915737644,False,0.27018807523009203
17,49,786.940586642905,1043.29206643923,True,False,,,,167.66412229738242,False,0.275390156062425
18,49,786.8515019271141,1060.6580630015626,True,False,,,,174.8411974495023,False,0.27402961184473784
19,49,786.7624038939871,1078.0266556187594,True,False,,,,183.38839937768537,False,0.2865146058423369
20,49,786.6732925405378,1095.3978448729922,True,False,,,,188.34468390115737,False,0.2874749899959983
21,49,786.5841678637787,1112.771631346608,True,False,,,,188.41983624112763,False,0.29531812725090034
22,49,786.4950298607216,1130.1480156221278,True,False,,,,188.51406741499724,False,0.306202480992397
23,49,786.4058785283777,1147.5269982822465,True,False,,,,188.61033479411736,False,0.3100440176070428
24,49,786.3167138637564,1164.9085799098327,True,False,,,,188.7519669452643,False,0.3173269307723089
25,49,786.2275358638673,1182.292761087931,True,False,,,,188.8088632357567,False,0.3214885954381753
26,49,786.1383445257183,1199.6795423997594,True,False,,,,188.86192734789046,False,0.3251700680272108
27,49,786.0491398463167,1217.06892442871,True,False,,,,189.01519266743227,False,0.33125250100040016
28,49,785.9599218226691,1234.4609077583502,True,False,,,,189.45032430548514,False,0.32981192476990795
29,49,785.8706904517807,1251.8554929724212,True,False,,,,189.17471466527397,False,0.33061224489795915
30,49,785.7814457306564,1269.25268065484,True,False,,,,189.68208883371065,False,0.3273309323729492
31,49,785.6921876562997,1286.6524713896972,True,False,,,,189.92891946410302,False,0.3303721488595438
32,49,785.6029162257136,1304.0548657612592,True,False,,,,189.40823059070289,False,0.32805122048819524
33,49,785.5136314358996,1321.4598643539662,True,False,,,,189.4919921145537,False,0.3351740696278511
34,49,785.4243332838591,1338.8674677524339,True,False,,,,189.60154579842265,False,0.3327731092436975
35,49,785.3350217665924,1356.2776765414537,True,False,,,,190.16073761263115,False,0.34141656662665065
36,49,785.2456968810983,1373.6904913059905,True,False,,,,189.79018751826877,False,0.340376150460184
37,49,785.1563586243752,1391.105912631186,True,False,,,,189.86904661905635,False,0.34661864745898363
38,49,785.0670069934207,1408.5239411023556,True,False,,,,190.41046713836423,False,0.34661864745898363
39,49,784.9776419852313,1425.944577304991,True,False,,,,190.06329534028384,False,0.3505402160864346
40,49,784.8882635968025,1443.3678218247587,True,False,,,,189.60243966582806,False,0.35334133653461386
41,49,784.7988718251291,1460.7936752475007,True,False,,,,189.23915787840374,False,0.3576630652260905
42,49,784.7094666672049,1478.2221381592349,True,False,,,,189.2944786069955,False,0.36062424969987994
43,49,784.6200481200227,1495.653211146154,True,False,,,,189.43710974366454,False,0.3623049219687875
44,49,784.5306161805748,1513.086894794627,True,False,,,,189.48087643558253,False,0.3608643457382953
45,49,784.4411708458522,1530.5231896911976,True,False,,,,189.63927687759292,False,0.3710284113645458
46,49,784.351712112845,1547.962096422586,True,False,,,,190.65838428108808,False,0.37735094037615047
47,49,784.2622399785428,1565.4036155756883,True,False,,,,190.8813941210499,False,0.3792717086834734
48,49,784.1727544399338,1582.8477477375761,True,False,,,,190.84849309129658,False,0.38271308523409364
49,49,784.0832554940054,1600.294493495497,True,False,,,,191.40805688714414,False,0.3858343337334934
