source_candidate_index,pca_col_index_0_to_49,pca_row_index_0_to_49,raw_x_px,raw_y_px,detector_response,subpixel_shift_px,robust_fit_inlier,heldout_block,full_fit_residual_px
1162,34,0,1565.0050171932924,1350.6643091975666,0.15699532628059387,1.944218265503637,False,False,110.51773264986375
1473,36,0,1565.5697755339988,1384.8158548546708,0.14961887896060944,1.8568095616823819,False,False,111.11910392727906
1372,40,0,1565.2970041831027,1448.8992134919927,0.15183180570602417,2.0277883737167377,False,False,110.97601793970816
1342,44,0,1592.2053689930076,1526.7914460491809,0.15244652330875397,1.8031792396804946,False,False,138.02374963831934
1303,46,0,1564.3012885779212,1559.787976425105,0.1534300595521927,2.2113822961576184,False,False,110.12706095559815
830,48,0,1619.1204378691073,1592.527468214731,0.16400295495986938,1.4774488617013313,False,False,164.93279431346286
1448,2,1,1524.7837051293236,788.5587858789179,0.1501106470823288,1.4573543199535937,False,True,79.60263758388018
1065,3,1,1538.439582309238,805.1256447203452,0.15896238386631012,1.6843082794224538,False,True,93.30654854369082
1615,4,1,1524.3297234605095,835.4240862636875,0.1461765468120575,1.9483803960861585,False,True,79.4184411410358
1439,5,1,1538.4394931500121,853.0354266057125,0.15023358166217804,1.7327845688080312,False,False,93.50922072689586
1575,7,1,1510.3744981618584,883.0927936497682,0.14728301763534546,1.755973564130631,False,False,65.2326132179542
1609,10,1,1524.5838388889576,931.5997572916549,0.14654536545276642,1.6530013498321823,False,False,79.44339312764613
944,11,1,1510.3668547594875,947.2738142564704,0.16179001331329346,1.868393613112834,False,False,65.2930612795249
1412,12,1,1538.2702402160144,965.2435929562173,0.15097123384475708,1.4783983976805182,False,False,93.18737936567138
1406,13,1,1510.2795123175426,979.406258474209,0.15109416842460632,1.9012402970240434,False,False,65.405423261707
609,14,1,1524.58622117343,995.6805153155882,0.16904351115226746,1.7307064000702597,False,False,79.77562295678374
1556,15,1,1524.0801588214194,1027.6500496170595,0.14777475595474243,1.9721579090550607,False,False,79.4638646060209
1462,17,1,1510.5270007926454,1059.7223427524907,0.14986476302146912,1.7861110847915829,False,False,65.7583299228249
1611,20,1,1538.2798703355704,1109.3922277791921,0.14629948139190674,1.5674453492054183,False,False,93.38950800948969
1444,23,1,1525.1765129721296,1158.1270109782636,0.1501106470823288,1.8279050110471406,False,False,80.29449222466525
1416,29,1,1509.7946601139015,1270.4914686405343,0.1507253646850586,1.6899595860029444,False,True,65.55065328787539
1607,33,1,1524.2102218979098,1335.7843533461676,0.14654536545276642,1.954102307036593,False,False,79.64577076934813
1426,35,1,1537.5414344234273,1366.9138598727814,0.15047946572303772,1.9680299796141674,False,False,92.9048353433789
936,36,1,1509.5537060607014,1383.618344191581,0.1619129478931427,1.7104468200096907,False,False,64.93386169215292
1271,37,1,1551.6521431773176,1399.3598300428264,0.15429063141345978,1.9146424626610263,False,False,107.05908894937342
1603,38,1,1508.695256719408,1417.2380807201118,0.14666830003261566,1.8586060189731697,False,False,64.11820598392882
1455,39,1,1551.0757041018364,1431.713171521441,0.14998769760131836,1.7148433668738035,False,False,106.5708184322902
1244,40,1,1509.1706429982723,1448.5517589692079,0.15490533411502838,1.5611133627563494,False,False,64.74536672015094
1514,43,1,1509.339972562581,1513.367645452085,0.1488812267780304,2.1508475481988985,False,False,65.51075694499342
1195,48,1,1509.1524499934442,1594.739615921781,0.15601180493831635,1.9900936506798887,False,False,64.92400305725305
1504,2,2,1482.5077336935917,785.0488760324237,0.14912712574005127,1.8366822866746795,False,True,47.75565318526546
473,4,2,1483.3446662394506,834.0791710481249,0.1722399741411209,1.6572259694066598,False,True,48.36668918043714
1496,10,2,1482.7312345621312,930.3304576761169,0.1492500603199005,1.8384459100742359,False,False,47.51205587981183
1291,11,2,1482.6720873703473,947.4432484762251,0.15379886329174042,2.046173809520247,False,False,47.48558674435985
1263,12,2,1482.5771846209407,964.2856514138678,0.15453651547431946,1.7657190941774163,False,False,47.440944496616225
1341,13,2,1496.3726116341006,980.5137801082227,0.1525694578886032,2.0230947246194124,False,False,61.301822996273394
1217,14,2,1496.2026592389007,1011.347290418926,0.15564298629760742,1.8059846947975464,False,False,61.72317727501552
1541,15,2,1496.5437791764805,1027.478176408916,0.14814358949661255,1.5469786474571834,False,False,61.90259696837688
1238,16,2,1482.207574480218,1028.5810240662145,0.15502828359603882,1.863257584430101,False,False,47.76442894841779
974,17,2,1482.167776093919,1059.3521583038375,0.16117531061172485,1.7866261735924145,False,False,47.32070474962778
1579,18,2,1482.2334842641058,1075.4473229496825,0.14716008305549622,1.6377698538107346,False,False,47.28180896086748
1461,32,2,1481.8163042515216,1320.6085969601977,0.14986476302146912,1.8267835241584816,False,False,47.39835451164543
1219,33,2,1495.823271306872,1335.4232077784998,0.15564297139644623,1.846675607141985,False,False,61.11573599175322
1481,34,2,1481.3434035112873,1353.3412209362696,0.149495929479599,2.1345446766018936,False,False,46.75011635719843
926,36,2,1495.4373946806386,1383.613208823831,0.16215883195400238,1.6714535039710339,False,False,60.660877449230796
1511,37,2,1481.258264731182,1400.5370442927622,0.1488812416791916,1.9863874978586549,False,False,46.50008233044417
981,39,2,1495.335078702025,1432.5004804301932,0.16092944145202637,1.6412074378010844,False,False,60.67366233777793
1362,41,2,1480.6487242922065,1465.368911280963,0.1519547700881958,2.142944209926914,False,False,46.16948545567873
1587,47,2,1494.641322445263,1578.3710192977958,0.14703713357448578,1.513601134290889,False,False,60.29597484386378
1087,48,2,1480.203134067212,1596.6610680577717,0.15847061574459076,1.8000750899907914,False,False,46.0808484395031
1223,0,3,1456.0254419888547,670.9637206173813,0.15552003681659698,1.4225464055446395,False,True,92.22998049750696
1360,2,3,1454.4926508759381,784.7135844381753,0.15207770466804504,1.3828478337803847,False,True,30.113410710026844
1345,3,3,1454.488872776954,815.4761984183878,0.15244652330875397,1.5621820664024024,False,True,29.42983319551408
768,4,3,1454.2716798546132,831.5230452194115,0.16547822952270508,1.9841462630061983,False,True,29.022079630964942
1356,5,3,1454.4319942434447,847.5949317171047,0.1522006392478943,1.69305573496756,False,False,29.056764109571738
1466,7,3,1454.5138914309118,882.2259859124686,0.14974182844161987,1.8394095584455799,False,False,29.155516799439006
1248,9,3,1469.2535811102618,913.884168912624,0.15490533411502838,1.7502559182122341,False,False,43.867599268209524
1453,10,3,1469.0816547731372,930.0965961050179,0.14998771250247955,1.9207756810549097,False,False,43.759419519277564
1563,13,3,1454.126028713071,978.7590353520686,0.14752888679504395,1.6756890881293771,False,False,29.381565927790895
1340,14,3,1468.593552056165,995.5180271554034,0.1525694578886032,2.0431199991286677,False,False,43.762214421627
1586,15,3,1454.459562333287,1026.2902606769417,0.14716006815433502,2.009408076894776,False,False,29.972757210217296
1608,17,3,1468.160399723333,1059.397689387207,0.14654536545276642,1.8166075913698645,False,False,43.2211800256901
1187,19,3,1468.0468106509657,1091.5222651485249,0.15638062357902527,1.8474587198063637,False,False,42.90265141452903
1376,20,3,1454.4585391187811,1107.9646364198138,0.15170888602733612,1.8184127888791657,False,False,29.30087144711646
1515,21,3,1467.9467101945038,1123.5811441029377,0.1488812267780304,1.8428990386432482,False,False,42.75613237098011
1313,28,3,1467.6571345502089,1256.272890008664,0.153184175491333,1.847900089087807,False,True,44.05867503227999
1512,29,3,1453.411772908928,1272.2653253504939,0.1488812416791916,1.7828777490804755,False,True,30.05850536654564
1490,30,3,1453.660058016431,1288.4878953287632,0.14937299489974976,2.0203725042938685,False,False,29.968055704543318
1385,31,3,1453.4482626881193,1304.5980026739694,0.15158593654632568,1.471915737994823,False,False,29.44737292621678
1606,34,3,1467.473413470045,1351.671342603032,0.14654536545276642,1.7370971217319835,False,False,42.60316531160003
1226,35,3,1453.1500596886588,1370.2594807194807,0.15539708733558655,1.7469760376203403,False,False,28.504573667267856
1208,36,3,1452.9671360080677,1384.511649769737,0.15576592087745667,1.794557629179676,False,False,28.058411685729872
1458,37,3,1467.2833887078716,1402.4040177473769,0.14986476302146912,1.6209467944498046,False,False,42.40497755849359
1500,38,3,1453.4181111052214,1417.2410521946688,0.14912712574005127,2.0106175731142732,False,False,28.531087821890747
1454,39,3,1452.562679968527,1433.3660732451983,0.14998769760131836,2.075602272903463,False,False,27.746513136143562
1026,41,3,1466.9292578677248,1467.3021232936821,0.15994590520858765,1.9355375208414884,False,False,42.15643558195678
1229,44,3,1453.240898400876,1515.0907105130634,0.1552741527557373,2.0698038214642103,False,False,29.162889406616223
1485,45,3,1467.2014894979477,1547.205964879066,0.14937300980091095,2.1654078866423694,False,False,43.261374485690915
1565,46,3,1466.736968333953,1562.723184867762,0.1474059522151947,2.1364959812556568,False,False,42.516734622262426
1581,49,3,1452.3877238608425,1598.3232536960684,0.14716006815433502,1.7850378814831935,False,False,29.213914375421272
658,1,4,1440.1861398945223,782.8194800824433,0.16793707013130188,1.4416918723841874,False,True,25.63764343931554
1035,3,4,1440.2286108646283,815.1852815666945,0.15970003604888916,1.707154664647705,False,True,25.095392753194957
1578,6,4,1426.0721619403416,863.0591620086643,0.14728300273418427,1.4080865120966248,True,False,10.520019577667783
1613,7,4,1440.211944922255,881.2744385073031,0.14629948139190674,1.738529009003888,False,False,24.696673370597892
1546,8,4,1440.192144799068,896.8848542187362,0.1480206549167633,1.3770185689173575,False,False,24.672047801080566
216,9,4,1425.9903359910318,911.531247983402,0.17973937094211578,1.8341596979757102,True,False,11.016197703201927
1053,10,4,1425.9011062902864,927.5022650060343,0.1592082530260086,1.751796990164418,True,False,11.478190807191426
1571,12,4,1425.5139432616975,960.3079191010478,0.1474059522151947,2.000669031730348,True,False,12.16730488197096
1290,14,4,1425.9732205399541,994.4823484770338,0.15379886329174042,1.83235973671482,True,False,12.927086264904066
1494,15,4,1426.194751112814,1025.8903539980267,0.1492500603199005,2.0128720243693294,True,False,12.604258305177554
1528,17,4,1438.936132787077,1058.828244182815,0.14851242303848267,2.105848663974099,False,False,24.01700523723942
1471,18,4,1425.6921427333216,1076.2242664201522,0.14961889386177063,2.2053844056315315,True,False,11.35264998118282
1096,19,4,1425.6233985110403,1090.6346900882409,0.15834768116474152,1.6775101686963356,True,False,10.421073035849025
817,20,4,1425.6839782999036,1108.5111927844398,0.1643717736005783,1.9870732347421571,True,False,10.593911659549562
1198,21,4,1439.8505271989468,1123.4101817685607,0.15601179003715515,1.819313150818787,False,False,24.531116562694486
1050,22,4,1425.2568260682265,1141.2930552835671,0.1592082679271698,2.1197339528185406,True,False,9.958181452434905
1519,23,4,1439.6152310361067,1155.727626010283,0.14875830709934235,1.8339031760688858,False,False,24.463865488111335
1518,24,4,1424.675505109258,1173.2966569344762,0.14875830709934235,1.8171430430678752,True,False,9.695415280618295
1475,25,4,1439.5024186701476,1190.4931719173994,0.14961887896060944,1.5883813744269915,False,True,24.375412073065462
877,26,4,1425.618969998121,1206.576335050151,0.1631423532962799,1.9834479462587995,True,True,11.039299558627787
1260,30,4,1438.6433213909395,1287.1219729016723,0.15453651547431946,1.989806117692429,False,False,24.631349474875158
1415,32,4,1424.3167691993344,1319.3915774038205,0.1507253646850586,1.915820658396734,True,False,10.511332925927293
1275,33,4,1425.2915563199824,1337.0006926620167,0.15416769683361053,1.97924100693656,True,False,11.527615278374576
1460,34,4,1424.8157719056724,1351.7211998250857,0.14986476302146912,1.731031146055626,True,False,10.11663982808825
1351,35,4,1425.2407088909993,1369.3526114834615,0.15232357382774353,1.8746245217522886,True,False,10.637257320206361
1384,36,4,1424.8198919053948,1384.5910918534664,0.15158593654632568,1.9809665320544767,True,False,9.806722415599605
1399,37,4,1438.4238378977427,1401.1900595407233,0.15121710300445557,1.8556821035713176,False,False,23.36314830418292
904,40,4,1424.4733440785437,1449.7296789177767,0.16265060007572174,1.8080806448292508,True,False,9.863832858931511
1602,41,4,1438.740954725636,1466.3329199456746,0.14666830003261566,1.833540450733411,False,False,23.991047074455217
1524,42,4,1438.354758308363,1483.0566300053256,0.1486353576183319,1.718091104171399,False,False,23.709000062785154
1057,43,4,1438.6541288766853,1498.518379941113,0.15908531844615936,2.029001411075548,False,False,24.382332475644755
1409,44,4,1424.3041228178192,1515.4962683887527,0.15097123384475708,1.650170943829891,True,False,11.144197571119994
760,45,4,1424.2461562681724,1547.7058296011583,0.16560116410255432,1.8649758712121458,True,False,12.879427917952206
1547,47,4,1424.0518826019631,1580.5248725726785,0.14789772033691406,1.5257549499489464,True,False,11.669847683731867
1582,48,4,1438.5176931453811,1596.4401451276406,0.14716006815433502,2.066700655614377,False,False,24.3610239369439
1361,49,4,1423.8403668710212,1598.4720577500013,0.1519547700881958,1.7437958588208833,True,False,12.88572796732864
1469,1,5,1411.853685360867,781.1198607943242,0.14974182844161987,1.4081430658931904,True,False,8.400224816454255
1538,2,5,1411.921051796347,798.5581592508029,0.14826655387878418,1.7109182206053475,True,False,8.445777150967611
868,3,5,1411.896359037957,814.6082249838366,0.16326531767845154,1.7762491572738028,True,False,7.553958757909708
1421,4,5,1411.8275254175473,829.3682211388322,0.15060241520404816,1.5990082555865912,True,False,6.349493568903981
1604,5,5,1411.7853326164045,846.9411517832785,0.14666830003261566,1.3182969560925768,True,False,6.357522825200943
879,9,5,1411.8705447949783,911.1491027595831,0.1631423532962799,1.6112436849316656,True,False,7.285755621363291
1047,10,5,1411.6606496543611,927.2498689616673,0.1594541370868683,1.4137292481754555,True,False,7.892868464405473
799,11,5,1411.793078959245,943.3562850138919,0.16474059224128723,1.8155350278981657,True,False,8.891471313693161
1398,12,5,1411.7560866842036,959.6331447634511,0.151340052485466,2.0529203968014302,True,False,9.720977631065598
1151,13,5,1411.325543711104,991.7276796492911,0.15724122524261475,1.7580829554983834,True,False,9.210194312135123
1133,15,5,1411.6708539352198,1026.6253423251462,0.15761002898216248,1.9121487872430292,True,True,9.528235022962882
1387,17,5,1411.3390247586815,1057.6137950932525,0.15146300196647644,1.6490216463118221,True,True,6.805167640748478
1569,18,5,1410.645506942544,1074.6819958959243,0.1474059522151947,1.7812387543555241,True,True,6.063430840991407
1417,20,5,1411.1640218124671,1106.5955850431812,0.1507253497838974,1.9750540270896262,True,False,5.714138379549577
1363,23,5,1411.3769398172306,1156.8866274476243,0.1519547700881958,1.9682283397195637,True,False,6.127387593924836
1476,24,5,1411.4168084160679,1173.0893453670722,0.14961887896060944,1.8264138227429543,True,False,6.540787150820861
1253,25,5,1411.0602481459944,1190.4272265124114,0.15478239953517914,1.573927025740847,True,False,6.230579723682497
1374,26,5,1410.8766892397691,1204.657317794214,0.15183180570602417,1.8749096762630917,True,False,7.914705506011572
1483,27,5,1411.2424588985796,1221.9334972049298,0.149495929479599,1.7587988358349227,True,False,8.224477071304033
1205,30,5,1410.4476865545832,1287.0057908081471,0.1558888554573059,1.7627851570949806,True,False,8.964414364157212
1492,36,5,1411.1851603581574,1385.1309336959553,0.1492500603199005,2.138376475331307,True,False,6.183131518853819
1388,37,5,1410.2538152889304,1400.9515297065188,0.15146298706531525,1.967966055682951,True,False,5.043021200070895
1422,39,5,1410.5646850154449,1434.1775069578662,0.15060240030288696,1.8565160222071209,True,False,5.49733922159989
1597,40,5,1410.0767427768674,1452.270827049231,0.1467912495136261,1.9602150376266696,True,True,4.9154547862825835
1325,41,5,1410.0348574177704,1468.3765642960625,0.15293827652931213,1.9252203406190627,True,True,5.095175082667852
1231,42,5,1409.564119479025,1483.9896582075105,0.1552741527557373,1.8620580770525226,True,True,5.411024578040193
814,45,5,1409.8465628414422,1531.8562143771412,0.1643717736005783,2.0401471658722015,True,False,8.461772944810267
1068,47,5,1409.8242897831205,1580.9310588850858,0.15896236896514893,1.939036487017367,True,False,8.959133130054783
735,49,5,1409.5740705232893,1599.3005040539708,0.16596999764442444,1.7938348408588811,True,False,9.628039186330186
916,1,6,1397.544109727153,779.7393828231035,0.162281796336174,1.8225004802440945,True,False,4.754084399764285
781,3,6,1397.4678589855073,811.7470048738005,0.1649864912033081,1.8085679581930656,True,False,2.2540583330208146
1419,4,6,1397.70713741504,829.14918614705,0.1507253497838974,1.7297752640620827,True,False,2.4152888512018924
1006,5,6,1397.741865216427,846.5133199133487,0.16056060791015625,1.9475935956153356,True,False,2.404548382726571
1316,7,6,1396.7645956917106,878.4228382726542,0.153184175491333,1.8145495749702807,True,False,1.8729869647235686
1033,8,6,1397.3486901268407,893.6181538181688,0.15970003604888916,1.655296524436179,True,False,4.13882878653123
1183,9,6,1397.3719019070877,909.8178715220489,0.1565035581588745,1.8555236185971522,True,False,5.302423347639778
1247,10,6,1397.4440254845651,928.4454587897394,0.15490533411502838,1.6167117879640105,True,False,4.207247617860201
1430,11,6,1396.687349620287,943.0917616954212,0.15047946572303772,2.00974932284393,True,False,6.679361024999889
508,12,6,1397.5025412239127,975.3564686184359,0.17125645279884338,2.020492489192265,True,False,8.443552733592217
1506,13,6,1397.0685567955525,991.5847298362985,0.14912711083889008,1.5862120565268287,True,False,7.203701211243668
1452,14,6,1397.0637520856703,1008.4012819719986,0.14998771250247955,1.7593065863618946,True,False,6.632053326550839
1049,15,6,1396.938346560955,1024.5038875373261,0.15933120250701904,1.7726172721095572,True,True,5.345684306222388
1370,17,6,1396.56704243211,1058.8435883926134,0.15183182060718536,1.9475394193010738,True,True,4.8415496206050515
1211,18,6,1396.4782495951174,1073.425013122235,0.15576592087745667,2.0532618595801835,True,True,2.1327826144725686
1311,19,6,1396.5754932648915,1090.6846334845131,0.15330711007118225,1.717818976445175,True,True,2.0757854574671577
1273,22,6,1396.6899300186517,1139.3156739449712,0.15429063141345978,1.3517179153985515,True,False,1.9928397474798785
774,23,6,1396.6746991640155,1155.449990993098,0.1652323603630066,1.4860331469915598,True,False,3.0777156526490295
1288,24,6,1396.8741651222047,1173.5216832622043,0.1537988781929016,1.858204657541078,True,False,2.5291622984854283
1146,26,6,1396.7151150615346,1204.5494980846263,0.1573641449213028,2.0129266303956252,True,False,5.929619902906403
1557,27,6,1396.2559571546008,1222.5801965466271,0.14765183627605438,1.8955923138698365,True,False,5.168229055495664
1257,28,6,1397.1569666935843,1254.5129676165907,0.1546594500541687,1.9130884831152697,True,False,9.63627657160557
1508,29,6,1397.0473948371862,1270.8441397553372,0.14900417625904083,2.1272608792501138,True,False,8.638830186484446
920,30,6,1396.285976232793,1288.3732805857774,0.16215884685516357,1.7765263839147678,True,False,8.739304719081392
891,32,6,1396.1994180983047,1319.4786210669768,0.16289648413658142,1.6814433207900703,True,False,5.232209261415636
1551,33,6,1396.1449542016555,1338.2276309506788,0.14789770543575287,1.9678402791533671,True,False,6.656530084768713
1423,34,6,1396.216594094884,1351.800567406078,0.15060240030288696,1.9636109074868282,True,False,2.999738826251351
1474,35,6,1395.956597916322,1370.3319511026505,0.14961887896060944,1.9228797927744863,True,False,4.159336648855253
1577,36,6,1395.6093860359124,1385.7786494026468,0.14728300273418427,1.7878529874774483,True,False,2.286242301014234
1176,37,6,1396.4031790901204,1402.0355493328086,0.15662652254104614,1.9032076709884183,True,False,1.6223349292392255
1510,38,6,1396.0162535752904,1420.1483356333679,0.1488812416791916,2.096763685965592,True,False,2.1781828519476787
1328,39,6,1395.7019165185286,1436.3163015947694,0.15293827652931213,1.8241510679654604,True,False,1.0307185033655717
1002,40,6,1394.9175813909364,1451.4613633648412,0.16056060791015625,1.9917951239022968,True,True,1.2329576237141897
1489,41,6,1395.7662295704458,1466.7020129895743,0.14937299489974976,1.7179920926516614,True,True,3.2249627246872734
792,42,6,1395.8395919501095,1483.4097541025797,0.16474059224128723,1.8259116824180976,True,True,3.7870276369544578
1347,43,6,1396.2082203586497,1500.0752174642666,0.15232358872890472,2.0896331923621214,True,True,4.438136417008222
1292,47,6,1395.6080010545975,1581.5631071367568,0.15367592871189117,2.0930754847787414,True,False,8.172431054146731
1477,49,6,1395.115197224902,1600.3222014409089,0.1494959443807602,1.6817486154337518,True,False,7.540073643819612
1484,1,8,1383.2948315809099,780.6413206109945,0.14937302470207214,1.3903004506976713,True,False,9.094353706439042
1599,2,8,1383.5448421298256,796.9011648810641,0.1467912346124649,1.8234371515731755,True,False,8.652072669602182
1535,4,8,1383.1548898544588,827.7170593758058,0.14838945865631104,1.7240312546635546,True,False,7.171542929269332
1418,5,8,1382.6819223307446,845.3613257066874,0.1507253497838974,1.7991018813829323,True,False,6.715813554319948
956,6,8,1382.608936316999,861.5196286231104,0.16154412925243378,1.6791166522588987,True,False,6.713300505912901
897,8,8,1382.9623928988856,893.4735001217441,0.16289648413658142,1.473979953335233,True,False,8.020680847794177
1572,10,8,1383.049230392675,928.1965481076027,0.1474059373140335,1.8041237096591987,True,False,8.181000436924801
1393,11,8,1383.3889075079412,943.3027325598058,0.15146298706531525,1.755505881825282,True,False,9.798611538600904
1315,12,8,1382.7769557493857,975.2747447720484,0.153184175491333,1.294110880719578,True,False,10.717119496438158
1529,13,8,1382.3734021111238,991.32132994497,0.14851242303848267,1.9058190318899035,True,False,9.434793783364306
838,14,8,1382.3301530320653,1007.5961059461897,0.16388002038002014,2.0777057732447437,True,False,8.622353969558194
1612,16,8,1383.2241233178413,1040.9186992338864,0.14629948139190674,1.9994364887583793,True,True,8.500263448387539
865,17,8,1382.3220757037382,1058.5227491976564,0.1633882373571396,1.9824616262212165,True,True,7.85883022408834
1570,18,8,1382.264153709537,1073.3941926612008,0.1474059522151947,1.8819824063689117,True,True,6.711461045260051
1070,20,8,1382.4470419493282,1105.7154829345236,0.15896236896514893,1.8023995962173558,True,False,6.646196017027477
1405,21,8,1382.374909690978,1124.2715655163997,0.15109416842460632,1.8379944664039949,True,False,6.601832420959454
1562,22,8,1382.162201845627,1139.1787102799292,0.14752888679504395,1.6553159982279264,True,False,6.60558966174349
1400,23,8,1382.183459683169,1155.4230371517401,0.15121710300445557,1.850840770276924,True,False,7.017751299565465
1568,24,8,1381.7075489839722,1172.0431679476271,0.1474059522151947,2.0009804845677515,True,False,6.950927335172522
976,25,8,1382.5563334210249,1188.2446877775594,0.1610523760318756,1.9061534184990339,True,False,8.301505884801559
1544,26,8,1382.5497042045245,1204.4936776612703,0.1480206549167633,2.081929597789527,True,False,8.981576192452362
1104,28,8,1381.55642627314,1254.193959469149,0.15822473168373108,1.9616324726336636,True,False,10.838457595709817
1559,29,8,1382.0297387548956,1272.2594903820523,0.1476518213748932,1.9926817643367425,True,False,11.71647744712445
1411,30,8,1381.8718280374062,1288.4288333954619,0.15097123384475708,1.7968440739316809,True,False,10.672340448103718
1397,31,8,1381.7726861696715,1303.3689399396187,0.151340052485466,1.571954348918848,True,False,8.771871393296603
1354,32,8,1381.733696669889,1319.4513858776788,0.1522006392478943,1.6262938754517213,True,False,7.903890311720086
396,33,8,1381.6816904056172,1335.6493613595312,0.17408409714698792,1.7846833622313107,True,False,7.200011584010274
1410,34,8,1381.9180384040894,1351.7354827795298,0.15097123384475708,2.0451262486872888,True,False,6.827328800493873
1236,35,8,1382.2279075805104,1370.0147535784388,0.15515121817588806,2.0275655487336572,True,False,7.554021874570787
1336,36,8,1381.3944948376677,1386.619372899572,0.15269239246845245,1.962332041912916,True,False,6.498500578811867
1323,38,8,1381.7203338128363,1417.6658332381671,0.15293829143047333,2.100606085860081,True,False,6.105609827532977
1588,39,8,1381.4372840777762,1436.3719353339093,0.14703713357448578,1.6857674577620982,True,False,5.888166381955734
1521,40,8,1381.5851211410506,1452.427367097507,0.14875829219818115,2.115432918223972,True,True,5.978326242441625
1326,41,8,1380.7436953942988,1468.7006097880308,0.15293827652931213,2.1746007796973568,True,True,5.298920454304779
1425,42,8,1381.301178788402,1483.5393681082505,0.15047946572303772,1.5685543775343314,True,True,6.811275796534998
1543,44,8,1380.6614598877877,1517.2927224862012,0.1480206549167633,1.8057381981485954,True,True,6.783061999381755
1172,49,8,1381.2305946483684,1598.8935065445871,0.1567494422197342,1.9822081736292199,True,False,10.744632912934453
153,1,9,1369.2471790012453,778.9808121967505,0.18268993496894836,2.008575121565064,True,False,4.970023738988174
1036,2,9,1369.329852190157,794.9901052032192,0.15970003604888916,1.9415720486670214,True,False,4.022081022018328
1468,3,9,1368.7720495466056,811.3301474035444,0.14974182844161987,1.3495382633918331,True,False,2.969665893743564
1019,5,9,1368.3331860034416,843.4944773159672,0.16019177436828613,2.0027100058952683,True,False,2.7109456319491825
836,6,9,1369.2308297304075,861.1512663979689,0.16400295495986938,1.9622212337110378,True,False,3.421706767903658
901,9,9,1369.0808602983993,909.8427854693726,0.16277354955673218,1.9255683843738944,True,False,5.778468076497729
1282,10,9,1368.5564412922054,926.7706237047909,0.1540447473526001,1.3069469776860068,True,False,5.974171598320497
1166,11,9,1368.234417970565,942.8832530491853,0.15699532628059387,1.6646055022759636,True,False,7.07957612919903
819,12,9,1369.1653422700401,974.8763023977511,0.16437175869941711,2.0331932712868,True,False,8.463802875771625
1437,13,9,1369.3523004929848,991.0960357298225,0.15035651624202728,1.978941127589601,True,False,7.454910256510312
787,14,9,1368.0582281033862,1007.3920354511738,0.16486354172229767,1.7486021320246203,True,False,5.9170662925529305
1150,15,9,1369.0812554070392,1024.839489126432,0.15724122524261475,2.242401904361916,True,True,6.389650880140697
770,16,9,1368.3185977820472,1039.7390835991127,0.16535529494285583,1.8678117537198409,True,True,3.8781272653301806
1312,17,9,1368.5060339016866,1056.479555654517,0.15330711007118225,2.10262208628257,True,True,3.5202744650304325
1281,18,9,1368.2041550815857,1073.2215436660952,0.1540447473526001,1.4579225158914015,True,True,2.8734152395065378
554,20,9,1368.0208205949116,1105.6167560275878,0.17014998197555542,1.8901567025225374,True,False,2.1689333720972064
786,21,9,1367.473552669662,1123.5983634346994,0.16486354172229767,2.0337016820211478,True,False,1.549793174155978
1339,22,9,1367.560982187288,1139.4320561681016,0.1525694727897644,1.6196721647990022,True,False,2.2379864121010606
1299,23,9,1367.8039580988311,1156.6097480891424,0.15355299413204193,1.605972913943256,True,False,2.550314206885877
1479,24,9,1367.7041473515392,1171.6027804004239,0.1494959443807602,1.7506365998294693,True,False,4.4535692218382374
1433,25,9,1367.652771581633,1187.634671180115,0.15035653114318848,1.76018766183786,True,False,5.674918677069504
1358,26,9,1367.6150826428936,1203.7723733951939,0.15207770466804504,1.8760687912707548,True,False,6.830184410916471
1493,27,9,1367.7752048832626,1222.5172078097205,0.1492500603199005,1.9232253527700731,True,False,5.543675979353727
1024,28,9,1367.596505913131,1237.3874283555301,0.1600688397884369,1.5102240714971205,True,False,7.869696953428832
1391,29,9,1367.4483584682205,1269.7705842771957,0.15146298706531525,1.8264703662193684,True,False,7.542603349669232
1527,33,9,1367.2179972014303,1338.3197903913594,0.14851242303848267,1.694292509810359,True,False,6.776443811373172
837,34,9,1367.048783405238,1352.4922229946658,0.16388002038002014,1.823917787870945,True,False,3.7058918168480477
1396,37,9,1366.6879445640723,1402.5641011562807,0.151340052485466,1.7797097982250714,True,False,1.893469901875425
1465,38,9,1367.1288804971534,1418.4009870435546,0.14974182844161987,1.6497314582826421,True,False,1.3718501194969437
859,39,9,1366.63988509578,1435.069764825123,0.16338825225830078,1.9579632040546797,True,False,0.9660725656174689
1268,40,9,1366.8685486175193,1450.8121927693533,0.15429063141345978,2.0095818804644265,True,True,2.2421290338988173
1394,41,9,1367.40966449837,1467.4978740596412,0.151340052485466,2.184672448283928,True,True,3.033021266155956
1193,42,9,1367.3349329476714,1485.0522794173662,0.15613475441932678,1.9158868942340963,True,True,2.761589938308714
1235,43,9,1366.8905533711084,1500.4706234897697,0.15515121817588806,1.8421740610000195,True,True,4.261755872700071
1539,44,9,1366.7487160381554,1516.6978739604924,0.14826653897762299,1.8556270345921702,True,True,5.236140590208202
1037,45,9,1366.4920519866855,1533.3553726891917,0.15970002114772797,2.0157515366678487,True,False,5.78558872489464
1407,48,9,1366.2457714643867,1584.3575374902262,0.15097123384475708,2.0614629847496375,True,False,6.493394917123495
959,49,9,1367.1879917113224,1599.0638997153426,0.16142120957374573,2.1012512088140056,True,False,9.125276812482005
124,1,10,1354.5662539699877,777.4727074931624,0.1846570074558258,1.535253392430082,True,False,2.8932693900307354
1115,2,10,1354.3331810875525,794.6764616404222,0.1579788625240326,1.4949823287150523,True,False,2.8171241232664506
958,3,10,1354.634708517457,810.4199744063645,0.16154411435127258,1.9698599308160494,True,False,1.5885257895135474
1536,4,10,1354.1535944018797,826.6242016729333,0.14838945865631104,1.992187520894404,True,False,2.183342173590201
1114,5,10,1354.0807882461252,843.2559538136408,0.1579788625240326,1.6569620439108066,True,True,2.669191204383361
1034,6,10,1354.1156531439626,860.774769345289,0.15970003604888916,1.6570673175454533,True,True,2.5945945945967672
1446,7,10,1354.0370729501276,875.58480092371,0.1501106470823288,1.8939678644787785,True,True,4.742123177771015
1148,8,10,1354.0590482928467,893.0188559334134,0.1573641449213028,1.443685203214165,True,True,4.736610321308774
1561,9,10,1354.0358251856528,910.4115118616932,0.14752890169620514,1.8963724267069013,True,True,4.783708571368189
913,10,10,1354.4144843245774,925.572394685146,0.1625276505947113,1.6856736435603914,True,False,6.791715860439333
1322,12,10,1353.5575243408007,974.2447419019412,0.15306121110916138,1.993806528887601,True,False,7.682080093411062
1355,13,10,1352.9453419372883,990.9585523643062,0.1522006392478943,2.1686811402531183,True,False,7.263236048230349
1147,14,10,1353.943600617596,1008.4443017075988,0.1573641449213028,1.8804725023576836,True,False,6.956632592004749
1011,15,10,1353.8197628112148,1024.646245050552,0.160437673330307,1.5826128805889346,True,False,5.865617069996842
910,16,10,1353.6927982675697,1039.5268935942076,0.1625276654958725,1.6767150883736899,True,False,3.744585593241631
1005,17,10,1352.8926940422652,1057.1663287813376,0.16056060791015625,2.068163058961362,True,False,4.4588525215097565
1429,18,10,1353.6593619067535,1072.6230264297012,0.15047946572303772,1.6583875005797932,True,False,2.680876290843986
1434,19,10,1353.344185185773,1088.828270232641,0.15035653114318848,2.2692302345097026,True,False,2.706601767107803
1553,20,10,1353.2231463134353,1107.3109084317084,0.14777478575706482,2.0854537228488645,True,False,3.032479557833027
999,21,10,1352.6974482321016,1122.5917435764684,0.1606835424900055,1.7976348241387554,True,False,3.4797163186493543
983,22,10,1352.6285673944785,1138.8977915825797,0.16092944145202637,1.8596401490905305,True,False,3.969083811178209
1095,23,10,1353.4317174546943,1156.405035438373,0.15834768116474152,1.6523594988783865,True,False,3.216535760593783
1594,24,10,1353.628679752352,1171.2985129098133,0.14691418409347534,1.888558974075609,True,False,4.985025172423049
1302,25,10,1353.5086425333095,1188.9168402881216,0.15355297923088074,1.843198864715868,True,False,4.815097252906984
1144,27,10,1352.650603529939,1221.04246181751,0.157364159822464,1.9522342723180586,True,False,7.478966213830364
1216,28,10,1353.3839850713769,1254.4093547829768,0.15564298629760742,1.6670559642312184,True,False,9.687897635690213
1077,29,10,1352.454430145538,1270.7544936272163,0.15871649980545044,1.6384833480264074,True,False,9.053056316715223
1600,30,10,1352.9439608437012,1286.5864767879098,0.14666831493377686,1.8460689784018405,True,True,7.47820659494001
512,31,10,1352.4875873364147,1304.6745486328248,0.17113350331783295,1.9924199884080487,True,True,8.355711604106856
580,32,10,1352.5230618400767,1319.461743003713,0.16965822875499725,2.1110210746465765,True,True,6.116492846706258
1567,33,10,1352.8456235310903,1336.3647608523297,0.1474059522151947,1.6055065681538925,True,True,5.588061215963673
1441,34,10,1352.9454985760865,1352.5250502521976,0.1501106470823288,1.854117451717562,True,True,4.6025689915059855
1295,35,10,1353.2517783488113,1369.1876078431897,0.15367592871189117,2.113454832943107,True,False,3.912441104024447
860,36,10,1353.251636847815,1386.822143258758,0.16338825225830078,2.108108207566117,True,False,4.155481460211827
1332,37,10,1352.7290412956634,1402.1838319736119,0.15269240736961365,1.7368921008153642,True,False,3.422200499805102
1367,38,10,1352.593303952324,1420.3134077471911,0.15183182060718536,1.7349337458329848,True,False,3.91530311238576
1353,39,10,1353.0295931302746,1435.686491502911,0.1522006392478943,1.9951919231011228,True,False,2.8767510476057554
1161,40,10,1352.305521070994,1451.435703379659,0.15699532628059387,1.9405229865099063,True,False,3.840010380624489
1016,41,10,1352.4405799767994,1467.6557694695007,0.16019178926944733,1.747719456459847,True,False,4.213809786053012
1451,42,10,1352.9865253647727,1485.2025691587266,0.14998771250247955,2.165635253988491,True,False,3.6051666970652207
1472,43,10,1352.3107771541477,1500.5370673481239,0.14961887896060944,1.568170421927613,True,False,5.419709047858393
1480,44,10,1353.0585035395093,1517.2065580612093,0.149495929479599,2.2858676385930963,True,False,5.456416486966943
1379,45,10,1352.167073226129,1535.241116138414,0.15158593654632568,1.7668010361771118,True,False,5.371613770209506
1583,46,10,1352.9909483115887,1550.725707284548,0.14716006815433502,2.1361038714337774,True,False,6.352381414664408
1031,47,10,1351.9581807259517,1568.2915357466547,0.1598229557275772,1.9588160731788729,True,False,6.615822788247184
1202,48,10,1352.073260614959,1582.6679882979522,0.1558888554573059,1.669596382306118,True,False,9.042621744192921
903,49,10,1351.9156177786435,1600.6553206583474,0.16265060007572174,1.6268123580903517,True,False,8.436412458571814
1102,1,11,1339.8620495701152,777.2761059756175,0.15834766626358032,1.5399921825589054,True,False,6.790724116887379
1189,2,11,1340.9762801850072,794.1426507883033,0.15638060867786407,2.028741269111942,True,False,5.535456989384043
1601,3,11,1340.0379918794706,812.2289066774795,0.14666831493377686,2.015497750195046,True,False,6.616197999572378
1467,4,11,1339.8151428033198,826.7571384243347,0.14974182844161987,1.112527025922528,True,False,6.46784937960705
1199,5,11,1340.0128921017763,844.2989547100378,0.15601179003715515,1.9667071671293892,True,True,6.256910692260108
835,7,11,1339.7742860356282,876.6028503862572,0.16400295495986938,1.5973559115458735,True,True,7.200914711307776
1364,8,11,1339.723208780736,891.4256348337781,0.15183183550834656,1.9138000148581213,True,True,8.720360198876419
1277,9,11,1339.9002520464544,907.6353257053808,0.15416769683361053,1.9707195954794765,True,True,9.461182566264256
597,12,11,1339.7370603608488,958.5932774225007,0.16928941011428833,1.8904721479529107,True,False,10.578454001440738
1463,16,11,1339.2052807579812,1041.1780535176997,0.14986476302146912,1.987729271807743,True,False,8.328783477581633
297,17,11,1339.147519221147,1055.601146134509,0.1770346760749817,1.6079275060340668,True,False,7.197655685064157
1156,19,11,1339.1295502921319,1088.5556447722836,0.15724119544029236,1.7826141903005797,True,False,7.031675360163571
1300,21,11,1339.373910631806,1122.4425106742592,0.15355299413204193,1.685224712074611,True,False,6.863821781956837
1141,22,11,1338.99299745851,1140.2864887499202,0.15748707950115204,1.7135255585305467,True,False,7.175824999976818
367,24,11,1339.2805712678478,1171.199349267262,0.17482173442840576,2.0963954373716263,True,False,8.181358856653548
1296,26,11,1338.8465290076133,1205.5972267355755,0.15367592871189117,1.816113477088268,True,False,8.708339059318806
1276,27,11,1339.1329380967359,1221.601487422333,0.15416769683361053,1.9091182323729972,True,False,9.294890412927069
942,28,11,1339.1824388295681,1237.8986205644185,0.16179001331329346,1.8203863321340628,True,False,9.979952718477856
1010,29,11,1339.2420491558264,1270.7552411347738,0.160437673330307,1.9133165817984792,True,False,10.783600173610926
1038,32,11,1339.1611140683265,1320.86111727291,0.15970002114772797,2.1629968413686824,True,True,9.450654300722526
1306,41,11,1338.421123946709,1468.2177717456973,0.1534300446510315,1.993945239035991,True,False,7.838851358049381
929,44,11,1338.2692656055194,1517.9572815984764,0.16203589737415314,1.9778345742299839,True,False,8.701705442386583
807,48,11,1338.091383807158,1583.902527785518,0.16449472308158875,2.111248960973211,True,False,10.583212962091686
1576,6,12,1338.913698127416,858.9847834537524,0.14728301763534546,2.152217222693786,True,True,4.208386822127849
754,10,12,1338.9467393016375,925.2052261693719,0.1656011939048767,2.1027266466165777,True,False,7.365799673521613
928,12,12,1338.8402038564832,974.284651261123,0.16215883195400238,1.8620893034101562,True,False,7.77392767830942
1509,13,12,1339.1941574041034,990.3137409126657,0.14900417625904083,1.775366748417553,True,False,6.622836972842942
964,14,12,1338.7002727384183,1006.8730683131192,0.16142119467258453,1.9113282461109202,True,False,5.637280833845555
1112,15,12,1339.1142111029485,1022.6837937904121,0.1579788625240326,2.019066098611943,True,False,4.497486133842998
1225,18,12,1339.067632466106,1074.3009214510842,0.15539710223674774,1.7004240841206564,True,False,4.033349523441378
797,23,12,1338.8594161201083,1154.5901683467173,0.16474059224128723,1.8075484608728112,True,False,4.552107846027051
844,25,12,1338.7063411402282,1187.5432005215105,0.1637570559978485,1.5708925410455814,True,False,6.0322012764043045
1215,30,12,1338.3856208054046,1287.1242790816937,0.15564298629760742,1.7843622025542187,True,True,7.656265098641174
634,31,12,1338.344507991462,1302.785287331584,0.16842880845069885,1.818223477049884,True,True,6.058949297826789
889,33,12,1338.2182763638918,1338.2259531801044,0.16289648413658142,1.9386422987317318,True,True,6.7674825594026515
1204,34,12,1338.1752973213652,1354.3843377591631,0.1558888554573059,1.8139732590678994,True,True,5.657848672770628
997,37,12,1338.1285709427232,1404.2759067112192,0.1606835424900055,1.93180906672611,True,False,3.8042363530612335
1343,38,12,1338.0337701640108,1418.6174195963647,0.15244652330875397,1.919564248131176,True,False,1.8872550101043737
1059,39,12,1338.0072706442695,1434.7862743056119,0.15908531844615936,1.7862891023452105,True,False,2.012855154771391
1044,40,12,1337.6004733892637,1451.9969928728126,0.1594541370868683,1.885605965778732,True,False,1.6929778365241228
1324,42,12,1337.858063069103,1486.3253518722756,0.15293827652931213,1.8816797236111489,True,False,2.0437590671801757
1197,46,12,1337.767173145512,1552.2962683701494,0.15601179003715515,2.102989186776774,True,False,4.525894086791018
1153,47,12,1337.6805970193445,1566.6525186017798,0.15724121034145355,1.6831030845672466,True,False,7.2857901078370455
1121,49,12,1337.328102624031,1601.3646461381966,0.15785591304302216,2.1067128027506823,True,False,7.004580342242575
500,1,13,1325.4548799935076,775.7087766368622,0.17150232195854187,1.768285441658014,True,False,1.255649957942839
1488,2,13,1325.6174784611271,793.4343520301255,0.14937300980091095,1.4937615041466796,True,False,1.3188945159589411
966,3,13,1325.6517123671024,810.5240441742706,0.16142117977142334,1.9990810740260936,True,False,1.0098487968654546
1039,4,13,1325.6443207846128,825.3730807948958,0.15970000624656677,1.929563941501987,True,False,2.1007029624097386
988,5,13,1325.1560685373781,844.1595520147756,0.16080650687217712,1.8470533762389905,True,True,1.4017953058758128
746,6,13,1325.2871147366477,860.2387910883774,0.165847048163414,1.7844583778780347,True,True,2.304326115404849
335,7,13,1324.6103337553645,875.3678504643372,0.17592820525169373,1.7299675832527046,True,True,4.696648530266282
650,8,13,1325.5310414049302,891.1501941170108,0.16818293929100037,1.8656864315408457,True,True,6.072477001991602
1589,9,13,1325.5643173936803,908.6974081238185,0.14703713357448578,1.938538145609458,True,True,5.966369769448001
448,10,13,1324.5028227426928,924.9474180056701,0.17285467684268951,1.8347765669809344,True,False,7.345205842674785
677,11,13,1325.334615947227,941.2266701500537,0.16756822168827057,1.836176217046985,True,False,8.32147256405542
360,12,13,1324.287439009183,973.1678922549785,0.17506760358810425,1.738238050902277,True,False,6.597822653008336
867,13,13,1324.8295929862993,989.5475785508713,0.16326531767845154,1.556932214785014,True,False,5.436367964433589
1344,14,13,1325.3000210010475,1006.696866497899,0.15244652330875397,1.8372674037203964,True,False,5.055695965305142
1464,15,13,1324.717031259337,1022.5072918128267,0.14986476302146912,1.669150213695841,True,False,3.7235645308622147
931,16,13,1324.3493295617227,1039.1721158867367,0.16203589737415314,1.787329269630913,True,False,3.2846294636836983
808,17,13,1324.5852914581271,1055.3683705153792,0.16449472308158875,1.4298325223820494,True,False,2.2537679298235305
242,18,13,1324.2575571924808,1071.5474384240756,0.17875584959983826,1.9939949269408477,True,False,2.1119123617975113
1262,19,13,1324.3076486670811,1088.9611758379506,0.15453651547431946,1.6228998823029948,True,False,2.0602590017256692
1261,20,13,1324.2048877707562,1105.2229247357543,0.15453651547431946,1.716770063065372,True,False,2.3526680500622024
1064,21,13,1324.5916287207472,1121.901832014492,0.15896238386631012,1.6723667787261212,True,False,2.4187742432128103
1030,22,13,1324.3478062058493,1137.6853515206346,0.1598229706287384,1.8071431855926996,True,False,3.820659579419584
1128,23,13,1324.1506924895593,1156.2986699563003,0.15773296356201172,2.053927243872959,True,False,2.9812882302270287
1194,24,13,1324.0192082633407,1171.2659528494628,0.1561347395181656,1.62524524337866,True,False,4.9930291585590645
757,25,13,1324.0442745995877,1187.4647834921454,0.16560117900371552,1.798916373321937,True,False,6.039008136888164
1061,26,13,1323.9844873854506,1203.6018327379654,0.15908531844615936,1.8801817817778164,True,False,7.203789116553096
1503,27,13,1323.5654032857726,1220.5016120173284,0.14912712574005127,2.1691763638977744,True,False,7.774110515065507
1373,28,13,1324.0019697339155,1236.8063033848152,0.15183180570602417,1.8063044587905663,True,False,8.630271785206316
1525,29,13,1323.8972515193657,1269.7006659385431,0.1486353576183319,1.9228429274188759,True,False,7.636050998169891
1120,30,13,1323.917083602704,1288.4011627143036,0.15785592794418335,1.931058929620108,True,True,8.929540063109833
1209,31,13,1323.8433318035843,1302.8565864547213,0.15576592087745667,1.8631849579745936,True,True,6.232566528437586
1482,32,13,1323.947001558244,1319.4576695612582,0.149495929479599,1.7982230863158193,True,True,5.524038760813214
558,33,13,1323.7463095166204,1335.8299377733442,0.17002704739570618,1.9762717801229115,True,True,4.7839688254107795
1585,34,13,1323.8951232409945,1354.4886623759523,0.14716006815433502,1.872136230740833,True,True,5.892286340280127
1254,37,13,1323.5008475059499,1401.8467205864667,0.15478238463401794,1.913432817920789,True,False,2.9132187228896718
1107,38,13,1323.7370380387765,1420.5089538903862,0.15810179710388184,1.9540448859971973,True,False,3.3516097323197753
1605,39,13,1323.6619838027757,1436.7557959440703,0.14654536545276642,1.8271100341321738,True,False,2.8588498077657523
579,40,13,1322.8231854601165,1452.9254119085601,0.16965822875499725,2.116304512173202,True,False,3.469362760689942
1119,42,13,1323.2822618110285,1484.5498008172199,0.15785592794418335,1.7079316968085736,True,False,4.211745000502539
1106,43,13,1323.4822116562314,1501.3526945850167,0.15810179710388184,2.033092249951655,True,False,4.424698061864782
1523,44,13,1323.2587295852406,1520.139951986495,0.1486353576183319,1.8779562324034706,True,False,3.5738387347238385
1301,45,13,1323.1601743905762,1536.258544938371,0.15355297923088074,1.748805754527892,True,False,4.3655191811427
1377,46,13,1323.1337622191948,1550.707895911328,0.15170887112617493,1.9150134038239481,True,False,6.656129800637857
1055,47,13,1323.1548933628478,1566.8565851848018,0.15908533334732056,2.039880824113082,True,False,7.64082131575262
1564,48,13,1323.030880206858,1583.536141234587,0.1474059522151947,1.5364515871884228,True,False,8.213255195707369
1274,49,13,1322.9298853545201,1599.8181392620622,0.15416769683361053,1.8194907088971253,True,False,9.142955309783432
246,1,14,1310.8951493610214,776.6917760002107,0.17863288521766663,1.3124190223091978,True,False,5.891422636275644
1052,2,14,1310.7999195910397,791.5850333428737,0.1592082679271698,1.775444183901708,True,False,5.736941488136925
1218,3,14,1310.4503545956882,808.8081568147275,0.15564298629760742,1.6603149973496636,True,False,6.118335639929007
1022,4,14,1311.2121263447232,825.009545079965,0.16006885468959808,2.053210528833943,True,False,5.740819350752789
416,5,14,1310.3087447633318,841.2681973288715,0.17383819818496704,1.822398781964327,True,True,7.08740923205767
1227,6,14,1310.701923242484,857.5224854940799,0.15539708733558655,1.5513902903701806,True,True,7.441958467361338
734,7,14,1310.3267931037587,873.5424337156868,0.16597001254558563,2.0345716275101124,True,True,8.682663361439763
1359,8,14,1310.1804650838646,889.7791936767023,0.15207770466804504,2.135188037021831,True,True,9.673045645328042
1098,9,14,1310.206819105918,908.4772022185547,0.15834768116474152,1.9430196698910023,True,True,8.741704600472904
845,10,14,1310.1273277198306,939.5089191453604,0.1637570559978485,1.883535180221977,True,False,9.822004981229
1113,11,14,1310.1772629222394,956.7037314709015,0.1579788625240326,1.3715633310995208,True,False,9.603811495790481
1285,12,14,1310.134986499856,972.5453612940319,0.15392181277275085,1.551245591205732,True,False,8.496669221772931
932,13,14,1309.9913770901724,989.2799866157704,0.16203589737415314,1.6190102752824291,True,False,8.163377575377167
1495,15,14,1310.4756572873405,1022.2778851730766,0.1492500603199005,1.9891232292663892,True,False,6.755841912952343
616,16,14,1311.1258930101878,1038.8695204657292,0.16879764199256897,2.0659968174188448,True,False,5.813458468144251
1043,17,14,1309.94235603794,1054.7355123758387,0.15957708656787872,1.7364694161001206,True,False,6.563232095311968
783,18,14,1309.952133371832,1071.5584161098157,0.1649864763021469,1.8779470817255006,True,False,6.5097042282435575
1191,19,14,1310.0945736643557,1087.729501908119,0.15625768899917603,1.952171534334294,True,False,6.447885748319508
1169,23,14,1309.7788465244478,1156.3003281672457,0.15687239170074463,2.0928688802483086,True,False,6.968812677508765
218,25,14,1309.788505426227,1187.4432242514868,0.1797393560409546,1.8843076559736869,True,False,8.707912022078002
762,26,14,1309.4442233064012,1203.5803647553696,0.16547824442386627,1.6416111311648862,True,False,9.786094167385745
1517,28,14,1309.7575782163058,1237.2352237502969,0.14875830709934235,1.7519673518349126,True,False,10.343611936205969
1171,30,14,1309.7047772920562,1288.4724459572133,0.15674945712089539,2.002753908199262,True,True,10.962785462089975
748,32,14,1309.5439430683894,1319.4338475922332,0.16572412848472595,2.0435314301092347,True,True,8.479004062004526
1338,34,14,1309.4363896682241,1353.1499426873356,0.1525694727897644,1.940939322542799,True,True,8.060186893074487
340,35,14,1309.483760297253,1369.4178207783082,0.1755593866109848,2.0758609287687904,True,False,7.547689248636025
1111,38,14,1309.4684020246689,1419.2043680409488,0.1579788625240326,1.9484082570388663,True,False,7.0025610139364645
1404,39,14,1309.2737531776104,1435.4088138266538,0.15109416842460632,2.228157195976368,True,False,7.152890001569985
1309,42,14,1308.9050162268697,1484.7964909815603,0.15330711007118225,2.1038938448139417,True,False,8.000137504137763
1184,45,14,1308.7490208771255,1534.6687137825172,0.15638062357902527,2.0855585472076035,True,False,8.990301283969718
1182,46,14,1309.2736252602328,1551.2179578712582,0.1565035581588745,2.1127685907988196,True,False,8.95941272891411
1428,20,15,1309.3921067286562,1105.9346708706094,0.15047946572303772,1.7529652871344106,True,True,2.8495715157903794
775,21,15,1308.8978857497234,1121.8650564450056,0.1652323603630066,1.9026770829643358,True,True,2.888503330255291
1436,22,15,1308.8255868026752,1138.445204452425,0.15035651624202728,1.8790886563866047,True,True,3.372209546347379
895,24,15,1309.3241531454316,1170.645326271269,0.16289648413658142,2.111984870088838,True,True,5.75761464025549
717,27,15,1309.3550910258864,1219.747723712017,0.1664617657661438,1.7834314705677523,True,False,8.515189037281765
1505,28,15,1308.7114858756643,1254.2997321250466,0.14912711083889008,1.7375336685610534,True,False,9.409047061753784
1531,29,15,1309.2294779861109,1269.627102150631,0.14851240813732147,1.6432046600156534,True,False,7.621091943384968
862,31,15,1308.5930682789692,1303.1618605135122,0.16338825225830078,1.9717470411583862,True,False,6.3222814810130465
1289,33,15,1309.0394791166889,1335.7359059433218,0.15379886329174042,1.7363548153284718,True,False,4.62004405469085
1554,36,15,1308.9540734389939,1388.237739544594,0.14777477085590363,1.7628588036747834,True,False,5.041532589658581
1294,37,15,1308.9084242737213,1402.6093307742817,0.15367592871189117,1.848020617346083,True,False,2.793834936141863
804,40,15,1308.7566862732929,1451.8471039690326,0.164617657661438,1.8630605577972892,True,False,2.5062666633983386
1478,41,15,1308.2930078671732,1470.447789206282,0.1494959443807602,2.0202048640437646,True,False,1.7549777608978436
1023,43,15,1308.6542995926034,1501.022798960421,0.1600688397884369,2.1259876742730333,True,False,4.399218954156736
1331,44,15,1308.2425354384418,1520.2296469572118,0.15269240736961365,2.162878686356028,True,False,2.5713032635849076
1350,47,15,1307.7394152371933,1567.9001369881157,0.15232357382774353,1.958522903811482,True,True,6.175052721354665
726,48,15,1308.4010902023376,1583.713578544531,0.1662158966064453,1.8152257088342434,True,True,7.728134161554456
1136,49,15,1308.352931098187,1602.4134114617325,0.15748709440231323,1.7134647219757495,True,True,6.318338074910281
371,1,16,1297.2302640958108,774.9169319009889,0.17469879984855652,1.9931706604371764,True,False,0.6333137882465025
882,2,16,1296.2636527187503,791.275913064024,0.1631423532962799,1.4731467902252708,True,False,1.0114602494040275
812,3,16,1296.1364134603239,807.454949550912,0.16449470818042755,1.8461618966126425,True,False,2.3014704253215554
1188,4,16,1296.1468550795705,823.6870995700895,0.15638062357902527,1.8905452162407195,True,False,3.5276044529526946
1200,5,16,1295.8965230651288,839.7176807229763,0.15601179003715515,1.9375708173876691,True,False,4.991245129200344
1134,6,16,1295.980960889225,857.2982048499822,0.15761002898216248,1.6271509145454786,True,False,4.868278917346527
873,7,16,1295.9304856396186,873.3970990049141,0.16326530277729034,1.6785973772970488,True,False,6.228564452308108
949,8,16,1295.94922628962,889.5879983796685,0.1616670787334442,1.9041702246006917,True,False,7.487445367034688
923,9,16,1295.3933989878974,906.332020508661,0.16215884685516357,1.9276512586479466,True,False,8.258851777125052
364,10,16,1295.9526961945237,924.3494351027907,0.174944669008255,1.9547914827072026,True,False,7.626456605449593
413,11,16,1295.826547669315,955.5241629908444,0.17383819818496704,1.9235548328679788,True,False,6.188696070570045
1246,12,16,1294.7858048863682,972.6317700992138,0.15490533411502838,1.8942630626280552,True,False,6.09290795282924
829,13,16,1294.7202925261552,988.900119045151,0.16412588953971863,1.9415510992474059,True,False,5.020757989398804
1105,14,16,1295.6279398309619,1005.3107761560882,0.15822473168373108,1.897546636799829,True,False,3.76130250571906
767,15,16,1296.1189569588964,1022.0194149510747,0.16547822952270508,2.1395162455468437,True,False,2.954883447976945
503,16,16,1294.7292576988614,1039.181142885374,0.17137938737869263,1.913337179705949,True,False,3.268997131072527
1314,17,16,1294.7030219257308,1055.0057491199993,0.153184175491333,1.9778308754540448,True,False,2.2108524482792435
608,18,16,1295.546851967301,1071.3000226358583,0.16904351115226746,1.9497943631780057,True,False,1.0962929444827496
525,19,16,1295.2101264870043,1087.5252749568879,0.17088761925697327,1.5396807573812437,True,False,1.8868266515551113
763,20,16,1294.6652752962461,1105.258622419152,0.16547824442386627,1.8228501116854339,True,True,2.1706587977153657
1155,21,16,1294.5312818263596,1121.164744973745,0.15724121034145355,1.9239165485029517,True,True,3.1825867032166015
930,22,16,1294.428935751244,1137.2268395313426,0.16203589737415314,1.8833461224236008,True,True,4.3179219056504206
1560,23,16,1294.5238107887672,1154.6272007164441,0.14752890169620514,1.6478410295508439,True,True,4.255526279711892
1443,24,16,1294.9439965708546,1172.4204655311999,0.1501106470823288,1.5805269761075937,True,True,3.6899118159798863
887,25,16,1294.5393077439137,1187.8905042786664,0.16301941871643066,1.543197214701684,True,False,5.589419601525116
477,26,16,1294.3717897155498,1203.5275690036547,0.17211703956127167,2.0531132663870757,True,False,7.273095475904552
728,27,16,1294.9615459252566,1220.4011280282207,0.16621588170528412,1.744003043809493,True,False,7.5871730430641104
954,28,16,1295.2435583886902,1254.2835094309887,0.16154414415359497,1.7791752952984,True,False,9.235613032963226
656,29,16,1294.6946437628987,1269.6958339943462,0.16805998980998993,1.723106313585127,True,False,7.448755662571189
606,30,16,1294.274815004872,1288.5276166187364,0.16904351115226746,1.947579553719928,True,False,8.99073804281099
1099,31,16,1294.2363199626886,1304.6646107587765,0.15834766626358032,1.819821825266973,True,False,7.8460456782235095
559,32,16,1294.2430385781065,1319.5582889478192,0.17002704739570618,1.9933412531617374,True,False,5.569221701698103
1131,33,16,1293.686169446674,1336.2871434878368,0.15761002898216248,2.121298131139952,True,False,5.321400615745002
941,34,16,1294.3762144675134,1354.4193825886296,0.16179001331329346,1.6992527156568051,True,False,5.695688753010426
715,35,16,1294.1611039750883,1369.4622050522523,0.1664617657661438,1.8671384672268003,True,False,3.85649950482853
1192,36,16,1294.0351127276317,1388.2198275716912,0.15625767409801483,2.0592406934149228,True,False,5.103942255215561
1270,37,16,1294.2698566880124,1402.5925883313012,0.15429063141345978,1.6152895174121658,True,False,2.789717830844764
1420,38,16,1294.1179376399948,1419.3180756409763,0.15060241520404816,1.7283251899605734,True,False,2.683769787003081
853,39,16,1294.2266096901328,1435.5856287252009,0.16351118683815002,1.764185655076759,True,False,2.4437997958993685
1256,41,16,1294.0048007690236,1468.7177016216622,0.1546594500541687,1.7177083304344993,True,False,3.1273928182514363
1584,42,16,1294.0372371123583,1484.9167820237262,0.14716006815433502,1.9171436902373273,True,False,3.7925754618909213
1438,43,16,1294.3965921444742,1502.2634464944192,0.15023358166217804,2.0413754665475063,True,False,3.5054683363725903
1381,44,16,1294.4357183579202,1518.417435185762,0.15158593654632568,2.1109475506473885,True,False,4.4034167393441805
1520,45,16,1294.3565348465131,1536.0995973551157,0.14875829219818115,1.8739537437301466,True,True,4.101589131682561
1591,46,16,1293.9335600962731,1551.4816532639304,0.14703711867332458,1.8255384035337616,True,True,5.942050064993674
1365,47,16,1293.9355666984202,1570.1857017489617,0.15183182060718536,2.1034962318085246,True,True,4.710340963425693
1280,48,16,1293.8973435497455,1586.3428537135972,0.1540447473526001,1.9904735772741484,True,True,5.662937266000223
1317,49,16,1293.7354383334805,1603.2768754728759,0.15318416059017181,1.7433160962282,True,True,6.021945231609168
337,1,17,1281.8195012592996,774.5077228742911,0.17568233609199524,1.2850524479077015,True,False,4.870560726765801
58,2,17,1281.7685157545143,790.9780431018598,0.19018931686878204,1.5726162138217772,True,False,5.062450363946589
1092,3,17,1281.7084266262027,807.6499720135489,0.15847061574459076,1.3381634321715439,True,False,5.370646422518595
699,4,17,1281.734304889401,824.5784690266368,0.16695351898670197,1.903348213340136,True,False,5.579164211287543
478,6,17,1281.3208607944998,855.7251772175725,0.17211703956127167,1.754761545475161,True,False,8.324685707570984
849,8,17,1281.4967905995852,889.9048459056013,0.16363412141799927,1.5062180463585704,True,False,8.805531319361842
434,9,17,1281.3829938919039,922.7331359218163,0.17334644496440887,1.775442771107403,True,False,9.837174516863671
424,10,17,1281.362082345707,939.0857828343912,0.17359232902526855,1.965120506661964,True,False,8.947574397256894
469,11,17,1281.453608537347,956.7141583738277,0.1722399890422821,2.011147742798513,True,False,9.042636527636779
1015,12,17,1281.4561954865806,971.4722196349477,0.16031470894813538,2.1332517500707144,True,False,7.03520442268387
703,13,17,1281.2802654669686,988.8086367695882,0.16683058440685272,1.900363199294016,True,False,7.105208269665024
546,14,17,1281.3021105995417,1005.054040448883,0.17027293145656586,1.998456825670776,True,False,6.390123242049561
1074,15,17,1281.2626844195456,1021.2768325560651,0.15883943438529968,2.1560535249193613,True,False,5.880612100292046
497,16,17,1281.3318795191146,1038.6297997619936,0.17150233685970306,1.783051788074701,True,False,5.793613308919087
293,17,17,1281.2096048923422,1054.8443889446164,0.17715761065483093,1.9795219956634371,True,False,5.5927521083653575
798,18,17,1281.3146572436085,1071.098911357556,0.16474059224128723,2.01196082921288,True,False,5.4195257593034505
1042,19,17,1281.2333422028378,1088.8118130499936,0.15957708656787872,2.129053310849595,True,False,5.498492312645966
1091,20,17,1281.133736862194,1104.6944274404123,0.15847061574459076,1.9912728516030351,True,True,5.784514674908551
1220,21,17,1281.1150536490784,1121.0298648498665,0.15552005171775818,2.147939560332934,True,True,6.155828251193598
457,23,17,1280.6623152623204,1155.4793475632296,0.17260879278182983,2.0252862244327092,True,True,6.707902376206384
1403,40,17,1280.2040298191644,1453.8237755426098,0.15109416842460632,2.146861165658734,True,False,6.617103217889243
1214,44,17,1279.665147158768,1519.1119143500568,0.15564298629760742,1.7372926148486605,True,False,7.79446579371478
1181,47,17,1279.5583932929005,1570.4770404350172,0.1565035581588745,2.0970540609452017,True,True,8.089043856395701
950,5,18,1280.7553849487176,840.8928341644523,0.1616670787334442,2.0753776778187487,True,False,5.42239532442802
1266,7,18,1280.728412335571,873.4639483534355,0.15441358089447021,1.8096299537580542,True,False,7.220790008556985
998,22,18,1280.1590293894862,1137.2984547186652,0.1606835424900055,1.7404981419458014,True,True,4.925648654933188
583,24,18,1280.1689216779298,1170.566961452921,0.16965822875499725,1.5760402051391817,True,True,6.1192277154268515
1004,25,18,1280.091033719846,1188.4646263972063,0.16056060791015625,1.8835409945092614,True,False,5.643220442389117
251,26,18,1280.2109365036392,1203.5289226475938,0.17838701605796814,1.7205306343144409,True,False,7.697234694349292
1164,27,18,1279.9652158994784,1219.8108339823143,0.15699532628059387,2.052013997055125,True,False,8.593585614128028
1163,28,18,1279.9170527324738,1253.4938039463764,0.15699532628059387,1.7528365423927532,True,False,8.858680986742781
707,30,18,1278.7952907741908,1287.00341986273,0.16670764982700348,2.0566770249155786,True,False,7.368029712090834
1124,31,18,1279.8315693071759,1303.4191547524129,0.15785591304302216,1.644842765717421,True,False,6.85268081756931
855,32,18,1279.7161110734235,1319.581942153375,0.16351118683815002,1.7364780580543606,True,False,5.751000340877827
1265,33,18,1279.8254213140094,1336.4708145976276,0.15441358089447021,1.4811391893393087,True,False,5.421752253647966
1390,34,18,1279.686789817475,1352.7923060046733,0.15146298706531525,1.919385596428004,True,False,4.516208408378227
1333,35,18,1279.6295811679202,1369.5713195430899,0.15269240736961365,1.6927544279947715,True,False,4.058816569114052
1085,36,18,1279.7586150003426,1386.38440661464,0.15847063064575195,1.8594672333852797,True,False,3.7936350572385806
689,37,18,1278.7128457702722,1403.0175583017692,0.16719941794872284,1.9923015660885515,True,False,2.556141252287193
1383,38,18,1279.6184566363302,1418.8837149799808,0.15158593654632568,1.9219670819669739,True,False,2.7494678766045335
1382,39,18,1279.4464486180289,1435.6515312545582,0.15158593654632568,1.7108102914474554,True,False,2.5602824084706945
1143,41,18,1279.4511687702347,1471.1070449502572,0.157364159822464,1.97091210841894,True,False,2.6316052546136355
1402,42,18,1278.7447717828095,1487.0023850275702,0.15109416842460632,2.0098418363902,True,False,1.9848141650750901
1230,43,18,1279.234136433538,1504.3544846487205,0.1552741527557373,1.6620892397240492,True,False,2.42300768301254
1378,45,18,1278.5906550323273,1536.7886179037826,0.15158593654632568,1.9994074159370996,True,True,3.2724457258389728
1386,46,18,1278.650894631683,1553.0992881534241,0.15146300196647644,1.8806208856337943,True,True,4.153099922124139
1221,48,18,1278.5262172792573,1586.6627191304476,0.15552003681659698,2.029201642906441,True,True,5.007456230825618
644,49,18,1279.1046459442523,1603.426289497471,0.16818293929100037,1.8105865433371746,True,True,5.6738420288461064
22,1,19,1266.5915570521306,774.6114044150927,0.1952298879623413,2.1121675001312625,True,False,0.21812176614364087
957,2,19,1266.7235230186889,789.5005440736707,0.16154412925243378,1.5258020966767074,True,False,2.5574602599954415
1093,3,19,1267.3727162884968,806.6665906083422,0.15847061574459076,1.758520775212397,True,False,2.93468739326636
881,4,19,1266.4483927282997,822.9454771660503,0.1631423532962799,1.7296729653070297,True,False,4.105051904010665
676,5,19,1266.7450824445875,840.5064593181993,0.16756823658943176,1.515139177848425,True,False,4.0090703212576795
444,6,19,1266.3493910507084,855.4973332864773,0.17297762632369995,2.0156545285650744,True,False,6.511179901669443
346,7,19,1266.568032602909,871.7244169902957,0.17543643712997437,1.7776978901292908,True,False,7.741915543087685
841,8,19,1266.1685588333428,905.2360642328177,0.1637570708990097,1.7009951600856361,True,False,8.335558254475647
1129,9,19,1266.177502889,921.5024519742865,0.15773296356201172,1.9088936556656402,True,False,7.145211096133837
488,10,19,1266.0804216015965,937.7361140049986,0.17174822092056274,2.0448478367714245,True,False,5.941840015212072
833,11,19,1266.0811139412378,956.416296287817,0.16400295495986938,1.9175309128984377,True,False,7.162998696576845
1349,12,19,1266.1201658009409,971.34363248933,0.15232358872890472,1.7493197786513353,True,False,4.66174054678565
148,13,19,1265.994526143869,987.5520022425411,0.18293581902980804,1.8433103948309064,True,False,3.481025959986582
323,14,19,1266.46356277765,1005.7213610338305,0.17629702389240265,1.9988889273868709,True,False,4.1236423527158195
322,15,19,1265.9051755046155,1021.2950823367919,0.17629702389240265,1.5800572626415392,True,False,2.447776932966198
824,16,19,1265.9983244569821,1037.470930815141,0.16424882411956787,1.779604269609223,True,False,1.332481122666306
1056,17,19,1266.3165004352936,1054.2121184491962,0.15908533334732056,2.074464248727439,True,False,0.65381350522621
1318,18,19,1264.7073997982209,1070.9630458340505,0.15318416059017181,1.9602732843781487,True,False,2.214117989213179
284,19,19,1265.8801213824613,1087.3234975005207,0.17728056013584137,1.7337167450033317,True,False,1.7307374403195719
992,20,19,1265.9875067136068,1103.5678711005148,0.16080649197101593,1.8663768223006134,True,True,2.719646269190472
970,21,19,1264.72004103286,1121.3232659824612,0.1612982451915741,1.8483803951612898,True,True,3.1082033836677216
1165,22,19,1265.7933258335486,1138.549709407852,0.15699532628059387,1.8866386367436456,True,True,2.6268745754826632
1414,23,19,1265.7882180258707,1153.4610417676813,0.15084829926490784,1.8981724367754313,True,True,4.985138857214193
773,24,19,1264.660263495944,1171.267140955086,0.1652323603630066,1.8148160390729868,True,True,4.979812727174138
692,25,19,1264.6424717499335,1187.1585658002512,0.16719940304756165,2.0099721796187318,True,False,6.350840824017767
718,26,19,1264.6960775655652,1204.7652643050003,0.1664617657661438,2.097915952777929,True,False,6.118294627393157
1196,27,19,1265.408097137171,1219.6312208706124,0.15601180493831635,1.6814948117935533,True,False,8.340611247771335
1080,28,19,1265.5641334951536,1254.7215336191764,0.1585935652256012,1.922547504389981,True,False,9.62571738667034
1287,29,19,1265.2809457547407,1269.7758966887777,0.1537988781929016,1.7979820817568002,True,False,7.410146527329588
596,30,19,1264.5740344747073,1286.984031713242,0.16928941011428833,1.8563143430554323,True,False,7.462189499958276
177,31,19,1264.964952111133,1302.789681303457,0.18170642852783203,2.0332466020440103,True,False,5.875947319737685
1310,32,19,1265.0301539097507,1319.7665948017625,0.15330711007118225,1.766852130736332,True,False,5.508818748005361
1566,33,19,1265.4116737191184,1336.8672785528831,0.1474059522151947,1.809682973017694,True,False,5.158341512592106
716,34,19,1265.0405226165883,1352.8743552899361,0.1664617657661438,2.105660134539801,True,False,4.07723864036051
1109,35,19,1265.4638428387082,1369.4629137223903,0.15810179710388184,2.121295685034541,True,False,3.225182055477303
266,36,19,1265.3408049348907,1386.908700425857,0.17801819741725922,1.891735903353256,True,False,3.3915671558641822
960,37,19,1265.374040930813,1403.1660009248958,0.16142119467258453,2.0008250926878803,True,False,2.4971634101807463
1224,38,19,1264.4015808857826,1420.872811039684,0.15539710223674774,1.7986061079762303,True,False,3.463607761145263
1185,40,19,1264.9079214483527,1452.6856195953335,0.15638062357902527,2.008469313467435,True,False,2.1641824543210806
1139,41,19,1264.3223899338009,1469.4909878397389,0.15748709440231323,1.9929274636240661,True,False,2.8762930668342928
1032,42,19,1264.5845835093069,1488.1410963100614,0.15970003604888916,1.9047555720373415,True,False,2.46009265420204
1283,43,19,1265.2337951145312,1503.0112768243478,0.15392181277275085,2.035229842773742,True,False,2.7441937218120644
1305,44,19,1264.529245202436,1518.7585713015076,0.1534300446510315,1.8364840066789356,True,False,4.398431849569938
1021,45,19,1264.4540208154172,1535.6695614693303,0.16006885468959808,1.7565673257436671,True,True,4.751296775531738
1234,46,19,1265.081691287239,1553.1965874846019,0.15515121817588806,2.0797547901983955,True,True,4.220647994731062
1159,47,19,1265.233606063965,1569.1468480678013,0.15711826086044312,2.106040841930865,True,True,5.374640508874555
888,48,19,1263.766271756696,1585.9619077645843,0.16289648413658142,2.011214177075458,True,True,6.416525596549707
1054,49,19,1264.1909050881327,1601.7369815050556,0.15908533334732056,2.106029363006507,True,True,7.562509293183161
543,1,20,1253.0366522802497,773.2991283773353,0.1703958660364151,2.0846954933768145,True,False,4.0059816181238075
945,2,20,1252.1149538756092,790.4592074544603,0.16179001331329346,1.901884279636059,True,False,4.993488107819434
686,3,20,1252.0627867370833,805.4527724647876,0.16732236742973328,1.7288483260922238,True,False,6.281943989217393
410,4,20,1252.4534894193162,822.1041614354519,0.17383821308612823,1.9002282630532505,True,False,6.587049947773202
361,6,20,1251.8265562569416,856.5228100040814,0.17506760358810425,1.6927154308776213,True,False,7.420754088712487
347,7,20,1251.941677504814,871.4193507721963,0.17543643712997437,1.7704810415113124,True,False,9.411568047927677
834,8,20,1251.7772897533848,904.9540983886692,0.16400295495986938,1.5509107267792386,True,False,9.557157446631358
143,10,20,1251.7633410916756,937.488425910427,0.18318170309066772,1.9351322813618734,True,True,7.668537176812262
461,11,20,1251.682742142431,954.7281624537712,0.17248587310314178,1.505120866379047,True,True,7.571831274671831
111,12,20,1251.63861178982,971.0542034180156,0.18564051389694214,1.7218370147527755,True,True,6.845627265076915
678,22,20,1251.4698706857243,1138.5889898040602,0.16744530200958252,2.081404691897187,True,False,6.001292331835769
486,23,20,1251.4364922039967,1154.8906894983538,0.17174822092056274,1.917061923158831,True,False,6.538217821392374
805,28,20,1251.1791432672019,1237.6035258871975,0.164617657661438,1.8635211196814372,True,False,9.601054378440182
1017,35,20,1250.51094157003,1370.1937568930468,0.16019178926944733,1.9084943090200353,True,True,7.469364447868112
1040,36,20,1250.5671331724309,1386.4346458978393,0.15957708656787872,2.027638083518664,True,True,6.972448893980621
1456,42,20,1250.3614896957872,1486.3625096120638,0.14986476302146912,2.1309970577121433,True,False,6.932126911366217
1447,5,21,1251.0147351137484,838.8318738182381,0.1501106470823288,2.179718245104397,True,False,6.916396317643531
1212,9,21,1250.8999457532682,921.6446104123595,0.15576590597629547,2.0063191294218603,True,False,8.314089187118624
392,13,21,1250.6262220407796,987.3300141942465,0.17420703172683716,2.100841708176595,True,True,4.831204467678609
600,14,21,1250.640862437282,1004.9954866410724,0.1691664755344391,1.9239221986211665,True,True,4.987342307361679
1028,15,21,1251.0958137992013,1019.8784289682296,0.15994590520858765,1.8808709878143197,True,False,4.165253659244682
298,16,21,1250.6683370457083,1037.8159723867682,0.1770346760749817,1.6784560347279107,True,False,3.889558951366523
909,17,21,1251.0258959611072,1053.5476692513755,0.1625276654958725,1.5478858848296582,True,False,3.999620370122713
603,18,21,1251.038901033447,1072.2510622823047,0.1691664606332779,1.7493702955007797,True,False,4.106870628806102
562,19,21,1250.8914300362776,1086.6648277520515,0.17002704739570618,1.8884647080574652,True,False,4.343647588866133
1132,20,21,1250.980401660921,1102.9481069495976,0.15761002898216248,2.198795456635983,True,False,5.035982539179797
1083,21,21,1250.0477677355289,1120.9861029412525,0.15859355032444,2.0478148907835365,True,False,3.9083520622994548
687,24,21,1250.764217202875,1172.185022261734,0.16732235252857208,1.8302288703386487,True,False,5.085751687054585
871,25,21,1250.4230530140596,1187.0214522044719,0.16326530277729034,1.7516976014268701,True,False,6.920097747775949
994,26,21,1250.3766644677357,1204.6921921227909,0.1606835573911667,1.8988329311491317,True,False,6.6404522725184405
780,27,21,1250.6101729628786,1219.6206206956613,0.1649864912033081,1.6668462910768098,True,False,8.939668160181512
1140,28,21,1250.2376844315356,1254.6694554276494,0.15748707950115204,1.8171988364175662,True,False,9.945854494208913
338,29,21,1250.3611474427282,1269.577836058033,0.17568232119083405,1.7022629690978168,True,False,7.697522271973152
1432,30,21,1249.7020904512467,1287.4862631014964,0.15035653114318848,1.7701874782356075,True,False,7.958839514221544
1048,31,21,1250.145753460629,1303.391748507492,0.15933120250701904,1.802696563664957,True,False,6.7821349634703
624,32,21,1250.2682381895231,1319.6074549303898,0.1685517579317093,1.7661785585005385,True,False,5.844871014416993
1501,33,21,1250.0536597119824,1338.3270754593127,0.14912712574005127,1.9770875821492069,True,False,6.950628449923668
875,34,21,1250.174519843641,1352.7515809558276,0.1631423681974411,1.7602536807638272,True,False,4.537813198797599
1237,37,21,1250.0479383586699,1402.717588480004,0.15502828359603882,1.7182573360455642,True,True,3.1628516035942367
1269,38,21,1250.0594949834028,1422.0736699853485,0.15429063141345978,2.1436643887492606,True,True,4.446718129299233
1395,39,21,1250.0001881477738,1435.7287050653931,0.151340052485466,1.9970089992205489,True,True,2.793615178929983
1278,40,21,1249.9751457833856,1452.64464489246,0.15416768193244934,1.6448326827913198,True,False,2.823794354921632
578,41,21,1250.0349268172959,1469.6250313702274,0.16965822875499725,1.8899982016387542,True,False,2.964311865218622
1122,44,21,1249.4078743818322,1521.3733293986227,0.15785591304302216,2.1513176242491014,True,False,2.4202832050137566
755,45,21,1249.8858457936587,1535.7800429679921,0.16560117900371552,2.0999744197028076,True,False,4.77474968948894
1127,46,21,1249.903544074199,1554.4978157310318,0.15773296356201172,1.8597777219763447,True,False,3.6669469450884358
1243,47,21,1249.796934479998,1569.4655546652734,0.15490533411502838,1.8961057782524229,True,False,5.476650975766413
1029,48,21,1249.6217496316729,1585.7168106173272,0.1598229706287384,1.8259275177981682,True,False,6.330862399961127
379,49,21,1249.442916482021,1602.469774357886,0.17445291578769684,2.0596710021717923,True,False,6.749775870621637
12,1,22,1237.770396909062,771.507862139306,0.19756577908992767,1.945654643660315,True,False,2.99362476418049
260,2,22,1236.749967908517,789.0053708991167,0.1782640814781189,2.0128772265499077,True,False,2.8952511582933367
245,3,22,1236.535120453684,821.152301738754,0.17863288521766663,1.9194775602893082,True,False,11.768977838126316
925,4,22,1237.1625967527425,837.5862313441324,0.16215884685516357,1.5945430634230684,True,False,10.702214559531196
590,6,22,1237.4594119413525,855.1208849488561,0.16953527927398682,1.7737685417198468,True,False,6.752763062676125
414,7,22,1236.4842375868532,872.4877082380442,0.17383819818496704,2.118959081130893,True,False,6.869845753255091
146,8,22,1236.3868411785627,888.737066288633,0.18305876851081848,1.8757211983299955,True,False,8.098924502260962
673,9,22,1236.4968860270224,920.8758159136404,0.167691171169281,1.7342783203628338,True,False,6.617807136922707
696,10,22,1236.4277638978233,938.5314507159766,0.1670764684677124,2.0482057385754215,True,True,6.815699251522015
474,11,22,1236.4377816482543,954.3356019288897,0.17211705446243286,1.476429721568623,True,True,5.169937678854516
214,12,22,1236.666587898508,969.7253820867661,0.17998522520065308,1.7573010484133629,True,True,3.094672750564058
918,13,22,1236.2493034413274,987.0817649665041,0.16228178143501282,1.6525660444496748,True,True,3.0883878639125997
472,14,22,1236.2272941525052,1003.3039739649588,0.1722399741411209,1.7906979192660952,True,True,1.9519942840235358
668,15,22,1236.1375171464151,1019.5603833448223,0.16781410574913025,1.9309949355674716,True,False,1.111997303611201
1179,16,22,1236.1794499296343,1037.0868532942716,0.15662650763988495,1.6038554235913347,True,False,1.1361758369370565
423,17,22,1237.208605767614,1054.057624795052,0.17359232902526855,1.792320817496288,True,False,0.230442006179173
917,18,22,1235.948654093981,1069.5622006617668,0.16228178143501282,1.827680359814539,True,False,2.07308324585883
1369,19,22,1236.0453706284168,1087.0822606359452,0.15183182060718536,1.5046886172471046,True,False,1.9402650691973733
922,20,22,1235.6101973017767,1103.2944402670114,0.16215884685516357,2.0659890985940446,True,False,3.199638893609784
951,21,22,1236.130992035877,1119.6148579384067,0.16166706383228302,1.8338323268347905,True,False,4.0298398721221895
1086,22,22,1236.3913712212616,1136.4947451400324,0.15847063064575195,2.195893800126918,True,False,4.489086080350865
758,23,22,1235.888217569166,1152.760196804687,0.16560117900371552,1.7637426408275718,True,False,5.701734636311563
397,24,22,1235.8812275809416,1169.6602621993607,0.17408409714698792,1.8796362999362797,True,False,6.187235614600019
743,25,22,1235.798539457204,1186.542932002502,0.1658470630645752,1.5560287640814179,True,False,6.701399811823687
731,26,22,1235.7212105217304,1203.4113145291146,0.16609294712543488,1.5849142931858289,True,False,7.223602403060532
619,27,22,1234.932004556727,1221.0034986124972,0.16867470741271973,2.1738575442076966,True,False,7.225008196584341
666,28,22,1235.304397609442,1236.4808318760213,0.16781410574913025,1.973402181147788,True,False,8.96052516622321
612,29,22,1235.563320073586,1269.7161195721292,0.1689205765724182,1.8062103673575278,True,False,7.303360611359582
876,30,22,1235.3128747088856,1286.5691621180488,0.1631423681974411,2.0459495971188506,True,False,6.875037138167821
846,31,22,1235.775719194578,1303.2365200628474,0.16363413631916046,1.7400705032695998,True,False,6.089261215673811
1502,32,22,1234.7177375922859,1321.0657583931036,0.14912712574005127,1.955359254972963,True,False,6.870003164597631
1259,33,22,1234.6973773648422,1337.4996598085306,0.15453651547431946,1.7695847608628856,True,False,6.041692112614098
1201,34,22,1235.30243197905,1352.8928160475025,0.1558888703584671,2.0172639226276514,True,False,4.033010888909185
961,35,22,1235.3607110087999,1369.7994846414056,0.16142119467258453,1.8352812881201457,True,True,3.635887684039863
1264,36,22,1234.6080078767386,1388.5290733905485,0.15441358089447021,2.1792921837252033,True,True,5.224304089119398
826,37,22,1235.4698674038605,1403.3862710376143,0.16412588953971863,2.0647162399460344,True,True,2.719393299933537
545,38,22,1235.13193948144,1419.7390569528704,0.17027293145656586,1.744054790449451,True,True,2.4135144031787172
1284,39,22,1235.1768904135179,1436.5221736556725,0.15392181277275085,1.730468731119481,True,True,2.2010861845954044
1550,40,22,1234.5202408526227,1453.3387170483256,0.14789770543575287,2.025659296491063,True,False,2.808859604414549
1241,41,22,1235.0563558738363,1469.773913490141,0.15490534901618958,1.7748084558678783,True,False,2.4417151478435932
938,42,22,1235.4415387445536,1488.3788191115348,0.16179002821445465,2.2487838842033336,True,False,1.9550712635066685
1160,43,22,1234.482820078215,1504.7711320555118,0.15711826086044312,1.9258431424568219,True,False,2.913655282160631
1001,44,22,1234.9665867680753,1519.694783499197,0.16056060791015625,1.6951128438006962,True,False,3.7223798773829637
1380,45,22,1234.9682240371976,1536.593807979202,0.15158593654632568,1.898627270420579,True,False,4.033287837421404
940,46,22,1234.5288976789316,1553.3265571078243,0.16179001331329346,2.024174368220681,True,False,4.743932138583556
1066,48,22,1233.86634261057,1587.7874935949171,0.15896236896514893,2.225624973439178,True,False,5.251482058864135
261,49,22,1235.3020201126062,1604.770755660173,0.17814114689826965,2.096229315936179,True,False,4.671443542988403
172,1,23,1223.259424197774,771.0963760034747,0.18195229768753052,2.0570961242221353,True,False,4.945910124901789
592,2,23,1222.2542980765647,787.3196121446091,0.16953527927398682,1.8206152468530565,True,False,6.5611614380488685
99,3,23,1222.204999059724,804.8934115525672,0.18625523149967194,1.6360197816431479,True,False,6.5558778228750745
902,5,23,1222.3586002715294,838.520273770868,0.16265061497688293,1.6127564369312772,True,False,7.462371790242387
372,6,23,1223.032025583263,854.3342675353182,0.17469878494739532,1.9961608377330096,True,False,8.493543911819193
275,7,23,1222.1504190852431,872.218301199144,0.17777231335639954,2.120828774008741,True,False,8.617480995248629
802,8,23,1222.0409821761823,888.3766930670357,0.16474057734012604,1.9284110790334974,True,False,9.79049862392738
443,9,23,1221.865159068096,919.6982650300911,0.17297762632369995,1.9059392239888318,True,False,7.5527990550112625
168,10,23,1221.8261099228282,938.318014991864,0.18207523226737976,1.8739079945903607,True,True,8.454782465212588
1346,12,23,1221.838012972669,970.8995974965281,0.15244650840759277,1.6003435635302028,True,True,6.79504372389249
1018,14,23,1221.8330028995738,1004.6013128536423,0.16019177436828613,1.8215948961801152,True,True,6.137684682481171
294,15,23,1221.5385560429197,1019.4569567383874,0.17715761065483093,1.553307937563468,True,False,5.6380447878785
872,19,23,1222.0995191218585,1087.7185217205586,0.16326530277729034,2.2921636391980424,True,False,5.189906312875943
1041,30,23,1221.3362748083562,1286.9003364852083,0.15957708656787872,1.8917154384070423,True,False,9.143763001369223
848,33,23,1221.1926213477207,1337.0347463019018,0.16363412141799927,2.0826227459658995,True,False,7.920867489905558
1130,36,23,1221.1920057900995,1387.604478363352,0.15761002898216248,1.8507513144910537,True,True,7.126188030085767
685,11,24,1221.4879869027307,954.074312159178,0.16744528710842133,1.7524277449708512,True,True,6.558521803835182
209,13,24,1220.76821378512,986.8514065276034,0.1801081895828247,1.9625170228902833,True,True,4.54074333388924
672,16,24,1220.719600022825,1036.7977099022041,0.167691171169281,1.8956173998395311,True,False,3.5143892757168675
661,17,24,1220.6985769154946,1053.16598559626,0.1679370403289795,2.0602635628815014,True,False,3.5177063751374478
483,18,24,1221.360002158835,1069.4795080813467,0.171871155500412,1.5226771545984417,True,False,4.470171662318999
764,20,24,1220.5307331977222,1103.0412854157798,0.16547824442386627,1.8513291008690194,True,False,4.457557657395844
1445,21,24,1221.2317088746145,1122.0300370131577,0.1501106470823288,1.9835430855174094,True,False,4.206848950318733
822,22,24,1221.1632129409427,1138.3301474921589,0.16424883902072906,1.67780984084446,True,False,4.643861955307879
828,23,24,1220.9556541841032,1152.6782356786625,0.16412588953971863,1.931256045357485,True,False,6.711282885490242
1392,24,24,1220.6157956749305,1170.4653010301322,0.15146298706531525,1.6814579125765172,True,False,6.19472005682427
710,25,24,1220.5348698036341,1186.9773991694062,0.16670763492584229,1.8196522883407908,True,False,6.914322022877096
831,26,24,1220.7970901671556,1202.6938501250327,0.16400295495986938,1.8720259027720025,True,False,8.53090750132133
142,27,24,1220.4147783645033,1219.5707718415197,0.18318170309066772,2.113982497273246,True,False,8.853565737349909
566,28,24,1220.3991184802876,1253.3293198093252,0.16990409791469574,1.9299284124926976,True,False,8.61441250741629
594,29,24,1220.7361217641421,1272.2168957302338,0.16941234469413757,1.802523941649046,True,False,10.1482738390976
490,31,24,1220.3332346663603,1303.3836977884669,0.1716252863407135,1.921492712812893,True,False,6.685122826793115
660,32,24,1220.1528854549988,1319.5275240521623,0.16793705523014069,1.9137592853549314,True,False,5.519192862615499
823,34,24,1220.403952767509,1352.881942969847,0.16424882411956787,1.9248083489362038,True,False,4.540728700306673
655,35,24,1220.4728662681705,1369.6492782330329,0.16805998980998993,1.731470086714911,True,True,4.160161225605229
885,37,24,1220.1565718895467,1403.4782457845781,0.16301941871643066,1.876930775311839,True,True,3.351288033754083
973,38,24,1220.200702504868,1419.7710460354133,0.16117531061172485,2.1396940353119835,True,True,2.8754617127560227
1242,39,24,1220.192463461348,1436.69865292752,0.15490534901618958,1.7095215564965567,True,True,2.743506072266188
1337,40,24,1220.0383619408515,1455.3088003646455,0.1525694727897644,1.9845280866825408,True,False,3.1416546591853725
646,41,24,1220.1898099334435,1469.932458395256,0.16818293929100037,2.09542439456593,True,False,2.769455767075922
1457,42,24,1220.0527383249319,1486.6780097852115,0.14986476302146912,1.6788383395021413,True,False,2.8502032826663726
1117,43,24,1220.062088320949,1503.4956482883642,0.1579788476228714,1.7654014048332352,True,False,3.1106995174608216
613,44,24,1219.9622646935252,1522.125456188002,0.16879764199256897,2.107099390988658,True,False,2.4426173509929097
1498,45,24,1219.9266733117568,1538.4596498786175,0.14912712574005127,1.797610058707219,True,False,2.7690117090868918
1542,46,24,1219.845786242725,1553.502832404832,0.1480206549167633,1.7244882154991816,True,False,4.353443950308876
972,48,24,1219.500016005438,1586.6151124376674,0.16117531061172485,2.2042314313334774,True,False,5.510685705550827
1267,49,24,1219.4555351846966,1605.3630822764353,0.15429063141345978,2.190452534890903,True,False,4.130311595435006
348,1,25,1207.7512180136493,769.6861280543435,0.17543643712997437,1.8459025758894934,True,True,4.579645762688846
505,2,25,1206.872879640673,787.4160808983465,0.17137938737869263,1.9617950111373905,True,True,4.318093135908077
139,3,25,1207.8612914733114,803.3258433501125,0.1834276020526886,1.7477178541717302,True,True,5.957126742177673
610,4,25,1206.727359070412,836.8210754469757,0.1689205914735794,1.9125726777721763,True,True,10.091697435157172
880,5,25,1206.634722058311,853.1018253176225,0.1631423532962799,1.9713790194891618,True,False,8.88210443786508
254,7,25,1207.56313021313,870.7770594423009,0.17838701605796814,1.8868434996270718,True,False,8.444764440131696
470,8,25,1206.530745761566,903.0004123990367,0.1722399890422821,1.828662777741952,True,False,6.339495572980047
540,9,25,1206.5160186842418,920.6425608367612,0.17051880061626434,2.0349333485067036,True,False,6.507042757547618
516,10,25,1206.9273385452952,935.6354852743266,0.1710105836391449,1.6370985827184972,True,False,4.002794865594494
690,11,25,1206.511568322225,952.9450383201009,0.16719941794872284,1.7826767006985047,True,False,3.9009295970386018
458,12,25,1206.470257756199,970.0860779771052,0.17260879278182983,1.4727753690926892,True,False,3.597498292941267
1125,13,25,1206.7293998026391,986.2030389805917,0.15785591304302216,1.4068855180550979,True,False,2.2368017761694197
252,14,25,1206.259391159774,1002.9059559620983,0.17838701605796814,1.551393663316404,True,False,1.744196431784797
359,15,25,1206.297629566696,1019.3850392360945,0.17506761848926544,1.8979399826878083,True,False,1.080974956820996
995,16,25,1206.615907183973,1035.670021087962,0.1606835573911667,1.713621231649837,True,False,0.9694560006077002
589,17,25,1206.2915151219931,1052.9893521002496,0.16953527927398682,1.6269077689301206,True,False,1.298951360112612
1157,18,25,1207.0698353137402,1070.1703167409487,0.1571182757616043,1.9376644467842525,True,False,1.0930635215457911
59,19,25,1206.0587002864506,1085.6782261750575,0.190066397190094,1.9842604141540334,True,False,3.2433711513073615
212,20,25,1206.0710613921342,1104.5353982031193,0.17998525500297546,1.8144505860305884,True,False,2.0046414814952556
738,21,25,1206.102660650745,1119.3848953739775,0.16596999764442444,1.7702530066535482,True,False,4.302130487992876
20,22,25,1206.2302079097574,1135.6903656302898,0.19572165608406067,1.857394903154685,True,False,5.344203071457322
1081,23,25,1205.650688350443,1153.5297280782215,0.1585935652256012,1.7336042994710794,True,False,5.09279681948705
1348,24,25,1207.08426786333,1170.321333774596,0.15232358872890472,1.9424945338831916,True,False,5.406903005868073
132,25,25,1205.8186650345453,1188.3501854697731,0.18416522443294525,1.8417655721982817,True,True,5.025415691389251
863,26,25,1205.9793231404444,1204.5145879220072,0.16338825225830078,1.8022847425085589,True,True,6.16512681874314
381,27,25,1205.9904650375013,1219.5198954782898,0.17445291578769684,1.824621359469666,True,True,8.4985585758536
537,28,25,1205.4685683159041,1236.3897299595262,0.17051881551742554,2.021890763340646,True,True,9.104920878680318
595,29,25,1205.3773072461263,1270.1869489617184,0.16941234469413757,1.8181922582489216,True,True,7.820422478403872
811,30,25,1205.7120967203678,1286.565600494544,0.16449470818042755,1.5918521309906477,True,False,6.777952575245069
1071,31,25,1206.2427510926095,1303.901105358807,0.15883944928646088,1.974820141226946,True,False,6.631037370373318
719,32,25,1205.5388636580003,1319.6289891611282,0.16633883118629456,1.7158029400215364,True,False,5.261214150324675
100,33,25,1205.2212976156113,1336.524643706041,0.18625521659851074,1.953485678541854,True,False,4.981249310705251
1076,34,25,1204.746997275074,1354.2547002040915,0.15871649980545044,1.765466417998344,True,False,5.548461633619919
1389,35,25,1205.179940193843,1371.6344030217404,0.15146298706531525,1.8047476189424259,True,False,5.379433697195126
496,36,25,1204.707758908091,1387.122593875834,0.17150233685970306,2.0436872310174157,True,False,4.125375468849156
604,37,25,1205.802061486299,1403.4293782246332,0.16904352605342865,1.864987611664963,True,False,2.634842185919403
706,38,25,1205.1416950786736,1420.337636128252,0.16670764982700348,1.7586182258444485,True,False,2.885590868976543
986,39,25,1204.6471968791263,1438.7090947950567,0.16080650687217712,2.0927717999708744,True,False,3.9174640750576155
593,40,25,1205.5576266624253,1453.598916082908,0.16941234469413757,2.1533632961320377,True,False,2.068198993340029
1142,41,25,1205.6110328796606,1472.4721730329538,0.157364159822464,2.064820791889092,True,False,2.636841613500374
1073,42,25,1205.4841440403281,1488.705456703105,0.15883943438529968,1.9934045344606743,True,False,2.2495043712786402
1320,43,25,1205.9268328500448,1504.606700986798,0.15306122601032257,2.110143631471372,True,False,1.90921698716791
1450,44,25,1205.2748241120357,1520.5382108207828,0.14998771250247955,1.7005800768143535,True,False,3.2336453965738414
1366,45,25,1205.521521869944,1537.3168105200016,0.15183182060718536,1.9798705833060106,True,False,3.450495603686988
1062,47,25,1205.5295333071404,1572.4711243070274,0.15896238386631012,2.1212574524022614,True,False,3.038972220368449
1067,48,25,1205.971053438554,1587.7390121501917,0.15896236896514893,2.1593432120287055,True,False,4.4832317951753335
978,49,25,1204.969383691685,1603.6892909936514,0.16092944145202637,1.689568412218522,True,False,6.116350216434613
256,1,26,1192.5074820877965,770.6672871142525,0.17838700115680695,2.0121197481423723,True,True,5.7829983009896315
309,2,26,1192.785245714635,785.6611049806157,0.17666584253311157,1.6749295984336203,True,True,7.419625140967853
75,3,26,1193.191381176213,819.840882630335,0.18846815824508667,1.8156046891009636,True,True,11.368414250965747
95,4,26,1193.283055984353,837.0566597838631,0.1867469847202301,1.9590271861939854,True,True,11.071249381872088
591,5,26,1193.1459643675105,853.3560458208184,0.16953527927398682,1.9626831408625904,True,False,10.016609781607972
924,6,26,1192.2965921957739,869.6864536097538,0.16215884685516357,1.3339650149003734,True,False,9.38425990505947
1101,7,26,1192.24989456713,885.4505245350185,0.15834766626358032,1.6329971179128866,True,False,8.0019185133854
407,8,26,1193.0648115183792,902.7092912801263,0.17396113276481628,2.061079469467645,True,False,7.34554554672987
874,9,26,1192.0312873065461,920.5176372450807,0.1631423830986023,1.8058108554926766,True,False,8.23867972220788
630,10,26,1191.9725673637993,935.4009648145529,0.1685517430305481,1.705458791276648,True,False,6.502983998609835
452,11,26,1191.722938556044,951.6695107298965,0.17260882258415222,1.819314770196343,True,False,6.123182538265575
809,14,26,1191.6074172480269,1001.6968119135843,0.16449472308158875,1.8022559150359465,True,False,5.7142823175498485
1170,15,26,1191.607200261334,1018.6119968948374,0.15687239170074463,1.7225638293919032,True,False,5.732188694329075
422,17,26,1191.810494141355,1054.3419648820716,0.17359232902526855,2.040589287444798,True,False,5.579574868327177
1027,18,26,1191.7395897279387,1069.189810114439,0.15994590520858765,1.7332865205554566,True,False,5.99331045247798
789,19,26,1191.6462355606084,1086.9108565976278,0.16486352682113647,1.7375015131769573,True,False,6.004604740254622
81,20,26,1191.7090455895147,1104.4062351574466,0.18809933960437775,2.0510118632788195,True,False,5.938710531158648
561,21,26,1191.6274984723002,1120.6662242321772,0.17002704739570618,1.9138229391376569,True,False,6.449371501468279
857,23,26,1191.4653836250523,1152.9703750049393,0.16351118683815002,1.8156748245401177,True,False,8.028685230759775
943,26,26,1191.3699418137921,1203.6091243625965,0.16179001331329346,1.6762677155928445,True,True,9.23413781981269
968,28,26,1191.4554830432512,1236.7490461142027,0.1612982600927353,1.7165671297349991,True,True,10.479750011592555
1186,39,26,1191.1668523743374,1438.0900024126772,0.15638062357902527,1.8353557289419853,True,False,6.803098263150482
935,40,26,1191.1193720545698,1454.6987843629875,0.1619129478931427,2.006255481011533,True,False,6.700052166030111
985,41,26,1191.0614146529244,1471.546722506753,0.16092942655086517,1.9908725810006938,True,False,6.705347946150127
1240,44,26,1190.5718734721997,1520.6809186788414,0.15502826869487762,2.2056819771410314,True,False,7.495483197496956
1082,45,26,1190.9927560626593,1538.355998810833,0.15859355032444,2.0385689532869713,True,False,7.0060316641622205
979,46,26,1190.554466159543,1554.4262453623992,0.16092944145202637,2.0307003515220465,True,False,7.8179521583044265
547,12,27,1191.534069801887,969.4919234906326,0.17027293145656586,1.6110117559154362,True,False,5.148310462159051
669,13,27,1190.853408774898,986.1898057361545,0.16781410574913025,1.8631023332995789,True,False,4.143343853018225
25,16,27,1190.8578777790506,1036.8190789133314,0.19486106932163239,2.2014278218529966,True,False,3.49061089700148
234,22,27,1191.1913057519544,1135.6838229527239,0.17900171875953674,1.6946556071516465,True,False,6.394205474962248
684,24,27,1190.5723648597382,1170.829901374199,0.16744528710842133,1.9599648073985936,True,False,5.760472624386078
856,25,27,1190.6005769672008,1187.1865641097838,0.16351118683815002,1.7954176604415908,True,True,6.676526146259449
87,27,27,1190.3805408552876,1219.380599231787,0.18748463690280914,1.9524208798128475,True,True,8.980378635087725
1110,28,27,1190.731358624761,1255.1881753160383,0.15810178220272064,1.9538664548595306,True,True,10.370008131345573
1014,29,27,1190.7996502455917,1269.5330539761758,0.16031472384929657,1.5460900743358503,True,True,7.55227944410002
982,30,27,1190.9234819443702,1286.5292853980432,0.16092944145202637,1.870188480545459,True,False,7.256850666233286
1063,31,27,1190.2636614508287,1303.4475054840996,0.15896238386631012,1.9214870254073892,True,False,6.558055244764635
332,32,27,1190.640522649818,1319.6827398212345,0.17592820525169373,1.7207083632219868,True,False,5.7171399242449255
1255,33,27,1190.5130017297822,1338.491354328225,0.15478238463401794,1.585300942458694,True,False,6.93361300702503
533,34,27,1190.2116849440301,1353.4134368322295,0.17064175009727478,1.8617153601698588,True,False,4.634431429124078
548,35,27,1190.1880148463736,1372.4533346274984,0.17027291655540466,1.950269994051975,True,False,6.105721346447795
914,36,27,1190.1052425966855,1388.5658775646662,0.16240471601486206,1.8105988945804363,True,False,4.953478953558915
1108,37,27,1189.834019201656,1404.1490003455474,0.15810179710388184,2.1642153834845113,True,False,3.323886240222786
1279,38,27,1190.3349865099578,1422.399321923036,0.15416768193244934,1.7333243343388123,True,False,4.343597258428324
1126,42,27,1190.0702913655168,1487.44625263621,0.1577329784631729,1.7992137990922614,True,False,2.356906720295884
342,43,27,1190.0376997529083,1503.6941300196677,0.1755593717098236,1.9866799693773647,True,False,2.8390605420620623
1440,47,27,1189.9863021928177,1570.6723363515173,0.1501106470823288,1.9415202518034953,True,False,4.53175329904487
1078,48,27,1189.9494035374428,1587.5082956060874,0.1585935652256012,1.7822240914798817,True,False,4.915559952151027
790,49,27,1189.9231090578623,1606.3188231165345,0.16474059224128723,1.917937967246641,True,False,3.553061388605556
427,1,28,1177.9146266213825,768.9721011958544,0.1734693944454193,1.4570573447854431,True,True,5.125155664070554
71,2,28,1177.9700473742375,785.3082751433247,0.18871405720710754,1.6650484263096927,True,True,6.303310737755793
351,3,28,1177.7541395832138,818.9329693588492,0.17531350255012512,1.5564703667805675,True,True,9.868702850440583
370,4,28,1177.7419752974033,835.2582861396883,0.17469879984855652,1.7793004697563248,True,True,8.684457225420587
306,5,28,1177.6089681334206,851.5200162474492,0.17678877711296082,2.0604414687995902,True,False,7.435196524486996
662,6,28,1177.1644165698353,868.3315432741304,0.1679370403289795,1.7688621876757047,True,False,6.739382723454644
213,7,28,1177.5660326564469,885.0946122503178,0.17998525500297546,1.804006186497908,True,False,6.013362195538833
57,8,28,1176.6630343303862,902.3150336163975,0.19018933176994324,1.6926102219658872,True,False,5.773911282146428
1097,9,28,1177.605477157712,920.3279932919296,0.15834768116474152,2.177223091347252,True,False,6.272484377479533
287,10,28,1176.5935802979343,935.140127217704,0.17728054523468018,1.9594356938960593,True,False,3.6762422369382044
35,11,28,1176.4219048653963,951.3564549881821,0.1933857798576355,1.9651421274813259,True,False,2.522459834873184
730,12,28,1176.9415876844644,967.8906634425414,0.16609296202659607,1.8915655557153344,True,False,1.4723132576540348
442,13,28,1176.5008735257616,986.5202031578016,0.17297762632369995,2.1077049211197414,True,False,2.722741311154453
521,14,28,1177.4669772265374,1002.4634136057806,0.17088763415813446,1.6015339503043404,True,False,1.0555310866189316
34,15,28,1177.3729596420415,1018.8262866071657,0.19350871443748474,1.8248314671791643,True,False,0.07216458010648491
784,16,28,1176.1684629002152,1035.2533050308878,0.1649864763021469,1.7134990661298666,True,False,1.6651151299093692
977,17,28,1176.1923541348765,1051.478554433509,0.1610523760318756,1.899429281601834,True,False,2.612971072523888
273,18,28,1177.1125096152794,1069.541793135173,0.17777231335639954,1.9423113765273152,True,False,1.697141989899641
987,19,28,1176.3871727801861,1084.8403267499714,0.16080650687217712,1.8806130139870028,True,False,3.9526730311239966
635,20,28,1176.1372195958809,1101.7278075721244,0.16842880845069885,2.0684746591500818,True,False,4.549469775646665
319,21,28,1176.0642945907186,1120.5315856548211,0.17629703879356384,1.8135500172203862,True,False,3.3028608076596013
900,22,28,1176.0732384719634,1135.4976203720016,0.16277354955673218,1.842473228119339,True,False,5.607488994607029
1206,23,28,1176.0352114007515,1153.0110008518075,0.1558888554573059,1.446991833633211,True,False,5.527476160469039
408,24,28,1176.102483458044,1169.378787539322,0.17383821308612823,1.6451720340665046,True,False,6.522552080581927
185,25,28,1175.9353657997415,1185.727215513903,0.18133759498596191,1.964225702609906,True,True,7.593039759266562
751,26,28,1175.8881834147016,1204.4450988479198,0.16572412848472595,1.7906946615465926,True,True,6.33164084184639
649,27,28,1175.8335378090965,1219.4346024696931,0.16818293929100037,1.659177364009929,True,True,8.683568004570239
614,28,28,1176.4482356016515,1236.3050851005737,0.16879764199256897,2.0276143291369166,True,True,9.092327856905518
581,29,28,1175.7526399595904,1269.5380337613396,0.16965822875499725,1.7123126933457038,True,True,7.107543830201129
733,30,28,1175.8763260228966,1288.4315906156353,0.16609293222427368,1.929391407616062,True,False,8.551183666610935
1329,31,28,1175.744070938102,1305.2818703264027,0.1528153419494629,1.7370864284829668,True,False,8.075566158038113
741,32,28,1175.880918434106,1319.6402170927881,0.1658470630645752,1.9856121631875077,True,False,5.165118125822353
1334,33,28,1175.7864640814814,1337.2079816127552,0.15269240736961365,1.712275971416257,True,False,5.395451762146268
1123,34,28,1176.2481326397606,1354.0612920121962,0.15785591304302216,2.0482626743227317,True,False,4.767532014176024
1286,35,28,1174.6457886940123,1370.865575039488,0.1537988781929016,1.8595269759600823,True,False,5.064675022148375
352,36,28,1175.7650439255253,1387.3291109325335,0.17519055306911469,1.8142911499706607,True,False,3.6990141321951584
769,37,28,1174.7493981996652,1405.1467818522608,0.16535529494285583,1.9463749044372802,True,False,4.7039473808149745
1154,38,28,1175.1953870323134,1420.6260919060633,0.15724121034145355,2.0181984649651157,True,False,3.1489602016835745
967,39,28,1175.6913150189093,1437.4595934443896,0.1612982600927353,1.960374811773861,True,False,2.4822421385766384
1327,40,28,1174.555270366741,1455.7556581870904,0.15293827652931213,1.9917962900402522,True,False,3.969414867365835
417,41,28,1174.5431853595885,1472.6761466897765,0.1737152636051178,2.033226165737117,True,False,3.79176706402971
739,42,28,1175.649021868906,1487.512555189152,0.1658470630645752,2.028044652103321,True,False,2.3887208458396314
1007,43,28,1174.582462025941,1504.9648862801102,0.160437673330307,1.8534269872563132,True,False,3.4108325575153144
1075,44,28,1175.2160592842654,1520.7792369398294,0.15871649980545044,1.7923073682744033,True,False,3.447606418208117
1352,45,28,1175.0332879410116,1540.210606264622,0.1522006392478943,1.7897033349768272,True,False,2.9444148894249595
1072,46,28,1175.2014642267243,1554.6590035798072,0.15883943438529968,1.8411822992344007,True,False,3.9647236649705926
386,47,28,1175.476171842385,1571.4588532248215,0.1743299812078476,2.1095745982336394,True,False,4.169017746664739
681,48,28,1175.0844725069737,1587.8220130420868,0.16744528710842133,1.823970155997339,True,False,5.159291677788224
485,49,28,1174.5250415827359,1606.6221642127528,0.17174822092056274,2.0552818020146932,True,False,4.451748322011675
11,1,29,1162.3744799401459,767.3962936619077,0.1983034312725067,1.9592935196511923,True,True,8.17236170806306
527,2,29,1163.2957156537793,785.4014093189087,0.17088761925697327,1.8063487858833327,True,True,7.263470778385502
52,3,29,1162.3816478909864,818.8339740413581,0.1906810998916626,1.8079179823470588,True,True,10.947366747302723
463,4,29,1162.1566171063798,833.7268287313443,0.17248587310314178,2.0783889429475537,True,True,8.818559602198167
449,5,29,1162.443337869453,851.1763278392398,0.17285467684268951,1.3013915294620815,True,False,8.61866762436541
723,6,29,1162.5272060370316,868.0317324313187,0.16633883118629456,1.798219638195178,True,False,8.053433593733676
771,7,29,1163.0904908319942,885.3087321787705,0.16535529494285583,2.0307822294292452,True,False,7.55984130118938
984,8,29,1161.9930845943718,901.2383715577572,0.16092944145202637,1.5873818465134961,True,False,7.12239533978222
279,9,29,1161.9775509318542,917.5834222479172,0.1776493787765503,1.8608685712774318,True,False,6.45556007142746
388,11,29,1163.0237704184565,951.9539361158895,0.1743299663066864,1.9767663595850227,True,False,5.291241412794829
140,12,29,1161.7702054092183,967.6408955849073,0.1834275871515274,1.8126650801947397,True,False,5.775442884511362
1177,13,29,1162.8934444733486,985.528397875363,0.15662652254104614,2.158699782468061,True,False,4.823818938414704
409,14,29,1161.7676256422585,1001.4199832150117,0.17383821308612823,1.6141875534050512,True,False,5.694646377384972
46,15,29,1161.7171902041136,1017.8131404861866,0.19178755581378937,1.9498308161288382,True,False,5.855826453210065
433,16,29,1161.8155975437696,1035.1351363858378,0.17334644496440887,1.64053155799496,True,False,5.802838169491934
744,20,29,1161.7081029948251,1104.3065906574511,0.1658470630645752,2.1299373402547754,True,False,6.125729800716269
15,21,29,1161.5228231423548,1120.5610119742541,0.19682812690734863,2.0622167701292895,True,False,6.741036927777483
358,22,29,1161.507901153277,1135.3999613434385,0.17506761848926544,2.046032925324973,True,False,8.222600516873962
467,23,29,1161.5712363763137,1152.2501054611057,0.17236292362213135,1.8984544124775862,True,False,8.58112552789876
229,25,29,1161.4454594640924,1185.5615857116697,0.17924760282039642,2.2034396321821235,True,True,9.809707768018049
431,26,29,1161.4254761411614,1202.9684067787637,0.17334645986557007,1.8484958942900938,True,True,9.83109709591983
893,28,29,1161.369482450586,1253.1293216189147,0.16289648413658142,1.9834199751678994,True,True,10.069362292815383
969,29,29,1161.2962772067494,1270.4837664915974,0.1612982451915741,1.7710735090994854,True,True,10.103231849557421
479,30,29,1161.3153855047535,1286.9537776654363,0.17199410498142242,1.9358765024349176,True,False,9.42034871090969
564,33,29,1161.2369468856339,1337.133709315302,0.16990411281585693,2.0961042664139127,True,False,8.229803516420915
724,39,29,1161.1349133963756,1438.4219218147825,0.16633881628513336,1.9122149609310408,True,False,7.135176041496741
980,40,29,1160.6159312344018,1454.4427843109784,0.16092944145202637,1.999318112734873,True,False,7.397473789466275
989,44,29,1161.047039670136,1522.821976520593,0.16080649197101593,2.280744038259669,True,False,7.001487683878009
878,10,30,1160.9439573848588,934.818665677164,0.1631423532962799,2.109308845359845,True,False,4.858289582084167
355,17,30,1160.5730205756875,1052.9176192413606,0.1751905381679535,1.909434952599545,True,True,3.1121359722021835
441,18,30,1160.6301242178897,1068.7051775118996,0.17297762632369995,1.776113816465447,True,True,3.9153169661915608
69,19,30,1160.6503471573346,1085.0380360565002,0.18895992636680603,1.9496575582181264,True,True,4.69122744377934
1046,24,30,1161.0800396123434,1168.6189164604777,0.1594541370868683,1.8620466215600209,True,False,7.870124341700253
217,27,30,1160.456643774664,1219.3821782384116,0.1797393560409546,2.008040778720823,True,False,8.973888029524156
921,28,30,1160.273264270974,1235.5617933837052,0.16215884685516357,2.015043542240355,True,False,10.087845375747237
542,31,30,1160.3213852018184,1303.3529045755256,0.1703958660364151,1.891139773275057,True,False,6.353319933724836
633,32,30,1160.2505177563137,1322.3445710004694,0.16842880845069885,2.0746661975707656,True,False,7.841014245646023
912,34,30,1160.4111813718475,1353.6589745079991,0.1625276505947113,1.7603703573538927,True,False,4.756889200141888
947,35,30,1160.72356751072,1370.5749409111615,0.1616670787334442,2.027244132644137,True,False,4.556448383257048
271,36,30,1160.1551870786016,1387.3715412716367,0.17777231335639954,1.7932045746012524,True,False,3.756949993052553
489,37,30,1160.188382040566,1403.7064997055572,0.1716252863407135,2.0795175208222623,True,False,3.0002828504475865
778,38,30,1160.6316467986535,1420.6482980462538,0.16510941088199615,2.142259772511094,True,False,3.091792664864628
1138,41,30,1160.1148956214997,1471.4423702217346,0.15748709440231323,1.8230260841210904,True,True,2.088069602365625
911,42,30,1159.6492129991693,1488.252261256089,0.1625276505947113,2.070763571760597,True,True,1.5602835647211897
1090,43,30,1160.0576127338459,1506.4679045542875,0.15847061574459076,1.8616823438937675,True,True,2.1057051002449834
638,45,30,1160.0449688987305,1537.8349863931765,0.1683058738708496,2.1116664183665033,True,False,3.0960608553470412
1251,46,30,1160.0712061595625,1554.7307715986026,0.15478239953517914,2.0354490813611648,True,False,3.432189168451048
645,47,30,1160.024395066766,1571.6260923810657,0.16818293929100037,1.921864117094239,True,False,3.7426498900845253
174,48,30,1159.4812211598562,1588.4382721841368,0.18182936310768127,2.064616913634959,True,False,3.956010217449739
1167,49,30,1160.0996515269085,1604.9437543046333,0.15687239170074463,1.9463070733046703,True,False,4.900700452628773
31,1,31,1147.8347885456228,766.7775989988786,0.1940004974603653,1.7852599321868046,True,False,7.118307199383518
194,2,31,1147.9104017854042,783.4550006104726,0.18084582686424255,1.8177598977108482,True,False,7.970150696729575
341,3,31,1147.5508718138008,817.2078692727438,0.1755593866109848,1.3275571307023784,True,False,8.2893669446182
426,4,31,1147.7470208421153,833.5248307943468,0.1734693944454193,1.9735920858885507,True,False,7.097693312171312
73,5,31,1146.676921492914,850.8441059377031,0.1885910928249359,1.8773866217332102,True,False,6.923461649908619
189,6,31,1147.5302089706001,867.3177206775562,0.18109172582626343,1.9739993551577917,True,False,5.859880546289443
382,7,31,1147.4683369933377,884.4482618931359,0.17445291578769684,1.5959104896000276,True,False,5.486167357493745
225,8,31,1146.969369722306,900.3983652997713,0.17937052249908447,1.7015002703873294,True,False,3.96269161969265
544,9,31,1146.5083243812385,917.1914839031357,0.17027294635772705,1.9221540860373045,True,False,3.367966292678175
190,10,31,1147.3995785607692,934.9585763085923,0.18109169602394104,1.9094271623119572,True,False,3.518997048768273
97,11,31,1147.3971078619534,951.0035842715721,0.18650108575820923,1.891149014847476,True,False,2.08273889605624
484,12,31,1146.748430684474,967.4830844251774,0.171871155500412,1.504269434881234,True,False,1.3181628426967447
555,13,31,1146.7410862143145,983.7460994224455,0.17014998197555542,1.7651910778956517,True,False,0.7908181206506437
585,14,31,1146.3235520940107,1001.0687569122534,0.16965821385383606,1.7011853170802738,True,False,1.250362337634113
965,15,31,1146.2492846299456,1017.576079867903,0.16142117977142334,2.011153857025207,True,True,1.7993200217616732
776,16,31,1146.7059133126922,1034.423537400387,0.1652323603630066,1.923829276356836,True,True,2.036764948986209
520,17,31,1147.3237639937547,1052.769480559815,0.17088763415813446,2.0794098300494315,True,True,0.9845687000709139
51,18,31,1146.1449407556383,1067.6970615463972,0.19117285311222076,2.0471705415479646,True,True,3.767924499029936
908,19,31,1145.7010451496376,1085.5264173967703,0.1625276654958725,1.7806374916663936,True,True,3.6432782255411063
106,20,31,1145.577702610601,1101.9413096615738,0.18600934743881226,1.8371742994253555,True,False,4.6037872255749726
642,21,31,1145.6531729150681,1119.27711588796,0.1683058738708496,1.6762380208295922,True,False,4.666200740790584
663,22,31,1145.8745450562135,1136.6266216219303,0.16781412065029144,1.628188325930618,True,False,4.653504557771993
625,23,31,1146.0004808462352,1151.5902244023378,0.1685517579317093,1.8782577534867817,True,False,6.951583328860064
796,24,31,1146.060278669248,1168.7379647602345,0.16474059224128723,1.7390097831188975,True,False,7.203707467813831
948,25,31,1145.838939265695,1185.572463406357,0.1616670787334442,1.7822626786915068,True,False,7.823309631526448
302,26,31,1145.3880320845662,1202.4435876747023,0.17691174149513245,2.002642864401338,True,False,8.466696885844314
750,27,31,1145.9731387038673,1219.2882611361945,0.16572412848472595,1.6474407050101516,True,False,8.867172845631284
574,28,31,1144.9114474909043,1253.786287629853,0.1697811633348465,1.9233576078405394,True,False,8.931729952204753
620,29,31,1145.6278238363866,1269.6092832827983,0.16867469251155853,1.7274129366857298,True,False,7.22277899003191
403,30,31,1145.2803752264974,1286.4932216021884,0.17396114766597748,1.966995544954424,True,False,6.8788287030743485
892,31,31,1144.6941903723873,1304.7966777335243,0.16289648413658142,2.0780436701104135,True,False,7.965355478674845
272,32,31,1145.5203411049629,1319.6775551412663,0.17777231335639954,1.7564014682022782,True,False,5.364819712145415
756,33,31,1144.7974910295218,1337.9233138220923,0.16560117900371552,1.7991261131708816,True,False,6.486626094179304
794,34,31,1145.3580916811395,1353.6484669262666,0.16474059224128723,1.6869122262572105,True,False,4.8027299158922885
670,35,31,1145.102478339589,1370.553011368428,0.167691171169281,1.9045479252908637,True,False,4.598000787097228
736,36,31,1144.6127999011112,1387.2879541421187,0.16596999764442444,2.0639644844873097,True,False,4.51054927496355
899,37,31,1145.1175757334156,1404.4678553750366,0.16277354955673218,1.8448780235948625,True,False,4.036243233096944
898,38,31,1144.5518373045682,1421.1542985080284,0.16277354955673218,1.9340641316890232,True,False,4.108721963446897
553,39,31,1145.1655120888395,1437.7582021704225,0.17014998197555542,1.7659754028950323,True,False,3.2398304486509093
375,40,31,1144.646029772531,1455.1022795259432,0.17457585036754608,1.9810184666912836,True,True,3.7406874815784343
631,41,31,1145.1938193350857,1473.293538348925,0.16842882335186005,1.8873098926967984,True,True,3.70179775967989
257,42,31,1145.1266517076747,1487.8331465866622,0.1782640814781189,1.837516547748149,True,True,3.095202915952804
455,43,31,1145.0663987333037,1504.731555136111,0.17260879278182983,2.0335902851321688,True,True,3.27763870226438
1000,44,31,1145.0396051418736,1524.1643794783288,0.16056060791015625,1.8360477300014124,True,True,3.3721583154941293
975,45,31,1145.4678965498942,1540.4606017406954,0.1610523760318756,2.1718858125085356,True,False,2.772535701030962
1250,46,31,1144.5739573144374,1555.4656658779738,0.15478239953517914,2.150701767686022,True,False,4.285571338315719
1190,47,31,1144.9812474709522,1571.7730104454288,0.15625768899917603,1.7731096122195191,True,False,4.584448630985391
1088,48,31,1144.5802758231982,1589.2512761659211,0.15847061574459076,2.015679468761622,True,False,4.782717247429277
1158,49,31,1145.4171451965487,1606.1527756961705,0.15711826086044312,1.958142266151776,True,False,4.468851616518254
4,1,32,1133.3570109256711,766.7106959868817,0.20666339993476868,1.7901122546180384,True,False,8.109921777736504
18,2,32,1132.3802103882463,783.1935787385873,0.1967051923274994,1.8247221489943837,True,False,9.517519304630461
801,3,32,1133.1062138636412,817.1220849348884,0.16474059224128723,1.897717223822231,True,False,9.26433667950909
78,4,32,1132.306844751338,832.7118735616705,0.18834522366523743,1.7391563450621899,True,False,8.081267255372328
753,5,32,1132.205056184503,849.5820625315622,0.16572411358356476,1.7705528864086004,True,False,7.671375155604515
402,6,32,1131.9474698082317,865.8821385633535,0.17396116256713867,2.107165064529341,True,False,7.039990243571607
586,7,32,1133.055543889439,883.9422042338306,0.16965821385383606,1.9453148630711232,True,False,6.648483875828722
504,9,32,1131.803360629716,915.9142899551593,0.17137938737869263,2.0760285002383156,True,False,6.000317524821685
53,12,32,1131.7578416387612,966.7476707786027,0.1906810849905014,1.7643678251145989,True,False,5.787455829305426
451,13,32,1131.8422436175508,983.5950479118972,0.17260882258415222,1.970933200884617,True,False,5.720231271362464
429,14,32,1131.4432375364488,999.8024615562997,0.17346937954425812,1.856159253850692,True,False,6.321511191051943
74,15,32,1131.713679170293,1017.3340452150778,0.18846815824508667,1.8531858818828664,True,True,6.066181405700705
532,16,32,1131.7431491016475,1033.5751741298993,0.17064176499843597,2.01515451521552,True,True,6.461031388173323
265,17,32,1131.6368586450096,1052.5763701712913,0.17814111709594727,1.9710089403334108,True,True,6.118957373185145
76,18,32,1131.6627883806311,1067.4409230855024,0.18834522366523743,1.9658062603697375,True,True,7.063116600860217
621,19,32,1131.537618383495,1084.8615345461192,0.16867469251155853,1.6972924811146288,True,True,7.202938347151087
363,21,32,1131.453141755558,1118.2840804702,0.174944669008255,2.0103813275962312,True,False,8.152663304180761
996,40,32,1131.1635410345316,1455.078377447954,0.1606835424900055,2.12966651194616,True,True,7.15629090325484
884,44,32,1130.4354865466312,1522.371940867505,0.16301941871643066,2.0808469645080034,True,True,7.892069236529573
1431,48,32,1130.3585157449463,1589.9150734374155,0.15035653114318848,1.8793163532126484,True,False,8.382836803762025
499,8,33,1131.4858352138715,901.4040997330281,0.17150232195854187,2.180505433357456,True,False,6.435050574066485
617,10,33,1130.9952135129436,934.1534226688841,0.16879764199256897,2.0011035649261437,True,False,4.456405701032602
197,11,33,1130.8604996964682,950.5514374731245,0.18047702312469482,1.940500555868029,True,False,3.727888061034716
317,20,33,1130.5808298656634,1102.6914581466883,0.1764199584722519,2.0521463997585037,True,False,4.360732670298516
92,22,33,1130.3833869508162,1135.1223893000433,0.1867469996213913,1.78143683484436,True,False,6.314777373427584
607,23,33,1130.8730460432462,1151.5212194685917,0.16904351115226746,1.526507772255917,True,False,7.44326470702595
847,24,33,1130.3597907103863,1169.0295403979499,0.16363413631916046,1.7055744507536374,True,False,7.160059175976978
602,25,33,1130.3665106437538,1185.4369705689307,0.1691664606332779,1.9829865747063575,True,False,8.10876580443708
328,26,33,1130.7756314411815,1202.4868805133049,0.17605113983154297,1.6770264736715061,True,False,8.574814760779018
113,27,33,1130.3275442823665,1219.2475026064049,0.1855175793170929,1.8217125389673454,True,False,9.051061244891201
117,28,33,1130.771276577484,1252.6352770261558,0.1852717101573944,2.0454564774915682,True,False,7.776586129245603
641,29,33,1130.474074662234,1272.029160145047,0.1683058738708496,2.039805675738666,True,False,9.57725403077189
886,30,33,1130.4202666332749,1288.4023222639557,0.16301941871643066,1.6996072854474238,True,False,8.57441174721758
207,31,33,1130.0675794565875,1303.384727085756,0.1801081895828247,1.7484836282201055,True,False,6.167675938020082
390,32,33,1130.137653114078,1319.7346868816624,0.17420703172683716,2.0744621436369135,True,False,5.221026166473354
953,33,33,1130.081775261924,1338.5966224736924,0.16154414415359497,1.7719216118823686,True,False,6.585440000697115
353,34,33,1130.5721416165363,1354.221008480952,0.17519055306911469,1.8787339550303586,True,False,5.151554869779103
395,35,33,1130.021240443362,1372.506826315665,0.17408409714698792,1.8090051671427265,True,False,5.762834176260928
290,36,33,1130.114545565824,1386.8803589914555,0.17715761065483093,1.8838446388695618,True,False,3.135499189141168
712,37,33,1129.5814891901452,1405.8528523976508,0.16658470034599304,1.953728660823114,True,False,4.304286013225949
464,38,33,1130.0306320000898,1420.851834831658,0.1724858582019806,1.852088162904519,True,False,2.4978702279968634
700,39,33,1129.9526422283907,1437.8120445763059,0.16683059930801392,2.0472012020885315,True,False,2.166350711304067
952,41,33,1129.5387826969045,1473.5878868271077,0.16154414415359497,2.0885200026211455,True,True,2.7292763460197604
1058,42,33,1129.825024575619,1490.4567496155626,0.15908531844615936,1.7499392273566385,True,True,2.4753216825699984
1207,43,33,1128.956600469409,1506.2021128454257,0.15576592087745667,1.9670116926896688,True,True,0.7208540649797831
659,45,33,1129.9761584514715,1538.801992609466,0.16793705523014069,1.8021503222556685,True,False,2.2886318155621157
813,46,33,1129.9767389302917,1558.0270522012968,0.1643717736005783,2.2225179938952984,True,False,1.5756879418935992
955,47,33,1129.4583726317308,1572.5645686563576,0.16154412925243378,2.138860868181415,True,False,2.7100728713330633
201,49,33,1129.8660882369265,1608.3202442547304,0.1803540736436844,1.8898910545078682,True,False,1.9290790186243483
200,1,34,1116.8648071484276,766.0652347117948,0.18047700822353363,1.8659478203984678,True,False,7.6464044711912615
186,2,34,1116.7214116235734,782.6593146214794,0.18133759498596191,1.8433539399340244,True,False,8.59688971150571
299,3,34,1116.651482585947,816.789675471945,0.1770346760749817,2.0475058473415038,True,False,8.054282193984898
825,4,34,1117.5618739705121,832.8545120118223,0.16424882411956787,1.6728410728575345,True,False,6.565829591124498
307,5,34,1117.0939048037342,849.2407078275805,0.17678877711296082,1.2442564147248618,True,False,5.437740522467903
276,6,34,1117.411958723051,866.5614316219613,0.17777231335639954,1.6843635484752593,True,False,5.234209170287812
576,7,34,1116.4696192306105,884.483235198398,0.1697811633348465,2.1119555266053855,True,False,5.73132489352991
563,8,34,1117.4731898063294,899.3550422628491,0.17002704739570618,2.0413938624390173,True,False,3.0120266944408014
206,9,34,1116.4285022115928,917.0851978456748,0.18023112416267395,1.6963141071404086,True,False,3.4178040083565917
236,10,34,1116.3451681337178,933.0611545761346,0.17900171875953674,1.7133377782624797,True,False,2.0951240879297033
643,11,34,1116.5556589454998,949.5439154142864,0.1683058738708496,1.6065845073277436,True,False,1.236676813935063
523,12,34,1116.3011707451335,966.9269488026309,0.17088763415813446,1.597585487756507,True,False,1.4284548151998735
219,13,34,1116.0629315611025,983.3641784371474,0.1797393560409546,1.7293947819875246,True,False,1.6137334286796288
466,14,34,1116.2368693069177,999.7125534672763,0.1724858582019806,1.8748887521675208,True,False,2.099280930923603
343,15,34,1115.6847343673453,1017.4891027115024,0.1755593717098236,1.7542951151141408,True,True,2.3478420937937035
345,16,34,1115.9748084899768,1033.5124819900686,0.17543643712997437,1.7994036129820403,True,True,3.1967902171558444
274,17,34,1116.0525692614883,1052.3910918172717,0.17777231335639954,1.8671396693142608,True,True,2.1025186085889787
141,18,34,1117.0370864360218,1068.1393385391204,0.18318171799182892,1.9678528624197955,True,True,3.0650349487740645
487,19,34,1116.4134217313133,1084.28624623689,0.17174822092056274,2.0424641941984603,True,True,4.495955122932334
675,20,34,1115.949066232285,1101.2270469190198,0.16756823658943176,1.6155822249577703,True,False,5.13516189024863
324,21,34,1116.4809085585523,1119.595484531817,0.1761740744113922,2.0688891966089096,True,False,4.089145436976332
247,22,34,1115.8681553677022,1135.090798939817,0.17850996553897858,1.5719143102494861,True,False,6.131280892904754
223,23,34,1115.8926425945376,1151.465223791295,0.17937053740024567,1.8366058864137316,True,False,7.138484779167352
103,24,34,1115.8792224056115,1167.7924541057673,0.1861322820186615,2.1140090201712614,True,False,8.20813924988303
1045,25,34,1115.6298074666277,1187.1930393313633,0.1594541370868683,1.8444916290850437,True,False,6.402695921092374
653,26,34,1115.5654889520201,1204.2684957286328,0.16806000471115112,1.8215061890148871,True,False,6.752271827621773
366,27,34,1114.7012480118854,1219.1236273613729,0.17482173442840576,2.0388190810294224,True,False,9.457226793443064
32,28,34,1115.741932748941,1235.5646237090116,0.19375461339950562,2.0076803926392723,True,False,10.090305282883904
766,29,34,1115.3582330172637,1269.5769181647381,0.16547822952270508,1.6170967172494375,True,False,7.295580711469264
243,30,34,1114.4722651805696,1288.5913587202874,0.17875583469867706,2.0376052161368063,True,False,9.140853438835322
515,31,34,1114.6376313265462,1304.776625254916,0.1710105836391449,2.044133588734961,True,False,7.986457336062432
820,32,34,1114.6439385588797,1321.283641772161,0.16424883902072906,1.7932381592984128,True,False,7.215122127747988
854,33,34,1114.5973253382476,1338.763922382665,0.16351118683815002,2.0197366442891767,True,False,7.338343109284503
1013,34,34,1115.121928964024,1353.8380366713025,0.16031472384929657,1.842076403768471,True,False,5.129442489852366
536,35,34,1114.5234426001055,1371.1778480348808,0.17051881551742554,1.9256695846090834,True,False,5.502418195248662
628,36,34,1115.5573102194996,1387.4749722843444,0.1685517430305481,2.0632249131745968,True,False,4.034972897935696
535,37,34,1115.0280126695873,1404.6093996781553,0.17051881551742554,1.8801400731140707,True,False,4.2722841642930245
519,38,34,1114.45571673974,1421.4562101414083,0.17088763415813446,2.0590432735373683,True,False,4.460791101111812
1069,39,34,1114.368505437244,1440.4100220356468,0.15896236896514893,2.097817212937144,True,False,5.5398483864860015
68,40,34,1115.4874559998739,1455.3374029397605,0.18895992636680603,2.0190185674227052,True,True,3.2093905149095385
394,41,34,1114.8544689048888,1471.6855618635386,0.17408409714698792,1.6918327622611122,True,True,3.5438730527992535
727,42,34,1114.4163335359692,1490.592461752866,0.1662158966064453,1.9967885722469547,True,True,4.474353909309144
1173,43,34,1114.3935487773397,1505.5153522884364,0.1567494422197342,2.0587060870591065,True,True,4.040793922055537
1413,44,34,1114.7532954339608,1522.6124628573884,0.15084829926490784,1.7797444977534038,True,True,3.737741322674736
601,45,34,1114.4229083973257,1539.40196353781,0.1691664606332779,1.9975410054686276,True,False,4.199325387247008
326,46,34,1114.8390543951355,1555.7814164977783,0.17605113983154297,1.7886721964300638,True,False,4.194234825390251
1079,47,34,1114.7144368407178,1572.9106238936147,0.1585935652256012,1.931846262203744,True,False,4.415435392819002
1228,48,34,1114.436765068709,1589.688719976061,0.1552741527557373,2.217221012937197,True,False,4.953533282093322
785,49,34,1115.4214748834029,1608.6197933184849,0.16498646140098572,2.0968338101592434,True,False,3.3518086065341435
163,1,36,1102.1323486594151,781.3692388892138,0.18232110142707825,1.77680292160233,True,False,9.156990951749336
138,2,36,1102.5875778998138,798.3048383256092,0.18379640579223633,1.9228986569949686,True,False,8.89243411922145
611,3,36,1102.2342821331363,816.4380707864676,0.1689205914735794,1.7395248545853585,True,False,9.172588655504809
17,4,36,1101.9739737581967,831.5249160105171,0.1967051923274994,1.8094180613631985,True,False,7.025580877133738
269,5,36,1101.9041001657765,847.9068681275102,0.17789524793624878,2.1103419546299285,True,True,6.1291068957401675
339,6,36,1102.9720515401525,865.9822071396201,0.175559401512146,2.028026514047171,True,True,7.272423886173538
864,7,36,1101.3771448110597,882.131795789582,0.16338825225830078,1.782551412987642,True,True,5.149963453838187
575,8,36,1101.6535886482116,899.1787496605716,0.1697811633348465,1.3478237582743133,True,True,5.058075376337918
725,9,36,1101.791652175259,915.4598021456026,0.16633881628513336,1.8950268520160918,True,True,4.566727160075476
183,10,36,1100.684540997549,933.3367791389499,0.18146052956581116,1.8103978245003107,True,False,3.7301912357366924
175,11,36,1101.11288111373,948.672233687499,0.18182936310768127,2.008698553517553,True,False,3.505872630590828
493,12,36,1101.2852431293147,965.7031101140444,0.1716252863407135,1.7268316951520362,True,False,3.6890960472940013
399,13,36,1101.2566439797447,982.6349340653613,0.17408409714698792,1.7959920854304312,True,False,3.755991705038974
55,14,36,1101.6357253148497,999.3579711255311,0.19043520092964172,1.924923633373093,True,False,4.357613367748994
806,15,36,1101.4970447805213,1016.9615466473635,0.164617657661438,1.7842214960072793,True,False,4.1508286666367065
654,16,36,1100.5249182188143,1034.76871394852,0.16806000471115112,1.9599594165801193,True,False,3.102084337701344
278,17,36,1100.4593839660183,1050.699950859099,0.1776493787765503,1.6185588544828764,True,False,3.969047406012126
77,18,36,1100.3786901089572,1067.2187094301567,0.18834522366523743,1.840119314525361,True,False,4.6461682421051895
526,19,36,1100.7092504325412,1083.630285067143,0.17088761925697327,1.6560086687957731,True,False,5.691984940192113
182,20,36,1101.3784270560118,1102.5601431620696,0.18146052956581116,2.1685678514654567,True,False,4.909491906292122
164,21,36,1100.1979897006636,1117.4507119109574,0.1821981817483902,1.8814208384860511,True,False,6.417867143540658
240,22,36,1100.1922362868595,1136.3952674066145,0.1788787692785263,1.9991483336606852,True,False,5.025585424460584
667,23,36,1100.1603768652037,1151.3383767141968,0.16781410574913025,1.7713629493709588,True,False,7.319248759810006
134,24,36,1100.4683580493488,1167.7143871238295,0.18404227495193481,1.7949279578982065,True,False,8.40853294462419
151,25,36,1101.282726786218,1186.8480660894747,0.1828128695487976,2.0678440523866772,True,False,7.117811719942871
963,26,36,1100.5407905632424,1202.258600681977,0.16142119467258453,1.9270100822246632,True,False,8.700562365006226
450,27,36,1100.0478295310013,1219.2598238109454,0.17273174226284027,1.6386283168135778,True,False,8.96918027866976
749,28,36,1100.5831284412723,1237.5379112375824,0.16572412848472595,2.0359834388126368,True,False,8.261513397127104
334,29,36,1099.9712742149768,1269.5799175803536,0.17592820525169373,1.8545924515615715,True,False,6.997132055763022
333,30,36,1099.810105039766,1288.499150906434,0.17592820525169373,1.7055257773228185,True,True,8.433528993247828
990,31,36,1099.4623101075874,1305.3759823539017,0.16080649197101593,2.185356759339547,True,True,7.8563671135937145
1174,32,36,1099.817178015269,1322.3099433495643,0.1567494422197342,1.877251019528594,True,True,7.468763124048924
598,33,36,1099.9629233617084,1337.4672571852764,0.16928939521312714,1.796766985848585,True,True,5.348804847505586
747,34,36,1100.01289427807,1356.4015363009075,0.16572412848472595,1.8786867497226065,True,True,6.845040783214711
907,35,36,1099.8551716578106,1370.7506494364548,0.1625276654958725,1.7566299263250247,True,False,3.9127173252916183
130,36,36,1099.7440660029024,1387.5383538630472,0.18416523933410645,1.7088495617307362,True,False,3.323292946437269
740,37,36,1099.6916683713557,1404.7110942124748,0.1658470630645752,1.8456024869669512,True,False,3.1142306053125766
1060,38,36,1100.347243901906,1422.0510620977705,0.15908531844615936,1.9586562365959983,True,False,3.4091160874679005
327,39,36,1098.890815643496,1438.99843899516,0.17605113983154297,2.138238579940295,True,False,2.43791113701473
468,40,36,1099.654898006143,1454.9564657798865,0.1722399890422821,1.9866690046484416,True,False,1.5555581315442064
843,41,36,1099.7393760817845,1471.795139293636,0.1637570559978485,1.9414432965892503,True,False,1.3394470518961683
401,42,36,1099.6861525652423,1488.820415597726,0.17396116256713867,1.8472718156102472,True,False,1.175508423854785
693,43,36,1098.8589432889783,1506.7511285369044,0.1670764684677124,2.0049599074768083,True,False,0.8342606496381957
815,44,36,1099.5624127993337,1522.8233120266382,0.1643717736005783,1.908081471881595,True,False,1.090942105348728
411,45,36,1100.2112133469157,1540.061529640158,0.17383819818496704,2.080048765578942,True,False,1.6964721970496615
852,46,36,1098.781774751109,1556.9887224544761,0.16351118683815002,2.0377176830156736,True,False,0.9721599038415428
1213,47,36,1098.6579967665818,1574.9248075737485,0.15564298629760742,1.9761052683155607,True,False,0.34180195539281866
680,48,36,1099.48739014017,1589.8482874196163,0.16744528710842133,1.9114694698704648,True,False,2.8396090818062527
480,49,36,1099.7118487615846,1608.603782747167,0.17199409008026123,1.899672663944851,True,False,1.6118410303569928
160,1,37,1087.3433051166726,765.9745908082202,0.18232113122940063,2.05429812765323,True,False,7.552262821760112
702,2,37,1087.3441718081767,798.262860651498,0.16683059930801392,1.6765627703556802,True,False,7.192469644180521
384,3,37,1086.852348388341,814.4230391250969,0.17445290088653564,1.6587760929866369,True,False,5.837664527894674
365,4,37,1087.3143626267797,831.1464487063017,0.174944669008255,2.0385578211514863,True,False,5.004907906088133
295,5,37,1086.6827580075771,847.6056262154567,0.17715761065483093,1.6366667423511285,True,True,4.006735161044391
800,6,37,1087.2455838249323,865.0075449029848,0.16474059224128723,2.023146768494547,True,True,3.819929313895174
147,7,37,1086.2601579351362,882.6418806352872,0.18305876851081848,1.8526970152442113,True,True,4.12061484418406
315,8,37,1086.0276744882635,897.6388099480442,0.17641997337341309,1.9343766178375068,True,True,2.063979580723808
300,9,37,1086.296316964853,915.2924955252,0.1770346611738205,1.4716366727612062,True,True,2.00849984918814
38,10,37,1086.0538034259787,931.532050134461,0.19301694631576538,1.8594836044198677,True,False,1.5685989114698091
524,11,37,1086.9899134895818,949.4378121300211,0.17088763415813446,2.087223749509525,True,False,0.9473848283772289
89,12,37,1087.0260377087984,966.3478016806068,0.18723875284194946,2.0043685130531164,True,False,0.6418717675594794
369,14,37,1085.8909241301824,998.841588198113,0.17482173442840576,1.84481561051651,True,False,2.983554666216934
48,15,37,1085.951723514196,1015.6288769202841,0.1915416717529297,1.937039909791253,True,False,3.5395323655389577
428,16,37,1086.2793798485618,1033.613309473359,0.17346937954425812,1.826658757307236,True,False,2.948326441246153
629,17,37,1086.3584891873338,1050.0320637021046,0.1685517430305481,1.9389979972402618,True,False,3.869807959720778
481,18,37,1085.7776079552748,1066.5841351004062,0.17199409008026123,2.000931364976454,True,False,4.948939044800887
171,19,37,1086.1785271348353,1084.0240731268384,0.18195229768753052,2.089614597872944,True,False,4.823123621107478
927,26,37,1085.3959936945207,1202.6570236800808,0.16215883195400238,1.7333540735245674,True,False,8.391630305945762
701,29,37,1085.3779895875448,1270.9212181815392,0.16683059930801392,1.9479958906411323,True,False,8.552628799356638
573,31,37,1085.3302478158776,1304.8624472869665,0.1697811633348465,2.0204203847990683,True,True,7.7864661239621284
587,39,37,1085.10208543447,1439.6404531146165,0.16953527927398682,1.9316712093004196,True,False,4.52508421227111
934,41,37,1084.723954831849,1472.5570646150486,0.1619129627943039,2.013142192344641,True,False,4.018561708797326
511,46,37,1084.7056575264262,1556.7098417976463,0.17113351821899414,2.1445002708965584,True,False,4.210254783856822
577,13,38,1084.8660813107729,983.3463245704961,0.16965824365615845,1.9772584620005778,True,False,7.169319527129982
896,20,38,1084.7513873110931,1101.409817394759,0.16289648413658142,1.8481539494822914,True,False,8.211082526082539
161,21,38,1084.6352332803613,1118.8520790982932,0.18232111632823944,1.9979264945879351,True,False,8.092708235184642
220,22,38,1085.213414295377,1133.7818870524588,0.1794934868812561,1.7946217231471835,True,False,10.12202781259781
832,23,38,1084.5709872509144,1151.2986073093948,0.16400295495986938,2.0382300867540093,True,False,9.596551181320889
107,24,38,1084.5498342254857,1169.170922922156,0.185886412858963,1.7576560890837547,True,False,9.243919834076465
432,25,38,1084.5260309293874,1185.218262178397,0.17334644496440887,1.9526733297609218,True,False,10.23971893640554
169,27,38,1084.986031024795,1218.5729139704667,0.18195229768753052,1.8714142890252041,True,False,11.665193130698581
465,28,38,1084.4717109217602,1254.4951147770594,0.1724858582019806,2.104902033694979,True,False,11.012936626926608
456,30,38,1084.9040369291258,1286.5426345107194,0.17260879278182983,1.8923150600210263,True,True,9.143751815304656
720,32,38,1084.722579875072,1319.7829083240474,0.16633883118629456,1.804362496194339,True,True,7.954931791203667
890,33,38,1084.2451436997287,1337.342891153261,0.16289648413658142,1.8313217856184614,True,True,7.65805521676407
709,34,38,1084.2030697270213,1356.2794114763851,0.16670763492584229,2.0994765146746475,True,True,8.681062951686561
915,35,38,1084.239649426069,1371.3543144168793,0.16240471601486206,1.836000609836636,True,False,7.142129365852004
321,36,38,1084.2074220056475,1387.586266863533,0.17629702389240265,1.9935171085457009,True,False,6.488798163991493
627,37,38,1083.7622227822517,1406.0615445145172,0.1685517430305481,1.9965289460760656,True,False,6.683953908462635
1009,38,38,1083.7327049667272,1422.1331269861155,0.160437673330307,2.07032443553762,True,False,5.923646438201489
664,40,38,1084.0650393434116,1455.511144695836,0.16781410574913025,1.848747439421637,True,False,5.677533829367021
652,42,38,1084.365561721825,1488.9250037688137,0.16806000471115112,1.9594067679812035,True,False,5.723245523468644
788,43,38,1084.2419765803963,1508.4191906528386,0.16486352682113647,1.7531564952224405,True,False,6.036426777399013
1222,44,38,1084.1315076338108,1523.503477547392,0.15552003681659698,1.881689204115333,True,False,5.422317521739785
506,45,38,1084.0879614367564,1539.8138207962988,0.17125645279884338,2.1150900616652533,True,False,5.426289016791574
312,47,38,1084.1015464826912,1573.664347523022,0.17641997337341309,1.995860047928835,True,False,5.569393433897895
349,48,38,1084.0396790471607,1590.6047537564132,0.17531350255012512,1.9121106505187278,True,False,5.609593659708676
308,49,38,1084.0632227920748,1607.5593593160052,0.17666584253311157,1.8873378558168878,True,False,5.744690559802236
215,1,39,1071.0149971171925,763.8909173273897,0.17986229062080383,2.017947574085561,True,False,10.216008614687347
149,2,39,1071.799796024855,796.6263468889351,0.18281289935112,1.6386231521655232,True,False,7.2076906409659465
310,3,39,1071.9566365923436,813.460527651253,0.17654290795326233,1.7949229009935086,True,False,6.746968538162918
679,4,39,1071.5000968623265,829.826822458865,0.16744530200958252,1.8940372667722851,True,False,5.569807885910647
157,5,39,1071.4631602040736,847.3250921867027,0.18244406580924988,1.4037046263007151,True,True,5.493660250043071
156,6,39,1070.6279999883866,864.543906991868,0.18244406580924988,1.7164552944919964,True,True,4.661218648130867
729,7,39,1071.0592468006441,880.5361108415907,0.16621588170528412,1.8659154059944179,True,True,4.024728167968711
122,8,39,1071.4970116773845,898.406563588868,0.18477994203567505,1.5570060532032974,True,True,4.54853151042509
83,9,39,1070.5396095088488,914.881750026524,0.1879763901233673,1.7742267467865027,True,True,3.198561965165715
698,10,39,1070.361380509388,931.3307577360144,0.16695353388786316,1.9037523587126304,True,False,2.748940286110683
905,11,39,1070.8901119824654,950.1889216650877,0.16265058517456055,1.8144090254367444,True,False,3.5761416360805605
440,12,39,1070.3117064715852,966.6889420623247,0.1731005609035492,1.85457455593998,True,False,2.6770134665993734
406,13,39,1071.2791768749244,982.586414045043,0.17396113276481628,1.8179971562185822,True,False,3.7196427672803978
391,14,39,1070.2399205156116,1000.5654317936345,0.17420703172683716,1.896151055098019,True,False,2.5551433286207494
270,15,39,1069.676424744864,1015.8975162188528,0.17777232825756073,1.9015612765032295,True,False,3.327036448224468
126,16,39,1071.1699837806334,1033.5564401125546,0.18441112339496613,1.8830041786717864,True,False,4.213942232693369
752,17,39,1069.61575547301,1049.922635974493,0.16572411358356476,1.8606243280121206,True,False,4.065853708758352
605,18,39,1069.9862019553498,1066.9045951198752,0.16904352605342865,1.3382401233103902,True,False,4.650731203491089
599,19,39,1069.955442819917,1083.3248967310426,0.16928939521312714,1.6334694150972562,True,False,5.577389704086562
368,20,39,1070.2394222816167,1102.2339080264276,0.17482173442840576,1.9229038782055814,True,False,4.384000520980774
1051,21,39,1069.8497337265535,1116.7351005025025,0.1592082679271698,1.9319992649654356,True,False,6.948136908602045
14,22,39,1069.7897395052862,1133.7179065920861,0.19707399606704712,1.8907383598326633,True,False,7.374437596720154
195,23,39,1069.8564194706803,1150.6876540912897,0.1807228922843933,1.8925196542195102,True,False,7.842238333923959
67,24,39,1069.8257187277552,1167.5828034179763,0.1892058104276657,1.7852389412409246,True,False,8.357945180980849
110,25,39,1069.7700740620292,1184.6824259172595,0.18564051389694214,1.6980644581458544,True,False,8.666934136166864
296,26,39,1069.835024954855,1201.6242573433374,0.1770346760749817,1.9988443594226852,True,False,9.150374606960174
518,27,39,1068.764466077732,1219.0846761650653,0.1710105687379837,2.0711984266428933,True,False,8.976529843094028
529,28,39,1069.5227494043925,1252.5475251219807,0.17076468467712402,1.6194450080719367,True,False,7.203744918771625
582,29,39,1069.8098287482235,1269.524767446378,0.16965822875499725,1.9342759301841008,True,False,6.828471800890458
991,30,39,1069.3997113392015,1288.3688929166028,0.16080649197101593,1.679368771948182,True,True,8.161887951754085
665,31,39,1068.845136291172,1304.3129215882377,0.16781410574913025,1.8714827953750606,True,True,6.647975940559591
861,32,39,1069.3883899282914,1319.8935799061853,0.16338825225830078,1.989902445077194,True,True,4.918613956332258
713,33,39,1069.6140479403007,1338.7589573900314,0.16658470034599304,1.8603897095884439,True,True,6.399789094459243
418,34,39,1068.6531055163969,1354.8874423023267,0.1737152636051178,1.8762493673018614,True,True,5.0284802846355685
258,35,39,1069.5725657850194,1372.7733220245561,0.1782640814781189,1.8821018286841968,True,False,5.6363813838535695
639,36,39,1068.6122151615425,1388.7263496015826,0.1683058738708496,1.768282067665307,True,False,4.1030867038172145
571,37,39,1068.6745601862922,1406.679630476805,0.1697811633348465,2.1324932579722753,True,False,4.683951535151418
647,38,39,1069.587745439009,1421.6882976277188,0.16818293929100037,2.2010933248730793,True,False,2.5371614600233343
1003,39,39,1069.5552202360484,1439.2024446263413,0.16056060791015625,1.8796972218261787,True,False,2.651590347869747
501,40,39,1069.0910755139744,1458.1851632524736,0.17137940227985382,1.8171205709633171,True,False,4.1236721852738585
840,41,39,1069.129394575257,1472.6640808654802,0.1637570708990097,1.8780625475337915,True,False,1.3083306070984495
268,42,39,1069.53428263455,1489.523782457216,0.17789524793624878,2.114294296520889,True,False,1.1114073730446399
777,43,39,1069.5115599818935,1507.0905007011374,0.16510941088199615,1.8451681404907858,True,False,1.234255068512783
303,44,39,1069.5430424769029,1523.484449976735,0.17691172659397125,2.0799800377739146,True,False,0.7745363152742364
1252,45,39,1069.3762482600432,1540.9918229476248,0.15478239953517914,1.9027039897072222,True,False,0.6043156102044288
1089,46,39,1068.52498900365,1558.820621464736,0.15847061574459076,1.9278291393936084,True,False,0.756787209577563
1094,47,39,1069.0284438646395,1573.840774309477,0.15834768116474152,1.8409940553586783,True,False,1.6209611618886612
551,48,39,1069.9902619764923,1591.7259737256384,0.1701499968767166,2.1368399035608188,True,False,1.5086157780500078
129,49,39,1068.9727306439847,1610.2223258762565,0.1842881739139557,1.77788326613553,True,False,0.1413848109039298
28,1,40,1056.179673576682,779.2869772334401,0.1946152001619339,1.7458350858299625,True,False,6.038655071680869
44,2,40,1056.1365857175801,795.6723135397772,0.19203343987464905,2.0219939833563436,True,False,4.916336502721886
531,3,40,1057.1380589654411,813.7152473323712,0.17076468467712402,1.8835892593386374,True,False,5.268619903796828
460,4,40,1056.026812510226,829.5217553595718,0.17260879278182983,1.8357786646384917,True,False,3.790161031869685
232,5,40,1057.1391457706136,846.8907300901222,0.17912466824054718,2.06305078863184,True,False,3.3750208697265136
530,6,40,1055.8861313301277,863.4313803641311,0.17076468467712402,1.6834721503648045,True,False,2.8575357868082683
120,8,40,1055.779656798725,897.272847392589,0.18514876067638397,1.4926503973197487,True,False,2.1215066559452627
522,13,40,1055.3397169654602,981.5208489393588,0.17088763415813446,1.5583289488969048,True,False,3.193832502748786
135,14,40,1055.5219665371892,998.8352959967051,0.18391934037208557,1.697734466664339,True,False,3.2091661599540737
21,15,40,1055.5825618703514,1015.300360702517,0.195475772023201,1.9235562918802953,True,False,3.9890502601111515
538,17,40,1055.4788102533073,1049.2768271718046,0.17051881551742554,1.9860276614643424,True,False,4.917031667879525
492,18,40,1055.3737454428033,1067.1760257073227,0.1716252863407135,1.8230846167406016,True,False,4.623036326456478
383,38,40,1055.0041889371355,1422.7812916255998,0.17445290088653564,2.1432868223559653,True,False,4.94216128584268
137,7,41,1054.8859717739376,881.235527863743,0.18379640579223633,2.03502019135016,True,False,7.844545965359308
818,9,41,1054.7297430964356,914.4087759774935,0.1643717736005783,1.7773882466817825,True,False,7.185792620393142
264,10,41,1054.729184393167,930.9551682060509,0.17814113199710846,1.9754556353973305,True,False,7.102797631083274
188,11,41,1054.5705296092092,948.9422106802724,0.18109172582626343,1.8935367697334329,True,False,6.913673770090252
550,12,41,1054.6328090318325,964.9424246472842,0.17027291655540466,1.885266440119919,True,False,7.029416944111694
127,16,41,1055.0363236835635,1031.7370458366295,0.18441112339496613,1.7374255807197678,True,False,8.39639731070666
19,19,41,1054.3192523523157,1083.1573536020821,0.1958446055650711,1.7549627145165008,True,False,8.304782448138276
85,20,41,1054.7638117107224,1099.6899198939475,0.18785345554351807,1.7063452628209153,True,True,9.226621514477754
671,21,41,1054.307364332872,1117.1120273126253,0.167691171169281,1.716335119634496,True,True,8.896816036091261
203,22,41,1054.6349494985473,1133.585737360594,0.1803540736436844,1.6272138290325384,True,True,9.808393080624796
63,23,41,1054.1628107754161,1152.5176314301777,0.18982049822807312,1.8840237461934277,True,True,8.388005330230232
192,24,41,1054.3702620369081,1167.5560060372136,0.180968776345253,1.678607961974523,True,True,10.303100161522675
159,25,41,1054.701621747649,1184.5671613303496,0.18232113122940063,2.0351365363339315,True,False,10.821420196707896
588,26,41,1054.0528364314544,1201.526380091757,0.16953527927398682,1.8542655516158713,True,False,10.818669999562514
446,27,41,1054.0511045255205,1218.4967618887022,0.1728546917438507,1.8289660672196533,True,False,11.186911877428258
112,28,41,1053.969026899482,1235.513563166324,0.1855175793170929,1.7971885238818688,True,False,11.477158639302449
435,29,41,1053.9507410454084,1269.44399383157,0.17322349548339844,1.7288801927943045,True,False,8.623653724555442
640,30,41,1054.440118064809,1287.9061211106973,0.1683058738708496,1.9052041035535656,True,False,9.720068672117002
779,31,41,1054.1440081957687,1303.4166606696895,0.16510941088199615,1.6551886363662967,True,False,8.084074129529704
123,32,41,1053.910729156754,1319.826669150305,0.18477992713451385,2.041114348006457,True,False,7.211760028334425
572,33,41,1053.912564032751,1337.4273237427612,0.1697811633348465,1.6941151615285583,True,False,7.319294394566352
228,34,41,1054.0205419125168,1356.4113032192017,0.17924760282039642,1.8663589168364711,True,False,8.512892855019194
937,35,41,1054.0236446581448,1371.3898255661638,0.1619129478931427,1.69849488016061,True,False,6.828749301383801
1245,36,41,1053.776880385044,1387.6873631487279,0.15490533411502838,1.8576160874494303,True,False,5.994005461346865
528,37,41,1052.9045822683436,1406.2236785429088,0.17076469957828522,1.917671949903469,True,False,5.965870652588834
810,39,41,1053.2359288505133,1441.3431801636464,0.16449470818042755,2.0670200999666464,True,False,6.414999827229575
380,40,41,1053.969523099885,1455.6865833920626,0.17445291578769684,1.9764731670458084,True,False,5.452127901564718
1008,41,41,1053.7162143090395,1475.1140924255078,0.160437673330307,1.9071396639787421,True,False,6.107867648206953
946,42,41,1053.8314574173924,1489.816965082267,0.1616670787334442,2.160290229933173,True,False,5.11261465197149
301,43,41,1052.6257573814958,1508.7089090776992,0.17691174149513245,2.0760546315392165,True,False,4.521488058253732
226,44,41,1053.6072514316604,1526.069170920816,0.17924761772155762,2.0240689796239306,True,False,5.345482159671626
400,45,41,1053.351652815783,1540.6461862250007,0.17408408224582672,2.1299986905620685,True,True,4.446165126545023
883,46,41,1053.3506010459243,1559.5332045859936,0.16301943361759186,1.9938936711374617,True,True,4.583371050969862
1298,47,41,1052.9129141796043,1575.6342659184606,0.15355299413204193,1.947563112438356,True,True,3.9264485919527785
514,48,41,1053.294350813383,1593.4266870962952,0.1710105836391449,2.0373162545539087,True,True,4.303011960355246
495,49,41,1053.8136619608154,1610.3633278752045,0.17150233685970306,2.0214088125114813,True,True,4.755892961026425
54,1,42,1040.523556560914,778.8654080633626,0.19055813550949097,1.7521859805502227,True,False,6.493193004605527
373,2,42,1040.5051437957695,795.2566199500085,0.17469878494739532,1.9607528005087298,True,False,5.480653867993653
651,3,42,1041.0596656725234,814.2058383674097,0.16818293929100037,1.7951534631715516,True,False,6.92901229146402
64,4,42,1040.3772636994704,829.1145905631253,0.18969756364822388,1.7717695734171508,True,False,4.387078692951701
191,5,42,1040.7425958524643,845.6331231876763,0.18096879124641418,1.653284077614831,True,False,3.969587127094297
255,6,42,1041.4364763870399,863.0883621235353,0.17838701605796814,1.9050297111147818,True,False,4.49110917157034
36,7,42,1040.1187679599034,879.4609367826611,0.19326284527778625,1.8401027229582687,True,False,2.7754699687507984
336,8,42,1041.1796814272504,897.3691899960199,0.1758052557706833,1.9265204300547412,True,False,3.866926443280892
23,9,42,1040.1188275287386,913.2967432105465,0.19510693848133087,1.7126931987842746,True,False,2.541253034375901
181,10,42,1040.0995122191737,932.3312608061736,0.18146054446697235,1.9984037672913981,True,False,2.7750037195323976
376,11,42,1041.0361672086506,947.9815166661547,0.17457585036754608,1.9639197707669578,True,False,3.4216520256234526
708,12,42,1039.9028920164094,963.6299574938989,0.16670764982700348,1.8633237574863633,True,False,3.2951860501470116
329,13,42,1039.9073482556405,982.5217582245747,0.17605113983154297,1.7344969309936678,True,False,2.411420052657979
437,14,42,1040.0655738177436,997.6283302422526,0.17322349548339844,1.877394915280361,True,False,4.140999614147787
94,15,42,1038.7665266889085,1015.11517506732,0.1867469847202301,2.089074429836846,True,False,3.585878634595905
235,16,42,1039.6888857275976,1031.6351404055806,0.17900171875953674,1.7743302093043507,True,False,4.788478081322258
636,17,42,1038.7191150388571,1049.0079822276196,0.16842880845069885,1.9928333317218496,True,False,4.607102973407214
534,18,42,1039.8391884064915,1065.5284293965212,0.17064175009727478,1.9192654781905323,True,False,5.809550237381471
292,19,42,1038.6258059043134,1083.5208881517383,0.17715761065483093,1.6949315625255161,True,False,5.00990904282765
436,20,42,1039.402927297188,1099.6025551327427,0.17322349548339844,1.6524325584722879,True,True,6.50210825155603
205,21,42,1038.621051810014,1117.0137966286818,0.18023112416267395,1.9119604010220324,True,True,6.42667266441737
133,22,42,1038.6116401070922,1134.4324410729914,0.184042289853096,1.6686488894905478,True,True,6.459755064939115
248,23,42,1038.4931235302856,1152.4542793411388,0.17850995063781738,2.149109171708829,True,True,5.879010030881553
549,24,42,1039.5528259694013,1167.4594845673628,0.17027291655540466,2.0553364389338924,True,True,8.42337090645296
827,25,42,1038.9597938685595,1184.4788032510037,0.16412588953971863,1.7629700296100952,True,False,8.762495789292919
1100,26,42,1039.5315191480015,1201.4380278195158,0.15834766626358032,2.05532479729789,True,False,9.29633478270236
894,27,42,1039.473653949766,1218.9302174500826,0.16289648413658142,1.787466578569559,True,False,9.222627656009715
263,28,42,1038.3146666227842,1254.4763923435285,0.17814113199710846,2.012393753697709,True,False,8.975386855772925
795,29,42,1038.3262646904827,1269.432749766398,0.16474059224128723,1.9523703343205434,True,False,6.511020383317635
40,30,42,1038.1853673176595,1288.5583464367503,0.1927710920572281,1.8664031381793702,True,False,8.223414039941458
691,31,42,1038.2776352645344,1303.484125145312,0.16719940304756165,1.9583103217133824,True,False,5.737850019798564
682,32,42,1038.8412159749016,1320.529350036734,0.16744528710842133,1.9187735540395796,True,False,5.388007237212225
648,33,42,1038.1420639644896,1337.4236257051123,0.16818293929100037,1.8251082837032082,True,False,4.8824880841612694
445,34,42,1038.1710373208118,1356.4720034754876,0.1728546917438507,1.925123836446954,True,False,6.532132371672907
250,35,42,1038.181465731199,1371.3855988453095,0.17838701605796814,1.8209188433647057,True,False,4.064197105205206
866,36,42,1038.7530054923957,1388.4612745472532,0.16326531767845154,1.9210201988644886,True,False,3.7363242660371223
1293,37,42,1038.140197987282,1405.417457305621,0.15367592871189117,1.8191307439158562,True,False,3.3501397580114833
222,38,42,1039.1396448310613,1422.9802436872974,0.17937053740024567,2.1028074189243293,True,False,3.5241165617437096
618,39,42,1038.1094700607885,1439.3819207593883,0.16867470741271973,1.7721819322559214,True,False,2.6040266529096363
313,40,42,1039.2275618112897,1456.8683418509502,0.17641997337341309,1.9737159630783658,True,False,2.686316721840585
782,41,42,1038.2107107164934,1473.4216004182126,0.1649864763021469,1.8672889942626036,True,False,1.9363765874024896
72,42,42,1038.3743203912697,1490.0058897677134,0.18871402740478516,2.101206494611617,True,False,1.1702544943218565
1137,43,42,1037.6624542914751,1507.9284243018387,0.15748709440231323,1.9041339121733958,True,False,2.0482850507086647
869,44,42,1038.4057665063187,1523.8162961477456,0.16326530277729034,1.9110324804481997,True,False,0.5522481874457225
772,45,42,1038.297504269788,1540.8600383410894,0.1652323603630066,1.8836802862653796,True,True,0.6773026053153619
761,46,42,1037.6100454386628,1558.264681574843,0.16547824442386627,2.0473558069633406,True,True,1.393710138181197
510,47,42,1038.2838979421094,1574.7262512678594,0.17113351821899414,1.7494403337411204,True,True,1.1879577612862853
705,48,42,1037.6010084811358,1593.7110117378986,0.16670764982700348,2.055412098948468,True,True,1.6542982089832892
637,49,42,1038.0276332976084,1610.6437448130903,0.1683058738708496,1.7016046328019538,True,True,1.1456232129804966
60,1,43,1025.9546574481853,761.2178660376895,0.1900663673877716,1.5474393458657287,True,False,12.034980737738703
311,2,43,1025.787129398877,796.3579272273115,0.17654290795326233,1.8209820650904853,True,False,5.819611253016237
61,3,43,1025.8113458501969,811.4990924738685,0.18994344770908356,1.913158888606309,True,False,3.5534497103034575
697,4,43,1025.543383578892,830.3011565600274,0.1670764684677124,1.7836296553229438,True,False,4.823371569967096
404,5,43,1025.7420930716794,846.652633294425,0.17396114766597748,1.8432924020917374,True,False,3.6735071841155578
43,7,43,1025.5960931682837,879.2503112654953,0.19203343987464905,1.8799554922295685,True,False,2.0672616560827963
704,8,43,1025.5959751050775,895.5286873413361,0.16683058440685272,2.0756133775641534,True,False,2.0050038762337388
128,10,43,1025.3306302840474,930.5051888826158,0.18441112339496613,1.7441361918320115,True,False,2.3561022673402663
330,11,43,1024.9126723791708,946.4596109470095,0.17605113983154297,1.8200949073189088,True,False,3.4560728010970503
539,15,43,1025.187257391099,1014.8692075967118,0.17051881551742554,2.010362557427655,True,False,4.53134484231192
419,18,43,1024.979999058233,1066.2447525152993,0.1737152636051178,2.0347745817374374,True,False,5.607465775802177
281,39,43,1023.4998728636072,1439.4660527425635,0.1774034947156906,2.0975442949602434,True,False,5.869053201588857
1084,41,43,1023.4750075524825,1475.0421890092118,0.15847063064575195,1.8008342119862635,True,False,6.372119256080842
1203,44,43,1023.4077298632325,1525.0784540377556,0.1558888554573059,1.9231191590728354,True,False,5.7369871805962465
187,6,44,1024.6832828135764,863.1233777670479,0.18121466040611267,1.8978692183044454,True,False,7.566202035366593
430,9,44,1024.519252524327,914.5889788195465,0.17346936464309692,2.073429286077108,True,False,7.027358431094969
115,12,44,1024.3209946159093,964.8749831649741,0.18539464473724365,1.7351339009866218,True,False,6.716768685925586
178,13,44,1024.1564314838051,982.4051950018372,0.18170642852783203,1.9699585678132185,True,False,6.509960177302499
565,14,44,1024.1435876352705,997.5398247769149,0.16990411281585693,1.918033634518565,True,False,7.255186276564343
425,16,44,1023.498065977319,1033.383143980623,0.1734693944454193,2.2041835358691824,True,False,6.217847898557125
208,17,44,1024.132329928493,1047.808252441526,0.1801081895828247,2.0056490832830276,True,False,8.439739210036791
405,19,44,1022.8174555362294,1082.8679814280133,0.17396113276481628,2.0140845030800056,True,False,7.3917789809730206
765,20,44,1022.8434376648667,1100.2036081024812,0.16547824442386627,1.854647859741851,True,True,7.485252544285138
233,21,44,1023.8184369568675,1118.3630022806574,0.179124653339386,1.830191406793124,True,True,7.642870451355594
56,22,44,1023.8364330193112,1133.4509299978315,0.19031226634979248,1.6747591033941163,True,True,9.365492361253729
632,23,44,1023.2212220290111,1150.3073243831,0.16842882335186005,1.7889886212018324,True,True,9.480927708767155
131,24,44,1023.8540911488253,1167.469282956302,0.18416523933410645,1.8633033840146114,True,True,10.047406401311113
821,25,44,1023.2409054205191,1184.4059570008812,0.16424883902072906,1.8752496769765428,True,False,10.133951432191331
286,26,44,1022.7828464501448,1202.2123087797868,0.17728054523468018,1.795443255234895,True,False,9.573255006237858
482,27,44,1023.5911955679833,1218.480145723826,0.171871155500412,1.5355625768416636,True,False,10.965797716077587
356,28,44,1023.1438647749873,1252.4651263414842,0.17506761848926544,1.858768899020919,True,False,8.42563050419308
210,29,44,1022.4896478683538,1269.338598494642,0.17998525500297546,2.002722322627053,True,False,7.580547819740473
314,30,44,1023.7446159322827,1288.3938709323008,0.17641997337341309,2.038538628426386,True,False,9.6124653341073
502,31,44,1023.3181579304104,1303.5308389236004,0.17137938737869263,1.5635511755913512,True,False,7.5036401782683155
291,32,44,1023.1340629488396,1319.8555710733542,0.17715761065483093,1.8604077194315458,True,False,6.548963712498799
557,33,44,1022.4147127577152,1338.8478287711387,0.17002704739570618,1.824530275840301,True,False,7.3308585742263705
102,34,44,1022.6117781263912,1356.5580122856327,0.1861322820186615,2.1626736455367825,True,False,7.67603028666104
344,35,44,1022.4943417918975,1371.436195633293,0.17543643712997437,2.0726107420596676,True,False,5.571110663771122
839,36,44,1022.4844430627131,1388.9776407358836,0.16388000547885895,1.7774567828490644,True,False,5.646648376409179
1145,37,44,1022.9777318163592,1408.115829872099,0.1573641449213028,1.8843017122734917,True,False,7.297099902423196
816,38,44,1022.4624379880446,1422.9867742889894,0.1643717736005783,1.7642132428611024,True,False,5.034149575281987
374,40,44,1023.0662314426271,1456.6046851072615,0.17457586526870728,1.8565931197236318,True,False,4.796810358413182
993,42,44,1022.3368203333978,1492.4858029450631,0.1606835573911667,2.0198716110102666,True,False,4.843878247296689
803,43,44,1023.006985290884,1509.4295168016297,0.164617657661438,1.8580892575127124,True,False,5.046272158897668
1408,45,44,1022.4584558618985,1541.414432357016,0.15097123384475708,2.031677236590529,True,True,3.4153413569882454
454,46,44,1022.4013086473491,1560.534115413215,0.17260879278182983,2.027925922441255,True,True,3.914849434355144
385,47,44,1022.3907797368951,1575.3611268863024,0.1743299812078476,1.94600479885665,True,True,3.275754679061162
791,48,44,1021.9363532989549,1593.284189020852,0.16474059224128723,1.9570967012251788,True,True,2.76153297352321
1020,49,44,1022.37995153454,1609.4015954038762,0.16006885468959808,1.9669102454983203,True,True,3.3195353368725313
1610,0,45,1014.9012465701726,709.8629352825992,0.14654535055160522,0.16893482962028838,False,False,46.28050435270247
39,1,45,1010.1794082620544,777.2458650256618,0.19289404153823853,1.7155708993712508,True,False,5.116977709335811
50,2,45,1011.1492657146136,794.5500037066413,0.1912958025932312,1.9307308130404122,True,False,5.513905529208525
305,3,45,1009.4508569900433,810.521127670264,0.176788792014122,2.102097855667176,True,False,3.1622821880830845
377,4,45,1010.0412841001619,827.5840348165295,0.1745758354663849,1.895636799924419,True,False,3.2541755610759164
415,5,45,1009.9936105760792,846.3525099559432,0.17383819818496704,1.9305551320399859,True,False,4.010208920770153
198,6,45,1009.9370499952012,861.4092468633314,0.18047702312469482,1.7651740521861539,True,False,2.559104208229429
462,7,45,1008.8565492185077,879.4248117808797,0.17248587310314178,1.9436091397593724,True,False,1.7251619199641914
155,8,45,1009.8150285155251,895.3890634485289,0.18244406580924988,1.8258298614760193,True,False,2.3463468257907625
378,9,45,1008.6916097603677,912.7781157216252,0.17445293068885803,1.861990241008666,True,False,1.3028428144373143
509,10,45,1009.6605218765153,929.318665001771,0.17125645279884338,1.8796486454095234,True,True,2.6278469086250857
152,11,45,1009.6705841462506,946.8453901705836,0.1828128695487976,1.5754463027090921,True,True,2.597745368066387
167,12,45,1009.6079632221886,963.2813572766148,0.18207523226737976,1.8919944136052171,True,True,3.321768531093554
105,13,45,1009.0865374659783,979.7851746807389,0.1861322820186615,1.7872709290337716,True,True,3.959070591099187
398,14,45,1007.9069648794992,998.1414746413486,0.17408409714698792,2.0913107954321455,True,True,2.8739490202836264
16,15,45,1009.4331162784505,1014.6389818204281,0.1967051923274994,1.6921649930471954,True,False,4.192769776577555
47,16,45,1008.4262774398796,1031.239268711194,0.19166462123394012,1.8894587251522568,True,False,4.798950509469752
119,17,45,1009.2887646585991,1049.1700033201294,0.18527169525623322,1.9018992828895227,True,False,4.538583017797529
722,18,45,1007.7446790613516,1066.1447492935201,0.16633883118629456,1.9430282545688633,True,False,4.838445376022268
304,19,45,1009.2394389588541,1083.2562279943977,0.17691172659397125,1.9112226390241707,True,False,5.347545491636749
45,20,45,1008.1911781595857,1099.2969293976773,0.1919104903936386,1.7609461293388757,True,False,6.636125877590066
224,21,45,1007.5810795600403,1116.1658867679498,0.17937053740024567,1.9644603663239504,True,False,7.251593353753232
196,22,45,1009.2255793331424,1133.1501297441598,0.18047702312469482,2.1145607419444272,True,False,7.791879593641367
354,23,45,1007.5198196369585,1151.690942589961,0.17519055306911469,2.0058621666661547,True,False,6.663252833946477
657,24,45,1008.2019562829312,1166.847469960882,0.16805998980998993,1.8584756109718301,True,False,8.928881946602463
615,25,45,1008.1652833337432,1183.799132133868,0.16879764199256897,1.9833376787736001,True,False,9.426311716188906
732,26,45,1009.0094987965515,1202.2031159755918,0.16609294712543488,2.0008376097201257,True,False,8.495673056261403
695,27,45,1006.7392726653703,1218.8313035224521,0.1670764684677124,1.9277279245126067,True,False,9.412769379151488
154,28,45,1007.4175991398688,1252.4100216927218,0.18256700038909912,1.9994370445959941,True,False,6.936153481769709
476,29,45,1008.3518288315192,1269.9277383553454,0.17211703956127167,1.8913399103783883,True,False,6.958489668883884
471,30,45,1007.7742438391567,1288.3838532984958,0.1722399741411209,1.792033393454265,True,False,8.020455190472296
350,31,45,1008.3206649612143,1303.9782435513575,0.17531350255012512,1.943483114993763,True,False,6.169267198563152
421,32,45,1007.747769047488,1320.578247497785,0.17359232902526855,1.5982758265298853,True,False,5.412647417616572
125,33,45,1008.2791790121781,1337.980175408102,0.1846569925546646,1.980396097445199,True,False,5.355373015152963
259,34,45,1006.6751918461473,1354.946410351734,0.1782640814781189,1.9240478879870655,True,False,5.285606192515746
249,35,45,1007.5671956472643,1373.9685928365086,0.17838701605796814,2.109105489576016,True,True,6.626130864632316
507,36,45,1007.5902126921029,1388.7048807062988,0.17125645279884338,1.7534377264173,True,True,4.036453032024819
1357,37,45,1007.1869874144891,1406.1308109131364,0.15207770466804504,1.6394122249830532,True,True,4.217718530729783
320,38,45,1006.5927551292233,1423.1141643005597,0.17629702389240265,1.9437672160803312,True,True,4.150709826719849
227,39,45,1007.8173158974614,1439.5630100499125,0.17924760282039642,1.9600362503088729,True,True,2.7802376329557554
289,40,45,1007.2113445323653,1456.6386333451214,0.17715761065483093,2.037762207872917,True,False,2.8345796512219996
711,41,45,1007.4498455878208,1473.6515897630045,0.16658470034599304,1.7117563489419647,True,False,2.432383053899951
933,42,45,1007.2348104785713,1490.7017201027293,0.1619129627943039,2.1025242509950512,True,False,2.3736742032126315
870,43,45,1007.8577275517532,1507.6140834820906,0.16326530277729034,1.9773850998683349,True,False,1.6459699201175815
1012,44,45,1007.5745305753402,1524.6849914324125,0.16031472384929657,1.7378781196113648,True,False,1.728641987612276
906,45,45,1007.3874201004712,1544.1623172862362,0.1625276654958725,1.878076699902164,True,False,3.4679402725055275
362,46,45,1007.1515194131421,1558.6000452661203,0.174944669008255,1.9713299603255514,True,False,1.9946508132178802
1168,47,45,1007.7894810937961,1575.5481510972895,0.15687239170074463,1.9652297174416617,True,False,1.4240791635736239
850,48,45,1006.7248516444417,1593.1524492356648,0.16351118683815002,2.0744282190805587,True,False,2.5028874056210895
568,49,45,1007.4320314405903,1612.126604131863,0.1697811782360077,1.922566837436787,True,False,2.459526891007089
1,1,46,995.5066602121062,759.4105313624538,0.21293336153030396,2.054181697555565,True,False,13.70287282497246
116,2,46,995.4146279597481,793.2947351962304,0.18539462983608246,2.046886351112344,True,False,3.2799411952826114
688,3,46,995.3192498251041,810.782312741433,0.1673223376274109,1.8538970780011195,True,False,3.2997745923652446
438,4,46,994.3196842167342,827.2695272822139,0.1731005758047104,1.8311924945736167,True,False,3.403364402250434
193,5,46,994.5053427021412,843.7541595292346,0.18084584176540375,1.8225700250825654,True,False,2.9201416877961264
199,6,46,994.1734311689843,861.203826746793,0.18047700822353363,1.6811125913031402,True,False,3.277612196999443
66,7,46,994.2069606466428,877.5993105453738,0.18932875990867615,1.7851346270007373,True,False,3.3448392862382796
37,8,46,993.9757769415176,896.4412328711306,0.193139910697937,1.8389930945060626,True,False,3.5832677236388326
145,10,46,994.9827644650758,929.6611112068982,0.18305876851081848,2.0455035608502374,True,True,2.9115371350433534
6,11,46,993.7603793485525,945.6135175019631,0.20604868233203888,1.7837083513978336,True,True,4.813484584754711
745,13,46,993.5798735325241,979.5429417820761,0.1658470630645752,1.6483090294596427,True,True,5.725681752405852
13,16,46,993.6540520517511,1031.0184539174675,0.19756576418876648,1.6878460419718848,True,False,6.51471027280024
104,17,46,993.5817825710582,1047.5713138555852,0.1861322820186615,2.1166879572833825,True,False,7.324332531751834
165,20,46,993.4460354862688,1099.1236746248303,0.1821981817483902,1.9176679515555901,True,False,8.208190050393318
179,21,46,993.5035471114254,1115.4104389831825,0.1815834790468216,2.0563825940238405,True,False,9.206818181189279
231,22,46,993.4122579286495,1133.0360850760503,0.17912466824054718,1.8958895458202418,True,False,9.138181763250584
86,23,46,993.2949814383236,1150.5978521473999,0.18773052096366882,1.8067970239658147,True,False,9.137461121906732
80,24,46,993.3652470964292,1168.7107715534678,0.18809933960437775,2.081952699530147,True,False,8.574629195327889
316,27,46,993.2464870507191,1218.860756351109,0.1764199584722519,1.9533840275968317,True,False,10.57145512319214
439,29,46,993.3463625627155,1269.2873543995963,0.1731005609035492,2.0956617389619017,True,False,8.102338960304651
793,36,46,993.0296810968565,1389.7253021052397,0.16474059224128723,1.989375659213287,True,True,7.50413264155585
282,45,46,992.5436285144458,1542.3147545375416,0.17740347981452942,1.9620390918433768,True,False,6.6893473177534
1178,46,46,992.4152140187471,1559.9319124758417,0.15662650763988495,1.8384796623855502,True,False,6.90816175064474
121,9,47,993.5652197496446,911.5241257615975,0.18514874577522278,2.1846904132719995,True,False,6.299060444872321
459,12,47,992.8262633580651,963.5953804265799,0.17260879278182983,1.8705493450337058,True,True,5.656917703607908
253,14,47,992.7649365726355,997.5543353580229,0.17838701605796814,1.8203346062015724,True,True,6.0486246749903145
150,15,47,993.3786136596221,1013.5292969739972,0.1828128844499588,1.5754674030044586,True,False,7.440276810334597
447,18,47,992.421760088522,1066.5798626288392,0.17285467684268951,2.009525292769769,True,False,6.2528435944565315
626,19,47,992.9413266830895,1081.6485059243257,0.1685517579317093,1.6495497387633595,True,False,8.397661124114173
88,25,47,992.2318784388704,1183.6465979282639,0.18748463690280914,2.056406872561103,True,False,10.375337698800982
277,26,47,992.3573794976653,1200.8532649458184,0.1776493787765503,1.887408557983888,True,False,10.629814030408554
10,28,47,992.0481601056769,1251.774389353774,0.19891811907291412,2.06084865672353,True,False,7.195945843009178
241,30,47,991.4875947761211,1287.035365695596,0.17875584959983826,1.8124349206412713,True,False,7.250229900676571
683,31,47,992.6316107333307,1305.4705007246023,0.16744528710842133,2.052280979441612,True,False,8.64436675560038
331,32,47,992.5889310401341,1320.5085272435203,0.17592820525169373,2.065616143899978,True,False,6.589047453285371
267,33,47,991.8899605980845,1340.150546430362,0.17801819741725922,2.052439614797334,True,False,8.143187396419046
494,34,47,992.5793733589039,1354.4966260166989,0.1716252714395523,2.0635090228181436,True,False,5.8806750027314045
204,35,47,991.9759785578248,1371.5580559798364,0.18023112416267395,1.8384973705821608,True,True,5.200641079747856
387,37,47,991.8406194943396,1408.2327806609944,0.1743299663066864,1.9569632920469302,True,True,6.667053985598985
569,38,47,992.0621923232665,1422.7887204437445,0.1697811782360077,2.0196544418315643,True,True,4.462428088243187
453,39,47,991.9882927165604,1439.5839059505834,0.17260880768299103,1.8794439836446541,True,True,3.9814656601083245
623,40,47,991.9528237478277,1456.7630313163195,0.1685517579317093,1.7636623886368503,True,False,3.7940424155798143
244,41,47,992.0055733662265,1476.2612299988018,0.17863290011882782,2.0030490375986503,True,False,5.367457685685588
552,42,47,992.0113894316858,1490.7554261730102,0.17014998197555542,2.014664216357585,True,False,3.3595490143431728
714,43,47,991.9779684568725,1507.7851432441653,0.1664617657661438,2.035475056301745,True,False,3.1446020369155274
919,44,47,990.9477765734115,1526.14461900656,0.16215884685516357,1.9531380486256036,True,False,2.8808870724372437
851,47,47,991.8151624144068,1575.8119295479491,0.16351118683815002,1.9868513906663354,True,False,2.552278737828868
1116,48,47,991.3949936811305,1593.3689617591253,0.1579788476228714,1.9544983162800356,True,False,2.0843126468661395
280,49,47,991.4631828565037,1610.3570232045274,0.17752644419670105,1.995599170472955,True,False,2.123387156217834
62,1,48,978.7521161316664,776.4107802056558,0.18994344770908356,1.7996253266178155,True,False,3.867442006723561
3,2,48,978.6550239508191,793.4504915048717,0.20740103721618652,1.7438646346557476,True,False,3.323839961137741
82,3,48,978.491452231333,810.2067165806764,0.18809932470321655,1.5057096343833338,True,False,2.507970359034604
29,4,48,979.0236784825553,828.3455230860947,0.19436931610107422,1.6546463456527087,True,False,3.2520385018936255
30,5,48,978.3701696278922,844.7570974597346,0.19424638152122498,1.849911223220303,True,False,1.909099954180965
24,6,48,978.4137191593721,860.8217661557974,0.19486108422279358,1.6352068604277123,True,False,1.0379031865582464
26,7,48,978.2447343538247,878.7258804441165,0.19473813474178314,1.7812198781386497,True,False,0.942621823240469
162,8,48,979.1779753683553,894.8292362522692,0.18232110142707825,2.001850773758486,True,False,1.9563748481340946
5,9,48,978.3531840816848,911.3865167782825,0.20629456639289856,1.5299671920158147,True,False,2.1151752687032763
180,10,48,977.9520016517615,927.6958253432452,0.1815834790468216,1.9447700994589365,True,True,3.191474228116611
393,11,48,977.9934226802045,945.3373190168788,0.17420703172683716,1.6659264012706196,True,True,3.0772691146241242
91,12,48,979.0645934336128,963.3111468164651,0.18686991930007935,2.0543410830923,True,True,2.9550399755388863
285,13,48,977.9756460494534,979.3434969323675,0.17728056013584137,1.6894629393039051,True,True,4.095683435317757
136,14,48,979.0216621953867,997.3374004948303,0.18379640579223633,2.0863505394379915,True,True,3.8199868644760833
93,15,48,977.8329355700662,1013.4188765557138,0.1867469996213913,1.837185364619233,True,False,5.030768452373623
41,16,48,977.902451152331,1032.4611125027484,0.1927710771560669,1.8901820553102646,True,False,3.4906847769710905
7,17,48,976.4989848788751,1048.7669703340553,0.20481927692890167,1.9409579655922857,True,False,4.886436153726993
221,18,48,978.2706262183206,1065.9058266717063,0.17937055230140686,2.0464478857546036,True,False,5.044630651581315
90,19,48,976.755764420043,1082.309482734063,0.18699286878108978,1.7828315291613956,True,False,6.2413528585114655
262,20,48,976.5518154417105,1098.9590403494758,0.17814114689826965,1.8242504096350622,True,False,7.107192278249048
70,21,48,976.4019426063547,1115.357908038156,0.18895991146564484,1.9517574930306647,True,False,8.202372956495411
9,22,48,976.4490330704425,1132.9453884546206,0.20002460479736328,1.7301607351243176,True,False,8.088998202906359
96,23,48,976.4769759966396,1150.5389019661707,0.18650111556053162,1.5722192670846058,True,False,7.968950181058698
2,24,48,976.3740539808821,1168.6318777896022,0.20961396396160126,1.9390159166344396,True,False,7.38956422509814
412,25,48,976.4605892377717,1185.0989008372846,0.17383819818496704,1.7161878168023774,True,False,8.342396807720062
170,26,48,976.3758811617433,1201.1813211826486,0.18195229768753052,1.8134411233383123,True,False,9.708807677270562
176,27,48,976.3322163318606,1220.3740356239787,0.18182934820652008,2.102037227778489,True,False,8.028176620535794
8,28,48,977.3237430865518,1235.327323352668,0.2012539952993393,2.138135758650659,True,False,10.311685006546345
541,29,48,977.423118637569,1269.3920517360623,0.1703958809375763,2.1034169503586804,True,False,6.458793849404436
42,30,48,977.3739768741285,1286.9435072754463,0.19240225851535797,1.8799354203506673,True,False,6.593122480906645
65,31,48,976.0914856305249,1303.4178036172386,0.18957462906837463,1.7892758252145469,True,False,6.065828334005501
230,32,48,976.1184614946085,1321.0162417939225,0.17912466824054718,1.5111927403996808,True,False,6.235864063571785
114,33,48,976.1542277357005,1340.2574173726528,0.18539464473724365,2.0901760401919995,True,False,7.946336739287365
237,34,48,977.2336519422261,1355.0602879577652,0.1788787841796875,2.0601446586547634,True,False,5.148005396733585
84,35,48,976.0067756400523,1371.551414880569,0.18785345554351807,1.8494554120209037,True,True,4.863453367806806
158,36,48,976.1368185580081,1389.2096784473285,0.18232113122940063,1.6600236081944468,True,True,5.033460964124596
420,37,48,976.4536184049537,1405.8208503704038,0.17359232902526855,1.9010599461366695,True,True,4.227854680563273
144,38,48,976.0523952300013,1423.374705083528,0.18305876851081848,1.731285587881721,True,True,4.622934274395906
202,39,48,976.0734450734625,1442.3239410330737,0.1803540736436844,1.9903411733557432,True,True,5.948386702228831
570,40,48,975.516224476201,1457.897245024991,0.1697811633348465,1.7618130709874416,True,False,4.8579854828511335
79,41,48,975.4680839942661,1475.9283049914973,0.188222274184227,1.8176360486824292,True,False,5.399801074771262
98,42,48,975.5561944683762,1491.9866884669045,0.18637818098068237,1.8426327236123952,True,False,4.462761856992221
475,43,48,975.5471765541456,1510.0425972103203,0.17211703956127167,1.8194437038238724,True,False,4.957783015357554
184,44,48,975.5615852837623,1526.011323175725,0.18133759498596191,1.8604631585230085,True,False,4.143282622742947
101,45,48,976.0707580777258,1544.4665110377703,0.1861322820186615,1.8703238378140703,True,False,4.444786944153145
27,46,48,976.0323748139778,1559.4468651961442,0.1946152001619339,1.7774185360654717,True,False,3.3161633677413658
556,47,48,976.014710649637,1578.4980244035478,0.17002704739570618,1.8126136915583206,True,False,4.118908804354793
939,48,48,977.1524086206163,1594.956022038813,0.16179001331329346,2.1221413451081226,True,False,2.7161980360482
49,49,48,975.9667756412183,1612.6067757788003,0.19141873717308044,1.6957974144898975,True,False,3.9259697304033607
1249,8,49,950.9342931456988,894.1742304507986,0.15478241443634033,0.18620859455904085,True,False,16.59472605527659
0,13,49,942.5357605963724,982.3306225790581,0.2691172957420349,0.5699381665264572,False,True,25.183223441707685
