rank_by_response,feature_type,raw_x_px,raw_y_px,response
1,roi_restricted_dot_center_candidate,943.0,982.0,0.2691172957420349
2,roi_restricted_dot_center_candidate,997.0,758.0,0.21293336153030396
3,roi_restricted_dot_center_candidate,975.0,1170.0,0.20961396396160126
4,roi_restricted_dot_center_candidate,977.0,794.0,0.20740103721618652
5,roi_restricted_dot_center_candidate,1135.0,766.0,0.20666339993476868
6,roi_restricted_dot_center_candidate,979.0,910.0,0.20629456639289856
7,roi_restricted_dot_center_candidate,993.0,944.0,0.20604868233203888
8,roi_restricted_dot_center_candidate,975.0,1050.0,0.20481927692890167
9,roi_restricted_dot_center_candidate,979.0,1234.0,0.2012539952993393
10,roi_restricted_dot_center_candidate,975.0,1132.0,0.20002460479736328
11,roi_restricted_dot_center_candidate,991.0,1250.0,0.19891811907291412
12,roi_restricted_dot_center_candidate,1161.0,766.0,0.1983034312725067
13,roi_restricted_dot_center_candidate,1239.0,770.0,0.19756577908992767
14,roi_restricted_dot_center_candidate,995.0,1030.0,0.19756576418876648
15,roi_restricted_dot_center_candidate,1069.0,1132.0,0.19707399606704712
16,roi_restricted_dot_center_candidate,1163.0,1122.0,0.19682812690734863
17,roi_restricted_dot_center_candidate,1011.0,1014.0,0.1967051923274994
18,roi_restricted_dot_center_candidate,1101.0,830.0,0.1967051923274994
19,roi_restricted_dot_center_candidate,1131.0,782.0,0.1967051923274994
20,roi_restricted_dot_center_candidate,1053.0,1082.0,0.1958446055650711
21,roi_restricted_dot_center_candidate,1207.0,1134.0,0.19572165608406067
22,roi_restricted_dot_center_candidate,1057.0,1014.0,0.195475772023201
23,roi_restricted_dot_center_candidate,1265.0,776.0,0.1952298879623413
24,roi_restricted_dot_center_candidate,1039.0,912.0,0.19510693848133087
25,roi_restricted_dot_center_candidate,977.0,860.0,0.19486108422279358
26,roi_restricted_dot_center_candidate,1189.0,1038.0,0.19486106932163239
27,roi_restricted_dot_center_candidate,977.0,880.0,0.19473813474178314
28,roi_restricted_dot_center_candidate,975.0,1558.0,0.1946152001619339
29,roi_restricted_dot_center_candidate,1055.0,778.0,0.1946152001619339
30,roi_restricted_dot_center_candidate,979.0,830.0,0.19436931610107422
31,roi_restricted_dot_center_candidate,977.0,846.0,0.19424638152122498
32,roi_restricted_dot_center_candidate,1148.0,765.0,0.1940004974603653
33,roi_restricted_dot_center_candidate,1117.0,1234.0,0.19375461339950562
34,roi_restricted_dot_center_candidate,993.0,778.0,0.19375461339950562
35,roi_restricted_dot_center_candidate,1179.0,1018.0,0.19350871443748474
36,roi_restricted_dot_center_candidate,1175.0,950.0,0.1933857798576355
37,roi_restricted_dot_center_candidate,1039.0,878.0,0.19326284527778625
38,roi_restricted_dot_center_candidate,993.0,898.0,0.193139910697937
39,roi_restricted_dot_center_candidate,1085.0,930.0,0.19301694631576538
40,roi_restricted_dot_center_candidate,1009.0,776.0,0.19289404153823853
41,roi_restricted_dot_center_candidate,1037.0,1290.0,0.1927710920572281
42,roi_restricted_dot_center_candidate,979.0,1034.0,0.1927710771560669
43,roi_restricted_dot_center_candidate,979.0,1286.0,0.19240225851535797
44,roi_restricted_dot_center_candidate,1027.0,878.0,0.19203343987464905
45,roi_restricted_dot_center_candidate,1055.0,794.0,0.19203343987464905
46,roi_restricted_dot_center_candidate,1007.0,1098.0,0.1919104903936386
47,roi_restricted_dot_center_candidate,1161.0,1016.0,0.19178755581378937
48,roi_restricted_dot_center_candidate,1007.0,1030.0,0.19166462123394012
49,roi_restricted_dot_center_candidate,1087.0,1014.0,0.1915416717529297
50,roi_restricted_dot_center_candidate,975.0,1614.0,0.19141873717308044
51,roi_restricted_dot_center_candidate,1013.0,794.0,0.1912958025932312
52,roi_restricted_dot_center_candidate,1145.0,1066.0,0.19117285311222076
53,roi_restricted_dot_center_candidate,1161.0,820.0,0.1906810998916626
54,roi_restricted_dot_center_candidate,1132.0,965.0,0.1906810849905014
55,roi_restricted_dot_center_candidate,1039.0,778.0,0.19055813550949097
56,roi_restricted_dot_center_candidate,1103.0,998.0,0.19043520092964172
57,roi_restricted_dot_center_candidate,1023.0,1132.0,0.19031226634979248
58,roi_restricted_dot_center_candidate,1175.0,902.0,0.19018933176994324
59,roi_restricted_dot_center_candidate,1283.0,790.0,0.19018931686878204
60,roi_restricted_dot_center_candidate,1205.0,1084.0,0.190066397190094
61,roi_restricted_dot_center_candidate,1025.0,760.0,0.1900663673877716
62,roi_restricted_dot_center_candidate,1027.0,810.0,0.18994344770908356
63,roi_restricted_dot_center_candidate,977.0,776.0,0.18994344770908356
64,roi_restricted_dot_center_candidate,1053.0,1154.0,0.18982049822807312
65,roi_restricted_dot_center_candidate,1039.0,828.0,0.18969756364822388
66,roi_restricted_dot_center_candidate,975.0,1302.0,0.18957462906837463
67,roi_restricted_dot_center_candidate,995.0,876.0,0.18932875990867615
68,roi_restricted_dot_center_candidate,1069.0,1166.0,0.1892058104276657
69,roi_restricted_dot_center_candidate,1117.0,1454.0,0.18895992636680603
70,roi_restricted_dot_center_candidate,1159.0,1084.0,0.18895992636680603
71,roi_restricted_dot_center_candidate,975.0,1114.0,0.18895991146564484
72,roi_restricted_dot_center_candidate,1179.0,784.0,0.18871405720710754
73,roi_restricted_dot_center_candidate,1039.0,1488.0,0.18871402740478516
74,roi_restricted_dot_center_candidate,1145.0,850.0,0.1885910928249359
75,roi_restricted_dot_center_candidate,1133.0,1016.0,0.18846815824508667
76,roi_restricted_dot_center_candidate,1195.0,820.0,0.18846815824508667
77,roi_restricted_dot_center_candidate,1133.0,1066.0,0.18834522366523743
78,roi_restricted_dot_center_candidate,1099.0,1066.0,0.18834522366523743
79,roi_restricted_dot_center_candidate,1132.0,831.0,0.18834522366523743
80,roi_restricted_dot_center_candidate,974.0,1477.0,0.188222274184227
81,roi_restricted_dot_center_candidate,995.0,1170.0,0.18809933960437775
82,roi_restricted_dot_center_candidate,1193.0,1106.0,0.18809933960437775
83,roi_restricted_dot_center_candidate,977.0,810.0,0.18809932470321655
84,roi_restricted_dot_center_candidate,1069.0,914.0,0.1879763901233673
85,roi_restricted_dot_center_candidate,975.0,1370.0,0.18785345554351807
86,roi_restricted_dot_center_candidate,1055.0,1098.0,0.18785345554351807
87,roi_restricted_dot_center_candidate,995.0,1150.0,0.18773052096366882
88,roi_restricted_dot_center_candidate,1189.0,1218.0,0.18748463690280914
89,roi_restricted_dot_center_candidate,991.0,1182.0,0.18748463690280914
90,roi_restricted_dot_center_candidate,1089.0,966.0,0.18723875284194946
91,roi_restricted_dot_center_candidate,975.0,1082.0,0.18699286878108978
92,roi_restricted_dot_center_candidate,981.0,964.0,0.18686991930007935
93,roi_restricted_dot_center_candidate,1129.0,1134.0,0.1867469996213913
94,roi_restricted_dot_center_candidate,979.0,1012.0,0.1867469996213913
95,roi_restricted_dot_center_candidate,1037.0,1014.0,0.1867469847202301
96,roi_restricted_dot_center_candidate,1195.0,838.0,0.1867469847202301
97,roi_restricted_dot_center_candidate,975.0,1150.0,0.18650111556053162
98,roi_restricted_dot_center_candidate,1149.0,950.0,0.18650108575820923
99,roi_restricted_dot_center_candidate,974.0,1491.0,0.18637818098068237
100,roi_restricted_dot_center_candidate,1221.0,806.0,0.18625523149967194
101,roi_restricted_dot_center_candidate,1204.0,1335.0,0.18625521659851074
102,roi_restricted_dot_center_candidate,975.0,1546.0,0.1861322820186615
103,roi_restricted_dot_center_candidate,1021.0,1358.0,0.1861322820186615
104,roi_restricted_dot_center_candidate,1117.0,1166.0,0.1861322820186615
105,roi_restricted_dot_center_candidate,995.0,1046.0,0.1861322820186615
106,roi_restricted_dot_center_candidate,1009.0,978.0,0.1861322820186615
107,roi_restricted_dot_center_candidate,1144.0,1101.0,0.18600934743881226
108,roi_restricted_dot_center_candidate,1083.0,1170.0,0.185886412858963
109,roi_restricted_dot_center_candidate,978.0,757.0,0.18576347827911377
110,roi_restricted_dot_center_candidate,1012.0,759.0,0.18564052879810333
111,roi_restricted_dot_center_candidate,1070.0,1183.0,0.18564051389694214
112,roi_restricted_dot_center_candidate,1253.0,970.0,0.18564051389694214
113,roi_restricted_dot_center_candidate,1053.0,1234.0,0.1855175793170929
114,roi_restricted_dot_center_candidate,1129.0,1218.0,0.1855175793170929
115,roi_restricted_dot_center_candidate,975.0,1342.0,0.18539464473724365
116,roi_restricted_dot_center_candidate,1023.0,966.0,0.18539464473724365
117,roi_restricted_dot_center_candidate,997.0,792.0,0.18539462983608246
118,roi_restricted_dot_center_candidate,1132.0,1251.0,0.1852717101573944
119,roi_restricted_dot_center_candidate,1029.0,778.0,0.1852717101573944
120,roi_restricted_dot_center_candidate,1011.0,1050.0,0.18527169525623322
121,roi_restricted_dot_center_candidate,1055.0,896.0,0.18514876067638397
122,roi_restricted_dot_center_candidate,992.0,910.0,0.18514874577522278
123,roi_restricted_dot_center_candidate,1073.0,898.0,0.18477994203567505
124,roi_restricted_dot_center_candidate,1053.0,1318.0,0.18477992713451385
125,roi_restricted_dot_center_candidate,1355.0,776.0,0.1846570074558258
126,roi_restricted_dot_center_candidate,1010.0,1337.0,0.1846569925546646
127,roi_restricted_dot_center_candidate,1073.0,1034.0,0.18441112339496613
128,roi_restricted_dot_center_candidate,1055.0,1030.0,0.18441112339496613
129,roi_restricted_dot_center_candidate,1027.0,930.0,0.18441112339496613
130,roi_restricted_dot_center_candidate,1069.0,1612.0,0.1842881739139557
131,roi_restricted_dot_center_candidate,1099.0,1386.0,0.18416523933410645
132,roi_restricted_dot_center_candidate,1025.0,1166.0,0.18416523933410645
133,roi_restricted_dot_center_candidate,1205.0,1190.0,0.18416522443294525
134,roi_restricted_dot_center_candidate,1037.0,1134.0,0.184042289853096
135,roi_restricted_dot_center_candidate,1101.0,1166.0,0.18404227495193481
136,roi_restricted_dot_center_candidate,1057.0,998.0,0.18391934037208557
137,roi_restricted_dot_center_candidate,981.0,998.0,0.18379640579223633
138,roi_restricted_dot_center_candidate,1053.0,882.0,0.18379640579223633
139,roi_restricted_dot_center_candidate,1104.0,797.0,0.18379640579223633
140,roi_restricted_dot_center_candidate,1209.0,802.0,0.1834276020526886
141,roi_restricted_dot_center_candidate,1161.0,966.0,0.1834275871515274
142,roi_restricted_dot_center_candidate,1119.0,1068.0,0.18318171799182892
143,roi_restricted_dot_center_candidate,1219.0,1218.0,0.18318170309066772
144,roi_restricted_dot_center_candidate,1253.0,936.0,0.18318170309066772
145,roi_restricted_dot_center_candidate,975.0,1422.0,0.18305876851081848
146,roi_restricted_dot_center_candidate,997.0,930.0,0.18305876851081848
147,roi_restricted_dot_center_candidate,1235.0,890.0,0.18305876851081848
148,roi_restricted_dot_center_candidate,1085.0,884.0,0.18305876851081848
149,roi_restricted_dot_center_candidate,1265.0,986.0,0.18293581902980804
150,roi_restricted_dot_center_candidate,1072.0,795.0,0.18281289935112
151,roi_restricted_dot_center_candidate,993.0,1012.0,0.1828128844499588
152,roi_restricted_dot_center_candidate,1103.0,1188.0,0.1828128695487976
153,roi_restricted_dot_center_candidate,1011.0,946.0,0.1828128695487976
154,roi_restricted_dot_center_candidate,1371.0,778.0,0.18268993496894836
155,roi_restricted_dot_center_candidate,1006.0,1251.0,0.18256700038909912
156,roi_restricted_dot_center_candidate,1011.0,894.0,0.18244406580924988
157,roi_restricted_dot_center_candidate,1069.0,864.0,0.18244406580924988
158,roi_restricted_dot_center_candidate,1071.0,846.0,0.18244406580924988
159,roi_restricted_dot_center_candidate,975.0,1388.0,0.18232113122940063
160,roi_restricted_dot_center_candidate,1056.0,1183.0,0.18232113122940063
161,roi_restricted_dot_center_candidate,1087.0,768.0,0.18232113122940063
162,roi_restricted_dot_center_candidate,1083.0,1120.0,0.18232111632823944
163,roi_restricted_dot_center_candidate,981.0,894.0,0.18232110142707825
164,roi_restricted_dot_center_candidate,1101.0,780.0,0.18232110142707825
165,roi_restricted_dot_center_candidate,1099.0,1116.0,0.1821981817483902
166,roi_restricted_dot_center_candidate,995.0,1098.0,0.1821981817483902
167,roi_restricted_dot_center_candidate,991.0,1234.0,0.182198166847229
168,roi_restricted_dot_center_candidate,1011.0,962.0,0.18207523226737976
169,roi_restricted_dot_center_candidate,1221.0,940.0,0.18207523226737976
170,roi_restricted_dot_center_candidate,1086.0,1217.0,0.18195229768753052
171,roi_restricted_dot_center_candidate,975.0,1200.0,0.18195229768753052
172,roi_restricted_dot_center_candidate,1088.0,1083.0,0.18195229768753052
173,roi_restricted_dot_center_candidate,1225.0,770.0,0.18195229768753052
174,roi_restricted_dot_center_candidate,1043.0,761.0,0.18195228278636932
175,roi_restricted_dot_center_candidate,1158.0,1587.0,0.18182936310768127
176,roi_restricted_dot_center_candidate,1100.0,947.0,0.18182936310768127
177,roi_restricted_dot_center_candidate,975.0,1222.0,0.18182934820652008
178,roi_restricted_dot_center_candidate,1264.0,1301.0,0.18170642852783203
179,roi_restricted_dot_center_candidate,1023.0,984.0,0.18170642852783203
180,roi_restricted_dot_center_candidate,995.0,1114.0,0.1815834790468216
181,roi_restricted_dot_center_candidate,977.0,926.0,0.1815834790468216
182,roi_restricted_dot_center_candidate,1039.0,934.0,0.18146054446697235
183,roi_restricted_dot_center_candidate,1103.0,1104.0,0.18146052956581116
184,roi_restricted_dot_center_candidate,1099.0,934.0,0.18146052956581116
185,roi_restricted_dot_center_candidate,974.0,1525.0,0.18133759498596191
186,roi_restricted_dot_center_candidate,1175.0,1184.0,0.18133759498596191
187,roi_restricted_dot_center_candidate,1115.0,782.0,0.18133759498596191
188,roi_restricted_dot_center_candidate,1023.0,864.0,0.18121466040611267
189,roi_restricted_dot_center_candidate,1053.0,950.0,0.18109172582626343
190,roi_restricted_dot_center_candidate,1149.0,866.0,0.18109172582626343
191,roi_restricted_dot_center_candidate,1149.0,936.0,0.18109169602394104
192,roi_restricted_dot_center_candidate,1041.0,844.0,0.18096879124641418
193,roi_restricted_dot_center_candidate,1055.0,1166.0,0.180968776345253
194,roi_restricted_dot_center_candidate,995.0,842.0,0.18084584176540375
195,roi_restricted_dot_center_candidate,1149.0,782.0,0.18084582686424255
196,roi_restricted_dot_center_candidate,1069.0,1149.0,0.1807228922843933
197,roi_restricted_dot_center_candidate,1011.0,1132.0,0.18047702312469482
198,roi_restricted_dot_center_candidate,1129.0,950.0,0.18047702312469482
199,roi_restricted_dot_center_candidate,1011.0,860.0,0.18047702312469482
200,roi_restricted_dot_center_candidate,993.0,860.0,0.18047700822353363
201,roi_restricted_dot_center_candidate,1115.0,766.0,0.18047700822353363
202,roi_restricted_dot_center_candidate,1129.0,1610.0,0.1803540736436844
203,roi_restricted_dot_center_candidate,975.0,1444.0,0.1803540736436844
204,roi_restricted_dot_center_candidate,1055.0,1132.0,0.1803540736436844
205,roi_restricted_dot_center_candidate,991.0,1370.0,0.18023112416267395
206,roi_restricted_dot_center_candidate,1037.0,1116.0,0.18023112416267395
207,roi_restricted_dot_center_candidate,1115.0,918.0,0.18023112416267395
208,roi_restricted_dot_center_candidate,1129.0,1302.0,0.1801081895828247
209,roi_restricted_dot_center_candidate,1025.0,1046.0,0.1801081895828247
210,roi_restricted_dot_center_candidate,1219.0,986.0,0.1801081895828247
211,roi_restricted_dot_center_candidate,1021.0,1268.0,0.17998525500297546
212,roi_restricted_dot_center_candidate,1007.0,1234.0,0.17998525500297546
213,roi_restricted_dot_center_candidate,1205.0,1106.0,0.17998525500297546
214,roi_restricted_dot_center_candidate,1179.0,884.0,0.17998525500297546
215,roi_restricted_dot_center_candidate,1237.0,968.0,0.17998522520065308
216,roi_restricted_dot_center_candidate,1069.0,764.0,0.17986229062080383
217,roi_restricted_dot_center_candidate,1427.0,910.0,0.17973937094211578
218,roi_restricted_dot_center_candidate,1159.0,1218.0,0.1797393560409546
219,roi_restricted_dot_center_candidate,1311.0,1186.0,0.1797393560409546
220,roi_restricted_dot_center_candidate,1115.0,982.0,0.1797393560409546
221,roi_restricted_dot_center_candidate,1085.0,1132.0,0.1794934868812561
222,roi_restricted_dot_center_candidate,980.0,1067.0,0.17937055230140686
223,roi_restricted_dot_center_candidate,1041.0,1422.0,0.17937053740024567
224,roi_restricted_dot_center_candidate,1117.0,1150.0,0.17937053740024567
225,roi_restricted_dot_center_candidate,1006.0,1115.0,0.17937053740024567
226,roi_restricted_dot_center_candidate,1146.0,899.0,0.17937052249908447
227,roi_restricted_dot_center_candidate,1053.0,1528.0,0.17924761772155762
228,roi_restricted_dot_center_candidate,1009.0,1438.0,0.17924760282039642
229,roi_restricted_dot_center_candidate,1055.0,1358.0,0.17924760282039642
230,roi_restricted_dot_center_candidate,1163.0,1184.0,0.17924760282039642
231,roi_restricted_dot_center_candidate,975.0,1320.0,0.17912466824054718
232,roi_restricted_dot_center_candidate,995.0,1132.0,0.17912466824054718
233,roi_restricted_dot_center_candidate,1059.0,846.0,0.17912466824054718
234,roi_restricted_dot_center_candidate,1023.0,1120.0,0.179124653339386
235,roi_restricted_dot_center_candidate,1191.0,1134.0,0.17900171875953674
236,roi_restricted_dot_center_candidate,1039.0,1030.0,0.17900171875953674
237,roi_restricted_dot_center_candidate,1115.0,932.0,0.17900171875953674
238,roi_restricted_dot_center_candidate,979.0,1354.0,0.1788787841796875
239,roi_restricted_dot_center_candidate,975.0,1256.0,0.1788787841796875
240,roi_restricted_dot_center_candidate,1086.0,779.0,0.1788787841796875
241,roi_restricted_dot_center_candidate,1099.0,1138.0,0.1788787692785263
242,roi_restricted_dot_center_candidate,990.0,1286.0,0.17875584959983826
243,roi_restricted_dot_center_candidate,1323.0,1070.0,0.17875584959983826
244,roi_restricted_dot_center_candidate,1113.0,1290.0,0.17875583469867706
245,roi_restricted_dot_center_candidate,993.0,1478.0,0.17863290011882782
246,roi_restricted_dot_center_candidate,1235.0,820.0,0.17863288521766663
247,roi_restricted_dot_center_candidate,1311.0,778.0,0.17863288521766663
248,roi_restricted_dot_center_candidate,1117.0,1134.0,0.17850996553897858
249,roi_restricted_dot_center_candidate,1037.0,1154.0,0.17850995063781738
250,roi_restricted_dot_center_candidate,1007.0,1376.0,0.17838701605796814
251,roi_restricted_dot_center_candidate,1037.0,1370.0,0.17838701605796814
252,roi_restricted_dot_center_candidate,1281.0,1202.0,0.17838701605796814
253,roi_restricted_dot_center_candidate,1205.0,1002.0,0.17838701605796814
254,roi_restricted_dot_center_candidate,991.0,998.0,0.17838701605796814
255,roi_restricted_dot_center_candidate,1209.0,872.0,0.17838701605796814
256,roi_restricted_dot_center_candidate,1043.0,862.0,0.17838701605796814
257,roi_restricted_dot_center_candidate,1191.0,772.0,0.17838700115680695
258,roi_restricted_dot_center_candidate,1145.0,1486.0,0.1782640814781189
259,roi_restricted_dot_center_candidate,1071.0,1374.0,0.1782640814781189
260,roi_restricted_dot_center_candidate,1005.0,1354.0,0.1782640814781189
261,roi_restricted_dot_center_candidate,1235.0,790.0,0.1782640814781189
262,roi_restricted_dot_center_candidate,1237.0,1606.0,0.17814114689826965
263,roi_restricted_dot_center_candidate,975.0,1098.0,0.17814114689826965
264,roi_restricted_dot_center_candidate,1037.0,1256.0,0.17814113199710846
265,roi_restricted_dot_center_candidate,1053.0,930.0,0.17814113199710846
266,roi_restricted_dot_center_candidate,1133.0,1054.0,0.17814111709594727
267,roi_restricted_dot_center_candidate,1267.0,1386.0,0.17801819741725922
268,roi_restricted_dot_center_candidate,991.0,1342.0,0.17801819741725922
269,roi_restricted_dot_center_candidate,1071.0,1488.0,0.17789524793624878
270,roi_restricted_dot_center_candidate,1101.0,846.0,0.17789524793624878
271,roi_restricted_dot_center_candidate,1068.0,1015.0,0.17777232825756073
272,roi_restricted_dot_center_candidate,1159.0,1386.0,0.17777231335639954
273,roi_restricted_dot_center_candidate,1145.0,1318.0,0.17777231335639954
274,roi_restricted_dot_center_candidate,1179.0,1070.0,0.17777231335639954
275,roi_restricted_dot_center_candidate,1117.0,1054.0,0.17777231335639954
276,roi_restricted_dot_center_candidate,1221.0,874.0,0.17777231335639954
277,roi_restricted_dot_center_candidate,1119.0,866.0,0.17777231335639954
278,roi_restricted_dot_center_candidate,992.0,1199.0,0.1776493787765503
279,roi_restricted_dot_center_candidate,1099.0,1050.0,0.1776493787765503
280,roi_restricted_dot_center_candidate,1161.0,916.0,0.1776493787765503
281,roi_restricted_dot_center_candidate,990.0,1609.0,0.17752644419670105
282,roi_restricted_dot_center_candidate,1025.0,1438.0,0.1774034947156906
283,roi_restricted_dot_center_candidate,994.0,1541.0,0.17740347981452942
284,roi_restricted_dot_center_candidate,1119.0,802.0,0.17740347981452942
285,roi_restricted_dot_center_candidate,1267.0,1086.0,0.17728056013584137
286,roi_restricted_dot_center_candidate,979.0,978.0,0.17728056013584137
287,roi_restricted_dot_center_candidate,1021.0,1202.0,0.17728054523468018
288,roi_restricted_dot_center_candidate,1175.0,934.0,0.17728054523468018
289,roi_restricted_dot_center_candidate,1105.0,766.0,0.17715762555599213
290,roi_restricted_dot_center_candidate,1006.0,1455.0,0.17715761065483093
291,roi_restricted_dot_center_candidate,1130.0,1385.0,0.17715761065483093
292,roi_restricted_dot_center_candidate,1023.0,1318.0,0.17715761065483093
293,roi_restricted_dot_center_candidate,1037.0,1084.0,0.17715761065483093
294,roi_restricted_dot_center_candidate,1283.0,1054.0,0.17715761065483093
295,roi_restricted_dot_center_candidate,1221.0,1018.0,0.17715761065483093
296,roi_restricted_dot_center_candidate,1087.0,846.0,0.17715761065483093
297,roi_restricted_dot_center_candidate,1071.0,1200.0,0.1770346760749817
298,roi_restricted_dot_center_candidate,1339.0,1054.0,0.1770346760749817
299,roi_restricted_dot_center_candidate,1249.0,1038.0,0.1770346760749817
300,roi_restricted_dot_center_candidate,1115.0,818.0,0.1770346760749817
301,roi_restricted_dot_center_candidate,1087.0,914.0,0.1770346611738205
302,roi_restricted_dot_center_candidate,1051.0,1510.0,0.17691174149513245
303,roi_restricted_dot_center_candidate,1144.0,1201.0,0.17691174149513245
304,roi_restricted_dot_center_candidate,1071.0,1522.0,0.17691172659397125
305,roi_restricted_dot_center_candidate,1011.0,1084.0,0.17691172659397125
306,roi_restricted_dot_center_candidate,1008.0,809.0,0.176788792014122
307,roi_restricted_dot_center_candidate,1179.0,850.0,0.17678877711296082
308,roi_restricted_dot_center_candidate,1117.0,848.0,0.17678877711296082
309,roi_restricted_dot_center_candidate,1083.0,1606.0,0.17666584253311157
310,roi_restricted_dot_center_candidate,1193.0,784.0,0.17666584253311157
311,roi_restricted_dot_center_candidate,1073.0,812.0,0.17654290795326233
312,roi_restricted_dot_center_candidate,1025.0,798.0,0.17654290795326233
313,roi_restricted_dot_center_candidate,1083.0,1572.0,0.17641997337341309
314,roi_restricted_dot_center_candidate,1041.0,1456.0,0.17641997337341309
315,roi_restricted_dot_center_candidate,1025.0,1290.0,0.17641997337341309
316,roi_restricted_dot_center_candidate,1085.0,896.0,0.17641997337341309
317,roi_restricted_dot_center_candidate,995.0,1218.0,0.1764199584722519
318,roi_restricted_dot_center_candidate,1129.0,1104.0,0.1764199584722519
319,roi_restricted_dot_center_candidate,1133.0,798.0,0.1764199584722519
320,roi_restricted_dot_center_candidate,1175.0,1122.0,0.17629703879356384
321,roi_restricted_dot_center_candidate,1005.0,1422.0,0.17629702389240265
322,roi_restricted_dot_center_candidate,1083.0,1386.0,0.17629702389240265
323,roi_restricted_dot_center_candidate,1265.0,1020.0,0.17629702389240265
324,roi_restricted_dot_center_candidate,1268.0,1007.0,0.17629702389240265
325,roi_restricted_dot_center_candidate,1118.0,1121.0,0.1761740744113922
326,roi_restricted_dot_center_candidate,1055.0,762.0,0.1761740744113922
327,roi_restricted_dot_center_candidate,1115.0,1554.0,0.17605113983154297
328,roi_restricted_dot_center_candidate,1097.0,1438.0,0.17605113983154297
329,roi_restricted_dot_center_candidate,1130.0,1201.0,0.17605113983154297
330,roi_restricted_dot_center_candidate,1039.0,984.0,0.17605113983154297
331,roi_restricted_dot_center_candidate,1026.0,945.0,0.17605113983154297
332,roi_restricted_dot_center_candidate,994.0,1319.0,0.17592820525169373
333,roi_restricted_dot_center_candidate,1191.0,1318.0,0.17592820525169373
334,roi_restricted_dot_center_candidate,1099.0,1290.0,0.17592820525169373
335,roi_restricted_dot_center_candidate,1099.0,1268.0,0.17592820525169373
336,roi_restricted_dot_center_candidate,1323.0,876.0,0.17592820525169373
337,roi_restricted_dot_center_candidate,1043.0,898.0,0.1758052557706833
338,roi_restricted_dot_center_candidate,1283.0,774.0,0.17568233609199524
339,roi_restricted_dot_center_candidate,1251.0,1268.0,0.17568232119083405
340,roi_restricted_dot_center_candidate,1105.0,866.0,0.175559401512146
341,roi_restricted_dot_center_candidate,1311.0,1368.0,0.1755593866109848
342,roi_restricted_dot_center_candidate,1147.0,816.0,0.1755593866109848
343,roi_restricted_dot_center_candidate,1189.0,1502.0,0.1755593717098236
344,roi_restricted_dot_center_candidate,1114.0,1017.0,0.1755593717098236
345,roi_restricted_dot_center_candidate,1021.0,1370.0,0.17543643712997437
346,roi_restricted_dot_center_candidate,1115.0,1032.0,0.17543643712997437
347,roi_restricted_dot_center_candidate,1267.0,870.0,0.17543643712997437
348,roi_restricted_dot_center_candidate,1253.0,870.0,0.17543643712997437
349,roi_restricted_dot_center_candidate,1207.0,768.0,0.17543643712997437
350,roi_restricted_dot_center_candidate,1083.0,1589.0,0.17531350255012512
351,roi_restricted_dot_center_candidate,1010.0,1303.0,0.17531350255012512
352,roi_restricted_dot_center_candidate,1179.0,818.0,0.17531350255012512
353,roi_restricted_dot_center_candidate,1177.0,1386.0,0.17519055306911469
354,roi_restricted_dot_center_candidate,1132.0,1353.0,0.17519055306911469
355,roi_restricted_dot_center_candidate,1006.0,1153.0,0.17519055306911469
356,roi_restricted_dot_center_candidate,1159.0,1054.0,0.1751905381679535
357,roi_restricted_dot_center_candidate,1022.0,1251.0,0.17506761848926544
358,roi_restricted_dot_center_candidate,1039.0,1234.0,0.17506761848926544
359,roi_restricted_dot_center_candidate,1163.0,1134.0,0.17506761848926544
360,roi_restricted_dot_center_candidate,1205.0,1018.0,0.17506761848926544
361,roi_restricted_dot_center_candidate,1323.0,972.0,0.17506760358810425
362,roi_restricted_dot_center_candidate,1251.0,858.0,0.17506760358810425
363,roi_restricted_dot_center_candidate,1006.0,1557.0,0.174944669008255
364,roi_restricted_dot_center_candidate,1133.0,1117.0,0.174944669008255
365,roi_restricted_dot_center_candidate,1297.0,926.0,0.174944669008255
366,roi_restricted_dot_center_candidate,1089.0,830.0,0.174944669008255
367,roi_restricted_dot_center_candidate,1113.0,1218.0,0.17482173442840576
368,roi_restricted_dot_center_candidate,1341.0,1170.0,0.17482173442840576
369,roi_restricted_dot_center_candidate,1071.0,1104.0,0.17482173442840576
370,roi_restricted_dot_center_candidate,1086.0,997.0,0.17482173442840576
371,roi_restricted_dot_center_candidate,1179.0,834.0,0.17469879984855652
372,roi_restricted_dot_center_candidate,1299.0,774.0,0.17469879984855652
373,roi_restricted_dot_center_candidate,1225.0,854.0,0.17469878494739532
374,roi_restricted_dot_center_candidate,1039.0,794.0,0.17469878494739532
375,roi_restricted_dot_center_candidate,1024.0,1455.0,0.17457586526870728
376,roi_restricted_dot_center_candidate,1143.0,1454.0,0.17457585036754608
377,roi_restricted_dot_center_candidate,1043.0,948.0,0.17457585036754608
378,roi_restricted_dot_center_candidate,1009.0,826.0,0.1745758354663849
379,roi_restricted_dot_center_candidate,1007.0,912.0,0.17445293068885803
380,roi_restricted_dot_center_candidate,1248.0,1601.0,0.17445291578769684
381,roi_restricted_dot_center_candidate,1055.0,1454.0,0.17445291578769684
382,roi_restricted_dot_center_candidate,1207.0,1218.0,0.17445291578769684
383,roi_restricted_dot_center_candidate,1149.0,884.0,0.17445291578769684
384,roi_restricted_dot_center_candidate,1057.0,1422.0,0.17445290088653564
385,roi_restricted_dot_center_candidate,1086.0,813.0,0.17445290088653564
386,roi_restricted_dot_center_candidate,1021.0,1574.0,0.1743299812078476
387,roi_restricted_dot_center_candidate,1177.0,1570.0,0.1743299812078476
388,roi_restricted_dot_center_candidate,991.0,1410.0,0.1743299663066864
389,roi_restricted_dot_center_candidate,1165.0,952.0,0.1743299663066864
390,roi_restricted_dot_center_candidate,1297.0,938.0,0.1743299663066864
391,roi_restricted_dot_center_candidate,1129.0,1318.0,0.17420703172683716
392,roi_restricted_dot_center_candidate,1069.0,1002.0,0.17420703172683716
393,roi_restricted_dot_center_candidate,1249.0,986.0,0.17420703172683716
394,roi_restricted_dot_center_candidate,977.0,944.0,0.17420703172683716
395,roi_restricted_dot_center_candidate,1115.0,1470.0,0.17408409714698792
396,roi_restricted_dot_center_candidate,1129.0,1374.0,0.17408409714698792
397,roi_restricted_dot_center_candidate,1381.0,1334.0,0.17408409714698792
398,roi_restricted_dot_center_candidate,1235.0,1168.0,0.17408409714698792
399,roi_restricted_dot_center_candidate,1006.0,999.0,0.17408409714698792
400,roi_restricted_dot_center_candidate,1102.0,981.0,0.17408409714698792
401,roi_restricted_dot_center_candidate,1052.0,1539.0,0.17408408224582672
402,roi_restricted_dot_center_candidate,1100.0,1487.0,0.17396116256713867
403,roi_restricted_dot_center_candidate,1131.0,864.0,0.17396116256713867
404,roi_restricted_dot_center_candidate,1144.0,1285.0,0.17396114766597748
405,roi_restricted_dot_center_candidate,1027.0,848.0,0.17396114766597748
406,roi_restricted_dot_center_candidate,1021.0,1082.0,0.17396113276481628
407,roi_restricted_dot_center_candidate,1073.0,982.0,0.17396113276481628
408,roi_restricted_dot_center_candidate,1195.0,902.0,0.17396113276481628
409,roi_restricted_dot_center_candidate,1177.0,1168.0,0.17383821308612823
410,roi_restricted_dot_center_candidate,1161.0,1000.0,0.17383821308612823
411,roi_restricted_dot_center_candidate,1254.0,821.0,0.17383821308612823
412,roi_restricted_dot_center_candidate,1102.0,1539.0,0.17383819818496704
413,roi_restricted_dot_center_candidate,975.0,1186.0,0.17383819818496704
414,roi_restricted_dot_center_candidate,1297.0,954.0,0.17383819818496704
415,roi_restricted_dot_center_candidate,1235.0,874.0,0.17383819818496704
416,roi_restricted_dot_center_candidate,1011.0,848.0,0.17383819818496704
417,roi_restricted_dot_center_candidate,1309.0,840.0,0.17383819818496704
418,roi_restricted_dot_center_candidate,1173.0,1474.0,0.1737152636051178
419,roi_restricted_dot_center_candidate,1067.0,1354.0,0.1737152636051178
420,roi_restricted_dot_center_candidate,1027.0,1066.0,0.1737152636051178
421,roi_restricted_dot_center_candidate,977.0,1404.0,0.17359232902526855
422,roi_restricted_dot_center_candidate,1008.0,1319.0,0.17359232902526855
423,roi_restricted_dot_center_candidate,1193.0,1056.0,0.17359232902526855
424,roi_restricted_dot_center_candidate,1239.0,1054.0,0.17359232902526855
425,roi_restricted_dot_center_candidate,1283.0,938.0,0.17359232902526855
426,roi_restricted_dot_center_candidate,1022.0,1035.0,0.1734693944454193
427,roi_restricted_dot_center_candidate,1149.0,832.0,0.1734693944454193
428,roi_restricted_dot_center_candidate,1179.0,768.0,0.1734693944454193
429,roi_restricted_dot_center_candidate,1088.0,1033.0,0.17346937954425812
430,roi_restricted_dot_center_candidate,1131.0,998.0,0.17346937954425812
431,roi_restricted_dot_center_candidate,1023.0,916.0,0.17346936464309692
432,roi_restricted_dot_center_candidate,1163.0,1202.0,0.17334645986557007
433,roi_restricted_dot_center_candidate,1083.0,1184.0,0.17334644496440887
434,roi_restricted_dot_center_candidate,1163.0,1034.0,0.17334644496440887
435,roi_restricted_dot_center_candidate,1283.0,922.0,0.17334644496440887
436,roi_restricted_dot_center_candidate,1053.0,1268.0,0.17322349548339844
437,roi_restricted_dot_center_candidate,1039.0,1098.0,0.17322349548339844
438,roi_restricted_dot_center_candidate,1041.0,996.0,0.17322349548339844
439,roi_restricted_dot_center_candidate,993.0,826.0,0.1731005758047104
440,roi_restricted_dot_center_candidate,995.0,1268.0,0.1731005609035492
441,roi_restricted_dot_center_candidate,1069.0,968.0,0.1731005609035492
442,roi_restricted_dot_center_candidate,1159.0,1068.0,0.17297762632369995
443,roi_restricted_dot_center_candidate,1175.0,988.0,0.17297762632369995
444,roi_restricted_dot_center_candidate,1221.0,918.0,0.17297762632369995
445,roi_restricted_dot_center_candidate,1265.0,854.0,0.17297762632369995
446,roi_restricted_dot_center_candidate,1037.0,1358.0,0.1728546917438507
447,roi_restricted_dot_center_candidate,1053.0,1217.0,0.1728546917438507
448,roi_restricted_dot_center_candidate,991.0,1068.0,0.17285467684268951
449,roi_restricted_dot_center_candidate,1323.0,926.0,0.17285467684268951
450,roi_restricted_dot_center_candidate,1163.0,850.0,0.17285467684268951
451,roi_restricted_dot_center_candidate,1099.0,1218.0,0.17273174226284027
452,roi_restricted_dot_center_candidate,1133.0,982.0,0.17260882258415222
453,roi_restricted_dot_center_candidate,1191.0,950.0,0.17260882258415222
454,roi_restricted_dot_center_candidate,993.0,1438.0,0.17260880768299103
455,roi_restricted_dot_center_candidate,1021.0,1562.0,0.17260879278182983
456,roi_restricted_dot_center_candidate,1144.0,1503.0,0.17260879278182983
457,roi_restricted_dot_center_candidate,1086.0,1285.0,0.17260879278182983
458,roi_restricted_dot_center_candidate,1282.0,1157.0,0.17260879278182983
459,roi_restricted_dot_center_candidate,1205.0,970.0,0.17260879278182983
460,roi_restricted_dot_center_candidate,991.0,964.0,0.17260879278182983
461,roi_restricted_dot_center_candidate,1055.0,828.0,0.17260879278182983
462,roi_restricted_dot_center_candidate,1253.0,954.0,0.17248587310314178
463,roi_restricted_dot_center_candidate,1007.0,880.0,0.17248587310314178
464,roi_restricted_dot_center_candidate,1161.0,832.0,0.17248587310314178
465,roi_restricted_dot_center_candidate,1130.0,1419.0,0.1724858582019806
466,roi_restricted_dot_center_candidate,1083.0,1256.0,0.1724858582019806
467,roi_restricted_dot_center_candidate,1117.0,998.0,0.1724858582019806
468,roi_restricted_dot_center_candidate,1163.0,1151.0,0.17236292362213135
469,roi_restricted_dot_center_candidate,1100.0,1453.0,0.1722399890422821
470,roi_restricted_dot_center_candidate,1283.0,958.0,0.1722399890422821
471,roi_restricted_dot_center_candidate,1205.0,902.0,0.1722399890422821
472,roi_restricted_dot_center_candidate,1007.0,1290.0,0.1722399741411209
473,roi_restricted_dot_center_candidate,1235.0,1002.0,0.1722399741411209
474,roi_restricted_dot_center_candidate,1485.0,834.0,0.1722399741411209
475,roi_restricted_dot_center_candidate,1235.0,954.0,0.17211705446243286
476,roi_restricted_dot_center_candidate,974.0,1511.0,0.17211703956127167
477,roi_restricted_dot_center_candidate,1010.0,1269.0,0.17211703956127167
478,roi_restricted_dot_center_candidate,1293.0,1202.0,0.17211703956127167
479,roi_restricted_dot_center_candidate,1281.0,854.0,0.17211703956127167
480,roi_restricted_dot_center_candidate,1163.0,1286.0,0.17199410498142242
481,roi_restricted_dot_center_candidate,1101.0,1610.0,0.17199409008026123
482,roi_restricted_dot_center_candidate,1087.0,1065.0,0.17199409008026123
483,roi_restricted_dot_center_candidate,1024.0,1217.0,0.171871155500412
484,roi_restricted_dot_center_candidate,1221.0,1068.0,0.171871155500412
485,roi_restricted_dot_center_candidate,1147.0,966.0,0.171871155500412
486,roi_restricted_dot_center_candidate,1173.0,1608.0,0.17174822092056274
487,roi_restricted_dot_center_candidate,1253.0,1156.0,0.17174822092056274
488,roi_restricted_dot_center_candidate,1118.0,1083.0,0.17174822092056274
489,roi_restricted_dot_center_candidate,1265.0,936.0,0.17174822092056274
490,roi_restricted_dot_center_candidate,1159.0,1402.0,0.1716252863407135
491,roi_restricted_dot_center_candidate,1219.0,1302.0,0.1716252863407135
492,roi_restricted_dot_center_candidate,1132.0,1235.0,0.1716252863407135
493,roi_restricted_dot_center_candidate,1057.0,1068.0,0.1716252863407135
494,roi_restricted_dot_center_candidate,1101.0,964.0,0.1716252863407135
495,roi_restricted_dot_center_candidate,994.0,1353.0,0.1716252714395523
496,roi_restricted_dot_center_candidate,1055.0,1612.0,0.17150233685970306
497,roi_restricted_dot_center_candidate,1203.0,1386.0,0.17150233685970306
498,roi_restricted_dot_center_candidate,1283.0,1038.0,0.17150233685970306
499,roi_restricted_dot_center_candidate,1235.0,904.0,0.17150232195854187
500,roi_restricted_dot_center_candidate,1130.0,903.0,0.17150232195854187
501,roi_restricted_dot_center_candidate,1325.0,774.0,0.17150232195854187
502,roi_restricted_dot_center_candidate,1069.0,1460.0,0.17137940227985382
503,roi_restricted_dot_center_candidate,1023.0,1302.0,0.17137938737869263
504,roi_restricted_dot_center_candidate,1293.0,1040.0,0.17137938737869263
505,roi_restricted_dot_center_candidate,1131.0,914.0,0.17137938737869263
506,roi_restricted_dot_center_candidate,1205.0,788.0,0.17137938737869263
507,roi_restricted_dot_center_candidate,1083.0,1538.0,0.17125645279884338
508,roi_restricted_dot_center_candidate,1008.0,1387.0,0.17125645279884338
509,roi_restricted_dot_center_candidate,1399.0,974.0,0.17125645279884338
510,roi_restricted_dot_center_candidate,1011.0,928.0,0.17125645279884338
511,roi_restricted_dot_center_candidate,1038.0,1573.0,0.17113351821899414
512,roi_restricted_dot_center_candidate,1086.0,1555.0,0.17113351821899414
513,roi_restricted_dot_center_candidate,1351.0,1306.0,0.17113350331783295
514,roi_restricted_dot_center_candidate,1052.0,1251.0,0.17113350331783295
515,roi_restricted_dot_center_candidate,1052.0,1595.0,0.1710105836391449
516,roi_restricted_dot_center_candidate,1113.0,1306.0,0.1710105836391449
517,roi_restricted_dot_center_candidate,1207.0,934.0,0.1710105836391449
518,roi_restricted_dot_center_candidate,1191.0,802.0,0.1710105836391449
519,roi_restricted_dot_center_candidate,1067.0,1218.0,0.1710105687379837
520,roi_restricted_dot_center_candidate,1113.0,1420.0,0.17088763415813446
521,roi_restricted_dot_center_candidate,1149.0,1054.0,0.17088763415813446
522,roi_restricted_dot_center_candidate,1179.0,1002.0,0.17088763415813446
523,roi_restricted_dot_center_candidate,1055.0,980.0,0.17088763415813446
524,roi_restricted_dot_center_candidate,1115.0,966.0,0.17088763415813446
525,roi_restricted_dot_center_candidate,1089.0,950.0,0.17088763415813446
526,roi_restricted_dot_center_candidate,1295.0,1086.0,0.17088761925697327
527,roi_restricted_dot_center_candidate,1101.0,1082.0,0.17088761925697327
528,roi_restricted_dot_center_candidate,1165.0,786.0,0.17088761925697327
529,roi_restricted_dot_center_candidate,1051.0,1406.0,0.17076469957828522
530,roi_restricted_dot_center_candidate,1070.0,1251.0,0.17076468467712402
531,roi_restricted_dot_center_candidate,1055.0,862.0,0.17076468467712402
532,roi_restricted_dot_center_candidate,1059.0,814.0,0.17076468467712402
533,roi_restricted_dot_center_candidate,1133.0,1032.0,0.17064176499843597
534,roi_restricted_dot_center_candidate,1189.0,1352.0,0.17064175009727478
535,roi_restricted_dot_center_candidate,1041.0,1064.0,0.17064175009727478
536,roi_restricted_dot_center_candidate,1116.0,1403.0,0.17051881551742554
537,roi_restricted_dot_center_candidate,1113.0,1370.0,0.17051881551742554
538,roi_restricted_dot_center_candidate,1204.0,1235.0,0.17051881551742554
539,roi_restricted_dot_center_candidate,1057.0,1048.0,0.17051881551742554
540,roi_restricted_dot_center_candidate,1027.0,1014.0,0.17051881551742554
541,roi_restricted_dot_center_candidate,1205.0,922.0,0.17051880061626434
542,roi_restricted_dot_center_candidate,979.0,1268.0,0.1703958809375763
543,roi_restricted_dot_center_candidate,1159.0,1302.0,0.1703958660364151
544,roi_restricted_dot_center_candidate,1255.0,774.0,0.1703958660364151
545,roi_restricted_dot_center_candidate,1145.0,916.0,0.17027294635772705
546,roi_restricted_dot_center_candidate,1235.0,1418.0,0.17027293145656586
547,roi_restricted_dot_center_candidate,1283.0,1004.0,0.17027293145656586
548,roi_restricted_dot_center_candidate,1190.0,969.0,0.17027293145656586
549,roi_restricted_dot_center_candidate,1189.0,1374.0,0.17027291655540466
550,roi_restricted_dot_center_candidate,1041.0,1166.0,0.17027291655540466
551,roi_restricted_dot_center_candidate,1053.0,964.0,0.17027291655540466
552,roi_restricted_dot_center_candidate,1072.0,1591.0,0.1701499968767166
553,roi_restricted_dot_center_candidate,993.0,1489.0,0.17014998197555542
554,roi_restricted_dot_center_candidate,1145.0,1436.0,0.17014998197555542
555,roi_restricted_dot_center_candidate,1369.0,1104.0,0.17014998197555542
556,roi_restricted_dot_center_candidate,1147.0,982.0,0.17014998197555542
557,roi_restricted_dot_center_candidate,975.0,1580.0,0.17002704739570618
558,roi_restricted_dot_center_candidate,1021.0,1340.0,0.17002704739570618
559,roi_restricted_dot_center_candidate,1323.0,1334.0,0.17002704739570618
560,roi_restricted_dot_center_candidate,1293.0,1318.0,0.17002704739570618
561,roi_restricted_dot_center_candidate,1085.0,1234.0,0.17002704739570618
562,roi_restricted_dot_center_candidate,1193.0,1122.0,0.17002704739570618
563,roi_restricted_dot_center_candidate,1250.0,1085.0,0.17002704739570618
564,roi_restricted_dot_center_candidate,1119.0,898.0,0.17002704739570618
565,roi_restricted_dot_center_candidate,1163.0,1336.0,0.16990411281585693
566,roi_restricted_dot_center_candidate,1023.0,996.0,0.16990411281585693
567,roi_restricted_dot_center_candidate,1219.0,1252.0,0.16990409791469574
568,roi_restricted_dot_center_candidate,1207.0,890.0,0.16990408301353455
569,roi_restricted_dot_center_candidate,1007.0,1614.0,0.1697811782360077
570,roi_restricted_dot_center_candidate,993.0,1421.0,0.1697811782360077
571,roi_restricted_dot_center_candidate,974.0,1457.0,0.1697811633348465
572,roi_restricted_dot_center_candidate,1067.0,1408.0,0.1697811633348465
573,roi_restricted_dot_center_candidate,1053.0,1336.0,0.1697811633348465
574,roi_restricted_dot_center_candidate,1087.0,1306.0,0.1697811633348465
575,roi_restricted_dot_center_candidate,1143.0,1254.0,0.1697811633348465
576,roi_restricted_dot_center_candidate,1101.0,898.0,0.1697811633348465
577,roi_restricted_dot_center_candidate,1115.0,886.0,0.1697811633348465
578,roi_restricted_dot_center_candidate,1083.0,984.0,0.16965824365615845
579,roi_restricted_dot_center_candidate,1251.0,1468.0,0.16965822875499725
580,roi_restricted_dot_center_candidate,1321.0,1454.0,0.16965822875499725
581,roi_restricted_dot_center_candidate,1351.0,1318.0,0.16965822875499725
582,roi_restricted_dot_center_candidate,1175.0,1268.0,0.16965822875499725
583,roi_restricted_dot_center_candidate,1071.0,1268.0,0.16965822875499725
584,roi_restricted_dot_center_candidate,1280.0,1169.0,0.16965822875499725
585,roi_restricted_dot_center_candidate,1149.0,804.0,0.16965822875499725
586,roi_restricted_dot_center_candidate,1145.0,1000.0,0.16965821385383606
587,roi_restricted_dot_center_candidate,1135.0,884.0,0.16965821385383606
588,roi_restricted_dot_center_candidate,1087.0,1440.0,0.16953527927398682
589,roi_restricted_dot_center_candidate,1053.0,1200.0,0.16953527927398682
590,roi_restricted_dot_center_candidate,1205.0,1052.0,0.16953527927398682
591,roi_restricted_dot_center_candidate,1239.0,856.0,0.16953527927398682
592,roi_restricted_dot_center_candidate,1195.0,854.0,0.16953527927398682
593,roi_restricted_dot_center_candidate,1221.0,786.0,0.16953527927398682
594,roi_restricted_dot_center_candidate,1207.0,1452.0,0.16941234469413757
595,roi_restricted_dot_center_candidate,1221.0,1274.0,0.16941234469413757
596,roi_restricted_dot_center_candidate,1204.0,1269.0,0.16941234469413757
597,roi_restricted_dot_center_candidate,1263.0,1286.0,0.16928941011428833
598,roi_restricted_dot_center_candidate,1341.0,960.0,0.16928941011428833
599,roi_restricted_dot_center_candidate,1101.0,1336.0,0.16928939521312714
600,roi_restricted_dot_center_candidate,1069.0,1082.0,0.16928939521312714
601,roi_restricted_dot_center_candidate,1249.0,1006.0,0.1691664755344391
602,roi_restricted_dot_center_candidate,1113.0,1538.0,0.1691664606332779
603,roi_restricted_dot_center_candidate,1129.0,1184.0,0.1691664606332779
604,roi_restricted_dot_center_candidate,1251.0,1074.0,0.1691664606332779
605,roi_restricted_dot_center_candidate,1207.0,1402.0,0.16904352605342865
606,roi_restricted_dot_center_candidate,1069.0,1066.0,0.16904352605342865
607,roi_restricted_dot_center_candidate,1293.0,1290.0,0.16904351115226746
608,roi_restricted_dot_center_candidate,1131.0,1150.0,0.16904351115226746
609,roi_restricted_dot_center_candidate,1297.0,1070.0,0.16904351115226746
610,roi_restricted_dot_center_candidate,1525.0,994.0,0.16904351115226746
611,roi_restricted_dot_center_candidate,1205.0,836.0,0.1689205914735794
612,roi_restricted_dot_center_candidate,1103.0,818.0,0.1689205914735794
613,roi_restricted_dot_center_candidate,1235.0,1268.0,0.1689205765724182
614,roi_restricted_dot_center_candidate,1219.0,1524.0,0.16879764199256897
615,roi_restricted_dot_center_candidate,1178.0,1235.0,0.16879764199256897
616,roi_restricted_dot_center_candidate,1009.0,1182.0,0.16879764199256897
617,roi_restricted_dot_center_candidate,1313.0,1038.0,0.16879764199256897
618,roi_restricted_dot_center_candidate,1129.0,934.0,0.16879764199256897
619,roi_restricted_dot_center_candidate,1037.0,1438.0,0.16867470741271973
620,roi_restricted_dot_center_candidate,1233.0,1222.0,0.16867470741271973
621,roi_restricted_dot_center_candidate,1145.0,1268.0,0.16867469251155853
622,roi_restricted_dot_center_candidate,1133.0,1084.0,0.16867469251155853
623,roi_restricted_dot_center_candidate,1179.0,800.0,0.16855177283287048
624,roi_restricted_dot_center_candidate,992.0,1455.0,0.1685517579317093
625,roi_restricted_dot_center_candidate,1251.0,1318.0,0.1685517579317093
626,roi_restricted_dot_center_candidate,1147.0,1150.0,0.1685517579317093
627,roi_restricted_dot_center_candidate,993.0,1080.0,0.1685517579317093
628,roi_restricted_dot_center_candidate,1082.0,1407.0,0.1685517430305481
629,roi_restricted_dot_center_candidate,1117.0,1386.0,0.1685517430305481
630,roi_restricted_dot_center_candidate,1088.0,1049.0,0.1685517430305481
631,roi_restricted_dot_center_candidate,1191.0,934.0,0.1685517430305481
632,roi_restricted_dot_center_candidate,1146.0,1475.0,0.16842882335186005
633,roi_restricted_dot_center_candidate,1022.0,1149.0,0.16842882335186005
634,roi_restricted_dot_center_candidate,1159.0,1324.0,0.16842880845069885
635,roi_restricted_dot_center_candidate,1338.0,1301.0,0.16842880845069885
636,roi_restricted_dot_center_candidate,1175.0,1100.0,0.16842880845069885
637,roi_restricted_dot_center_candidate,1037.0,1048.0,0.16842880845069885
638,roi_restricted_dot_center_candidate,1037.0,1612.0,0.1683058738708496
639,roi_restricted_dot_center_candidate,1159.0,1536.0,0.1683058738708496
640,roi_restricted_dot_center_candidate,1067.0,1388.0,0.1683058738708496
641,roi_restricted_dot_center_candidate,1056.0,1289.0,0.1683058738708496
642,roi_restricted_dot_center_candidate,1131.0,1274.0,0.1683058738708496
643,roi_restricted_dot_center_candidate,1144.0,1119.0,0.1683058738708496
644,roi_restricted_dot_center_candidate,1117.0,948.0,0.1683058738708496
645,roi_restricted_dot_center_candidate,1280.0,1605.0,0.16818293929100037
646,roi_restricted_dot_center_candidate,1159.0,1570.0,0.16818293929100037
647,roi_restricted_dot_center_candidate,1221.0,1468.0,0.16818293929100037
648,roi_restricted_dot_center_candidate,1071.0,1420.0,0.16818293929100037
649,roi_restricted_dot_center_candidate,1037.0,1336.0,0.16818293929100037
650,roi_restricted_dot_center_candidate,1175.0,1218.0,0.16818293929100037
651,roi_restricted_dot_center_candidate,1327.0,890.0,0.16818293929100037
652,roi_restricted_dot_center_candidate,1041.0,816.0,0.16818293929100037
653,roi_restricted_dot_center_candidate,1084.0,1487.0,0.16806000471115112
654,roi_restricted_dot_center_candidate,1115.0,1206.0,0.16806000471115112
655,roi_restricted_dot_center_candidate,1099.0,1036.0,0.16806000471115112
656,roi_restricted_dot_center_candidate,1221.0,1368.0,0.16805998980998993
657,roi_restricted_dot_center_candidate,1295.0,1268.0,0.16805998980998993
658,roi_restricted_dot_center_candidate,1008.0,1165.0,0.16805998980998993
659,roi_restricted_dot_center_candidate,1439.0,782.0,0.16793707013130188
660,roi_restricted_dot_center_candidate,1130.0,1537.0,0.16793705523014069
661,roi_restricted_dot_center_candidate,1219.0,1318.0,0.16793705523014069
662,roi_restricted_dot_center_candidate,1219.0,1052.0,0.1679370403289795
663,roi_restricted_dot_center_candidate,1176.0,867.0,0.1679370403289795
664,roi_restricted_dot_center_candidate,1145.0,1138.0,0.16781412065029144
665,roi_restricted_dot_center_candidate,1083.0,1454.0,0.16781410574913025
666,roi_restricted_dot_center_candidate,1067.0,1304.0,0.16781410574913025
667,roi_restricted_dot_center_candidate,1234.0,1235.0,0.16781410574913025
668,roi_restricted_dot_center_candidate,1099.0,1150.0,0.16781410574913025
669,roi_restricted_dot_center_candidate,1235.0,1018.0,0.16781410574913025
670,roi_restricted_dot_center_candidate,1189.0,986.0,0.16781410574913025
671,roi_restricted_dot_center_candidate,1144.0,1369.0,0.167691171169281
672,roi_restricted_dot_center_candidate,1053.0,1116.0,0.167691171169281
673,roi_restricted_dot_center_candidate,1219.0,1036.0,0.167691171169281
674,roi_restricted_dot_center_candidate,1235.0,920.0,0.167691171169281
675,roi_restricted_dot_center_candidate,1117.0,1256.0,0.16756823658943176
676,roi_restricted_dot_center_candidate,1117.0,1100.0,0.16756823658943176
677,roi_restricted_dot_center_candidate,1267.0,842.0,0.16756823658943176
678,roi_restricted_dot_center_candidate,1327.0,942.0,0.16756822168827057
679,roi_restricted_dot_center_candidate,1253.0,1140.0,0.16744530200958252
680,roi_restricted_dot_center_candidate,1071.0,828.0,0.16744530200958252
681,roi_restricted_dot_center_candidate,1099.0,1588.0,0.16744528710842133
682,roi_restricted_dot_center_candidate,1175.0,1586.0,0.16744528710842133
683,roi_restricted_dot_center_candidate,1040.0,1319.0,0.16744528710842133
684,roi_restricted_dot_center_candidate,994.0,1307.0,0.16744528710842133
685,roi_restricted_dot_center_candidate,1189.0,1172.0,0.16744528710842133
686,roi_restricted_dot_center_candidate,1220.0,955.0,0.16744528710842133
687,roi_restricted_dot_center_candidate,1253.0,804.0,0.16732236742973328
688,roi_restricted_dot_center_candidate,1251.0,1174.0,0.16732235252857208
689,roi_restricted_dot_center_candidate,997.0,810.0,0.1673223376274109
690,roi_restricted_dot_center_candidate,1277.0,1402.0,0.16719941794872284
691,roi_restricted_dot_center_candidate,1205.0,952.0,0.16719941794872284
692,roi_restricted_dot_center_candidate,1037.0,1302.0,0.16719940304756165
693,roi_restricted_dot_center_candidate,1263.0,1186.0,0.16719940304756165
694,roi_restricted_dot_center_candidate,1097.0,1506.0,0.1670764684677124
695,roi_restricted_dot_center_candidate,1025.0,1234.0,0.1670764684677124
696,roi_restricted_dot_center_candidate,1005.0,1218.0,0.1670764684677124
697,roi_restricted_dot_center_candidate,1235.0,940.0,0.1670764684677124
698,roi_restricted_dot_center_candidate,1025.0,832.0,0.1670764684677124
699,roi_restricted_dot_center_candidate,1069.0,930.0,0.16695353388786316
700,roi_restricted_dot_center_candidate,1283.0,826.0,0.16695351898670197
701,roi_restricted_dot_center_candidate,1129.0,1436.0,0.16683059930801392
702,roi_restricted_dot_center_candidate,1087.0,1272.0,0.16683059930801392
703,roi_restricted_dot_center_candidate,1089.0,798.0,0.16683059930801392
704,roi_restricted_dot_center_candidate,1283.0,988.0,0.16683058440685272
705,roi_restricted_dot_center_candidate,1027.0,894.0,0.16683058440685272
706,roi_restricted_dot_center_candidate,1036.0,1595.0,0.16670764982700348
707,roi_restricted_dot_center_candidate,1204.0,1419.0,0.16670764982700348
708,roi_restricted_dot_center_candidate,1277.0,1286.0,0.16670764982700348
709,roi_restricted_dot_center_candidate,1039.0,962.0,0.16670764982700348
710,roi_restricted_dot_center_candidate,1083.0,1358.0,0.16670763492584229
711,roi_restricted_dot_center_candidate,1219.0,1186.0,0.16670763492584229
712,roi_restricted_dot_center_candidate,1007.0,1472.0,0.16658470034599304
713,roi_restricted_dot_center_candidate,1128.0,1407.0,0.16658470034599304
714,roi_restricted_dot_center_candidate,1071.0,1340.0,0.16658470034599304
715,roi_restricted_dot_center_candidate,991.0,1506.0,0.1664617657661438
716,roi_restricted_dot_center_candidate,1293.0,1368.0,0.1664617657661438
717,roi_restricted_dot_center_candidate,1266.0,1351.0,0.1664617657661438
718,roi_restricted_dot_center_candidate,1309.0,1218.0,0.1664617657661438
719,roi_restricted_dot_center_candidate,1263.0,1206.0,0.1664617657661438
720,roi_restricted_dot_center_candidate,1205.0,1318.0,0.16633883118629456
721,roi_restricted_dot_center_candidate,1085.0,1318.0,0.16633883118629456
722,roi_restricted_dot_center_candidate,1143.0,1238.0,0.16633883118629456
723,roi_restricted_dot_center_candidate,1006.0,1067.0,0.16633883118629456
724,roi_restricted_dot_center_candidate,1164.0,867.0,0.16633883118629456
725,roi_restricted_dot_center_candidate,1163.0,1438.0,0.16633881628513336
726,roi_restricted_dot_center_candidate,1103.0,914.0,0.16633881628513336
727,roi_restricted_dot_center_candidate,1309.0,1582.0,0.1662158966064453
728,roi_restricted_dot_center_candidate,1113.0,1492.0,0.1662158966064453
729,roi_restricted_dot_center_candidate,1296.0,1219.0,0.16621588170528412
730,roi_restricted_dot_center_candidate,1070.0,879.0,0.16621588170528412
731,roi_restricted_dot_center_candidate,1177.0,966.0,0.16609296202659607
732,roi_restricted_dot_center_candidate,1235.0,1202.0,0.16609294712543488
733,roi_restricted_dot_center_candidate,1011.0,1202.0,0.16609294712543488
734,roi_restricted_dot_center_candidate,1177.0,1290.0,0.16609293222427368
735,roi_restricted_dot_center_candidate,1309.0,872.0,0.16597001254558563
736,roi_restricted_dot_center_candidate,1409.0,1601.0,0.16596999764442444
737,roi_restricted_dot_center_candidate,1143.0,1386.0,0.16596999764442444
738,roi_restricted_dot_center_candidate,1237.0,1252.0,0.16596999764442444
739,roi_restricted_dot_center_candidate,1205.0,1118.0,0.16596999764442444
740,roi_restricted_dot_center_candidate,1177.0,1486.0,0.1658470630645752
741,roi_restricted_dot_center_candidate,1099.0,1403.0,0.1658470630645752
742,roi_restricted_dot_center_candidate,1177.0,1318.0,0.1658470630645752
743,roi_restricted_dot_center_candidate,1072.0,1239.0,0.1658470630645752
744,roi_restricted_dot_center_candidate,1236.0,1185.0,0.1658470630645752
745,roi_restricted_dot_center_candidate,1163.0,1106.0,0.1658470630645752
746,roi_restricted_dot_center_candidate,993.0,978.0,0.1658470630645752
747,roi_restricted_dot_center_candidate,1325.0,862.0,0.165847048163414
748,roi_restricted_dot_center_candidate,1101.0,1358.0,0.16572412848472595
749,roi_restricted_dot_center_candidate,1311.0,1318.0,0.16572412848472595
750,roi_restricted_dot_center_candidate,1102.0,1239.0,0.16572412848472595
751,roi_restricted_dot_center_candidate,1147.0,1218.0,0.16572412848472595
752,roi_restricted_dot_center_candidate,1175.0,1206.0,0.16572412848472595
753,roi_restricted_dot_center_candidate,1068.0,1049.0,0.16572411358356476
754,roi_restricted_dot_center_candidate,1133.0,848.0,0.16572411358356476
755,roi_restricted_dot_center_candidate,1337.0,926.0,0.1656011939048767
756,roi_restricted_dot_center_candidate,1251.0,1534.0,0.16560117900371552
757,roi_restricted_dot_center_candidate,1143.0,1338.0,0.16560117900371552
758,roi_restricted_dot_center_candidate,1323.0,1186.0,0.16560117900371552
759,roi_restricted_dot_center_candidate,1236.0,1151.0,0.16560117900371552
760,roi_restricted_dot_center_candidate,1281.0,904.0,0.16560117900371552
761,roi_restricted_dot_center_candidate,1425.0,1546.0,0.16560116410255432
762,roi_restricted_dot_center_candidate,1036.0,1557.0,0.16547824442386627
763,roi_restricted_dot_center_candidate,1309.0,1202.0,0.16547824442386627
764,roi_restricted_dot_center_candidate,1293.0,1106.0,0.16547824442386627
765,roi_restricted_dot_center_candidate,1219.0,1102.0,0.16547824442386627
766,roi_restricted_dot_center_candidate,1021.0,1100.0,0.16547824442386627
767,roi_restricted_dot_center_candidate,1115.0,1268.0,0.16547822952270508
768,roi_restricted_dot_center_candidate,1298.0,1021.0,0.16547822952270508
769,roi_restricted_dot_center_candidate,1453.0,830.0,0.16547822952270508
770,roi_restricted_dot_center_candidate,1173.0,1406.0,0.16535529494285583
771,roi_restricted_dot_center_candidate,1369.0,1038.0,0.16535529494285583
772,roi_restricted_dot_center_candidate,1165.0,886.0,0.16535529494285583
773,roi_restricted_dot_center_candidate,1038.0,1539.0,0.1652323603630066
774,roi_restricted_dot_center_candidate,1263.0,1172.0,0.1652323603630066
775,roi_restricted_dot_center_candidate,1397.0,1154.0,0.1652323603630066
776,roi_restricted_dot_center_candidate,1307.0,1122.0,0.1652323603630066
777,roi_restricted_dot_center_candidate,1148.0,1033.0,0.1652323603630066
778,roi_restricted_dot_center_candidate,1071.0,1506.0,0.16510941088199615
779,roi_restricted_dot_center_candidate,1162.0,1419.0,0.16510941088199615
780,roi_restricted_dot_center_candidate,1055.0,1302.0,0.16510941088199615
781,roi_restricted_dot_center_candidate,1251.0,1218.0,0.1649864912033081
782,roi_restricted_dot_center_candidate,1397.0,810.0,0.1649864912033081
783,roi_restricted_dot_center_candidate,1037.0,1472.0,0.1649864763021469
784,roi_restricted_dot_center_candidate,1311.0,1070.0,0.1649864763021469
785,roi_restricted_dot_center_candidate,1175.0,1034.0,0.1649864763021469
786,roi_restricted_dot_center_candidate,1117.0,1610.0,0.16498646140098572
787,roi_restricted_dot_center_candidate,1366.0,1125.0,0.16486354172229767
788,roi_restricted_dot_center_candidate,1367.0,1006.0,0.16486354172229767
789,roi_restricted_dot_center_candidate,1085.0,1510.0,0.16486352682113647
790,roi_restricted_dot_center_candidate,1193.0,1088.0,0.16486352682113647
791,roi_restricted_dot_center_candidate,1189.0,1608.0,0.16474059224128723
792,roi_restricted_dot_center_candidate,1020.0,1593.0,0.16474059224128723
793,roi_restricted_dot_center_candidate,1397.0,1482.0,0.16474059224128723
794,roi_restricted_dot_center_candidate,995.0,1390.0,0.16474059224128723
795,roi_restricted_dot_center_candidate,1145.0,1352.0,0.16474059224128723
796,roi_restricted_dot_center_candidate,1037.0,1268.0,0.16474059224128723
797,roi_restricted_dot_center_candidate,1146.0,1167.0,0.16474059224128723
798,roi_restricted_dot_center_candidate,1338.0,1153.0,0.16474059224128723
799,roi_restricted_dot_center_candidate,1283.0,1070.0,0.16474059224128723
800,roi_restricted_dot_center_candidate,1413.0,942.0,0.16474059224128723
801,roi_restricted_dot_center_candidate,1089.0,864.0,0.16474059224128723
802,roi_restricted_dot_center_candidate,1135.0,817.0,0.16474059224128723
803,roi_restricted_dot_center_candidate,1221.0,890.0,0.16474057734012604
804,roi_restricted_dot_center_candidate,1024.0,1511.0,0.164617657661438
805,roi_restricted_dot_center_candidate,1309.0,1450.0,0.164617657661438
806,roi_restricted_dot_center_candidate,1253.0,1238.0,0.164617657661438
807,roi_restricted_dot_center_candidate,1103.0,1016.0,0.164617657661438
808,roi_restricted_dot_center_candidate,1340.0,1583.0,0.16449472308158875
809,roi_restricted_dot_center_candidate,1325.0,1054.0,0.16449472308158875
810,roi_restricted_dot_center_candidate,1191.0,1000.0,0.16449472308158875
811,roi_restricted_dot_center_candidate,1052.0,1443.0,0.16449470818042755
812,roi_restricted_dot_center_candidate,1206.0,1285.0,0.16449470818042755
813,roi_restricted_dot_center_candidate,1295.0,806.0,0.16449470818042755
814,roi_restricted_dot_center_candidate,1131.0,1560.0,0.1643717736005783
815,roi_restricted_dot_center_candidate,1409.0,1530.0,0.1643717736005783
816,roi_restricted_dot_center_candidate,1099.0,1521.0,0.1643717736005783
817,roi_restricted_dot_center_candidate,1021.0,1422.0,0.1643717736005783
818,roi_restricted_dot_center_candidate,1427.0,1110.0,0.1643717736005783
819,roi_restricted_dot_center_candidate,1053.0,914.0,0.1643717736005783
820,roi_restricted_dot_center_candidate,1371.0,974.0,0.16437175869941711
821,roi_restricted_dot_center_candidate,1113.0,1322.0,0.16424883902072906
822,roi_restricted_dot_center_candidate,1022.0,1183.0,0.16424883902072906
823,roi_restricted_dot_center_candidate,1221.0,1140.0,0.16424883902072906
824,roi_restricted_dot_center_candidate,1220.0,1351.0,0.16424882411956787
825,roi_restricted_dot_center_candidate,1267.0,1036.0,0.16424882411956787
826,roi_restricted_dot_center_candidate,1119.0,832.0,0.16424882411956787
827,roi_restricted_dot_center_candidate,1237.0,1402.0,0.16412588953971863
828,roi_restricted_dot_center_candidate,1038.0,1183.0,0.16412588953971863
829,roi_restricted_dot_center_candidate,1220.0,1151.0,0.16412588953971863
830,roi_restricted_dot_center_candidate,1293.0,988.0,0.16412588953971863
831,roi_restricted_dot_center_candidate,1619.0,1594.0,0.16400295495986938
832,roi_restricted_dot_center_candidate,1220.0,1201.0,0.16400295495986938
833,roi_restricted_dot_center_candidate,1083.0,1150.0,0.16400295495986938
834,roi_restricted_dot_center_candidate,1265.0,958.0,0.16400295495986938
835,roi_restricted_dot_center_candidate,1253.0,904.0,0.16400295495986938
836,roi_restricted_dot_center_candidate,1339.0,878.0,0.16400295495986938
837,roi_restricted_dot_center_candidate,1371.0,862.0,0.16400295495986938
838,roi_restricted_dot_center_candidate,1366.0,1351.0,0.16388002038002014
839,roi_restricted_dot_center_candidate,1381.0,1006.0,0.16388002038002014
840,roi_restricted_dot_center_candidate,1021.0,1388.0,0.16388000547885895
841,roi_restricted_dot_center_candidate,1070.0,1471.0,0.1637570708990097
842,roi_restricted_dot_center_candidate,1265.0,904.0,0.1637570708990097
843,roi_restricted_dot_center_candidate,1207.0,818.0,0.1637570708990097
844,roi_restricted_dot_center_candidate,1099.0,1470.0,0.1637570559978485
845,roi_restricted_dot_center_candidate,1339.0,1186.0,0.1637570559978485
846,roi_restricted_dot_center_candidate,1309.0,938.0,0.1637570559978485
847,roi_restricted_dot_center_candidate,1237.0,1302.0,0.16363413631916046
848,roi_restricted_dot_center_candidate,1129.0,1168.0,0.16363413631916046
849,roi_restricted_dot_center_candidate,1223.0,1336.0,0.16363412141799927
850,roi_restricted_dot_center_candidate,1283.0,890.0,0.16363412141799927
851,roi_restricted_dot_center_candidate,1005.0,1592.0,0.16351118683815002
852,roi_restricted_dot_center_candidate,991.0,1574.0,0.16351118683815002
853,roi_restricted_dot_center_candidate,1097.0,1556.0,0.16351118683815002
854,roi_restricted_dot_center_candidate,1295.0,1434.0,0.16351118683815002
855,roi_restricted_dot_center_candidate,1113.0,1340.0,0.16351118683815002
856,roi_restricted_dot_center_candidate,1279.0,1318.0,0.16351118683815002
857,roi_restricted_dot_center_candidate,1189.0,1188.0,0.16351118683815002
858,roi_restricted_dot_center_candidate,1193.0,1152.0,0.16351118683815002
859,roi_restricted_dot_center_candidate,1071.0,780.0,0.16351118683815002
860,roi_restricted_dot_center_candidate,1365.0,1434.0,0.16338825225830078
861,roi_restricted_dot_center_candidate,1355.0,1388.0,0.16338825225830078
862,roi_restricted_dot_center_candidate,1070.0,1318.0,0.16338825225830078
863,roi_restricted_dot_center_candidate,1307.0,1302.0,0.16338825225830078
864,roi_restricted_dot_center_candidate,1207.0,1206.0,0.16338825225830078
865,roi_restricted_dot_center_candidate,1100.0,881.0,0.16338825225830078
866,roi_restricted_dot_center_candidate,1381.0,1060.0,0.1633882373571396
867,roi_restricted_dot_center_candidate,1040.0,1387.0,0.16326531767845154
868,roi_restricted_dot_center_candidate,1325.0,988.0,0.16326531767845154
869,roi_restricted_dot_center_candidate,1413.0,816.0,0.16326531767845154
870,roi_restricted_dot_center_candidate,1039.0,1522.0,0.16326530277729034
871,roi_restricted_dot_center_candidate,1009.0,1506.0,0.16326530277729034
872,roi_restricted_dot_center_candidate,1249.0,1186.0,0.16326530277729034
873,roi_restricted_dot_center_candidate,1224.0,1089.0,0.16326530277729034
874,roi_restricted_dot_center_candidate,1295.0,872.0,0.16326530277729034
875,roi_restricted_dot_center_candidate,1191.0,922.0,0.1631423830986023
876,roi_restricted_dot_center_candidate,1250.0,1351.0,0.1631423681974411
877,roi_restricted_dot_center_candidate,1234.0,1285.0,0.1631423681974411
878,roi_restricted_dot_center_candidate,1427.0,1208.0,0.1631423532962799
879,roi_restricted_dot_center_candidate,1159.0,934.0,0.1631423532962799
880,roi_restricted_dot_center_candidate,1413.0,910.0,0.1631423532962799
881,roi_restricted_dot_center_candidate,1205.0,852.0,0.1631423532962799
882,roi_restricted_dot_center_candidate,1265.0,822.0,0.1631423532962799
883,roi_restricted_dot_center_candidate,1297.0,790.0,0.1631423532962799
884,roi_restricted_dot_center_candidate,1052.0,1561.0,0.16301943361759186
885,roi_restricted_dot_center_candidate,1132.0,1521.0,0.16301941871643066
886,roi_restricted_dot_center_candidate,1219.0,1402.0,0.16301941871643066
887,roi_restricted_dot_center_candidate,1131.0,1290.0,0.16301941871643066
888,roi_restricted_dot_center_candidate,1293.0,1188.0,0.16301941871643066
889,roi_restricted_dot_center_candidate,1262.0,1585.0,0.16289648413658142
890,roi_restricted_dot_center_candidate,1339.0,1340.0,0.16289648413658142
891,roi_restricted_dot_center_candidate,1083.0,1336.0,0.16289648413658142
892,roi_restricted_dot_center_candidate,1397.0,1318.0,0.16289648413658142
893,roi_restricted_dot_center_candidate,1143.0,1306.0,0.16289648413658142
894,roi_restricted_dot_center_candidate,1163.0,1252.0,0.16289648413658142
895,roi_restricted_dot_center_candidate,1041.0,1218.0,0.16289648413658142
896,roi_restricted_dot_center_candidate,1308.0,1169.0,0.16289648413658142
897,roi_restricted_dot_center_candidate,1083.0,1102.0,0.16289648413658142
898,roi_restricted_dot_center_candidate,1383.0,892.0,0.16289648413658142
899,roi_restricted_dot_center_candidate,1143.0,1420.0,0.16277354955673218
900,roi_restricted_dot_center_candidate,1144.0,1403.0,0.16277354955673218
901,roi_restricted_dot_center_candidate,1175.0,1134.0,0.16277354955673218
902,roi_restricted_dot_center_candidate,1371.0,910.0,0.16277354955673218
903,roi_restricted_dot_center_candidate,1223.0,840.0,0.16265061497688293
904,roi_restricted_dot_center_candidate,1351.0,1602.0,0.16265060007572174
905,roi_restricted_dot_center_candidate,1425.0,1448.0,0.16265060007572174
906,roi_restricted_dot_center_candidate,1071.0,952.0,0.16265058517456055
907,roi_restricted_dot_center_candidate,1007.0,1546.0,0.1625276654958725
908,roi_restricted_dot_center_candidate,1100.0,1369.0,0.1625276654958725
909,roi_restricted_dot_center_candidate,1144.0,1085.0,0.1625276654958725
910,roi_restricted_dot_center_candidate,1251.0,1052.0,0.1625276654958725
911,roi_restricted_dot_center_candidate,1353.0,1038.0,0.1625276654958725
912,roi_restricted_dot_center_candidate,1158.0,1487.0,0.1625276505947113
913,roi_restricted_dot_center_candidate,1161.0,1352.0,0.1625276505947113
914,roi_restricted_dot_center_candidate,1356.0,925.0,0.1625276505947113
915,roi_restricted_dot_center_candidate,1189.0,1390.0,0.16240471601486206
916,roi_restricted_dot_center_candidate,1083.0,1370.0,0.16240471601486206
917,roi_restricted_dot_center_candidate,1397.0,778.0,0.162281796336174
918,roi_restricted_dot_center_candidate,1235.0,1068.0,0.16228178143501282
919,roi_restricted_dot_center_candidate,1235.0,986.0,0.16228178143501282
920,roi_restricted_dot_center_candidate,989.0,1526.0,0.16215884685516357
921,roi_restricted_dot_center_candidate,1397.0,1290.0,0.16215884685516357
922,roi_restricted_dot_center_candidate,1159.0,1234.0,0.16215884685516357
923,roi_restricted_dot_center_candidate,1234.0,1102.0,0.16215884685516357
924,roi_restricted_dot_center_candidate,1294.0,905.0,0.16215884685516357
925,roi_restricted_dot_center_candidate,1191.0,870.0,0.16215884685516357
926,roi_restricted_dot_center_candidate,1237.0,836.0,0.16215884685516357
927,roi_restricted_dot_center_candidate,1495.0,1382.0,0.16215883195400238
928,roi_restricted_dot_center_candidate,1087.0,1202.0,0.16215883195400238
929,roi_restricted_dot_center_candidate,1337.0,974.0,0.16215883195400238
930,roi_restricted_dot_center_candidate,1340.0,1517.0,0.16203589737415314
931,roi_restricted_dot_center_candidate,1293.0,1136.0,0.16203589737415314
932,roi_restricted_dot_center_candidate,1323.0,1038.0,0.16203589737415314
933,roi_restricted_dot_center_candidate,1309.0,988.0,0.16203589737415314
934,roi_restricted_dot_center_candidate,1006.0,1489.0,0.1619129627943039
935,roi_restricted_dot_center_candidate,1086.0,1471.0,0.1619129627943039
936,roi_restricted_dot_center_candidate,1193.0,1454.0,0.1619129478931427
937,roi_restricted_dot_center_candidate,1509.0,1382.0,0.1619129478931427
938,roi_restricted_dot_center_candidate,1055.0,1370.0,0.1619129478931427
939,roi_restricted_dot_center_candidate,1237.0,1490.0,0.16179002821445465
940,roi_restricted_dot_center_candidate,979.0,1596.0,0.16179001331329346
941,roi_restricted_dot_center_candidate,1233.0,1552.0,0.16179001331329346
942,roi_restricted_dot_center_candidate,1295.0,1356.0,0.16179001331329346
943,roi_restricted_dot_center_candidate,1341.0,1238.0,0.16179001331329346
944,roi_restricted_dot_center_candidate,1193.0,1204.0,0.16179001331329346
945,roi_restricted_dot_center_candidate,1509.0,946.0,0.16179001331329346
946,roi_restricted_dot_center_candidate,1251.0,792.0,0.16179001331329346
947,roi_restricted_dot_center_candidate,1055.0,1488.0,0.1616670787334442
948,roi_restricted_dot_center_candidate,1162.0,1369.0,0.1616670787334442
949,roi_restricted_dot_center_candidate,1145.0,1184.0,0.1616670787334442
950,roi_restricted_dot_center_candidate,1297.0,888.0,0.1616670787334442
951,roi_restricted_dot_center_candidate,1279.0,842.0,0.1616670787334442
952,roi_restricted_dot_center_candidate,1237.0,1118.0,0.16166706383228302
953,roi_restricted_dot_center_candidate,1128.0,1475.0,0.16154414415359497
954,roi_restricted_dot_center_candidate,1129.0,1340.0,0.16154414415359497
955,roi_restricted_dot_center_candidate,1297.0,1254.0,0.16154414415359497
956,roi_restricted_dot_center_candidate,1128.0,1571.0,0.16154412925243378
957,roi_restricted_dot_center_candidate,1381.0,862.0,0.16154412925243378
958,roi_restricted_dot_center_candidate,1267.0,788.0,0.16154412925243378
959,roi_restricted_dot_center_candidate,1356.0,809.0,0.16154411435127258
960,roi_restricted_dot_center_candidate,1369.0,1598.0,0.16142120957374573
961,roi_restricted_dot_center_candidate,1267.0,1402.0,0.16142119467258453
962,roi_restricted_dot_center_candidate,1235.0,1368.0,0.16142119467258453
963,roi_restricted_dot_center_candidate,1293.0,1240.0,0.16142119467258453
964,roi_restricted_dot_center_candidate,1102.0,1201.0,0.16142119467258453
965,roi_restricted_dot_center_candidate,1337.0,1006.0,0.16142119467258453
966,roi_restricted_dot_center_candidate,1145.0,1016.0,0.16142117977142334
967,roi_restricted_dot_center_candidate,1327.0,812.0,0.16142117977142334
968,roi_restricted_dot_center_candidate,1177.0,1436.0,0.1612982600927353
969,roi_restricted_dot_center_candidate,1193.0,1236.0,0.1612982600927353
970,roi_restricted_dot_center_candidate,1163.0,1270.0,0.1612982451915741
971,roi_restricted_dot_center_candidate,1263.0,1122.0,0.1612982451915741
972,roi_restricted_dot_center_candidate,1309.0,926.0,0.1612982451915741
973,roi_restricted_dot_center_candidate,1218.0,1585.0,0.16117531061172485
974,roi_restricted_dot_center_candidate,1219.0,1418.0,0.16117531061172485
975,roi_restricted_dot_center_candidate,1481.0,1058.0,0.16117531061172485
976,roi_restricted_dot_center_candidate,1147.0,1542.0,0.1610523760318756
977,roi_restricted_dot_center_candidate,1384.0,1187.0,0.1610523760318756
978,roi_restricted_dot_center_candidate,1175.0,1050.0,0.1610523760318756
979,roi_restricted_dot_center_candidate,1205.0,1602.0,0.16092944145202637
980,roi_restricted_dot_center_candidate,1192.0,1553.0,0.16092944145202637
981,roi_restricted_dot_center_candidate,1162.0,1453.0,0.16092944145202637
982,roi_restricted_dot_center_candidate,1496.0,1431.0,0.16092944145202637
983,roi_restricted_dot_center_candidate,1192.0,1285.0,0.16092944145202637
984,roi_restricted_dot_center_candidate,1351.0,1138.0,0.16092944145202637
985,roi_restricted_dot_center_candidate,1161.0,900.0,0.16092944145202637
986,roi_restricted_dot_center_candidate,1193.0,1472.0,0.16092942655086517
987,roi_restricted_dot_center_candidate,1203.0,1440.0,0.16080650687217712
988,roi_restricted_dot_center_candidate,1176.0,1083.0,0.16080650687217712
989,roi_restricted_dot_center_candidate,1325.0,846.0,0.16080650687217712
990,roi_restricted_dot_center_candidate,1163.0,1524.0,0.16080649197101593
991,roi_restricted_dot_center_candidate,1098.0,1307.0,0.16080649197101593
992,roi_restricted_dot_center_candidate,1069.0,1290.0,0.16080649197101593
993,roi_restricted_dot_center_candidate,1267.0,1102.0,0.16080649197101593
994,roi_restricted_dot_center_candidate,1021.0,1494.0,0.1606835573911667
995,roi_restricted_dot_center_candidate,1249.0,1206.0,0.1606835573911667
996,roi_restricted_dot_center_candidate,1207.0,1034.0,0.1606835573911667
997,roi_restricted_dot_center_candidate,1133.0,1454.0,0.1606835424900055
998,roi_restricted_dot_center_candidate,1339.0,1406.0,0.1606835424900055
999,roi_restricted_dot_center_candidate,1279.0,1136.0,0.1606835424900055
1000,roi_restricted_dot_center_candidate,1351.0,1122.0,0.1606835424900055
1001,roi_restricted_dot_center_candidate,1145.0,1526.0,0.16056060791015625
1002,roi_restricted_dot_center_candidate,1235.0,1518.0,0.16056060791015625
1003,roi_restricted_dot_center_candidate,1393.0,1452.0,0.16056060791015625
1004,roi_restricted_dot_center_candidate,1071.0,1438.0,0.16056060791015625
1005,roi_restricted_dot_center_candidate,1279.0,1190.0,0.16056060791015625
1006,roi_restricted_dot_center_candidate,1351.0,1058.0,0.16056060791015625
1007,roi_restricted_dot_center_candidate,1399.0,848.0,0.16056060791015625
1008,roi_restricted_dot_center_candidate,1173.0,1504.0,0.160437673330307
1009,roi_restricted_dot_center_candidate,1054.0,1477.0,0.160437673330307
1010,roi_restricted_dot_center_candidate,1082.0,1421.0,0.160437673330307
1011,roi_restricted_dot_center_candidate,1341.0,1270.0,0.160437673330307
1012,roi_restricted_dot_center_candidate,1353.0,1026.0,0.160437673330307
1013,roi_restricted_dot_center_candidate,1008.0,1523.0,0.16031472384929657
1014,roi_restricted_dot_center_candidate,1115.0,1352.0,0.16031472384929657
1015,roi_restricted_dot_center_candidate,1191.0,1268.0,0.16031472384929657
1016,roi_restricted_dot_center_candidate,1283.0,970.0,0.16031470894813538
1017,roi_restricted_dot_center_candidate,1353.0,1466.0,0.16019178926944733
1018,roi_restricted_dot_center_candidate,1252.0,1369.0,0.16019178926944733
1019,roi_restricted_dot_center_candidate,1223.0,1006.0,0.16019177436828613
1020,roi_restricted_dot_center_candidate,1367.0,842.0,0.16019177436828613
1021,roi_restricted_dot_center_candidate,1021.0,1608.0,0.16006885468959808
1022,roi_restricted_dot_center_candidate,1265.0,1534.0,0.16006885468959808
1023,roi_restricted_dot_center_candidate,1313.0,824.0,0.16006885468959808
1024,roi_restricted_dot_center_candidate,1308.0,1499.0,0.1600688397884369
1025,roi_restricted_dot_center_candidate,1367.0,1236.0,0.1600688397884369
1026,roi_restricted_dot_center_candidate,1225.0,820.0,0.1600688397884369
1027,roi_restricted_dot_center_candidate,1466.0,1469.0,0.15994590520858765
1028,roi_restricted_dot_center_candidate,1193.0,1068.0,0.15994590520858765
1029,roi_restricted_dot_center_candidate,1251.0,1018.0,0.15994590520858765
1030,roi_restricted_dot_center_candidate,1249.0,1584.0,0.1598229706287384
1031,roi_restricted_dot_center_candidate,1325.0,1136.0,0.1598229706287384
1032,roi_restricted_dot_center_candidate,1351.0,1570.0,0.1598229557275772
1033,roi_restricted_dot_center_candidate,1265.0,1490.0,0.15970003604888916
1034,roi_restricted_dot_center_candidate,1397.0,892.0,0.15970003604888916
1035,roi_restricted_dot_center_candidate,1353.0,862.0,0.15970003604888916
1036,roi_restricted_dot_center_candidate,1439.0,814.0,0.15970003604888916
1037,roi_restricted_dot_center_candidate,1371.0,794.0,0.15970003604888916
1038,roi_restricted_dot_center_candidate,1365.0,1532.0,0.15970002114772797
1039,roi_restricted_dot_center_candidate,1341.0,1322.0,0.15970002114772797
1040,roi_restricted_dot_center_candidate,1327.0,824.0,0.15970000624656677
1041,roi_restricted_dot_center_candidate,1252.0,1385.0,0.15957708656787872
1042,roi_restricted_dot_center_candidate,1223.0,1286.0,0.15957708656787872
1043,roi_restricted_dot_center_candidate,1283.0,1090.0,0.15957708656787872
1044,roi_restricted_dot_center_candidate,1310.0,1053.0,0.15957708656787872
1045,roi_restricted_dot_center_candidate,1336.0,1451.0,0.1594541370868683
1046,roi_restricted_dot_center_candidate,1116.0,1189.0,0.1594541370868683
1047,roi_restricted_dot_center_candidate,1162.0,1167.0,0.1594541370868683
1048,roi_restricted_dot_center_candidate,1411.0,926.0,0.1594541370868683
1049,roi_restricted_dot_center_candidate,1249.0,1302.0,0.15933120250701904
1050,roi_restricted_dot_center_candidate,1396.0,1023.0,0.15933120250701904
1051,roi_restricted_dot_center_candidate,1424.0,1143.0,0.1592082679271698
1052,roi_restricted_dot_center_candidate,1069.0,1115.0,0.1592082679271698
1053,roi_restricted_dot_center_candidate,1310.0,790.0,0.1592082679271698
1054,roi_restricted_dot_center_candidate,1425.0,926.0,0.1592082530260086
1055,roi_restricted_dot_center_candidate,1263.0,1600.0,0.15908533334732056
1056,roi_restricted_dot_center_candidate,1324.0,1565.0,0.15908533334732056
1057,roi_restricted_dot_center_candidate,1268.0,1053.0,0.15908533334732056
1058,roi_restricted_dot_center_candidate,1440.0,1497.0,0.15908531844615936
1059,roi_restricted_dot_center_candidate,1129.0,1492.0,0.15908531844615936
1060,roi_restricted_dot_center_candidate,1338.0,1433.0,0.15908531844615936
1061,roi_restricted_dot_center_candidate,1102.0,1421.0,0.15908531844615936
1062,roi_restricted_dot_center_candidate,1323.0,1202.0,0.15908531844615936
1063,roi_restricted_dot_center_candidate,1207.0,1574.0,0.15896238386631012
1064,roi_restricted_dot_center_candidate,1189.0,1302.0,0.15896238386631012
1065,roi_restricted_dot_center_candidate,1326.0,1121.0,0.15896238386631012
1066,roi_restricted_dot_center_candidate,1537.0,806.0,0.15896238386631012
1067,roi_restricted_dot_center_candidate,1232.0,1589.0,0.15896236896514893
1068,roi_restricted_dot_center_candidate,1208.0,1587.0,0.15896236896514893
1069,roi_restricted_dot_center_candidate,1410.0,1579.0,0.15896236896514893
1070,roi_restricted_dot_center_candidate,1113.0,1442.0,0.15896236896514893
1071,roi_restricted_dot_center_candidate,1383.0,1104.0,0.15896236896514893
1072,roi_restricted_dot_center_candidate,1208.0,1303.0,0.15883944928646088
1073,roi_restricted_dot_center_candidate,1176.0,1553.0,0.15883943438529968
1074,roi_restricted_dot_center_candidate,1207.0,1490.0,0.15883943438529968
1075,roi_restricted_dot_center_candidate,1283.0,1020.0,0.15883943438529968
1076,roi_restricted_dot_center_candidate,1175.0,1519.0,0.15871649980545044
1077,roi_restricted_dot_center_candidate,1203.0,1354.0,0.15871649980545044
1078,roi_restricted_dot_center_candidate,1351.0,1270.0,0.15871649980545044
1079,roi_restricted_dot_center_candidate,1189.0,1586.0,0.1585935652256012
1080,roi_restricted_dot_center_candidate,1115.0,1571.0,0.1585935652256012
1081,roi_restricted_dot_center_candidate,1267.0,1256.0,0.1585935652256012
1082,roi_restricted_dot_center_candidate,1204.0,1153.0,0.1585935652256012
1083,roi_restricted_dot_center_candidate,1193.0,1538.0,0.15859355032444
1084,roi_restricted_dot_center_candidate,1248.0,1121.0,0.15859355032444
1085,roi_restricted_dot_center_candidate,1025.0,1476.0,0.15847063064575195
1086,roi_restricted_dot_center_candidate,1281.0,1385.0,0.15847063064575195
1087,roi_restricted_dot_center_candidate,1238.0,1135.0,0.15847063064575195
1088,roi_restricted_dot_center_candidate,1479.0,1598.0,0.15847061574459076
1089,roi_restricted_dot_center_candidate,1143.0,1588.0,0.15847061574459076
1090,roi_restricted_dot_center_candidate,1067.0,1560.0,0.15847061574459076
1091,roi_restricted_dot_center_candidate,1159.0,1508.0,0.15847061574459076
1092,roi_restricted_dot_center_candidate,1283.0,1104.0,0.15847061574459076
1093,roi_restricted_dot_center_candidate,1283.0,808.0,0.15847061574459076
1094,roi_restricted_dot_center_candidate,1269.0,806.0,0.15847061574459076
1095,roi_restricted_dot_center_candidate,1069.0,1572.0,0.15834768116474152
1096,roi_restricted_dot_center_candidate,1353.0,1158.0,0.15834768116474152
1097,roi_restricted_dot_center_candidate,1426.0,1089.0,0.15834768116474152
1098,roi_restricted_dot_center_candidate,1179.0,922.0,0.15834768116474152
1099,roi_restricted_dot_center_candidate,1309.0,910.0,0.15834768116474152
1100,roi_restricted_dot_center_candidate,1293.0,1306.0,0.15834766626358032
1101,roi_restricted_dot_center_candidate,1041.0,1200.0,0.15834766626358032
1102,roi_restricted_dot_center_candidate,1193.0,884.0,0.15834766626358032
1103,roi_restricted_dot_center_candidate,1339.0,776.0,0.15834766626358032
1104,roi_restricted_dot_center_candidate,1165.0,800.0,0.15822474658489227
1105,roi_restricted_dot_center_candidate,1380.0,1253.0,0.15822473168373108
1106,roi_restricted_dot_center_candidate,1297.0,1004.0,0.15822473168373108
1107,roi_restricted_dot_center_candidate,1325.0,1500.0,0.15810179710388184
1108,roi_restricted_dot_center_candidate,1325.0,1422.0,0.15810179710388184
1109,roi_restricted_dot_center_candidate,1188.0,1403.0,0.15810179710388184
1110,roi_restricted_dot_center_candidate,1267.0,1368.0,0.15810179710388184
1111,roi_restricted_dot_center_candidate,1190.0,1257.0,0.15810178220272064
1112,roi_restricted_dot_center_candidate,1311.0,1418.0,0.1579788625240326
1113,roi_restricted_dot_center_candidate,1338.0,1021.0,0.1579788625240326
1114,roi_restricted_dot_center_candidate,1309.0,956.0,0.1579788625240326
1115,roi_restricted_dot_center_candidate,1353.0,842.0,0.1579788625240326
1116,roi_restricted_dot_center_candidate,1353.0,794.0,0.1579788625240326
1117,roi_restricted_dot_center_candidate,990.0,1592.0,0.1579788476228714
1118,roi_restricted_dot_center_candidate,1221.0,1502.0,0.1579788476228714
1119,roi_restricted_dot_center_candidate,1251.0,886.0,0.1579788476228714
1120,roi_restricted_dot_center_candidate,1324.0,1483.0,0.15785592794418335
1121,roi_restricted_dot_center_candidate,1325.0,1290.0,0.15785592794418335
1122,roi_restricted_dot_center_candidate,1336.0,1603.0,0.15785591304302216
1123,roi_restricted_dot_center_candidate,1248.0,1523.0,0.15785591304302216
1124,roi_restricted_dot_center_candidate,1178.0,1353.0,0.15785591304302216
1125,roi_restricted_dot_center_candidate,1279.0,1302.0,0.15785591304302216
1126,roi_restricted_dot_center_candidate,1206.0,985.0,0.15785591304302216
1127,roi_restricted_dot_center_candidate,1189.0,1486.0,0.1577329784631729
1128,roi_restricted_dot_center_candidate,1251.0,1556.0,0.15773296356201172
1129,roi_restricted_dot_center_candidate,1323.0,1158.0,0.15773296356201172
1130,roi_restricted_dot_center_candidate,1265.0,920.0,0.15773296356201172
1131,roi_restricted_dot_center_candidate,1223.0,1388.0,0.15761002898216248
1132,roi_restricted_dot_center_candidate,1292.0,1335.0,0.15761002898216248
1133,roi_restricted_dot_center_candidate,1252.0,1101.0,0.15761002898216248
1134,roi_restricted_dot_center_candidate,1413.0,1028.0,0.15761002898216248
1135,roi_restricted_dot_center_candidate,1295.0,856.0,0.15761002898216248
1136,roi_restricted_dot_center_candidate,1235.0,804.0,0.15761002898216248
1137,roi_restricted_dot_center_candidate,1309.0,1604.0,0.15748709440231323
1138,roi_restricted_dot_center_candidate,1036.0,1507.0,0.15748709440231323
1139,roi_restricted_dot_center_candidate,1159.0,1470.0,0.15748709440231323
1140,roi_restricted_dot_center_candidate,1263.0,1468.0,0.15748709440231323
1141,roi_restricted_dot_center_candidate,1249.0,1256.0,0.15748707950115204
1142,roi_restricted_dot_center_candidate,1339.0,1142.0,0.15748707950115204
1143,roi_restricted_dot_center_candidate,1207.0,1474.0,0.157364159822464
1144,roi_restricted_dot_center_candidate,1280.0,1473.0,0.157364159822464
1145,roi_restricted_dot_center_candidate,1351.0,1220.0,0.157364159822464
1146,roi_restricted_dot_center_candidate,1023.0,1410.0,0.1573641449213028
1147,roi_restricted_dot_center_candidate,1398.0,1203.0,0.1573641449213028
1148,roi_restricted_dot_center_candidate,1355.0,1010.0,0.1573641449213028
1149,roi_restricted_dot_center_candidate,1353.0,894.0,0.1573641449213028
1150,roi_restricted_dot_center_candidate,1469.0,836.0,0.1573641449213028
1151,roi_restricted_dot_center_candidate,1371.0,1026.0,0.15724122524261475
1152,roi_restricted_dot_center_candidate,1411.0,990.0,0.15724122524261475
1153,roi_restricted_dot_center_candidate,1223.0,906.0,0.15724122524261475
1154,roi_restricted_dot_center_candidate,1338.0,1565.0,0.15724121034145355
1155,roi_restricted_dot_center_candidate,1174.0,1419.0,0.15724121034145355
1156,roi_restricted_dot_center_candidate,1293.0,1120.0,0.15724121034145355
1157,roi_restricted_dot_center_candidate,1340.0,1087.0,0.15724119544029236
1158,roi_restricted_dot_center_candidate,1209.0,1070.0,0.1571182757616043
1159,roi_restricted_dot_center_candidate,1147.0,1605.0,0.15711826086044312
1160,roi_restricted_dot_center_candidate,1267.0,1568.0,0.15711826086044312
1161,roi_restricted_dot_center_candidate,1233.0,1506.0,0.15711826086044312
1162,roi_restricted_dot_center_candidate,1351.0,1450.0,0.15699532628059387
1163,roi_restricted_dot_center_candidate,1564.0,1349.0,0.15699532628059387
1164,roi_restricted_dot_center_candidate,1279.0,1252.0,0.15699532628059387
1165,roi_restricted_dot_center_candidate,1279.0,1218.0,0.15699532628059387
1166,roi_restricted_dot_center_candidate,1267.0,1140.0,0.15699532628059387
1167,roi_restricted_dot_center_candidate,1367.0,944.0,0.15699532628059387
1168,roi_restricted_dot_center_candidate,1160.0,1603.0,0.15687239170074463
1169,roi_restricted_dot_center_candidate,1009.0,1574.0,0.15687239170074463
1170,roi_restricted_dot_center_candidate,1311.0,1158.0,0.15687239170074463
1171,roi_restricted_dot_center_candidate,1191.0,1017.0,0.15687239170074463
1172,roi_restricted_dot_center_candidate,1311.0,1290.0,0.15674945712089539
1173,roi_restricted_dot_center_candidate,1383.0,1598.0,0.1567494422197342
1174,roi_restricted_dot_center_candidate,1113.0,1504.0,0.1567494422197342
1175,roi_restricted_dot_center_candidate,1099.0,1324.0,0.1567494422197342
1176,roi_restricted_dot_center_candidate,1219.0,1240.0,0.1567494422197342
1177,roi_restricted_dot_center_candidate,1398.0,1401.0,0.15662652254104614
1178,roi_restricted_dot_center_candidate,1165.0,986.0,0.15662652254104614
1179,roi_restricted_dot_center_candidate,994.0,1559.0,0.15662650763988495
1180,roi_restricted_dot_center_candidate,1235.0,1036.0,0.15662650763988495
1181,roi_restricted_dot_center_candidate,1268.0,887.0,0.1565035730600357
1182,roi_restricted_dot_center_candidate,1281.0,1572.0,0.1565035581588745
1183,roi_restricted_dot_center_candidate,1311.0,1550.0,0.1565035581588745
1184,roi_restricted_dot_center_candidate,1397.0,908.0,0.1565035581588745
1185,roi_restricted_dot_center_candidate,1310.0,1533.0,0.15638062357902527
1186,roi_restricted_dot_center_candidate,1266.0,1451.0,0.15638062357902527
1187,roi_restricted_dot_center_candidate,1193.0,1438.0,0.15638062357902527
1188,roi_restricted_dot_center_candidate,1467.0,1090.0,0.15638062357902527
1189,roi_restricted_dot_center_candidate,1297.0,822.0,0.15638062357902527
1190,roi_restricted_dot_center_candidate,1343.0,794.0,0.15638060867786407
1191,roi_restricted_dot_center_candidate,1145.0,1570.0,0.15625768899917603
1192,roi_restricted_dot_center_candidate,1311.0,1086.0,0.15625768899917603
1193,roi_restricted_dot_center_candidate,1293.0,1390.0,0.15625767409801483
1194,roi_restricted_dot_center_candidate,1369.0,1486.0,0.15613475441932678
1195,roi_restricted_dot_center_candidate,1323.0,1170.0,0.1561347395181656
1196,roi_restricted_dot_center_candidate,1511.0,1594.0,0.15601180493831635
1197,roi_restricted_dot_center_candidate,1265.0,1218.0,0.15601180493831635
1198,roi_restricted_dot_center_candidate,1339.0,1554.0,0.15601179003715515
1199,roi_restricted_dot_center_candidate,1441.0,1122.0,0.15601179003715515
1200,roi_restricted_dot_center_candidate,1341.0,846.0,0.15601179003715515
1201,roi_restricted_dot_center_candidate,1295.0,838.0,0.15601179003715515
1202,roi_restricted_dot_center_candidate,1236.0,1351.0,0.1558888703584671
1203,roi_restricted_dot_center_candidate,1352.0,1581.0,0.1558888554573059
1204,roi_restricted_dot_center_candidate,1025.0,1524.0,0.1558888554573059
1205,roi_restricted_dot_center_candidate,1339.0,1356.0,0.1558888554573059
1206,roi_restricted_dot_center_candidate,1409.0,1286.0,0.1558888554573059
1207,roi_restricted_dot_center_candidate,1175.0,1152.0,0.1558888554573059
1208,roi_restricted_dot_center_candidate,1127.0,1506.0,0.15576592087745667
1209,roi_restricted_dot_center_candidate,1452.0,1383.0,0.15576592087745667
1210,roi_restricted_dot_center_candidate,1324.0,1301.0,0.15576592087745667
1211,roi_restricted_dot_center_candidate,1176.0,1251.0,0.15576592087745667
1212,roi_restricted_dot_center_candidate,1395.0,1072.0,0.15576592087745667
1213,roi_restricted_dot_center_candidate,1249.0,921.0,0.15576590597629547
1214,roi_restricted_dot_center_candidate,1097.0,1576.0,0.15564298629760742
1215,roi_restricted_dot_center_candidate,1281.0,1518.0,0.15564298629760742
1216,roi_restricted_dot_center_candidate,1337.0,1286.0,0.15564298629760742
1217,roi_restricted_dot_center_candidate,1355.0,1254.0,0.15564298629760742
1218,roi_restricted_dot_center_candidate,1495.0,1010.0,0.15564298629760742
1219,roi_restricted_dot_center_candidate,1309.0,808.0,0.15564298629760742
1220,roi_restricted_dot_center_candidate,1497.0,1334.0,0.15564297139644623
1221,roi_restricted_dot_center_candidate,1283.0,1120.0,0.15552005171775818
1222,roi_restricted_dot_center_candidate,1277.0,1588.0,0.15552003681659698
1223,roi_restricted_dot_center_candidate,1083.0,1522.0,0.15552003681659698
1224,roi_restricted_dot_center_candidate,1457.0,672.0,0.15552003681659698
1225,roi_restricted_dot_center_candidate,1263.0,1422.0,0.15539710223674774
1226,roi_restricted_dot_center_candidate,1339.0,1076.0,0.15539710223674774
1227,roi_restricted_dot_center_candidate,1453.0,1372.0,0.15539708733558655
1228,roi_restricted_dot_center_candidate,1311.0,856.0,0.15539708733558655
1229,roi_restricted_dot_center_candidate,1113.0,1588.0,0.1552741527557373
1230,roi_restricted_dot_center_candidate,1455.0,1514.0,0.1552741527557373
1231,roi_restricted_dot_center_candidate,1279.0,1506.0,0.1552741527557373
1232,roi_restricted_dot_center_candidate,1408.0,1485.0,0.1552741527557373
1233,roi_restricted_dot_center_candidate,1323.0,960.0,0.1552741527557373
1234,roi_restricted_dot_center_candidate,1578.0,1595.0,0.15515121817588806
1235,roi_restricted_dot_center_candidate,1267.0,1554.0,0.15515121817588806
1236,roi_restricted_dot_center_candidate,1368.0,1499.0,0.15515121817588806
1237,roi_restricted_dot_center_candidate,1384.0,1371.0,0.15515121817588806
1238,roi_restricted_dot_center_candidate,1250.0,1401.0,0.15502828359603882
1239,roi_restricted_dot_center_candidate,1481.0,1030.0,0.15502828359603882
1240,roi_restricted_dot_center_candidate,1425.0,814.0,0.15502828359603882
1241,roi_restricted_dot_center_candidate,1192.0,1519.0,0.15502826869487762
1242,roi_restricted_dot_center_candidate,1235.0,1468.0,0.15490534901618958
1243,roi_restricted_dot_center_candidate,1220.0,1435.0,0.15490534901618958
1244,roi_restricted_dot_center_candidate,1251.0,1568.0,0.15490533411502838
1245,roi_restricted_dot_center_candidate,1509.0,1447.0,0.15490533411502838
1246,roi_restricted_dot_center_candidate,1053.0,1386.0,0.15490533411502838
1247,roi_restricted_dot_center_candidate,1293.0,972.0,0.15490533411502838
1248,roi_restricted_dot_center_candidate,1397.0,930.0,0.15490533411502838
1249,roi_restricted_dot_center_candidate,1471.0,914.0,0.15490533411502838
1250,roi_restricted_dot_center_candidate,951.0,894.0,0.15478241443634033
1251,roi_restricted_dot_center_candidate,1143.0,1554.0,0.15478239953517914
1252,roi_restricted_dot_center_candidate,1159.0,1553.0,0.15478239953517914
1253,roi_restricted_dot_center_candidate,1071.0,1540.0,0.15478239953517914
1254,roi_restricted_dot_center_candidate,1411.0,1192.0,0.15478239953517914
1255,roi_restricted_dot_center_candidate,1323.0,1400.0,0.15478238463401794
1256,roi_restricted_dot_center_candidate,1191.0,1340.0,0.15478238463401794
1257,roi_restricted_dot_center_candidate,1294.0,1467.0,0.1546594500541687
1258,roi_restricted_dot_center_candidate,1399.0,1254.0,0.1546594500541687
1259,roi_restricted_dot_center_candidate,1437.0,1546.0,0.15453651547431946
1260,roi_restricted_dot_center_candidate,1233.0,1338.0,0.15453651547431946
1261,roi_restricted_dot_center_candidate,1437.0,1286.0,0.15453651547431946
1262,roi_restricted_dot_center_candidate,1323.0,1104.0,0.15453651547431946
1263,roi_restricted_dot_center_candidate,1323.0,1088.0,0.15453651547431946
1264,roi_restricted_dot_center_candidate,1483.0,966.0,0.15453651547431946
1265,roi_restricted_dot_center_candidate,1233.0,1390.0,0.15441358089447021
1266,roi_restricted_dot_center_candidate,1280.0,1335.0,0.15441358089447021
1267,roi_restricted_dot_center_candidate,1279.0,874.0,0.15441358089447021
1268,roi_restricted_dot_center_candidate,1218.0,1607.0,0.15429063141345978
1269,roi_restricted_dot_center_candidate,1366.0,1449.0,0.15429063141345978
1270,roi_restricted_dot_center_candidate,1251.0,1424.0,0.15429063141345978
1271,roi_restricted_dot_center_candidate,1294.0,1401.0,0.15429063141345978
1272,roi_restricted_dot_center_candidate,1553.0,1398.0,0.15429063141345978
1273,roi_restricted_dot_center_candidate,1208.0,1255.0,0.15429063141345978
1274,roi_restricted_dot_center_candidate,1397.0,1138.0,0.15429063141345978
1275,roi_restricted_dot_center_candidate,1323.0,1598.0,0.15416769683361053
1276,roi_restricted_dot_center_candidate,1427.0,1338.0,0.15416769683361053
1277,roi_restricted_dot_center_candidate,1341.0,1222.0,0.15416769683361053
1278,roi_restricted_dot_center_candidate,1341.0,906.0,0.15416769683361053
1279,roi_restricted_dot_center_candidate,1250.0,1451.0,0.15416768193244934
1280,roi_restricted_dot_center_candidate,1191.0,1424.0,0.15416768193244934
1281,roi_restricted_dot_center_candidate,1295.0,1588.0,0.1540447473526001
1282,roi_restricted_dot_center_candidate,1369.0,1072.0,0.1540447473526001
1283,roi_restricted_dot_center_candidate,1369.0,928.0,0.1540447473526001
1284,roi_restricted_dot_center_candidate,1267.0,1502.0,0.15392181277275085
1285,roi_restricted_dot_center_candidate,1236.0,1435.0,0.15392181277275085
1286,roi_restricted_dot_center_candidate,1310.0,971.0,0.15392181277275085
1287,roi_restricted_dot_center_candidate,1173.0,1370.0,0.1537988781929016
1288,roi_restricted_dot_center_candidate,1265.0,1268.0,0.1537988781929016
1289,roi_restricted_dot_center_candidate,1398.0,1175.0,0.1537988781929016
1290,roi_restricted_dot_center_candidate,1309.0,1334.0,0.15379886329174042
1291,roi_restricted_dot_center_candidate,1427.0,996.0,0.15379886329174042
1292,roi_restricted_dot_center_candidate,1484.0,949.0,0.15379886329174042
1293,roi_restricted_dot_center_candidate,1397.0,1580.0,0.15367592871189117
1294,roi_restricted_dot_center_candidate,1037.0,1404.0,0.15367592871189117
1295,roi_restricted_dot_center_candidate,1308.0,1401.0,0.15367592871189117
1296,roi_restricted_dot_center_candidate,1355.0,1368.0,0.15367592871189117
1297,roi_restricted_dot_center_candidate,1340.0,1207.0,0.15367592871189117
1298,roi_restricted_dot_center_candidate,1425.0,780.0,0.15367592871189117
1299,roi_restricted_dot_center_candidate,1051.0,1576.0,0.15355299413204193
1300,roi_restricted_dot_center_candidate,1367.0,1158.0,0.15355299413204193
1301,roi_restricted_dot_center_candidate,1341.0,1122.0,0.15355299413204193
1302,roi_restricted_dot_center_candidate,1323.0,1538.0,0.15355297923088074
1303,roi_restricted_dot_center_candidate,1355.0,1190.0,0.15355297923088074
1304,roi_restricted_dot_center_candidate,1563.0,1558.0,0.1534300595521927
1305,roi_restricted_dot_center_candidate,1496.0,1597.0,0.1534300446510315
1306,roi_restricted_dot_center_candidate,1264.0,1517.0,0.1534300446510315
1307,roi_restricted_dot_center_candidate,1340.0,1467.0,0.1534300446510315
1308,roi_restricted_dot_center_candidate,1535.0,1450.0,0.1534300446510315
1309,roi_restricted_dot_center_candidate,1395.0,962.0,0.1534300446510315
1310,roi_restricted_dot_center_candidate,1310.0,1483.0,0.15330711007118225
1311,roi_restricted_dot_center_candidate,1265.0,1318.0,0.15330711007118225
1312,roi_restricted_dot_center_candidate,1395.0,1090.0,0.15330711007118225
1313,roi_restricted_dot_center_candidate,1370.0,1055.0,0.15330711007118225
1314,roi_restricted_dot_center_candidate,1467.0,1258.0,0.153184175491333
1315,roi_restricted_dot_center_candidate,1293.0,1054.0,0.153184175491333
1316,roi_restricted_dot_center_candidate,1383.0,974.0,0.153184175491333
1317,roi_restricted_dot_center_candidate,1395.0,878.0,0.153184175491333
1318,roi_restricted_dot_center_candidate,1294.0,1605.0,0.15318416059017181
1319,roi_restricted_dot_center_candidate,1263.0,1070.0,0.15318416059017181
1320,roi_restricted_dot_center_candidate,1495.0,962.0,0.15318416059017181
1321,roi_restricted_dot_center_candidate,1208.0,1505.0,0.15306122601032257
1322,roi_restricted_dot_center_candidate,1468.0,1383.0,0.15306122601032257
1323,roi_restricted_dot_center_candidate,1352.0,973.0,0.15306121110916138
1324,roi_restricted_dot_center_candidate,1383.0,1416.0,0.15293829143047333
1325,roi_restricted_dot_center_candidate,1337.0,1488.0,0.15293827652931213
1326,roi_restricted_dot_center_candidate,1409.0,1470.0,0.15293827652931213
1327,roi_restricted_dot_center_candidate,1379.0,1470.0,0.15293827652931213
1328,roi_restricted_dot_center_candidate,1173.0,1457.0,0.15293827652931213
1329,roi_restricted_dot_center_candidate,1395.0,1438.0,0.15293827652931213
1330,roi_restricted_dot_center_candidate,1176.0,1307.0,0.1528153419494629
1331,roi_restricted_dot_center_candidate,1381.0,962.0,0.1528153270483017
1332,roi_restricted_dot_center_candidate,1307.0,1522.0,0.15269240736961365
1333,roi_restricted_dot_center_candidate,1354.0,1401.0,0.15269240736961365
1334,roi_restricted_dot_center_candidate,1279.0,1368.0,0.15269240736961365
1335,roi_restricted_dot_center_candidate,1177.0,1336.0,0.15269240736961365
1336,roi_restricted_dot_center_candidate,1591.0,1594.0,0.15269239246845245
1337,roi_restricted_dot_center_candidate,1380.0,1388.0,0.15269239246845245
1338,roi_restricted_dot_center_candidate,1219.0,1457.0,0.1525694727897644
1339,roi_restricted_dot_center_candidate,1311.0,1352.0,0.1525694727897644
1340,roi_restricted_dot_center_candidate,1366.0,1139.0,0.1525694727897644
1341,roi_restricted_dot_center_candidate,1470.0,997.0,0.1525694578886032
1342,roi_restricted_dot_center_candidate,1495.0,982.0,0.1525694578886032
1343,roi_restricted_dot_center_candidate,1592.0,1525.0,0.15244652330875397
1344,roi_restricted_dot_center_candidate,1337.0,1417.0,0.15244652330875397
1345,roi_restricted_dot_center_candidate,1327.0,1006.0,0.15244652330875397
1346,roi_restricted_dot_center_candidate,1455.0,814.0,0.15244652330875397
1347,roi_restricted_dot_center_candidate,1223.0,972.0,0.15244650840759277
1348,roi_restricted_dot_center_candidate,1398.0,1499.0,0.15232358872890472
1349,roi_restricted_dot_center_candidate,1209.0,1170.0,0.15232358872890472
1350,roi_restricted_dot_center_candidate,1265.0,970.0,0.15232358872890472
1351,roi_restricted_dot_center_candidate,1306.0,1567.0,0.15232357382774353
1352,roi_restricted_dot_center_candidate,1427.0,1370.0,0.15232357382774353
1353,roi_restricted_dot_center_candidate,1175.0,1542.0,0.1522006392478943
1354,roi_restricted_dot_center_candidate,1355.0,1436.0,0.1522006392478943
1355,roi_restricted_dot_center_candidate,1381.0,1318.0,0.1522006392478943
1356,roi_restricted_dot_center_candidate,1351.0,990.0,0.1522006392478943
1357,roi_restricted_dot_center_candidate,1455.0,846.0,0.1522006392478943
1358,roi_restricted_dot_center_candidate,1006.0,1405.0,0.15207770466804504
1359,roi_restricted_dot_center_candidate,1367.0,1202.0,0.15207770466804504
1360,roi_restricted_dot_center_candidate,1309.0,888.0,0.15207770466804504
1361,roi_restricted_dot_center_candidate,1455.0,786.0,0.15207770466804504
1362,roi_restricted_dot_center_candidate,1423.0,1600.0,0.1519547700881958
1363,roi_restricted_dot_center_candidate,1479.0,1464.0,0.1519547700881958
1364,roi_restricted_dot_center_candidate,1413.0,1158.0,0.1519547700881958
1365,roi_restricted_dot_center_candidate,1341.0,890.0,0.15183183550834656
1366,roi_restricted_dot_center_candidate,1295.0,1572.0,0.15183182060718536
1367,roi_restricted_dot_center_candidate,1207.0,1536.0,0.15183182060718536
1368,roi_restricted_dot_center_candidate,1353.0,1422.0,0.15183182060718536
1369,roi_restricted_dot_center_candidate,1100.0,1251.0,0.15183182060718536
1370,roi_restricted_dot_center_candidate,1235.0,1086.0,0.15183182060718536
1371,roi_restricted_dot_center_candidate,1395.0,1060.0,0.15183182060718536
1372,roi_restricted_dot_center_candidate,1549.0,1596.0,0.15183180570602417
1373,roi_restricted_dot_center_candidate,1567.0,1450.0,0.15183180570602417
1374,roi_restricted_dot_center_candidate,1324.0,1235.0,0.15183180570602417
1375,roi_restricted_dot_center_candidate,1410.0,1203.0,0.15183180570602417
1376,roi_restricted_dot_center_candidate,1423.0,1122.0,0.15170888602733612
1377,roi_restricted_dot_center_candidate,1456.0,1107.0,0.15170888602733612
1378,roi_restricted_dot_center_candidate,1324.0,1549.0,0.15170887112617493
1379,roi_restricted_dot_center_candidate,1277.0,1538.0,0.15158593654632568
1380,roi_restricted_dot_center_candidate,1352.0,1537.0,0.15158593654632568
1381,roi_restricted_dot_center_candidate,1236.0,1535.0,0.15158593654632568
1382,roi_restricted_dot_center_candidate,1296.0,1517.0,0.15158593654632568
1383,roi_restricted_dot_center_candidate,1279.0,1434.0,0.15158593654632568
1384,roi_restricted_dot_center_candidate,1280.0,1417.0,0.15158593654632568
1385,roi_restricted_dot_center_candidate,1426.0,1383.0,0.15158593654632568
1386,roi_restricted_dot_center_candidate,1453.0,1306.0,0.15158593654632568
1387,roi_restricted_dot_center_candidate,1277.0,1554.0,0.15146300196647644
1388,roi_restricted_dot_center_candidate,1411.0,1056.0,0.15146300196647644
1389,roi_restricted_dot_center_candidate,1410.0,1399.0,0.15146298706531525
1390,roi_restricted_dot_center_candidate,1204.0,1373.0,0.15146298706531525
1391,roi_restricted_dot_center_candidate,1279.0,1351.0,0.15146298706531525
1392,roi_restricted_dot_center_candidate,1367.0,1268.0,0.15146298706531525
1393,roi_restricted_dot_center_candidate,1219.0,1170.0,0.15146298706531525
1394,roi_restricted_dot_center_candidate,1385.0,944.0,0.15146298706531525
1395,roi_restricted_dot_center_candidate,1369.0,1466.0,0.151340052485466
1396,roi_restricted_dot_center_candidate,1251.0,1434.0,0.151340052485466
1397,roi_restricted_dot_center_candidate,1365.0,1402.0,0.151340052485466
1398,roi_restricted_dot_center_candidate,1381.0,1302.0,0.151340052485466
1399,roi_restricted_dot_center_candidate,1413.0,958.0,0.151340052485466
1400,roi_restricted_dot_center_candidate,1437.0,1400.0,0.15121710300445557
1401,roi_restricted_dot_center_candidate,1381.0,1154.0,0.15121710300445557
1402,roi_restricted_dot_center_candidate,1537.0,1596.0,0.15109416842460632
1403,roi_restricted_dot_center_candidate,1277.0,1488.0,0.15109416842460632
1404,roi_restricted_dot_center_candidate,1282.0,1455.0,0.15109416842460632
1405,roi_restricted_dot_center_candidate,1311.0,1434.0,0.15109416842460632
1406,roi_restricted_dot_center_candidate,1383.0,1126.0,0.15109416842460632
1407,roi_restricted_dot_center_candidate,1509.0,978.0,0.15109416842460632
1408,roi_restricted_dot_center_candidate,1365.0,1586.0,0.15097123384475708
1409,roi_restricted_dot_center_candidate,1021.0,1540.0,0.15097123384475708
1410,roi_restricted_dot_center_candidate,1425.0,1514.0,0.15097123384475708
1411,roi_restricted_dot_center_candidate,1383.0,1350.0,0.15097123384475708
1412,roi_restricted_dot_center_candidate,1381.0,1290.0,0.15097123384475708
1413,roi_restricted_dot_center_candidate,1537.0,966.0,0.15097123384475708
1414,roi_restricted_dot_center_candidate,1114.0,1521.0,0.15084829926490784
1415,roi_restricted_dot_center_candidate,1267.0,1152.0,0.15084829926490784
1416,roi_restricted_dot_center_candidate,1423.0,1318.0,0.1507253646850586
1417,roi_restricted_dot_center_candidate,1509.0,1269.0,0.1507253646850586
1418,roi_restricted_dot_center_candidate,1410.0,1105.0,0.1507253497838974
1419,roi_restricted_dot_center_candidate,1381.0,846.0,0.1507253497838974
1420,roi_restricted_dot_center_candidate,1399.0,828.0,0.1507253497838974
1421,roi_restricted_dot_center_candidate,1293.0,1418.0,0.15060241520404816
1422,roi_restricted_dot_center_candidate,1411.0,828.0,0.15060241520404816
1423,roi_restricted_dot_center_candidate,1412.0,1433.0,0.15060240030288696
1424,roi_restricted_dot_center_candidate,1397.0,1350.0,0.15060240030288696
1425,roi_restricted_dot_center_candidate,1496.0,837.0,0.15060240030288696
1426,roi_restricted_dot_center_candidate,1381.0,1482.0,0.15047946572303772
1427,roi_restricted_dot_center_candidate,1538.0,1365.0,0.15047946572303772
1428,roi_restricted_dot_center_candidate,1367.0,1258.0,0.15047946572303772
1429,roi_restricted_dot_center_candidate,1308.0,1107.0,0.15047946572303772
1430,roi_restricted_dot_center_candidate,1354.0,1071.0,0.15047946572303772
1431,roi_restricted_dot_center_candidate,1395.0,942.0,0.15047946572303772
1432,roi_restricted_dot_center_candidate,1132.0,1589.0,0.15035653114318848
1433,roi_restricted_dot_center_candidate,1248.0,1287.0,0.15035653114318848
1434,roi_restricted_dot_center_candidate,1367.0,1186.0,0.15035653114318848
1435,roi_restricted_dot_center_candidate,1352.0,1087.0,0.15035653114318848
1436,roi_restricted_dot_center_candidate,1453.0,1008.0,0.15035653114318848
1437,roi_restricted_dot_center_candidate,1307.0,1138.0,0.15035651624202728
1438,roi_restricted_dot_center_candidate,1371.0,990.0,0.15035651624202728
1439,roi_restricted_dot_center_candidate,1296.0,1501.0,0.15023358166217804
1440,roi_restricted_dot_center_candidate,1537.0,854.0,0.15023358166217804
1441,roi_restricted_dot_center_candidate,1189.0,1569.0,0.1501106470823288
1442,roi_restricted_dot_center_candidate,1354.0,1351.0,0.1501106470823288
1443,roi_restricted_dot_center_candidate,1263.0,1238.0,0.1501106470823288
1444,roi_restricted_dot_center_candidate,1295.0,1174.0,0.1501106470823288
1445,roi_restricted_dot_center_candidate,1527.0,1158.0,0.1501106470823288
1446,roi_restricted_dot_center_candidate,1221.0,1124.0,0.1501106470823288
1447,roi_restricted_dot_center_candidate,1353.0,874.0,0.1501106470823288
1448,roi_restricted_dot_center_candidate,1249.0,838.0,0.1501106470823288
1449,roi_restricted_dot_center_candidate,1525.0,790.0,0.1501106470823288
1450,roi_restricted_dot_center_candidate,1511.0,786.0,0.1501106321811676
1451,roi_restricted_dot_center_candidate,1206.0,1519.0,0.14998771250247955
1452,roi_restricted_dot_center_candidate,1355.0,1486.0,0.14998771250247955
1453,roi_restricted_dot_center_candidate,1396.0,1007.0,0.14998771250247955
1454,roi_restricted_dot_center_candidate,1471.0,930.0,0.14998771250247955
1455,roi_restricted_dot_center_candidate,1451.0,1432.0,0.14998769760131836
1456,roi_restricted_dot_center_candidate,1551.0,1430.0,0.14998769760131836
1457,roi_restricted_dot_center_candidate,1252.0,1485.0,0.14986476302146912
1458,roi_restricted_dot_center_candidate,1220.0,1485.0,0.14986476302146912
1459,roi_restricted_dot_center_candidate,1467.0,1404.0,0.14986476302146912
1460,roi_restricted_dot_center_candidate,1423.0,1404.0,0.14986476302146912
1461,roi_restricted_dot_center_candidate,1425.0,1350.0,0.14986476302146912
1462,roi_restricted_dot_center_candidate,1483.0,1322.0,0.14986476302146912
1463,roi_restricted_dot_center_candidate,1511.0,1058.0,0.14986476302146912
1464,roi_restricted_dot_center_candidate,1340.0,1043.0,0.14986476302146912
1465,roi_restricted_dot_center_candidate,1324.0,1021.0,0.14986476302146912
1466,roi_restricted_dot_center_candidate,1368.0,1417.0,0.14974182844161987
1467,roi_restricted_dot_center_candidate,1455.0,884.0,0.14974182844161987
1468,roi_restricted_dot_center_candidate,1339.0,826.0,0.14974182844161987
1469,roi_restricted_dot_center_candidate,1369.0,810.0,0.14974182844161987
1470,roi_restricted_dot_center_candidate,1411.0,780.0,0.14974182844161987
1471,roi_restricted_dot_center_candidate,1323.0,1252.0,0.14961889386177063
1472,roi_restricted_dot_center_candidate,1427.0,1078.0,0.14961889386177063
1473,roi_restricted_dot_center_candidate,1352.0,1499.0,0.14961887896060944
1474,roi_restricted_dot_center_candidate,1567.0,1386.0,0.14961887896060944
1475,roi_restricted_dot_center_candidate,1395.0,1372.0,0.14961887896060944
1476,roi_restricted_dot_center_candidate,1439.0,1192.0,0.14961887896060944
1477,roi_restricted_dot_center_candidate,1413.0,1174.0,0.14961887896060944
1478,roi_restricted_dot_center_candidate,1395.0,1602.0,0.1494959443807602
1479,roi_restricted_dot_center_candidate,1307.0,1472.0,0.1494959443807602
1480,roi_restricted_dot_center_candidate,1367.0,1170.0,0.1494959443807602
1481,roi_restricted_dot_center_candidate,1355.0,1516.0,0.149495929479599
1482,roi_restricted_dot_center_candidate,1480.0,1355.0,0.149495929479599
1483,roi_restricted_dot_center_candidate,1325.0,1318.0,0.149495929479599
1484,roi_restricted_dot_center_candidate,1413.0,1222.0,0.149495929479599
1485,roi_restricted_dot_center_candidate,1383.0,782.0,0.14937302470207214
1486,roi_restricted_dot_center_candidate,1469.0,1546.0,0.14937300980091095
1487,roi_restricted_dot_center_candidate,1452.0,1399.0,0.14937300980091095
1488,roi_restricted_dot_center_candidate,1523.0,978.0,0.14937300980091095
1489,roi_restricted_dot_center_candidate,1327.0,794.0,0.14937300980091095
1490,roi_restricted_dot_center_candidate,1396.0,1465.0,0.14937299489974976
1491,roi_restricted_dot_center_candidate,1455.0,1290.0,0.14937299489974976
1492,roi_restricted_dot_center_candidate,1451.0,1254.0,0.14937299489974976
1493,roi_restricted_dot_center_candidate,1413.0,1384.0,0.1492500603199005
1494,roi_restricted_dot_center_candidate,1369.0,1224.0,0.1492500603199005
1495,roi_restricted_dot_center_candidate,1428.0,1025.0,0.1492500603199005
1496,roi_restricted_dot_center_candidate,1312.0,1021.0,0.1492500603199005
1497,roi_restricted_dot_center_candidate,1484.0,929.0,0.1492500603199005
1498,roi_restricted_dot_center_candidate,1537.0,822.0,0.1492500603199005
1499,roi_restricted_dot_center_candidate,1219.0,1540.0,0.14912712574005127
1500,roi_restricted_dot_center_candidate,1508.0,1435.0,0.14912712574005127
1501,roi_restricted_dot_center_candidate,1455.0,1416.0,0.14912712574005127
1502,roi_restricted_dot_center_candidate,1249.0,1340.0,0.14912712574005127
1503,roi_restricted_dot_center_candidate,1233.0,1322.0,0.14912712574005127
1504,roi_restricted_dot_center_candidate,1322.0,1219.0,0.14912712574005127
1505,roi_restricted_dot_center_candidate,1481.0,784.0,0.14912712574005127
1506,roi_restricted_dot_center_candidate,1307.0,1254.0,0.14912711083889008
1507,roi_restricted_dot_center_candidate,1397.0,990.0,0.14912711083889008
1508,roi_restricted_dot_center_candidate,1605.0,1594.0,0.14900419116020203
1509,roi_restricted_dot_center_candidate,1399.0,1270.0,0.14900417625904083
1510,roi_restricted_dot_center_candidate,1338.0,989.0,0.14900417625904083
1511,roi_restricted_dot_center_candidate,1397.0,1422.0,0.1488812416791916
1512,roi_restricted_dot_center_candidate,1480.0,1399.0,0.1488812416791916
1513,roi_restricted_dot_center_candidate,1453.0,1274.0,0.1488812416791916
1514,roi_restricted_dot_center_candidate,1367.0,960.0,0.1488812416791916
1515,roi_restricted_dot_center_candidate,1511.0,1512.0,0.1488812267780304
1516,roi_restricted_dot_center_candidate,1467.0,1122.0,0.1488812267780304
1517,roi_restricted_dot_center_candidate,1441.0,1008.0,0.1488812267780304
1518,roi_restricted_dot_center_candidate,1311.0,1236.0,0.14875830709934235
1519,roi_restricted_dot_center_candidate,1423.0,1174.0,0.14875830709934235
1520,roi_restricted_dot_center_candidate,1439.0,1154.0,0.14875830709934235
1521,roi_restricted_dot_center_candidate,1296.0,1537.0,0.14875829219818115
1522,roi_restricted_dot_center_candidate,1383.0,1454.0,0.14875829219818115
1523,roi_restricted_dot_center_candidate,1469.0,884.0,0.14875829219818115
1524,roi_restricted_dot_center_candidate,1323.0,1522.0,0.1486353576183319
1525,roi_restricted_dot_center_candidate,1437.0,1482.0,0.1486353576183319
1526,roi_restricted_dot_center_candidate,1323.0,1268.0,0.1486353576183319
1527,roi_restricted_dot_center_candidate,1439.0,1518.0,0.14851242303848267
1528,roi_restricted_dot_center_candidate,1367.0,1340.0,0.14851242303848267
1529,roi_restricted_dot_center_candidate,1437.0,1058.0,0.14851242303848267
1530,roi_restricted_dot_center_candidate,1381.0,990.0,0.14851242303848267
1531,roi_restricted_dot_center_candidate,1441.0,932.0,0.14851242303848267
1532,roi_restricted_dot_center_candidate,1309.0,1268.0,0.14851240813732147
1533,roi_restricted_dot_center_candidate,1565.0,1590.0,0.14838947355747223
1534,roi_restricted_dot_center_candidate,1523.0,1382.0,0.14838947355747223
1535,roi_restricted_dot_center_candidate,1453.0,932.0,0.14838945865631104
1536,roi_restricted_dot_center_candidate,1383.0,826.0,0.14838945865631104
1537,roi_restricted_dot_center_candidate,1353.0,825.0,0.14838945865631104
1538,roi_restricted_dot_center_candidate,1499.0,786.0,0.14838945865631104
1539,roi_restricted_dot_center_candidate,1411.0,800.0,0.14826655387878418
1540,roi_restricted_dot_center_candidate,1366.0,1515.0,0.14826653897762299
1541,roi_restricted_dot_center_candidate,1441.0,1106.0,0.14814358949661255
1542,roi_restricted_dot_center_candidate,1497.0,1026.0,0.14814358949661255
1543,roi_restricted_dot_center_candidate,1219.0,1552.0,0.1480206549167633
1544,roi_restricted_dot_center_candidate,1379.0,1518.0,0.1480206549167633
1545,roi_restricted_dot_center_candidate,1384.0,1203.0,0.1480206549167633
1546,roi_restricted_dot_center_candidate,1441.0,910.0,0.1480206549167633
1547,roi_restricted_dot_center_candidate,1441.0,898.0,0.1480206549167633
1548,roi_restricted_dot_center_candidate,1424.0,1579.0,0.14789772033691406
1549,roi_restricted_dot_center_candidate,1497.0,1350.0,0.14789772033691406
1550,roi_restricted_dot_center_candidate,1495.0,946.0,0.14789772033691406
1551,roi_restricted_dot_center_candidate,1233.0,1452.0,0.14789770543575287
1552,roi_restricted_dot_center_candidate,1397.0,1340.0,0.14789770543575287
1553,roi_restricted_dot_center_candidate,1467.0,798.0,0.14789770543575287
1554,roi_restricted_dot_center_candidate,1352.0,1109.0,0.14777478575706482
1555,roi_restricted_dot_center_candidate,1309.0,1390.0,0.14777477085590363
1556,roi_restricted_dot_center_candidate,1523.0,822.0,0.14777477085590363
1557,roi_restricted_dot_center_candidate,1523.0,1026.0,0.14777475595474243
1558,roi_restricted_dot_center_candidate,1395.0,1224.0,0.14765183627605438
1559,roi_restricted_dot_center_candidate,1439.0,1372.0,0.1476518213748932
1560,roi_restricted_dot_center_candidate,1383.0,1274.0,0.1476518213748932
1561,roi_restricted_dot_center_candidate,1293.0,1154.0,0.14752890169620514
1562,roi_restricted_dot_center_candidate,1353.0,912.0,0.14752890169620514
1563,roi_restricted_dot_center_candidate,1381.0,1138.0,0.14752888679504395
1564,roi_restricted_dot_center_candidate,1453.0,980.0,0.14752888679504395
1565,roi_restricted_dot_center_candidate,1323.0,1582.0,0.1474059522151947
1566,roi_restricted_dot_center_candidate,1468.0,1561.0,0.1474059522151947
1567,roi_restricted_dot_center_candidate,1267.0,1336.0,0.1474059522151947
1568,roi_restricted_dot_center_candidate,1352.0,1335.0,0.1474059522151947
1569,roi_restricted_dot_center_candidate,1380.0,1171.0,0.1474059522151947
1570,roi_restricted_dot_center_candidate,1409.0,1074.0,0.1474059522151947
1571,roi_restricted_dot_center_candidate,1381.0,1072.0,0.1474059522151947
1572,roi_restricted_dot_center_candidate,1424.0,959.0,0.1474059522151947
1573,roi_restricted_dot_center_candidate,1383.0,930.0,0.1474059373140335
1574,roi_restricted_dot_center_candidate,1426.0,1481.0,0.14728301763534546
1575,roi_restricted_dot_center_candidate,1467.0,1420.0,0.14728301763534546
1576,roi_restricted_dot_center_candidate,1509.0,882.0,0.14728301763534546
1577,roi_restricted_dot_center_candidate,1337.0,858.0,0.14728301763534546
1578,roi_restricted_dot_center_candidate,1394.0,1385.0,0.14728300273418427
1579,roi_restricted_dot_center_candidate,1427.0,862.0,0.14728300273418427
1580,roi_restricted_dot_center_candidate,1483.0,1074.0,0.14716008305549622
1581,roi_restricted_dot_center_candidate,1539.0,786.0,0.14716008305549622
1582,roi_restricted_dot_center_candidate,1453.0,1600.0,0.14716006815433502
1583,roi_restricted_dot_center_candidate,1440.0,1595.0,0.14716006815433502
1584,roi_restricted_dot_center_candidate,1355.0,1550.0,0.14716006815433502
1585,roi_restricted_dot_center_candidate,1294.0,1483.0,0.14716006815433502
1586,roi_restricted_dot_center_candidate,1325.0,1356.0,0.14716006815433502
1587,roi_restricted_dot_center_candidate,1456.0,1025.0,0.14716006815433502
1588,roi_restricted_dot_center_candidate,1494.0,1577.0,0.14703713357448578
1589,roi_restricted_dot_center_candidate,1381.0,1438.0,0.14703713357448578
1590,roi_restricted_dot_center_candidate,1327.0,910.0,0.14703713357448578
1591,roi_restricted_dot_center_candidate,1481.0,800.0,0.14703713357448578
1592,roi_restricted_dot_center_candidate,1295.0,1550.0,0.14703711867332458
1593,roi_restricted_dot_center_candidate,1278.0,1237.0,0.14703711867332458
1594,roi_restricted_dot_center_candidate,1539.0,1382.0,0.14691418409347534
1595,roi_restricted_dot_center_candidate,1355.0,1170.0,0.14691418409347534
1596,roi_restricted_dot_center_candidate,1511.0,1010.0,0.14691418409347534
1597,roi_restricted_dot_center_candidate,1483.0,998.0,0.14691418409347534
1598,roi_restricted_dot_center_candidate,1411.0,1454.0,0.1467912495136261
1599,roi_restricted_dot_center_candidate,1483.0,1338.0,0.1467912495136261
1600,roi_restricted_dot_center_candidate,1385.0,798.0,0.1467912346124649
1601,roi_restricted_dot_center_candidate,1352.0,1285.0,0.14666831493377686
1602,roi_restricted_dot_center_candidate,1341.0,814.0,0.14666831493377686
1603,roi_restricted_dot_center_candidate,1440.0,1465.0,0.14666830003261566
1604,roi_restricted_dot_center_candidate,1507.0,1418.0,0.14666830003261566
1605,roi_restricted_dot_center_candidate,1411.0,848.0,0.14666830003261566
1606,roi_restricted_dot_center_candidate,1325.0,1438.0,0.14654536545276642
1607,roi_restricted_dot_center_candidate,1467.0,1350.0,0.14654536545276642
1608,roi_restricted_dot_center_candidate,1526.0,1335.0,0.14654536545276642
1609,roi_restricted_dot_center_candidate,1467.0,1058.0,0.14654536545276642
1610,roi_restricted_dot_center_candidate,1525.0,930.0,0.14654536545276642
1611,roi_restricted_dot_center_candidate,1015.0,710.0,0.14654535055160522
1612,roi_restricted_dot_center_candidate,1539.0,1108.0,0.14629948139190674
1613,roi_restricted_dot_center_candidate,1385.0,1040.0,0.14629948139190674
1614,roi_restricted_dot_center_candidate,1440.0,883.0,0.14629948139190674
1615,roi_restricted_dot_center_candidate,1551.0,980.0,0.1461765468120575
1616,roi_restricted_dot_center_candidate,1523.0,834.0,0.1461765468120575
