candidate_rank,orientation,screen_A_to_D_machine_parts,part,layer_z,stage,led,filter,registered_column_1_based,sample_count,in_frame_fraction,valid_fraction,pearson_r,spearman_r,abs_spearman_r
1,mirror_rotate_90,part01;part02;part03;part04,part01,25,A,1,original,20,126,1.0,0.019805092738132662,0.09464495041822579,0.06649986390488413,0.06649986390488413
1,mirror_rotate_90,part01;part02;part03;part04,part01,25,A,1,mean3,21,126,1.0,0.019805092738132662,0.0547973298770656,-0.001997059699688777,0.001997059699688777
1,mirror_rotate_90,part01;part02;part03;part04,part01,25,A,1,mean5,22,126,1.0,0.019805092738132662,0.029983476613605682,-0.04892913581517438,0.04892913581517438
1,mirror_rotate_90,part01;part02;part03;part04,part01,25,A,2,original,23,2072,1.0,0.32568374724929267,-0.01608595058554937,-0.016704691529443233,0.016704691529443233
1,mirror_rotate_90,part01;part02;part03;part04,part01,25,A,2,mean3,24,2072,1.0,0.32568374724929267,-0.00959409271869194,-0.007342956480153507,0.007342956480153507
1,mirror_rotate_90,part01;part02;part03;part04,part01,25,A,2,mean5,25,2072,1.0,0.32568374724929267,-0.0029881502717182397,0.006881310083873356,0.006881310083873356
1,mirror_rotate_90,part01;part02;part03;part04,part01,25,A,3,original,26,6362,1.0,1.0,0.034673763014454045,0.026372288964529565,0.026372288964529565
1,mirror_rotate_90,part01;part02;part03;part04,part01,25,A,3,mean3,27,6362,1.0,1.0,0.040542148938002016,0.03288438312374998,0.03288438312374998
1,mirror_rotate_90,part01;part02;part03;part04,part01,25,A,3,mean5,28,6362,1.0,1.0,0.045412268733244436,0.03819750677267749,0.03819750677267749
1,mirror_rotate_90,part01;part02;part03;part04,part01,25,B,1,original,29,3659,1.0,0.5751336057843446,0.09584758131423783,0.05803775006001527,0.05803775006001527
1,mirror_rotate_90,part01;part02;part03;part04,part01,25,B,1,mean3,30,3659,1.0,0.5751336057843446,0.09523256786072172,0.054487002228637345,0.054487002228637345
1,mirror_rotate_90,part01;part02;part03;part04,part01,25,B,1,mean5,31,3659,1.0,0.5751336057843446,0.09409153735842143,0.04960583404036611,0.04960583404036611
1,mirror_rotate_90,part01;part02;part03;part04,part01,25,B,2,original,32,6032,1.0,0.9481295190191764,0.2954543721732453,0.4228601006133237,0.4228601006133237
1,mirror_rotate_90,part01;part02;part03;part04,part01,25,B,2,mean3,33,6032,1.0,0.9481295190191764,0.30048563562283415,0.4365172973519681,0.4365172973519681
1,mirror_rotate_90,part01;part02;part03;part04,part01,25,B,2,mean5,34,6032,1.0,0.9481295190191764,0.3066951689450501,0.45215751494228695,0.45215751494228695
1,mirror_rotate_90,part01;part02;part03;part04,part01,25,B,3,original,35,6355,1.0,0.9988997170701037,0.6950880323699905,0.3997886457776994,0.3997886457776994
1,mirror_rotate_90,part01;part02;part03;part04,part01,25,B,3,mean3,36,6355,1.0,0.9988997170701037,0.7102789870524302,0.4080691432602477,0.4080691432602477
1,mirror_rotate_90,part01;part02;part03;part04,part01,25,B,3,mean5,37,6355,1.0,0.9988997170701037,0.7257473287763823,0.42074057059527953,0.42074057059527953
1,mirror_rotate_90,part01;part02;part03;part04,part02,25,A,1,original,20,216,1.0,0.033951587551084565,-0.04299816793658112,-0.015127204520636121,0.015127204520636121
1,mirror_rotate_90,part01;part02;part03;part04,part02,25,A,1,mean3,21,216,1.0,0.033951587551084565,-0.005802173896202075,0.04450349524144426,0.04450349524144426
1,mirror_rotate_90,part01;part02;part03;part04,part02,25,A,1,mean5,22,216,1.0,0.033951587551084565,0.008552362246465006,0.03570303814626275,0.03570303814626275
1,mirror_rotate_90,part01;part02;part03;part04,part02,25,A,2,original,23,4480,1.0,0.7041810751336058,-0.10705437533317472,-0.09724432436335104,0.09724432436335104
1,mirror_rotate_90,part01;part02;part03;part04,part02,25,A,2,mean3,24,4480,1.0,0.7041810751336058,-0.11648115650410287,-0.10480425661135956,0.10480425661135956
1,mirror_rotate_90,part01;part02;part03;part04,part02,25,A,2,mean5,25,4480,1.0,0.7041810751336058,-0.12394717031100384,-0.11222418857306041,0.11222418857306041
1,mirror_rotate_90,part01;part02;part03;part04,part02,25,A,3,original,26,6362,1.0,1.0,-0.004176556800102164,-0.0006956882701075121,0.0006956882701075121
1,mirror_rotate_90,part01;part02;part03;part04,part02,25,A,3,mean3,27,6362,1.0,1.0,-0.004934248833921048,-0.0019008120660007498,0.0019008120660007498
1,mirror_rotate_90,part01;part02;part03;part04,part02,25,A,3,mean5,28,6362,1.0,1.0,-0.005483017961323985,-0.0024114807026446626,0.0024114807026446626
1,mirror_rotate_90,part01;part02;part03;part04,part02,25,B,1,original,29,4650,1.0,0.7309022320025149,0.25325899583340084,0.1998069922814651,0.1998069922814651
1,mirror_rotate_90,part01;part02;part03;part04,part02,25,B,1,mean3,30,4650,1.0,0.7309022320025149,0.2564223928702848,0.20014142391775638,0.20014142391775638
1,mirror_rotate_90,part01;part02;part03;part04,part02,25,B,1,mean5,31,4650,1.0,0.7309022320025149,0.2577966001429544,0.19952284344317633,0.19952284344317633
1,mirror_rotate_90,part01;part02;part03;part04,part02,25,B,2,original,32,6295,1.0,0.9894687205281358,0.49613052797504426,0.5646141740327383,0.5646141740327383
1,mirror_rotate_90,part01;part02;part03;part04,part02,25,B,2,mean3,33,6295,1.0,0.9894687205281358,0.5103793959378542,0.5775357480630162,0.5775357480630162
1,mirror_rotate_90,part01;part02;part03;part04,part02,25,B,2,mean5,34,6295,1.0,0.9894687205281358,0.5233049920206726,0.592136146359475,0.592136146359475
1,mirror_rotate_90,part01;part02;part03;part04,part02,25,B,3,original,35,6356,1.0,0.9990569003458032,0.7015571054512945,0.45347009448836256,0.45347009448836256
1,mirror_rotate_90,part01;part02;part03;part04,part02,25,B,3,mean3,36,6356,1.0,0.9990569003458032,0.7194401458146487,0.4604316565697604,0.4604316565697604
1,mirror_rotate_90,part01;part02;part03;part04,part02,25,B,3,mean5,37,6356,1.0,0.9990569003458032,0.7371476338346153,0.4689830164968821,0.4689830164968821
1,mirror_rotate_90,part01;part02;part03;part04,part03,25,A,1,original,20,932,1.0,0.14649481295190192,-0.026525882742674124,0.01083146283076302,0.01083146283076302
1,mirror_rotate_90,part01;part02;part03;part04,part03,25,A,1,mean3,21,932,1.0,0.14649481295190192,-0.019451769116169602,0.0029198244047677845,0.0029198244047677845
1,mirror_rotate_90,part01;part02;part03;part04,part03,25,A,1,mean5,22,932,1.0,0.14649481295190192,-0.012823907097551792,0.024670813535196724,0.024670813535196724
1,mirror_rotate_90,part01;part02;part03;part04,part03,25,A,2,original,23,5747,1.0,0.9033322854448287,-0.02066045581896005,-0.01665405140596885,0.01665405140596885
1,mirror_rotate_90,part01;part02;part03;part04,part03,25,A,2,mean3,24,5747,1.0,0.9033322854448287,-0.02175315217708547,-0.01499562174734885,0.01499562174734885
1,mirror_rotate_90,part01;part02;part03;part04,part03,25,A,2,mean5,25,5747,1.0,0.9033322854448287,-0.03077855927512036,-0.018095503202888618,0.018095503202888618
1,mirror_rotate_90,part01;part02;part03;part04,part03,25,A,3,original,26,6362,1.0,1.0,0.01525125363545084,0.0067701175030806466,0.0067701175030806466
1,mirror_rotate_90,part01;part02;part03;part04,part03,25,A,3,mean3,27,6362,1.0,1.0,0.013829592061232457,0.007221758267161462,0.007221758267161462
1,mirror_rotate_90,part01;part02;part03;part04,part03,25,A,3,mean5,28,6362,1.0,1.0,0.007046482404129951,-0.0027841782673827713,0.0027841782673827713
1,mirror_rotate_90,part01;part02;part03;part04,part03,25,B,1,original,29,5094,1.0,0.8006916064130777,0.38220354170434456,0.35362300319330553,0.35362300319330553
1,mirror_rotate_90,part01;part02;part03;part04,part03,25,B,1,mean3,30,5094,1.0,0.8006916064130777,0.3863439080178909,0.35702026378719853,0.35702026378719853
1,mirror_rotate_90,part01;part02;part03;part04,part03,25,B,1,mean5,31,5094,1.0,0.8006916064130777,0.3881626996731405,0.3583563506468105,0.3583563506468105
1,mirror_rotate_90,part01;part02;part03;part04,part03,25,B,2,original,32,6346,1.0,0.9974850675888085,0.4728924364144668,0.5655344148264986,0.5655344148264986
1,mirror_rotate_90,part01;part02;part03;part04,part03,25,B,2,mean3,33,6346,1.0,0.9974850675888085,0.48272884421332884,0.5815229661561495,0.5815229661561495
1,mirror_rotate_90,part01;part02;part03;part04,part03,25,B,2,mean5,34,6346,1.0,0.9974850675888085,0.4941388949962468,0.6001520478618533,0.6001520478618533
1,mirror_rotate_90,part01;part02;part03;part04,part03,25,B,3,original,35,6351,1.0,0.9982709839673058,0.6335637522728182,0.4148982349464452,0.4148982349464452
1,mirror_rotate_90,part01;part02;part03;part04,part03,25,B,3,mean3,36,6351,1.0,0.9982709839673058,0.6481132319065178,0.4226104198076497,0.4226104198076497
1,mirror_rotate_90,part01;part02;part03;part04,part03,25,B,3,mean5,37,6351,1.0,0.9982709839673058,0.6629565850713734,0.43215623499965317,0.43215623499965317
1,mirror_rotate_90,part01;part02;part03;part04,part04,25,A,1,original,20,3667,1.0,0.5763910719899402,0.05271415149311625,0.05801163117577193,0.05801163117577193
1,mirror_rotate_90,part01;part02;part03;part04,part04,25,A,1,mean3,21,3667,1.0,0.5763910719899402,0.04953315864901761,0.054613633467093636,0.054613633467093636
1,mirror_rotate_90,part01;part02;part03;part04,part04,25,A,1,mean5,22,3667,1.0,0.5763910719899402,0.057339745207662954,0.058897921181609046,0.058897921181609046
1,mirror_rotate_90,part01;part02;part03;part04,part04,25,A,2,original,23,6240,1.0,0.9808236403646652,0.044310568157103325,0.03817552782877391,0.03817552782877391
1,mirror_rotate_90,part01;part02;part03;part04,part04,25,A,2,mean3,24,6240,1.0,0.9808236403646652,0.04881024805530424,0.034413839391368925,0.034413839391368925
1,mirror_rotate_90,part01;part02;part03;part04,part04,25,A,2,mean5,25,6240,1.0,0.9808236403646652,0.04800906056490275,0.02948220411579334,0.02948220411579334
1,mirror_rotate_90,part01;part02;part03;part04,part04,25,A,3,original,26,6361,1.0,0.9998428167243005,-0.03786971809259968,-0.032352377421669506,0.032352377421669506
1,mirror_rotate_90,part01;part02;part03;part04,part04,25,A,3,mean3,27,6361,1.0,0.9998428167243005,-0.041269601290679137,-0.034130391894856005,0.034130391894856005
1,mirror_rotate_90,part01;part02;part03;part04,part04,25,A,3,mean5,28,6361,1.0,0.9998428167243005,-0.041106186036444385,-0.03181437088076354,0.03181437088076354
1,mirror_rotate_90,part01;part02;part03;part04,part04,25,B,1,original,29,5292,1.0,0.8318138950015719,0.2510258869751048,0.2645754927557377,0.2645754927557377
1,mirror_rotate_90,part01;part02;part03;part04,part04,25,B,1,mean3,30,5292,1.0,0.8318138950015719,0.2561016325027935,0.265993201881208,0.265993201881208
1,mirror_rotate_90,part01;part02;part03;part04,part04,25,B,1,mean5,31,5292,1.0,0.8318138950015719,0.2564312447023448,0.26003721987024175,0.26003721987024175
1,mirror_rotate_90,part01;part02;part03;part04,part04,25,B,2,original,32,6355,1.0,0.9988997170701037,0.427050145415562,0.4813684513598008,0.4813684513598008
1,mirror_rotate_90,part01;part02;part03;part04,part04,25,B,2,mean3,33,6355,1.0,0.9988997170701037,0.4302930968870643,0.49046415377802294,0.49046415377802294
1,mirror_rotate_90,part01;part02;part03;part04,part04,25,B,2,mean5,34,6355,1.0,0.9988997170701037,0.43153597876213334,0.4983500329041339,0.4983500329041339
1,mirror_rotate_90,part01;part02;part03;part04,part04,25,B,3,original,35,6264,1.0,0.9845960389814524,0.5523182027141328,0.3105636651792573,0.3105636651792573
1,mirror_rotate_90,part01;part02;part03;part04,part04,25,B,3,mean3,36,6264,1.0,0.9845960389814524,0.5609755602802926,0.31494737934877765,0.31494737934877765
1,mirror_rotate_90,part01;part02;part03;part04,part04,25,B,3,mean5,37,6264,1.0,0.9845960389814524,0.5724323997804104,0.32230822597719755,0.32230822597719755
1,mirror_rotate_90,part01;part02;part03;part04,part01,50,A,1,original,20,129,1.0,0.024157303370786518,-0.07569572479649374,-0.047606074885961226,0.047606074885961226
1,mirror_rotate_90,part01;part02;part03;part04,part01,50,A,1,mean3,21,129,1.0,0.024157303370786518,-0.09802855970443944,-0.06650656171010724,0.06650656171010724
1,mirror_rotate_90,part01;part02;part03;part04,part01,50,A,1,mean5,22,129,1.0,0.024157303370786518,-0.14045052959079984,-0.15814421653531652,0.15814421653531652
1,mirror_rotate_90,part01;part02;part03;part04,part01,50,A,2,original,23,1868,1.0,0.349812734082397,-0.02148889044456289,-0.026359121628987407,0.026359121628987407
1,mirror_rotate_90,part01;part02;part03;part04,part01,50,A,2,mean3,24,1868,1.0,0.349812734082397,-0.029154368601241216,-0.03468510016693422,0.03468510016693422
1,mirror_rotate_90,part01;part02;part03;part04,part01,50,A,2,mean5,25,1868,1.0,0.349812734082397,-0.03182748822642522,-0.03746067554553288,0.03746067554553288
1,mirror_rotate_90,part01;part02;part03;part04,part01,50,A,3,original,26,5340,1.0,1.0,-0.034732925872484104,-0.0539717196010132,0.0539717196010132
1,mirror_rotate_90,part01;part02;part03;part04,part01,50,A,3,mean3,27,5340,1.0,1.0,-0.0477192189676484,-0.06488941670547747,0.06488941670547747
1,mirror_rotate_90,part01;part02;part03;part04,part01,50,A,3,mean5,28,5340,1.0,1.0,-0.05917435643628488,-0.08001306756239854,0.08001306756239854
1,mirror_rotate_90,part01;part02;part03;part04,part01,50,B,1,original,29,1475,1.0,0.2762172284644195,-0.16860571172398606,-0.164707579872531,0.164707579872531
1,mirror_rotate_90,part01;part02;part03;part04,part01,50,B,1,mean3,30,1475,1.0,0.2762172284644195,-0.16863019621206793,-0.16715802546223768,0.16715802546223768
1,mirror_rotate_90,part01;part02;part03;part04,part01,50,B,1,mean5,31,1475,1.0,0.2762172284644195,-0.17427050702782476,-0.17503892720383948,0.17503892720383948
1,mirror_rotate_90,part01;part02;part03;part04,part01,50,B,2,original,32,4298,1.0,0.8048689138576779,-0.15820097823225643,-0.18952972534051774,0.18952972534051774
1,mirror_rotate_90,part01;part02;part03;part04,part01,50,B,2,mean3,33,4298,1.0,0.8048689138576779,-0.165694053374103,-0.192053273401351,0.192053273401351
1,mirror_rotate_90,part01;part02;part03;part04,part01,50,B,2,mean5,34,4298,1.0,0.8048689138576779,-0.1747699892267356,-0.197224243654487,0.197224243654487
1,mirror_rotate_90,part01;part02;part03;part04,part01,50,B,3,original,35,5171,1.0,0.9683520599250937,0.11978365400627244,0.11387153885384678,0.11387153885384678
1,mirror_rotate_90,part01;part02;part03;part04,part01,50,B,3,mean3,36,5171,1.0,0.9683520599250937,0.12428852781042699,0.1169210305238392,0.1169210305238392
1,mirror_rotate_90,part01;part02;part03;part04,part01,50,B,3,mean5,37,5171,1.0,0.9683520599250937,0.1291027027993971,0.12079075407106302,0.12079075407106302
1,mirror_rotate_90,part01;part02;part03;part04,part02,50,A,1,original,20,388,1.0,0.07265917602996255,0.04928342299753783,0.048282294213089265,0.048282294213089265
1,mirror_rotate_90,part01;part02;part03;part04,part02,50,A,1,mean3,21,388,1.0,0.07265917602996255,0.05241792687132762,0.08620269035346025,0.08620269035346025
1,mirror_rotate_90,part01;part02;part03;part04,part02,50,A,1,mean5,22,388,1.0,0.07265917602996255,0.0017151205793894048,0.04058140190698492,0.04058140190698492
1,mirror_rotate_90,part01;part02;part03;part04,part02,50,A,2,original,23,3806,1.0,0.7127340823970038,-0.034387986905917996,-0.03791375640609286,0.03791375640609286
1,mirror_rotate_90,part01;part02;part03;part04,part02,50,A,2,mean3,24,3806,1.0,0.7127340823970038,-0.04939843311198533,-0.052417438557253504,0.052417438557253504
1,mirror_rotate_90,part01;part02;part03;part04,part02,50,A,2,mean5,25,3806,1.0,0.7127340823970038,-0.0720438508355246,-0.07355318199258007,0.07355318199258007
1,mirror_rotate_90,part01;part02;part03;part04,part02,50,A,3,original,26,5336,1.0,0.9992509363295881,0.016663706923936455,-0.012507827797750518,0.012507827797750518
1,mirror_rotate_90,part01;part02;part03;part04,part02,50,A,3,mean3,27,5336,1.0,0.9992509363295881,0.01867565941142029,-0.013212782890302883,0.013212782890302883
1,mirror_rotate_90,part01;part02;part03;part04,part02,50,A,3,mean5,28,5336,1.0,0.9992509363295881,0.016878189040042717,-0.015340685328916904,0.015340685328916904
1,mirror_rotate_90,part01;part02;part03;part04,part02,50,B,1,original,29,2544,1.0,0.4764044943820225,-0.031160071158181257,-0.01798846450993954,0.01798846450993954
1,mirror_rotate_90,part01;part02;part03;part04,part02,50,B,1,mean3,30,2544,1.0,0.4764044943820225,-0.030184874083603,-0.018249173280680937,0.018249173280680937
1,mirror_rotate_90,part01;part02;part03;part04,part02,50,B,1,mean5,31,2544,1.0,0.4764044943820225,-0.036385782226712134,-0.025971206607507562,0.025971206607507562
1,mirror_rotate_90,part01;part02;part03;part04,part02,50,B,2,original,32,4953,1.0,0.9275280898876405,-0.13565468530371316,-0.17787205455121383,0.17787205455121383
1,mirror_rotate_90,part01;part02;part03;part04,part02,50,B,2,mean3,33,4953,1.0,0.9275280898876405,-0.14050164772256446,-0.18116488812437917,0.18116488812437917
1,mirror_rotate_90,part01;part02;part03;part04,part02,50,B,2,mean5,34,4953,1.0,0.9275280898876405,-0.15047714070587553,-0.18701060727879834,0.18701060727879834
1,mirror_rotate_90,part01;part02;part03;part04,part02,50,B,3,original,35,5094,1.0,0.9539325842696629,0.07049900415724866,0.08605378451129246,0.08605378451129246
1,mirror_rotate_90,part01;part02;part03;part04,part02,50,B,3,mean3,36,5094,1.0,0.9539325842696629,0.06642159856371288,0.07806317335397674,0.07806317335397674
1,mirror_rotate_90,part01;part02;part03;part04,part02,50,B,3,mean5,37,5094,1.0,0.9539325842696629,0.06161481776867317,0.07002639233310871,0.07002639233310871
1,mirror_rotate_90,part01;part02;part03;part04,part03,50,A,1,original,20,970,1.0,0.18164794007490637,0.0006374606449652299,-0.015232015362018712,0.015232015362018712
1,mirror_rotate_90,part01;part02;part03;part04,part03,50,A,1,mean3,21,970,1.0,0.18164794007490637,-0.014852623952371963,-0.030915584856016677,0.030915584856016677
1,mirror_rotate_90,part01;part02;part03;part04,part03,50,A,1,mean5,22,970,1.0,0.18164794007490637,-0.007661198913322634,-0.008690388522482233,0.008690388522482233
1,mirror_rotate_90,part01;part02;part03;part04,part03,50,A,2,original,23,4741,1.0,0.8878277153558053,-0.11860536299010656,-0.09898693563058525,0.09898693563058525
1,mirror_rotate_90,part01;part02;part03;part04,part03,50,A,2,mean3,24,4741,1.0,0.8878277153558053,-0.13726950774734123,-0.11497197695343202,0.11497197695343202
1,mirror_rotate_90,part01;part02;part03;part04,part03,50,A,2,mean5,25,4741,1.0,0.8878277153558053,-0.14889776157983695,-0.12356997336438277,0.12356997336438277
1,mirror_rotate_90,part01;part02;part03;part04,part03,50,A,3,original,26,5336,1.0,0.9992509363295881,0.02795478251638354,-0.001760321663557716,0.001760321663557716
1,mirror_rotate_90,part01;part02;part03;part04,part03,50,A,3,mean3,27,5336,1.0,0.9992509363295881,0.033081458673505655,-0.00012051971038730947,0.00012051971038730947
1,mirror_rotate_90,part01;part02;part03;part04,part03,50,A,3,mean5,28,5336,1.0,0.9992509363295881,0.03957784719576819,0.002845828862003934,0.002845828862003934
1,mirror_rotate_90,part01;part02;part03;part04,part03,50,B,1,original,29,3219,1.0,0.602808988764045,-0.18455059647546865,-0.18681458549707028,0.18681458549707028
1,mirror_rotate_90,part01;part02;part03;part04,part03,50,B,1,mean3,30,3219,1.0,0.602808988764045,-0.19788596530290012,-0.19962064192610518,0.19962064192610518
1,mirror_rotate_90,part01;part02;part03;part04,part03,50,B,1,mean5,31,3219,1.0,0.602808988764045,-0.2121572677902557,-0.21431170470890817,0.21431170470890817
1,mirror_rotate_90,part01;part02;part03;part04,part03,50,B,2,original,32,5173,1.0,0.9687265917602996,-0.10636682331321877,-0.1594509799975546,0.1594509799975546
1,mirror_rotate_90,part01;part02;part03;part04,part03,50,B,2,mean3,33,5173,1.0,0.9687265917602996,-0.11423700916147055,-0.1666265125979246,0.1666265125979246
1,mirror_rotate_90,part01;part02;part03;part04,part03,50,B,2,mean5,34,5173,1.0,0.9687265917602996,-0.12548045595207136,-0.17318253401498593,0.17318253401498593
1,mirror_rotate_90,part01;part02;part03;part04,part03,50,B,3,original,35,4922,1.0,0.9217228464419476,0.04456136059965272,0.05269541580392511,0.05269541580392511
1,mirror_rotate_90,part01;part02;part03;part04,part03,50,B,3,mean3,36,4922,1.0,0.9217228464419476,0.04884934748134346,0.06112579711658425,0.06112579711658425
1,mirror_rotate_90,part01;part02;part03;part04,part03,50,B,3,mean5,37,4922,1.0,0.9217228464419476,0.05157804396754772,0.06736542940029293,0.06736542940029293
1,mirror_rotate_90,part01;part02;part03;part04,part04,50,A,1,original,20,3239,1.0,0.6065543071161049,0.0361574155785648,0.0273183783197855,0.0273183783197855
1,mirror_rotate_90,part01;part02;part03;part04,part04,50,A,1,mean3,21,3239,1.0,0.6065543071161049,0.02188087717095389,0.015519452786096982,0.015519452786096982
1,mirror_rotate_90,part01;part02;part03;part04,part04,50,A,1,mean5,22,3239,1.0,0.6065543071161049,0.0020680850174493136,0.0015530547792412237,0.0015530547792412237
1,mirror_rotate_90,part01;part02;part03;part04,part04,50,A,2,original,23,5216,1.0,0.9767790262172285,-0.039890028332413556,-0.016985618118462734,0.016985618118462734
1,mirror_rotate_90,part01;part02;part03;part04,part04,50,A,2,mean3,24,5216,1.0,0.9767790262172285,-0.037899914512426094,-0.014691292915434098,0.014691292915434098
1,mirror_rotate_90,part01;part02;part03;part04,part04,50,A,2,mean5,25,5216,1.0,0.9767790262172285,-0.033935812236900696,-0.01572880114699406,0.01572880114699406
1,mirror_rotate_90,part01;part02;part03;part04,part04,50,A,3,original,26,5338,1.0,0.999625468164794,-0.07210035765442892,-0.07634552185630439,0.07634552185630439
1,mirror_rotate_90,part01;part02;part03;part04,part04,50,A,3,mean3,27,5338,1.0,0.999625468164794,-0.08417293520650641,-0.08819837131553715,0.08819837131553715
1,mirror_rotate_90,part01;part02;part03;part04,part04,50,A,3,mean5,28,5338,1.0,0.999625468164794,-0.10211584048294577,-0.10309907817799825,0.10309907817799825
1,mirror_rotate_90,part01;part02;part03;part04,part04,50,B,1,original,29,3734,1.0,0.699250936329588,-0.1131369790621092,-0.06446065145468372,0.06446065145468372
1,mirror_rotate_90,part01;part02;part03;part04,part04,50,B,1,mean3,30,3734,1.0,0.699250936329588,-0.12292921624898391,-0.07444008953017017,0.07444008953017017
1,mirror_rotate_90,part01;part02;part03;part04,part04,50,B,1,mean5,31,3734,1.0,0.699250936329588,-0.14065952091471529,-0.09457269508196224,0.09457269508196224
1,mirror_rotate_90,part01;part02;part03;part04,part04,50,B,2,original,32,5282,1.0,0.9891385767790262,-0.1383819762064073,-0.1697077379186771,0.1697077379186771
1,mirror_rotate_90,part01;part02;part03;part04,part04,50,B,2,mean3,33,5282,1.0,0.9891385767790262,-0.14566806070048416,-0.17809839516263123,0.17809839516263123
1,mirror_rotate_90,part01;part02;part03;part04,part04,50,B,2,mean5,34,5282,1.0,0.9891385767790262,-0.1550286694023973,-0.18950998940653146,0.18950998940653146
1,mirror_rotate_90,part01;part02;part03;part04,part04,50,B,3,original,35,4662,1.0,0.8730337078651685,0.007524409714454878,-0.01220054530621063,0.01220054530621063
1,mirror_rotate_90,part01;part02;part03;part04,part04,50,B,3,mean3,36,4662,1.0,0.8730337078651685,0.003348578024395022,-0.015388179305308025,0.015388179305308025
1,mirror_rotate_90,part01;part02;part03;part04,part04,50,B,3,mean5,37,4662,1.0,0.8730337078651685,-0.0022252196240578168,-0.019169817184736808,0.019169817184736808
1,mirror_rotate_90,part01;part02;part03;part04,part01,75,A,1,original,20,123,1.0,0.03367095537914043,-0.07106384326298856,0.03115191786867863,0.03115191786867863
1,mirror_rotate_90,part01;part02;part03;part04,part01,75,A,1,mean3,21,123,1.0,0.03367095537914043,-0.10922922702696919,-0.04725452863197202,0.04725452863197202
1,mirror_rotate_90,part01;part02;part03;part04,part01,75,A,1,mean5,22,123,1.0,0.03367095537914043,-0.13031555294099617,-0.06833512964919367,0.06833512964919367
1,mirror_rotate_90,part01;part02;part03;part04,part01,75,A,2,original,23,1713,1.0,0.4689296468655899,0.043830033037876644,0.04165540516560206,0.04165540516560206
1,mirror_rotate_90,part01;part02;part03;part04,part01,75,A,2,mean3,24,1713,1.0,0.4689296468655899,0.0444218429704269,0.03886520732795942,0.03886520732795942
1,mirror_rotate_90,part01;part02;part03;part04,part01,75,A,2,mean5,25,1713,1.0,0.4689296468655899,0.04392190273691003,0.03234243179342234,0.03234243179342234
1,mirror_rotate_90,part01;part02;part03;part04,part01,75,A,3,original,26,3652,1.0,0.9997262523952916,-0.052813868783871655,-0.06419620822699089,0.06419620822699089
1,mirror_rotate_90,part01;part02;part03;part04,part01,75,A,3,mean3,27,3652,1.0,0.9997262523952916,-0.05325158815126149,-0.06664661490843608,0.06664661490843608
1,mirror_rotate_90,part01;part02;part03;part04,part01,75,A,3,mean5,28,3652,1.0,0.9997262523952916,-0.05921776724797189,-0.07583714371107597,0.07583714371107597
1,mirror_rotate_90,part01;part02;part03;part04,part01,75,B,1,original,29,979,1.0,0.2679989050095812,0.07431655221067615,0.06788402208666758,0.06788402208666758
1,mirror_rotate_90,part01;part02;part03;part04,part01,75,B,1,mean3,30,979,1.0,0.2679989050095812,0.07408170926016078,0.0679472786309674,0.0679472786309674
1,mirror_rotate_90,part01;part02;part03;part04,part01,75,B,1,mean5,31,979,1.0,0.2679989050095812,0.07723133122105051,0.07594312823138609,0.07594312823138609
1,mirror_rotate_90,part01;part02;part03;part04,part01,75,B,2,original,32,2987,1.0,0.8176840952641664,0.49537759770301165,0.56600279991355,0.56600279991355
1,mirror_rotate_90,part01;part02;part03;part04,part01,75,B,2,mean3,33,2987,1.0,0.8176840952641664,0.51767651831903,0.580675510471748,0.580675510471748
1,mirror_rotate_90,part01;part02;part03;part04,part01,75,B,2,mean5,34,2987,1.0,0.8176840952641664,0.5421072048281883,0.5987584850058789,0.5987584850058789
1,mirror_rotate_90,part01;part02;part03;part04,part01,75,B,3,original,35,3621,1.0,0.9912400766493293,0.5326305560028227,0.5520890541357016,0.5520890541357016
1,mirror_rotate_90,part01;part02;part03;part04,part01,75,B,3,mean3,36,3621,1.0,0.9912400766493293,0.5393424298664227,0.5617076818407626,0.5617076818407626
1,mirror_rotate_90,part01;part02;part03;part04,part01,75,B,3,mean5,37,3621,1.0,0.9912400766493293,0.5522687173445514,0.577051280361856,0.577051280361856
1,mirror_rotate_90,part01;part02;part03;part04,part02,75,A,1,original,20,175,1.0,0.04790583082398029,-0.007841876911482335,0.03764136833197986,0.03764136833197986
1,mirror_rotate_90,part01;part02;part03;part04,part02,75,A,1,mean3,21,175,1.0,0.04790583082398029,-0.030268171745651867,0.03820143552303723,0.03820143552303723
1,mirror_rotate_90,part01;part02;part03;part04,part02,75,A,1,mean5,22,175,1.0,0.04790583082398029,-0.05589882562379128,0.006338233745049773,0.006338233745049773
1,mirror_rotate_90,part01;part02;part03;part04,part02,75,A,2,original,23,2762,1.0,0.7560908842047632,-0.026055877210386102,-0.011897834851914733,0.011897834851914733
1,mirror_rotate_90,part01;part02;part03;part04,part02,75,A,2,mean3,24,2762,1.0,0.7560908842047632,-0.03445288013510304,-0.019660074241430625,0.019660074241430625
1,mirror_rotate_90,part01;part02;part03;part04,part02,75,A,2,mean5,25,2762,1.0,0.7560908842047632,-0.046172350307952775,-0.03158504382932673,0.03158504382932673
1,mirror_rotate_90,part01;part02;part03;part04,part02,75,A,3,original,26,3653,1.0,1.0,-0.02780433585690622,-0.041156182738847844,0.041156182738847844
1,mirror_rotate_90,part01;part02;part03;part04,part02,75,A,3,mean3,27,3653,1.0,1.0,-0.02757693151605289,-0.04457185927747335,0.04457185927747335
1,mirror_rotate_90,part01;part02;part03;part04,part02,75,A,3,mean5,28,3653,1.0,1.0,-0.036412596169081636,-0.05433686994202516,0.05433686994202516
1,mirror_rotate_90,part01;part02;part03;part04,part02,75,B,1,original,29,1331,1.0,0.3643580618669587,0.3441124821369438,0.3640916951823424,0.3640916951823424
1,mirror_rotate_90,part01;part02;part03;part04,part02,75,B,1,mean3,30,1331,1.0,0.3643580618669587,0.34947564727586455,0.373963676191149,0.373963676191149
1,mirror_rotate_90,part01;part02;part03;part04,part02,75,B,1,mean5,31,1331,1.0,0.3643580618669587,0.3575781089950888,0.39024062208496585,0.39024062208496585
1,mirror_rotate_90,part01;part02;part03;part04,part02,75,B,2,original,32,3379,1.0,0.9249931563098823,0.5647338408000051,0.6023269874818121,0.6023269874818121
1,mirror_rotate_90,part01;part02;part03;part04,part02,75,B,2,mean3,33,3379,1.0,0.9249931563098823,0.5850903084066841,0.6190650438222253,0.6190650438222253
1,mirror_rotate_90,part01;part02;part03;part04,part02,75,B,2,mean5,34,3379,1.0,0.9249931563098823,0.610412559987194,0.6400565477067427,0.6400565477067427
1,mirror_rotate_90,part01;part02;part03;part04,part02,75,B,3,original,35,3575,1.0,0.9786476868327402,0.5172536671243687,0.561398144266478,0.561398144266478
1,mirror_rotate_90,part01;part02;part03;part04,part02,75,B,3,mean3,36,3575,1.0,0.9786476868327402,0.5257859850076948,0.5709300585335731,0.5709300585335731
1,mirror_rotate_90,part01;part02;part03;part04,part02,75,B,3,mean5,37,3575,1.0,0.9786476868327402,0.537935987067696,0.5838999273353004,0.5838999273353004
1,mirror_rotate_90,part01;part02;part03;part04,part03,75,A,1,original,20,713,1.0,0.1951820421571311,-0.018287195614721218,-0.02290477474047497,0.02290477474047497
1,mirror_rotate_90,part01;part02;part03;part04,part03,75,A,1,mean3,21,713,1.0,0.1951820421571311,-0.03138797538588616,-0.060362029619600494,0.060362029619600494
1,mirror_rotate_90,part01;part02;part03;part04,part03,75,A,1,mean5,22,713,1.0,0.1951820421571311,-0.038429968098136744,-0.08868482752891918,0.08868482752891918
1,mirror_rotate_90,part01;part02;part03;part04,part03,75,A,2,original,23,3382,1.0,0.9258143991240076,-0.044701323574864484,-0.051439192505311086,0.051439192505311086
1,mirror_rotate_90,part01;part02;part03;part04,part03,75,A,2,mean3,24,3382,1.0,0.9258143991240076,-0.05401921056899098,-0.06088809049972287,0.06088809049972287
1,mirror_rotate_90,part01;part02;part03;part04,part03,75,A,2,mean5,25,3382,1.0,0.9258143991240076,-0.07166742499078288,-0.07326807804783911,0.07326807804783911
1,mirror_rotate_90,part01;part02;part03;part04,part03,75,A,3,original,26,3653,1.0,1.0,-0.01731215929441508,-0.030576479943640097,0.030576479943640097
1,mirror_rotate_90,part01;part02;part03;part04,part03,75,A,3,mean3,27,3653,1.0,1.0,-0.027226093079866086,-0.03537140298301662,0.03537140298301662
1,mirror_rotate_90,part01;part02;part03;part04,part03,75,A,3,mean5,28,3653,1.0,1.0,-0.04120899022424018,-0.04244000269307694,0.04244000269307694
1,mirror_rotate_90,part01;part02;part03;part04,part03,75,B,1,original,29,1693,1.0,0.46345469477142076,0.44319147394934005,0.4706938069069892,0.4706938069069892
1,mirror_rotate_90,part01;part02;part03;part04,part03,75,B,1,mean3,30,1693,1.0,0.46345469477142076,0.45303473968652724,0.4763770767129358,0.4763770767129358
1,mirror_rotate_90,part01;part02;part03;part04,part03,75,B,1,mean5,31,1693,1.0,0.46345469477142076,0.46501719743756326,0.4856073399021878,0.4856073399021878
1,mirror_rotate_90,part01;part02;part03;part04,part03,75,B,2,original,32,3537,1.0,0.9682452778538188,0.5634886722916619,0.5985175974588719,0.5985175974588719
1,mirror_rotate_90,part01;part02;part03;part04,part03,75,B,2,mean3,33,3537,1.0,0.9682452778538188,0.5857337073584133,0.6189597889901016,0.6189597889901016
1,mirror_rotate_90,part01;part02;part03;part04,part03,75,B,2,mean5,34,3537,1.0,0.9682452778538188,0.6136651842975652,0.6431056398586877,0.6431056398586877
1,mirror_rotate_90,part01;part02;part03;part04,part03,75,B,3,original,35,3442,1.0,0.9422392554065152,0.4984929182591321,0.5423588406862686,0.5423588406862686
1,mirror_rotate_90,part01;part02;part03;part04,part03,75,B,3,mean3,36,3442,1.0,0.9422392554065152,0.506308068913558,0.5540786846545122,0.5540786846545122
1,mirror_rotate_90,part01;part02;part03;part04,part03,75,B,3,mean5,37,3442,1.0,0.9422392554065152,0.5164141254264895,0.5661373904872254,0.5661373904872254
1,mirror_rotate_90,part01;part02;part03;part04,part04,75,A,1,original,20,2241,1.0,0.6134683821516562,-0.009012521264931815,-0.017507046969916746,0.017507046969916746
1,mirror_rotate_90,part01;part02;part03;part04,part04,75,A,1,mean3,21,2241,1.0,0.6134683821516562,-0.010121135426776576,-0.025047554648283316,0.025047554648283316
1,mirror_rotate_90,part01;part02;part03;part04,part04,75,A,1,mean5,22,2241,1.0,0.6134683821516562,-0.005162861240742461,-0.010817167735607197,0.010817167735607197
1,mirror_rotate_90,part01;part02;part03;part04,part04,75,A,2,original,23,3580,1.0,0.9800164248562825,-0.07347083372130653,-0.08741275578694807,0.08741275578694807
1,mirror_rotate_90,part01;part02;part03;part04,part04,75,A,2,mean3,24,3580,1.0,0.9800164248562825,-0.08468555382054666,-0.10495473810614177,0.10495473810614177
1,mirror_rotate_90,part01;part02;part03;part04,part04,75,A,2,mean5,25,3580,1.0,0.9800164248562825,-0.09423102413285522,-0.10737184962749562,0.10737184962749562
1,mirror_rotate_90,part01;part02;part03;part04,part04,75,A,3,original,26,3653,1.0,1.0,-0.016781598435404204,-0.019994504934132858,0.019994504934132858
1,mirror_rotate_90,part01;part02;part03;part04,part04,75,A,3,mean3,27,3653,1.0,1.0,-0.028621888389824792,-0.034805061957293215,0.034805061957293215
1,mirror_rotate_90,part01;part02;part03;part04,part04,75,A,3,mean5,28,3653,1.0,1.0,-0.04223309945531498,-0.05141051818589386,0.05141051818589386
1,mirror_rotate_90,part01;part02;part03;part04,part04,75,B,1,original,29,2044,1.0,0.5595401040240898,0.3488474535150476,0.45375769428770085,0.45375769428770085
1,mirror_rotate_90,part01;part02;part03;part04,part04,75,B,1,mean3,30,2044,1.0,0.5595401040240898,0.35801039691273123,0.470965738930973,0.470965738930973
1,mirror_rotate_90,part01;part02;part03;part04,part04,75,B,1,mean5,31,2044,1.0,0.5595401040240898,0.3720606677875975,0.48948073398547554,0.48948073398547554
1,mirror_rotate_90,part01;part02;part03;part04,part04,75,B,2,original,32,3607,1.0,0.9874076101834109,0.5879059524589455,0.6325433846252368,0.6325433846252368
1,mirror_rotate_90,part01;part02;part03;part04,part04,75,B,2,mean3,33,3607,1.0,0.9874076101834109,0.59952955155522,0.6385701794754755,0.6385701794754755
1,mirror_rotate_90,part01;part02;part03;part04,part04,75,B,2,mean5,34,3607,1.0,0.9874076101834109,0.6114337563216683,0.6457976016018352,0.6457976016018352
1,mirror_rotate_90,part01;part02;part03;part04,part04,75,B,3,original,35,3303,1.0,0.9041883383520394,0.45249600616494695,0.49715352529528084,0.49715352529528084
1,mirror_rotate_90,part01;part02;part03;part04,part04,75,B,3,mean3,36,3303,1.0,0.9041883383520394,0.4588751225007676,0.5010460875397158,0.5010460875397158
1,mirror_rotate_90,part01;part02;part03;part04,part04,75,B,3,mean5,37,3303,1.0,0.9041883383520394,0.47144467176776284,0.5111595113771337,0.5111595113771337
1,mirror_rotate_90,part01;part02;part03;part04,part01,100,A,1,original,20,65,1.0,0.01780821917808219,0.01161796481794906,0.08973383044068087,0.08973383044068087
1,mirror_rotate_90,part01;part02;part03;part04,part01,100,A,1,mean3,21,65,1.0,0.01780821917808219,0.053461664257314606,0.1423910705960179,0.1423910705960179
1,mirror_rotate_90,part01;part02;part03;part04,part01,100,A,1,mean5,22,65,1.0,0.01780821917808219,0.07307062459506818,0.16985786661541857,0.16985786661541857
1,mirror_rotate_90,part01;part02;part03;part04,part01,100,A,2,original,23,1364,1.0,0.3736986301369863,-0.049844574630640105,-0.040206065594042086,0.040206065594042086
1,mirror_rotate_90,part01;part02;part03;part04,part01,100,A,2,mean3,24,1364,1.0,0.3736986301369863,-0.0613245116087564,-0.053675272069634704,0.053675272069634704
1,mirror_rotate_90,part01;part02;part03;part04,part01,100,A,2,mean5,25,1364,1.0,0.3736986301369863,-0.061028493147716044,-0.051518776777041926,0.051518776777041926
1,mirror_rotate_90,part01;part02;part03;part04,part01,100,A,3,original,26,3650,1.0,1.0,0.027470004654123165,0.009807506786683745,0.009807506786683745
1,mirror_rotate_90,part01;part02;part03;part04,part01,100,A,3,mean3,27,3650,1.0,1.0,0.033365187846956454,0.012131830390721958,0.012131830390721958
1,mirror_rotate_90,part01;part02;part03;part04,part01,100,A,3,mean5,28,3650,1.0,1.0,0.03180269392133029,0.006305998188879683,0.006305998188879683
1,mirror_rotate_90,part01;part02;part03;part04,part01,100,B,1,original,29,609,1.0,0.16684931506849315,-0.3415287002440496,-0.3261262987521132,0.3261262987521132
1,mirror_rotate_90,part01;part02;part03;part04,part01,100,B,1,mean3,30,609,1.0,0.16684931506849315,-0.34308565307755223,-0.3307022212258688,0.3307022212258688
1,mirror_rotate_90,part01;part02;part03;part04,part01,100,B,1,mean5,31,609,1.0,0.16684931506849315,-0.3471569414771054,-0.33895114511352603,0.33895114511352603
1,mirror_rotate_90,part01;part02;part03;part04,part01,100,B,2,original,32,2469,1.0,0.6764383561643835,0.18984552027763493,0.2215077390369144,0.2215077390369144
1,mirror_rotate_90,part01;part02;part03;part04,part01,100,B,2,mean3,33,2469,1.0,0.6764383561643835,0.20009305515095932,0.22727043358580595,0.22727043358580595
1,mirror_rotate_90,part01;part02;part03;part04,part01,100,B,2,mean5,34,2469,1.0,0.6764383561643835,0.21531313564945742,0.23891277488016532,0.23891277488016532
1,mirror_rotate_90,part01;part02;part03;part04,part01,100,B,3,original,35,3531,1.0,0.9673972602739725,0.04985864519032474,0.060194903667434956,0.060194903667434956
1,mirror_rotate_90,part01;part02;part03;part04,part01,100,B,3,mean3,36,3531,1.0,0.9673972602739725,0.046325604404694014,0.05603306796226589,0.05603306796226589
1,mirror_rotate_90,part01;part02;part03;part04,part01,100,B,3,mean5,37,3531,1.0,0.9673972602739725,0.04297597409922,0.05359802278309983,0.05359802278309983
1,mirror_rotate_90,part01;part02;part03;part04,part02,100,A,1,original,20,96,1.0,0.0263013698630137,-0.06978205997731629,0.0383032593289085,0.0383032593289085
1,mirror_rotate_90,part01;part02;part03;part04,part02,100,A,1,mean3,21,96,1.0,0.0263013698630137,-0.0661540810329058,-0.0016944593793616297,0.0016944593793616297
1,mirror_rotate_90,part01;part02;part03;part04,part02,100,A,1,mean5,22,96,1.0,0.0263013698630137,-0.05672437132105346,-0.028600230358695338,0.028600230358695338
1,mirror_rotate_90,part01;part02;part03;part04,part02,100,A,2,original,23,2609,1.0,0.7147945205479452,0.03745963948896579,0.0017161361191110522,0.0017161361191110522
1,mirror_rotate_90,part01;part02;part03;part04,part02,100,A,2,mean3,24,2609,1.0,0.7147945205479452,0.04417198878187477,0.003254673924549408,0.003254673924549408
1,mirror_rotate_90,part01;part02;part03;part04,part02,100,A,2,mean5,25,2609,1.0,0.7147945205479452,0.053315221152654545,0.013472205705780413,0.013472205705780413
1,mirror_rotate_90,part01;part02;part03;part04,part02,100,A,3,original,26,3650,1.0,1.0,-0.01952245967910439,-0.013602458797042031,0.013602458797042031
1,mirror_rotate_90,part01;part02;part03;part04,part02,100,A,3,mean3,27,3650,1.0,1.0,-0.02113783280258482,-0.014966591372428752,0.014966591372428752
1,mirror_rotate_90,part01;part02;part03;part04,part02,100,A,3,mean5,28,3650,1.0,1.0,-0.024055146443842823,-0.020042810136024852,0.020042810136024852
1,mirror_rotate_90,part01;part02;part03;part04,part02,100,B,1,original,29,1143,1.0,0.31315068493150683,-0.026259382571352408,-0.03865755886152811,0.03865755886152811
1,mirror_rotate_90,part01;part02;part03;part04,part02,100,B,1,mean3,30,1143,1.0,0.31315068493150683,-0.028107358296343938,-0.04775390166583447,0.04775390166583447
1,mirror_rotate_90,part01;part02;part03;part04,part02,100,B,1,mean5,31,1143,1.0,0.31315068493150683,-0.034881642931000975,-0.05590572390301994,0.05590572390301994
1,mirror_rotate_90,part01;part02;part03;part04,part02,100,B,2,original,32,2971,1.0,0.813972602739726,0.08768400479172808,0.11203235881471232,0.11203235881471232
1,mirror_rotate_90,part01;part02;part03;part04,part02,100,B,2,mean3,33,2971,1.0,0.813972602739726,0.09584202654583517,0.11803269763068526,0.11803269763068526
1,mirror_rotate_90,part01;part02;part03;part04,part02,100,B,2,mean5,34,2971,1.0,0.813972602739726,0.10387737602996547,0.12439832555857626,0.12439832555857626
1,mirror_rotate_90,part01;part02;part03;part04,part02,100,B,3,original,35,3320,1.0,0.9095890410958904,0.04696474969819386,0.051208032681196884,0.051208032681196884
1,mirror_rotate_90,part01;part02;part03;part04,part02,100,B,3,mean3,36,3320,1.0,0.9095890410958904,0.0441613513658182,0.0497590519940959,0.0497590519940959
1,mirror_rotate_90,part01;part02;part03;part04,part02,100,B,3,mean5,37,3320,1.0,0.9095890410958904,0.039856282833126144,0.049240009821719735,0.049240009821719735
1,mirror_rotate_90,part01;part02;part03;part04,part03,100,A,1,original,20,590,1.0,0.16164383561643836,0.017411605816227797,0.0031833747268256666,0.0031833747268256666
1,mirror_rotate_90,part01;part02;part03;part04,part03,100,A,1,mean3,21,590,1.0,0.16164383561643836,-0.011311373765442872,-0.024223636451164734,0.024223636451164734
1,mirror_rotate_90,part01;part02;part03;part04,part03,100,A,1,mean5,22,590,1.0,0.16164383561643836,0.0019358172300757907,-0.01658033191994477,0.01658033191994477
1,mirror_rotate_90,part01;part02;part03;part04,part03,100,A,2,original,23,3371,1.0,0.9235616438356165,-0.0037937644525785387,-0.00524876202829201,0.00524876202829201
1,mirror_rotate_90,part01;part02;part03;part04,part03,100,A,2,mean3,24,3371,1.0,0.9235616438356165,-0.006949212782493443,-0.009292390583756447,0.009292390583756447
1,mirror_rotate_90,part01;part02;part03;part04,part03,100,A,2,mean5,25,3371,1.0,0.9235616438356165,-0.017177178317503577,-0.020221057046028133,0.020221057046028133
1,mirror_rotate_90,part01;part02;part03;part04,part03,100,A,3,original,26,3645,1.0,0.9986301369863013,-0.01783433968838517,-0.014021776109235908,0.014021776109235908
1,mirror_rotate_90,part01;part02;part03;part04,part03,100,A,3,mean3,27,3645,1.0,0.9986301369863013,-0.02208266692455144,-0.017068159759025498,0.017068159759025498
1,mirror_rotate_90,part01;part02;part03;part04,part03,100,A,3,mean5,28,3645,1.0,0.9986301369863013,-0.02136864775373527,-0.02322441836075355,0.02322441836075355
1,mirror_rotate_90,part01;part02;part03;part04,part03,100,B,1,original,29,1594,1.0,0.4367123287671233,0.21879165105041765,0.1866992937912294,0.1866992937912294
1,mirror_rotate_90,part01;part02;part03;part04,part03,100,B,1,mean3,30,1594,1.0,0.4367123287671233,0.22061950793933133,0.19072744804177766,0.19072744804177766
1,mirror_rotate_90,part01;part02;part03;part04,part03,100,B,1,mean5,31,1594,1.0,0.4367123287671233,0.2193730307091656,0.1853385154966674,0.1853385154966674
1,mirror_rotate_90,part01;part02;part03;part04,part03,100,B,2,original,32,3437,1.0,0.9416438356164384,0.11134348150864011,0.12620406572382564,0.12620406572382564
1,mirror_rotate_90,part01;part02;part03;part04,part03,100,B,2,mean3,33,3437,1.0,0.9416438356164384,0.11687641652718027,0.132254916656273,0.132254916656273
1,mirror_rotate_90,part01;part02;part03;part04,part03,100,B,2,mean5,34,3437,1.0,0.9416438356164384,0.124795008604523,0.139492689132603,0.139492689132603
1,mirror_rotate_90,part01;part02;part03;part04,part03,100,B,3,original,35,3124,1.0,0.8558904109589041,0.06664664063702085,0.06929836338260253,0.06929836338260253
1,mirror_rotate_90,part01;part02;part03;part04,part03,100,B,3,mean3,36,3124,1.0,0.8558904109589041,0.062319165360339164,0.06512207733864975,0.06512207733864975
1,mirror_rotate_90,part01;part02;part03;part04,part03,100,B,3,mean5,37,3124,1.0,0.8558904109589041,0.05691354132758365,0.06235525459119166,0.06235525459119166
1,mirror_rotate_90,part01;part02;part03;part04,part04,100,A,1,original,20,2093,1.0,0.5734246575342465,0.03643866734100336,0.06884746814828865,0.06884746814828865
1,mirror_rotate_90,part01;part02;part03;part04,part04,100,A,1,mean3,21,2093,1.0,0.5734246575342465,0.06808875063789104,0.08667781304695106,0.08667781304695106
1,mirror_rotate_90,part01;part02;part03;part04,part04,100,A,1,mean5,22,2093,1.0,0.5734246575342465,0.0784241568021106,0.08489074880270989,0.08489074880270989
1,mirror_rotate_90,part01;part02;part03;part04,part04,100,A,2,original,23,3577,1.0,0.98,-0.061355383606846836,-0.04707793333017875,0.04707793333017875
1,mirror_rotate_90,part01;part02;part03;part04,part04,100,A,2,mean3,24,3577,1.0,0.98,-0.06712719896533005,-0.056229943547949926,0.056229943547949926
1,mirror_rotate_90,part01;part02;part03;part04,part04,100,A,2,mean5,25,3577,1.0,0.98,-0.06775179967535017,-0.05863022590141037,0.05863022590141037
1,mirror_rotate_90,part01;part02;part03;part04,part04,100,A,3,original,26,3644,1.0,0.9983561643835617,-0.02318580878061983,-0.04093154780195961,0.04093154780195961
1,mirror_rotate_90,part01;part02;part03;part04,part04,100,A,3,mean3,27,3644,1.0,0.9983561643835617,-0.023416062900114304,-0.035997018735876074,0.035997018735876074
1,mirror_rotate_90,part01;part02;part03;part04,part04,100,A,3,mean5,28,3644,1.0,0.9983561643835617,-0.02760885994992954,-0.035606014237303425,0.035606014237303425
1,mirror_rotate_90,part01;part02;part03;part04,part04,100,B,1,original,29,2049,1.0,0.5613698630136986,-0.1474139223773838,-0.09870543953887492,0.09870543953887492
1,mirror_rotate_90,part01;part02;part03;part04,part04,100,B,1,mean3,30,2049,1.0,0.5613698630136986,-0.1619057643147488,-0.11370654287989912,0.11370654287989912
1,mirror_rotate_90,part01;part02;part03;part04,part04,100,B,1,mean5,31,2049,1.0,0.5613698630136986,-0.1699884560442653,-0.09671668771594766,0.09671668771594766
1,mirror_rotate_90,part01;part02;part03;part04,part04,100,B,2,original,32,3537,1.0,0.969041095890411,0.22741263643303697,0.22526312947950888,0.22526312947950888
1,mirror_rotate_90,part01;part02;part03;part04,part04,100,B,2,mean3,33,3537,1.0,0.969041095890411,0.23447879928745247,0.22847905622210327,0.22847905622210327
1,mirror_rotate_90,part01;part02;part03;part04,part04,100,B,2,mean5,34,3537,1.0,0.969041095890411,0.2444357227637081,0.23403342723499704,0.23403342723499704
1,mirror_rotate_90,part01;part02;part03;part04,part04,100,B,3,original,35,2894,1.0,0.7928767123287671,0.06469937801860005,0.05716796823471258,0.05716796823471258
1,mirror_rotate_90,part01;part02;part03;part04,part04,100,B,3,mean3,36,2894,1.0,0.7928767123287671,0.06509552967564282,0.059026579993725944,0.059026579993725944
1,mirror_rotate_90,part01;part02;part03;part04,part04,100,B,3,mean5,37,2894,1.0,0.7928767123287671,0.06589195360717068,0.06082710147310927,0.06082710147310927
1,mirror_rotate_90,part01;part02;part03;part04,part01,125,A,1,original,20,128,1.0,0.03305785123966942,0.1618487698803666,0.158598299577624,0.158598299577624
1,mirror_rotate_90,part01;part02;part03;part04,part01,125,A,1,mean3,21,128,1.0,0.03305785123966942,0.16624094274977222,0.16960534133867258,0.16960534133867258
1,mirror_rotate_90,part01;part02;part03;part04,part01,125,A,1,mean5,22,128,1.0,0.03305785123966942,0.15573316206270188,0.1647723136171647,0.1647723136171647
1,mirror_rotate_90,part01;part02;part03;part04,part01,125,A,2,original,23,1466,1.0,0.37861570247933884,0.000409121613022805,0.01057353521141073,0.01057353521141073
1,mirror_rotate_90,part01;part02;part03;part04,part01,125,A,2,mean3,24,1466,1.0,0.37861570247933884,0.0017615041356074327,0.015906466566261254,0.015906466566261254
1,mirror_rotate_90,part01;part02;part03;part04,part01,125,A,2,mean5,25,1466,1.0,0.37861570247933884,-0.0010849408072750764,0.008929048192784594,0.008929048192784594
1,mirror_rotate_90,part01;part02;part03;part04,part01,125,A,3,original,26,3872,1.0,1.0,-0.04759885750454799,-0.039654253611971516,0.039654253611971516
1,mirror_rotate_90,part01;part02;part03;part04,part01,125,A,3,mean3,27,3872,1.0,1.0,-0.04979502997475696,-0.040815579169721145,0.040815579169721145
1,mirror_rotate_90,part01;part02;part03;part04,part01,125,A,3,mean5,28,3872,1.0,1.0,-0.05259880195516752,-0.0451033772223854,0.0451033772223854
1,mirror_rotate_90,part01;part02;part03;part04,part01,125,B,1,original,29,1174,1.0,0.303202479338843,0.12084307113596977,0.14928906369803285,0.14928906369803285
1,mirror_rotate_90,part01;part02;part03;part04,part01,125,B,1,mean3,30,1174,1.0,0.303202479338843,0.12052753708590996,0.1491436838569878,0.1491436838569878
1,mirror_rotate_90,part01;part02;part03;part04,part01,125,B,1,mean5,31,1174,1.0,0.303202479338843,0.12139564756370205,0.15197601812867798,0.15197601812867798
1,mirror_rotate_90,part01;part02;part03;part04,part01,125,B,2,original,32,3073,1.0,0.793646694214876,0.17752392989122115,0.31677488987562974,0.31677488987562974
1,mirror_rotate_90,part01;part02;part03;part04,part01,125,B,2,mean3,33,3073,1.0,0.793646694214876,0.1793678409308045,0.3258454086472902,0.3258454086472902
1,mirror_rotate_90,part01;part02;part03;part04,part01,125,B,2,mean5,34,3073,1.0,0.793646694214876,0.18870242229304926,0.3393117553316812,0.3393117553316812
1,mirror_rotate_90,part01;part02;part03;part04,part01,125,B,3,original,35,3869,1.0,0.9992252066115702,0.4375122083672615,0.39723682677890976,0.39723682677890976
1,mirror_rotate_90,part01;part02;part03;part04,part01,125,B,3,mean3,36,3869,1.0,0.9992252066115702,0.44384586248254865,0.402695870535846,0.402695870535846
1,mirror_rotate_90,part01;part02;part03;part04,part01,125,B,3,mean5,37,3869,1.0,0.9992252066115702,0.45136551048630147,0.41138319190924855,0.41138319190924855
1,mirror_rotate_90,part01;part02;part03;part04,part02,125,A,1,original,20,192,1.0,0.049586776859504134,-0.08604147023052805,-0.06361671605482366,0.06361671605482366
1,mirror_rotate_90,part01;part02;part03;part04,part02,125,A,1,mean3,21,192,1.0,0.049586776859504134,-0.049764201437991096,-0.05956725557184876,0.05956725557184876
1,mirror_rotate_90,part01;part02;part03;part04,part02,125,A,1,mean5,22,192,1.0,0.049586776859504134,-0.027490315462786775,-0.02681228999787924,0.02681228999787924
1,mirror_rotate_90,part01;part02;part03;part04,part02,125,A,2,original,23,2798,1.0,0.7226239669421488,0.002260566523966978,-0.007427624839128189,0.007427624839128189
1,mirror_rotate_90,part01;part02;part03;part04,part02,125,A,2,mean3,24,2798,1.0,0.7226239669421488,0.00075349065837555,-0.009529055248025765,0.009529055248025765
1,mirror_rotate_90,part01;part02;part03;part04,part02,125,A,2,mean5,25,2798,1.0,0.7226239669421488,0.006800430242314096,-0.002480009794469277,0.002480009794469277
1,mirror_rotate_90,part01;part02;part03;part04,part02,125,A,3,original,26,3871,1.0,0.99974173553719,0.03049670011031147,0.044497020924294105,0.044497020924294105
1,mirror_rotate_90,part01;part02;part03;part04,part02,125,A,3,mean3,27,3871,1.0,0.99974173553719,0.03337539616843232,0.050657571206142234,0.050657571206142234
1,mirror_rotate_90,part01;part02;part03;part04,part02,125,A,3,mean5,28,3871,1.0,0.99974173553719,0.03457339376535595,0.05487234617677244,0.05487234617677244
1,mirror_rotate_90,part01;part02;part03;part04,part02,125,B,1,original,29,1616,1.0,0.41735537190082644,0.26057771232555704,0.2935477391871601,0.2935477391871601
1,mirror_rotate_90,part01;part02;part03;part04,part02,125,B,1,mean3,30,1616,1.0,0.41735537190082644,0.2605140889750903,0.29750274822670786,0.29750274822670786
1,mirror_rotate_90,part01;part02;part03;part04,part02,125,B,1,mean5,31,1616,1.0,0.41735537190082644,0.259762554429189,0.2942112146546059,0.2942112146546059
1,mirror_rotate_90,part01;part02;part03;part04,part02,125,B,2,original,32,3558,1.0,0.918904958677686,0.19085662261236624,0.29776901483090723,0.29776901483090723
1,mirror_rotate_90,part01;part02;part03;part04,part02,125,B,2,mean3,33,3558,1.0,0.918904958677686,0.2005837065041243,0.3076844399245312,0.3076844399245312
1,mirror_rotate_90,part01;part02;part03;part04,part02,125,B,2,mean5,34,3558,1.0,0.918904958677686,0.20833339113371702,0.31750439153546267,0.31750439153546267
1,mirror_rotate_90,part01;part02;part03;part04,part02,125,B,3,original,35,3830,1.0,0.9891528925619835,0.3754885519140564,0.3831950896910595,0.3831950896910595
1,mirror_rotate_90,part01;part02;part03;part04,part02,125,B,3,mean3,36,3830,1.0,0.9891528925619835,0.3807122615997878,0.38886868208716524,0.38886868208716524
1,mirror_rotate_90,part01;part02;part03;part04,part02,125,B,3,mean5,37,3830,1.0,0.9891528925619835,0.38802608961314317,0.39476151717002533,0.39476151717002533
1,mirror_rotate_90,part01;part02;part03;part04,part03,125,A,1,original,20,838,1.0,0.21642561983471073,-0.061975112213242305,-0.04864961444794957,0.04864961444794957
1,mirror_rotate_90,part01;part02;part03;part04,part03,125,A,1,mean3,21,838,1.0,0.21642561983471073,-0.08370846571039661,-0.07494359552677604,0.07494359552677604
1,mirror_rotate_90,part01;part02;part03;part04,part03,125,A,1,mean5,22,838,1.0,0.21642561983471073,-0.06605093722137073,-0.03884797202461532,0.03884797202461532
1,mirror_rotate_90,part01;part02;part03;part04,part03,125,A,2,original,23,3512,1.0,0.9070247933884298,-0.06870712943735754,-0.06207786301274594,0.06207786301274594
1,mirror_rotate_90,part01;part02;part03;part04,part03,125,A,2,mean3,24,3512,1.0,0.9070247933884298,-0.08626577444416964,-0.07704152368636161,0.07704152368636161
1,mirror_rotate_90,part01;part02;part03;part04,part03,125,A,2,mean5,25,3512,1.0,0.9070247933884298,-0.10859584422839531,-0.09646283830980819,0.09646283830980819
1,mirror_rotate_90,part01;part02;part03;part04,part03,125,A,3,original,26,3871,1.0,0.99974173553719,-0.030089839094781252,-0.018238154235067604,0.018238154235067604
1,mirror_rotate_90,part01;part02;part03;part04,part03,125,A,3,mean3,27,3871,1.0,0.99974173553719,-0.03228753590271668,-0.021817707568310432,0.021817707568310432
1,mirror_rotate_90,part01;part02;part03;part04,part03,125,A,3,mean5,28,3871,1.0,0.99974173553719,-0.035760010469485966,-0.02552282076875086,0.02552282076875086
1,mirror_rotate_90,part01;part02;part03;part04,part03,125,B,1,original,29,1999,1.0,0.5162706611570248,0.2779473322244708,0.32778075918147004,0.32778075918147004
1,mirror_rotate_90,part01;part02;part03;part04,part03,125,B,1,mean3,30,1999,1.0,0.5162706611570248,0.2802203442266667,0.33343834591318133,0.33343834591318133
1,mirror_rotate_90,part01;part02;part03;part04,part03,125,B,1,mean5,31,1999,1.0,0.5162706611570248,0.2798559868593694,0.3313184613157939,0.3313184613157939
1,mirror_rotate_90,part01;part02;part03;part04,part03,125,B,2,original,32,3765,1.0,0.9723657024793388,0.24462394482223457,0.33385831191514176,0.33385831191514176
1,mirror_rotate_90,part01;part02;part03;part04,part03,125,B,2,mean3,33,3765,1.0,0.9723657024793388,0.25148168839809004,0.34283217716522996,0.34283217716522996
1,mirror_rotate_90,part01;part02;part03;part04,part03,125,B,2,mean5,34,3765,1.0,0.9723657024793388,0.2615089763758664,0.35407624052783077,0.35407624052783077
1,mirror_rotate_90,part01;part02;part03;part04,part03,125,B,3,original,35,3796,1.0,0.9803719008264463,0.31662722285604783,0.38750669609566096,0.38750669609566096
1,mirror_rotate_90,part01;part02;part03;part04,part03,125,B,3,mean3,36,3796,1.0,0.9803719008264463,0.32273905220021637,0.3941699364481147,0.3941699364481147
1,mirror_rotate_90,part01;part02;part03;part04,part03,125,B,3,mean5,37,3796,1.0,0.9803719008264463,0.32924611537468035,0.40188343231824575,0.40188343231824575
1,mirror_rotate_90,part01;part02;part03;part04,part04,125,A,1,original,20,2394,1.0,0.6182851239669421,0.03608832433034103,0.0253408761979329,0.0253408761979329
1,mirror_rotate_90,part01;part02;part03;part04,part04,125,A,1,mean3,21,2394,1.0,0.6182851239669421,0.05098900053476687,0.013977137392150093,0.013977137392150093
1,mirror_rotate_90,part01;part02;part03;part04,part04,125,A,1,mean5,22,2394,1.0,0.6182851239669421,0.06431292359184157,0.025274090374068938,0.025274090374068938
1,mirror_rotate_90,part01;part02;part03;part04,part04,125,A,2,original,23,3791,1.0,0.9790805785123967,0.05410091306313769,0.030607631128577433,0.030607631128577433
1,mirror_rotate_90,part01;part02;part03;part04,part04,125,A,2,mean3,24,3791,1.0,0.9790805785123967,0.06932695867434324,0.035290481799501824,0.035290481799501824
1,mirror_rotate_90,part01;part02;part03;part04,part04,125,A,2,mean5,25,3791,1.0,0.9790805785123967,0.08583057513351823,0.03705148999419046,0.03705148999419046
1,mirror_rotate_90,part01;part02;part03;part04,part04,125,A,3,original,26,3870,1.0,0.9994834710743802,-0.06316840872778327,-0.05947537683128734,0.05947537683128734
1,mirror_rotate_90,part01;part02;part03;part04,part04,125,A,3,mean3,27,3870,1.0,0.9994834710743802,-0.07054097682432434,-0.06700023007578652,0.06700023007578652
1,mirror_rotate_90,part01;part02;part03;part04,part04,125,A,3,mean5,28,3870,1.0,0.9994834710743802,-0.08440480035251034,-0.08040669790590482,0.08040669790590482
1,mirror_rotate_90,part01;part02;part03;part04,part04,125,B,1,original,29,2306,1.0,0.5955578512396694,0.2692927797786398,0.3177197930008743,0.3177197930008743
1,mirror_rotate_90,part01;part02;part03;part04,part04,125,B,1,mean3,30,2306,1.0,0.5955578512396694,0.2750571825992754,0.320418501261422,0.320418501261422
1,mirror_rotate_90,part01;part02;part03;part04,part04,125,B,1,mean5,31,2306,1.0,0.5955578512396694,0.28349414588272603,0.32280027701406555,0.32280027701406555
1,mirror_rotate_90,part01;part02;part03;part04,part04,125,B,2,original,32,3825,1.0,0.9878615702479339,0.24745491817739382,0.33122589331915847,0.33122589331915847
1,mirror_rotate_90,part01;part02;part03;part04,part04,125,B,2,mean3,33,3825,1.0,0.9878615702479339,0.25096741070771594,0.33508221013193595,0.33508221013193595
1,mirror_rotate_90,part01;part02;part03;part04,part04,125,B,2,mean5,34,3825,1.0,0.9878615702479339,0.25283594193176784,0.33816272162614575,0.33816272162614575
1,mirror_rotate_90,part01;part02;part03;part04,part04,125,B,3,original,35,3749,1.0,0.9682334710743802,0.35361990268721755,0.3575805380567443,0.3575805380567443
1,mirror_rotate_90,part01;part02;part03;part04,part04,125,B,3,mean3,36,3749,1.0,0.9682334710743802,0.35826175681912203,0.36241247168315716,0.36241247168315716
1,mirror_rotate_90,part01;part02;part03;part04,part04,125,B,3,mean5,37,3749,1.0,0.9682334710743802,0.3661513932655945,0.37057660928678793,0.37057660928678793
1,mirror_rotate_90,part01;part02;part03;part04,part01,150,A,1,original,20,134,1.0,0.03296432964329643,-0.12892406001097179,-0.06655092015939536,0.06655092015939536
1,mirror_rotate_90,part01;part02;part03;part04,part01,150,A,1,mean3,21,134,1.0,0.03296432964329643,-0.11521770431906565,-0.06448549323680867,0.06448549323680867
1,mirror_rotate_90,part01;part02;part03;part04,part01,150,A,1,mean5,22,134,1.0,0.03296432964329643,-0.12565578777026803,-0.094802180008524,0.094802180008524
1,mirror_rotate_90,part01;part02;part03;part04,part01,150,A,2,original,23,1608,1.0,0.3955719557195572,0.01011154674150573,0.019438359923241475,0.019438359923241475
1,mirror_rotate_90,part01;part02;part03;part04,part01,150,A,2,mean3,24,1608,1.0,0.3955719557195572,0.011245999586559443,0.02060876831560854,0.02060876831560854
1,mirror_rotate_90,part01;part02;part03;part04,part01,150,A,2,mean5,25,1608,1.0,0.3955719557195572,0.00985836062995447,0.018971130430697838,0.018971130430697838
1,mirror_rotate_90,part01;part02;part03;part04,part01,150,A,3,original,26,4062,1.0,0.9992619926199262,-0.03752120650416284,-0.02733366969312249,0.02733366969312249
1,mirror_rotate_90,part01;part02;part03;part04,part01,150,A,3,mean3,27,4062,1.0,0.9992619926199262,-0.03517408279978736,-0.025846397945235793,0.025846397945235793
1,mirror_rotate_90,part01;part02;part03;part04,part01,150,A,3,mean5,28,4062,1.0,0.9992619926199262,-0.04069776171203544,-0.03268876998232805,0.03268876998232805
1,mirror_rotate_90,part01;part02;part03;part04,part01,150,B,1,original,29,323,1.0,0.07945879458794589,-0.26109149513844376,-0.16237732162935922,0.16237732162935922
1,mirror_rotate_90,part01;part02;part03;part04,part01,150,B,1,mean3,30,323,1.0,0.07945879458794589,-0.25717828387044894,-0.14330841117116416,0.14330841117116416
1,mirror_rotate_90,part01;part02;part03;part04,part01,150,B,1,mean5,31,323,1.0,0.07945879458794589,-0.26489772381594007,-0.14710823595503153,0.14710823595503153
1,mirror_rotate_90,part01;part02;part03;part04,part01,150,B,2,original,32,2608,1.0,0.6415744157441574,-0.0008453689833635854,0.0014841466282258344,0.0014841466282258344
1,mirror_rotate_90,part01;part02;part03;part04,part01,150,B,2,mean3,33,2608,1.0,0.6415744157441574,-0.0035551537563323996,0.0047259313413027864,0.0047259313413027864
1,mirror_rotate_90,part01;part02;part03;part04,part01,150,B,2,mean5,34,2608,1.0,0.6415744157441574,-0.005052635890531973,0.009044709697682824,0.009044709697682824
1,mirror_rotate_90,part01;part02;part03;part04,part01,150,B,3,original,35,3972,1.0,0.9771217712177122,-0.04710172134481791,-0.027854348377620623,0.027854348377620623
1,mirror_rotate_90,part01;part02;part03;part04,part01,150,B,3,mean3,36,3972,1.0,0.9771217712177122,-0.05336308463061863,-0.03212860376165712,0.03212860376165712
1,mirror_rotate_90,part01;part02;part03;part04,part01,150,B,3,mean5,37,3972,1.0,0.9771217712177122,-0.06276677702953554,-0.03945921629861836,0.03945921629861836
1,mirror_rotate_90,part01;part02;part03;part04,part02,150,A,1,original,20,142,1.0,0.034932349323493234,-0.06554732080254802,-0.058694950414744845,0.058694950414744845
1,mirror_rotate_90,part01;part02;part03;part04,part02,150,A,1,mean3,21,142,1.0,0.034932349323493234,-0.07823483177354573,-0.04065453503739082,0.04065453503739082
1,mirror_rotate_90,part01;part02;part03;part04,part02,150,A,1,mean5,22,142,1.0,0.034932349323493234,-0.06375721110276855,-0.014396069790296145,0.014396069790296145
1,mirror_rotate_90,part01;part02;part03;part04,part02,150,A,2,original,23,2926,1.0,0.7198031980319803,-0.020795184303493554,-0.023714840071954114,0.023714840071954114
1,mirror_rotate_90,part01;part02;part03;part04,part02,150,A,2,mean3,24,2926,1.0,0.7198031980319803,-0.014417901933759072,-0.01648566420664313,0.01648566420664313
1,mirror_rotate_90,part01;part02;part03;part04,part02,150,A,2,mean5,25,2926,1.0,0.7198031980319803,-0.010225134021797175,-0.012283878066499084,0.012283878066499084
1,mirror_rotate_90,part01;part02;part03;part04,part02,150,A,3,original,26,4065,1.0,1.0,-0.039798120658711425,-0.04179566729809195,0.04179566729809195
1,mirror_rotate_90,part01;part02;part03;part04,part02,150,A,3,mean3,27,4065,1.0,1.0,-0.03867894836846098,-0.044371794257032714,0.044371794257032714
1,mirror_rotate_90,part01;part02;part03;part04,part02,150,A,3,mean5,28,4065,1.0,1.0,-0.03591603770508134,-0.042948528549835864,0.042948528549835864
1,mirror_rotate_90,part01;part02;part03;part04,part02,150,B,1,original,29,909,1.0,0.22361623616236162,-0.1318634864394203,-0.1229710484009957,0.1229710484009957
1,mirror_rotate_90,part01;part02;part03;part04,part02,150,B,1,mean3,30,909,1.0,0.22361623616236162,-0.12583372098129433,-0.12131864410420835,0.12131864410420835
1,mirror_rotate_90,part01;part02;part03;part04,part02,150,B,1,mean5,31,909,1.0,0.22361623616236162,-0.126015792707925,-0.1315170534647744,0.1315170534647744
1,mirror_rotate_90,part01;part02;part03;part04,part02,150,B,2,original,32,3412,1.0,0.839360393603936,-0.01550575836994275,-0.020407054962851924,0.020407054962851924
1,mirror_rotate_90,part01;part02;part03;part04,part02,150,B,2,mean3,33,3412,1.0,0.839360393603936,-0.017239516993434515,-0.01932513606029863,0.01932513606029863
1,mirror_rotate_90,part01;part02;part03;part04,part02,150,B,2,mean5,34,3412,1.0,0.839360393603936,-0.020331058634080777,-0.018757454279018888,0.018757454279018888
1,mirror_rotate_90,part01;part02;part03;part04,part02,150,B,3,original,35,3876,1.0,0.9535055350553505,-0.0972284130246827,-0.09997988428067629,0.09997988428067629
1,mirror_rotate_90,part01;part02;part03;part04,part02,150,B,3,mean3,36,3876,1.0,0.9535055350553505,-0.1041699613191927,-0.10627683654345114,0.10627683654345114
1,mirror_rotate_90,part01;part02;part03;part04,part02,150,B,3,mean5,37,3876,1.0,0.9535055350553505,-0.11437687285315612,-0.11507926057710312,0.11507926057710312
1,mirror_rotate_90,part01;part02;part03;part04,part03,150,A,1,original,20,666,1.0,0.16383763837638377,-0.00386929049030365,-0.007865226707466436,0.007865226707466436
1,mirror_rotate_90,part01;part02;part03;part04,part03,150,A,1,mean3,21,666,1.0,0.16383763837638377,0.026740309605795362,0.016203656927869393,0.016203656927869393
1,mirror_rotate_90,part01;part02;part03;part04,part03,150,A,1,mean5,22,666,1.0,0.16383763837638377,0.029090410190312405,0.02994099826954936,0.02994099826954936
1,mirror_rotate_90,part01;part02;part03;part04,part03,150,A,2,original,23,3601,1.0,0.8858548585485855,0.008762640972125538,-0.0023629406835429306,0.0023629406835429306
1,mirror_rotate_90,part01;part02;part03;part04,part03,150,A,2,mean3,24,3601,1.0,0.8858548585485855,0.01208708847742867,0.00036485767109678823,0.00036485767109678823
1,mirror_rotate_90,part01;part02;part03;part04,part03,150,A,2,mean5,25,3601,1.0,0.8858548585485855,0.01028711702040723,-0.0019618165507607707,0.0019618165507607707
1,mirror_rotate_90,part01;part02;part03;part04,part03,150,A,3,original,26,4063,1.0,0.9995079950799508,-0.04171887709879185,-0.0429395349133872,0.0429395349133872
1,mirror_rotate_90,part01;part02;part03;part04,part03,150,A,3,mean3,27,4063,1.0,0.9995079950799508,-0.050498715485595,-0.051133241099196675,0.051133241099196675
1,mirror_rotate_90,part01;part02;part03;part04,part03,150,A,3,mean5,28,4063,1.0,0.9995079950799508,-0.06189061825042028,-0.06349730913711621,0.06349730913711621
1,mirror_rotate_90,part01;part02;part03;part04,part03,150,B,1,original,29,1604,1.0,0.3945879458794588,-0.18275144087306586,-0.13742866308943452,0.13742866308943452
1,mirror_rotate_90,part01;part02;part03;part04,part03,150,B,1,mean3,30,1604,1.0,0.3945879458794588,-0.18588581171736238,-0.15090669886219918,0.15090669886219918
1,mirror_rotate_90,part01;part02;part03;part04,part03,150,B,1,mean5,31,1604,1.0,0.3945879458794588,-0.19398705491975066,-0.16273192198987596,0.16273192198987596
1,mirror_rotate_90,part01;part02;part03;part04,part03,150,B,2,original,32,3655,1.0,0.8991389913899139,-0.0034169375253800126,0.013862811540504467,0.013862811540504467
1,mirror_rotate_90,part01;part02;part03;part04,part03,150,B,2,mean3,33,3655,1.0,0.8991389913899139,-0.0030883650772468275,0.016227954621884064,0.016227954621884064
1,mirror_rotate_90,part01;part02;part03;part04,part03,150,B,2,mean5,34,3655,1.0,0.8991389913899139,-0.0046273176647578474,0.015165266765903027,0.015165266765903027
1,mirror_rotate_90,part01;part02;part03;part04,part03,150,B,3,original,35,3736,1.0,0.9190651906519065,-0.1134547142112062,-0.10572701128344637,0.10572701128344637
1,mirror_rotate_90,part01;part02;part03;part04,part03,150,B,3,mean3,36,3736,1.0,0.9190651906519065,-0.12759204600690277,-0.11423711857075401,0.11423711857075401
1,mirror_rotate_90,part01;part02;part03;part04,part03,150,B,3,mean5,37,3736,1.0,0.9190651906519065,-0.1391635035995041,-0.12186521489241149,0.12186521489241149
1,mirror_rotate_90,part01;part02;part03;part04,part04,150,A,1,original,20,2469,1.0,0.607380073800738,0.003875535663334143,0.007444879097107458,0.007444879097107458
1,mirror_rotate_90,part01;part02;part03;part04,part04,150,A,1,mean3,21,2469,1.0,0.607380073800738,0.005429788808885792,0.01166433488371116,0.01166433488371116
1,mirror_rotate_90,part01;part02;part03;part04,part04,150,A,1,mean5,22,2469,1.0,0.607380073800738,0.019593304114756686,0.026683313552678806,0.026683313552678806
1,mirror_rotate_90,part01;part02;part03;part04,part04,150,A,2,original,23,4015,1.0,0.9876998769987699,0.022225002943837897,-0.012829180996350976,0.012829180996350976
1,mirror_rotate_90,part01;part02;part03;part04,part04,150,A,2,mean3,24,4015,1.0,0.9876998769987699,0.030723272904800626,-0.00883562090606946,0.00883562090606946
1,mirror_rotate_90,part01;part02;part03;part04,part04,150,A,2,mean5,25,4015,1.0,0.9876998769987699,0.04000952495309582,0.0057307896510107245,0.0057307896510107245
1,mirror_rotate_90,part01;part02;part03;part04,part04,150,A,3,original,26,4064,1.0,0.9997539975399754,-0.012024353129088618,-0.01750489061554397,0.01750489061554397
1,mirror_rotate_90,part01;part02;part03;part04,part04,150,A,3,mean3,27,4064,1.0,0.9997539975399754,-0.009644293612385368,-0.01585695125567461,0.01585695125567461
1,mirror_rotate_90,part01;part02;part03;part04,part04,150,A,3,mean5,28,4064,1.0,0.9997539975399754,-0.013480615375808922,-0.018546807029827615,0.018546807029827615
1,mirror_rotate_90,part01;part02;part03;part04,part04,150,B,1,original,29,1939,1.0,0.47699876998769986,-0.16803922966328266,-0.11125994415826833,0.11125994415826833
1,mirror_rotate_90,part01;part02;part03;part04,part04,150,B,1,mean3,30,1939,1.0,0.47699876998769986,-0.17978713071907682,-0.1336837735144741,0.1336837735144741
1,mirror_rotate_90,part01;part02;part03;part04,part04,150,B,1,mean5,31,1939,1.0,0.47699876998769986,-0.19623184604778757,-0.14679415527946799,0.14679415527946799
1,mirror_rotate_90,part01;part02;part03;part04,part04,150,B,2,original,32,3940,1.0,0.9692496924969249,-0.04230135489807007,-0.03201460843453805,0.03201460843453805
1,mirror_rotate_90,part01;part02;part03;part04,part04,150,B,2,mean3,33,3940,1.0,0.9692496924969249,-0.044437576490029426,-0.030729582034561873,0.030729582034561873
1,mirror_rotate_90,part01;part02;part03;part04,part04,150,B,2,mean5,34,3940,1.0,0.9692496924969249,-0.048808541654560805,-0.031875356988140466,0.031875356988140466
1,mirror_rotate_90,part01;part02;part03;part04,part04,150,B,3,original,35,3570,1.0,0.8782287822878229,-0.17623191587555948,-0.15170582845920738,0.15170582845920738
1,mirror_rotate_90,part01;part02;part03;part04,part04,150,B,3,mean3,36,3570,1.0,0.8782287822878229,-0.184206808723987,-0.1567052748427494,0.1567052748427494
1,mirror_rotate_90,part01;part02;part03;part04,part04,150,B,3,mean5,37,3570,1.0,0.8782287822878229,-0.1895552992410038,-0.16088775962839572,0.16088775962839572
2,mirror_rotate_270,part04;part03;part02;part01,part04,25,A,1,original,20,123,1.0,0.019333542911034268,-0.08011439116928777,-0.08160077147504814,0.08160077147504814
2,mirror_rotate_270,part04;part03;part02;part01,part04,25,A,1,mean3,21,123,1.0,0.019333542911034268,-0.10864904075377428,-0.10378351392204214,0.10378351392204214
2,mirror_rotate_270,part04;part03;part02;part01,part04,25,A,1,mean5,22,123,1.0,0.019333542911034268,-0.16841810228482615,-0.18690867501930505,0.18690867501930505
2,mirror_rotate_270,part04;part03;part02;part01,part04,25,A,2,original,23,2048,1.0,0.3219113486325055,0.04264325902424873,0.03478125594717239,0.03478125594717239
2,mirror_rotate_270,part04;part03;part02;part01,part04,25,A,2,mean3,24,2048,1.0,0.3219113486325055,0.03958416060369446,0.034191214336861585,0.034191214336861585
2,mirror_rotate_270,part04;part03;part02;part01,part04,25,A,2,mean5,25,2048,1.0,0.3219113486325055,0.04639778955452678,0.043606715677612505,0.043606715677612505
2,mirror_rotate_270,part04;part03;part02;part01,part04,25,A,3,original,26,6362,1.0,1.0,-0.013334057203979652,-0.01549331654864406,0.01549331654864406
2,mirror_rotate_270,part04;part03;part02;part01,part04,25,A,3,mean3,27,6362,1.0,1.0,-0.015221196257191408,-0.017822355313122762,0.017822355313122762
2,mirror_rotate_270,part04;part03;part02;part01,part04,25,A,3,mean5,28,6362,1.0,1.0,-0.014129299084020481,-0.01711017354072833,0.01711017354072833
2,mirror_rotate_270,part04;part03;part02;part01,part04,25,B,1,original,29,3645,1.0,0.572933039924552,0.2476568506548399,0.25378872381330914,0.25378872381330914
2,mirror_rotate_270,part04;part03;part02;part01,part04,25,B,1,mean3,30,3645,1.0,0.572933039924552,0.2629246144627498,0.2706596883329674,0.2706596883329674
2,mirror_rotate_270,part04;part03;part02;part01,part04,25,B,1,mean5,31,3645,1.0,0.572933039924552,0.2829491628748413,0.2902082860589195,0.2902082860589195
2,mirror_rotate_270,part04;part03;part02;part01,part04,25,B,2,original,32,6029,1.0,0.947657969192078,0.6207414424204469,0.6446564547777858,0.6446564547777858
2,mirror_rotate_270,part04;part03;part02;part01,part04,25,B,2,mean3,33,6029,1.0,0.947657969192078,0.6378307468307681,0.6591939108309421,0.6591939108309421
2,mirror_rotate_270,part04;part03;part02;part01,part04,25,B,2,mean5,34,6029,1.0,0.947657969192078,0.6584731928082377,0.6776921027020923,0.6776921027020923
2,mirror_rotate_270,part04;part03;part02;part01,part04,25,B,3,original,35,6354,1.0,0.9987425337944043,0.7118152014143329,0.7139541219970091,0.7139541219970091
2,mirror_rotate_270,part04;part03;part02;part01,part04,25,B,3,mean3,36,6354,1.0,0.9987425337944043,0.7306172147737373,0.7242436078655378,0.7242436078655378
2,mirror_rotate_270,part04;part03;part02;part01,part04,25,B,3,mean5,37,6354,1.0,0.9987425337944043,0.7496802354280746,0.735943728202057,0.735943728202057
2,mirror_rotate_270,part04;part03;part02;part01,part03,25,A,1,original,20,215,1.0,0.0337944042753851,0.03033211475422738,0.09293893690492512,0.09293893690492512
2,mirror_rotate_270,part04;part03;part02;part01,part03,25,A,1,mean3,21,215,1.0,0.0337944042753851,0.08526867013858842,0.08299277758337252,0.08299277758337252
2,mirror_rotate_270,part04;part03;part02;part01,part03,25,A,1,mean5,22,215,1.0,0.0337944042753851,0.18496361029668906,0.13878973384833904,0.13878973384833904
2,mirror_rotate_270,part04;part03;part02;part01,part03,25,A,2,original,23,4475,1.0,0.7033951587551085,0.04390521930763362,0.006450170310823697,0.006450170310823697
2,mirror_rotate_270,part04;part03;part02;part01,part03,25,A,2,mean3,24,4475,1.0,0.7033951587551085,0.043993520069802484,0.002690490593974417,0.002690490593974417
2,mirror_rotate_270,part04;part03;part02;part01,part03,25,A,2,mean5,25,4475,1.0,0.7033951587551085,0.04904923478636085,0.005382213336867378,0.005382213336867378
2,mirror_rotate_270,part04;part03;part02;part01,part03,25,A,3,original,26,6362,1.0,1.0,-0.044342286910712535,-0.03864489541799482,0.03864489541799482
2,mirror_rotate_270,part04;part03;part02;part01,part03,25,A,3,mean3,27,6362,1.0,1.0,-0.04605221302490061,-0.04006610177529638,0.04006610177529638
2,mirror_rotate_270,part04;part03;part02;part01,part03,25,A,3,mean5,28,6362,1.0,1.0,-0.046124570031230924,-0.036144001999436834,0.036144001999436834
2,mirror_rotate_270,part04;part03;part02;part01,part03,25,B,1,original,29,4633,1.0,0.7282301163156241,0.1745497584246827,0.1401332830870505,0.1401332830870505
2,mirror_rotate_270,part04;part03;part02;part01,part03,25,B,1,mean3,30,4633,1.0,0.7282301163156241,0.1878174573669247,0.14657681979280557,0.14657681979280557
2,mirror_rotate_270,part04;part03;part02;part01,part03,25,B,1,mean5,31,4633,1.0,0.7282301163156241,0.2079097700254616,0.15864851223901394,0.15864851223901394
2,mirror_rotate_270,part04;part03;part02;part01,part03,25,B,2,original,32,6290,1.0,0.9886828041496385,0.582835055163412,0.557623121172132,0.557623121172132
2,mirror_rotate_270,part04;part03;part02;part01,part03,25,B,2,mean3,33,6290,1.0,0.9886828041496385,0.6019663087843007,0.5700928893095403,0.5700928893095403
2,mirror_rotate_270,part04;part03;part02;part01,part03,25,B,2,mean5,34,6290,1.0,0.9886828041496385,0.6228255292945563,0.585699997083581,0.585699997083581
2,mirror_rotate_270,part04;part03;part02;part01,part03,25,B,3,original,35,6356,1.0,0.9990569003458032,0.5515619186485003,0.5952787685352882,0.5952787685352882
2,mirror_rotate_270,part04;part03;part02;part01,part03,25,B,3,mean3,36,6356,1.0,0.9990569003458032,0.5648811675400912,0.6054373703780666,0.6054373703780666
2,mirror_rotate_270,part04;part03;part02;part01,part03,25,B,3,mean5,37,6356,1.0,0.9990569003458032,0.5847278906982731,0.617763436955406,0.617763436955406
2,mirror_rotate_270,part04;part03;part02;part01,part02,25,A,1,original,20,935,1.0,0.14696636277900033,-0.02818612940290217,-0.04999806344869148,0.04999806344869148
2,mirror_rotate_270,part04;part03;part02;part01,part02,25,A,1,mean3,21,935,1.0,0.14696636277900033,-0.03572596557484763,-0.03349757472805855,0.03349757472805855
2,mirror_rotate_270,part04;part03;part02;part01,part02,25,A,1,mean5,22,935,1.0,0.14696636277900033,-0.03213328067295925,-0.021534333793991486,0.021534333793991486
2,mirror_rotate_270,part04;part03;part02;part01,part02,25,A,2,original,23,5763,1.0,0.9058472178560201,0.026539990567632052,0.005161123208387248,0.005161123208387248
2,mirror_rotate_270,part04;part03;part02;part01,part02,25,A,2,mean3,24,5763,1.0,0.9058472178560201,0.026963787494372095,0.009662139139654325,0.009662139139654325
2,mirror_rotate_270,part04;part03;part02;part01,part02,25,A,2,mean5,25,5763,1.0,0.9058472178560201,0.025702535564163874,0.016728978444820165,0.016728978444820165
2,mirror_rotate_270,part04;part03;part02;part01,part02,25,A,3,original,26,6362,1.0,1.0,0.036236392335275786,0.028009989950071465,0.028009989950071465
2,mirror_rotate_270,part04;part03;part02;part01,part02,25,A,3,mean3,27,6362,1.0,1.0,0.04020839251156006,0.027862705853127775,0.027862705853127775
2,mirror_rotate_270,part04;part03;part02;part01,part02,25,A,3,mean5,28,6362,1.0,1.0,0.03830797600551737,0.027575628235917055,0.027575628235917055
2,mirror_rotate_270,part04;part03;part02;part01,part02,25,B,1,original,29,5086,1.0,0.7994341402074819,0.42084601969494806,0.3697632070029269,0.3697632070029269
2,mirror_rotate_270,part04;part03;part02;part01,part02,25,B,1,mean3,30,5086,1.0,0.7994341402074819,0.4315111268983106,0.3800549402131517,0.3800549402131517
2,mirror_rotate_270,part04;part03;part02;part01,part02,25,B,1,mean5,31,5086,1.0,0.7994341402074819,0.44776281430629733,0.39674802710509705,0.39674802710509705
2,mirror_rotate_270,part04;part03;part02;part01,part02,25,B,2,original,32,6343,1.0,0.9970135177617101,0.5324418959727237,0.5849026936407657,0.5849026936407657
2,mirror_rotate_270,part04;part03;part02;part01,part02,25,B,2,mean3,33,6343,1.0,0.9970135177617101,0.5471223331484084,0.5985260929442677,0.5985260929442677
2,mirror_rotate_270,part04;part03;part02;part01,part02,25,B,2,mean5,34,6343,1.0,0.9970135177617101,0.5706436367742301,0.6139396751613712,0.6139396751613712
2,mirror_rotate_270,part04;part03;part02;part01,part02,25,B,3,original,35,6352,1.0,0.9984281672430053,0.4392653628138645,0.4737226521933575,0.4737226521933575
2,mirror_rotate_270,part04;part03;part02;part01,part02,25,B,3,mean3,36,6352,1.0,0.9984281672430053,0.45100601135403784,0.4883221950564513,0.4883221950564513
2,mirror_rotate_270,part04;part03;part02;part01,part02,25,B,3,mean5,37,6352,1.0,0.9984281672430053,0.4678632369757144,0.5033249814055286,0.5033249814055286
2,mirror_rotate_270,part04;part03;part02;part01,part01,25,A,1,original,20,3684,1.0,0.5790631876768312,0.007726373389053707,0.014767551044591671,0.014767551044591671
2,mirror_rotate_270,part04;part03;part02;part01,part01,25,A,1,mean3,21,3684,1.0,0.5790631876768312,0.005380311354744615,0.017488256589858725,0.017488256589858725
2,mirror_rotate_270,part04;part03;part02;part01,part01,25,A,1,mean5,22,3684,1.0,0.5790631876768312,0.007426235670452819,0.021061494520796368,0.021061494520796368
2,mirror_rotate_270,part04;part03;part02;part01,part01,25,A,2,original,23,6230,1.0,0.9792518076076705,0.036719343259632824,0.02713094657656132,0.02713094657656132
2,mirror_rotate_270,part04;part03;part02;part01,part01,25,A,2,mean3,24,6230,1.0,0.9792518076076705,0.04100027117585967,0.026710254713255773,0.026710254713255773
2,mirror_rotate_270,part04;part03;part02;part01,part01,25,A,2,mean5,25,6230,1.0,0.9792518076076705,0.050503307644884365,0.02954382852298975,0.02954382852298975
2,mirror_rotate_270,part04;part03;part02;part01,part01,25,A,3,original,26,6361,1.0,0.9998428167243005,0.026208493753522,0.02075824908276326,0.02075824908276326
2,mirror_rotate_270,part04;part03;part02;part01,part01,25,A,3,mean3,27,6361,1.0,0.9998428167243005,0.038086396843818184,0.03391854774691383,0.03391854774691383
2,mirror_rotate_270,part04;part03;part02;part01,part01,25,A,3,mean5,28,6361,1.0,0.9998428167243005,0.054669323910031556,0.05404645892223785,0.05404645892223785
2,mirror_rotate_270,part04;part03;part02;part01,part01,25,B,1,original,29,5286,1.0,0.8308707953473751,0.4469048412759619,0.2951305319542469,0.2951305319542469
2,mirror_rotate_270,part04;part03;part02;part01,part01,25,B,1,mean3,30,5286,1.0,0.8308707953473751,0.4596331988661062,0.3098363454737342,0.3098363454737342
2,mirror_rotate_270,part04;part03;part02;part01,part01,25,B,1,mean5,31,5286,1.0,0.8308707953473751,0.47823340705230893,0.33472768578615797,0.33472768578615797
2,mirror_rotate_270,part04;part03;part02;part01,part01,25,B,2,original,32,6353,1.0,0.9985853505187048,0.5451594709003028,0.5586941495436847,0.5586941495436847
2,mirror_rotate_270,part04;part03;part02;part01,part01,25,B,2,mean3,33,6353,1.0,0.9985853505187048,0.5677656162679948,0.57841708924646,0.57841708924646
2,mirror_rotate_270,part04;part03;part02;part01,part01,25,B,2,mean5,34,6353,1.0,0.9985853505187048,0.5939962579912542,0.6011938963684467,0.6011938963684467
2,mirror_rotate_270,part04;part03;part02;part01,part01,25,B,3,original,35,6265,1.0,0.9847532222571519,0.5111656297773213,0.5477102362811482,0.5477102362811482
2,mirror_rotate_270,part04;part03;part02;part01,part01,25,B,3,mean3,36,6265,1.0,0.9847532222571519,0.5193199981250192,0.5599984572308743,0.5599984572308743
2,mirror_rotate_270,part04;part03;part02;part01,part01,25,B,3,mean5,37,6265,1.0,0.9847532222571519,0.5366904517733164,0.5721684648234576,0.5721684648234576
2,mirror_rotate_270,part04;part03;part02;part01,part04,50,A,1,original,20,163,1.0,0.03052434456928839,0.005717498450453074,-0.01284613968200109,0.01284613968200109
2,mirror_rotate_270,part04;part03;part02;part01,part04,50,A,1,mean3,21,163,1.0,0.03052434456928839,0.04994343131211671,0.02367158357295976,0.02367158357295976
2,mirror_rotate_270,part04;part03;part02;part01,part04,50,A,1,mean5,22,163,1.0,0.03052434456928839,0.04216814734933461,0.029588587385624806,0.029588587385624806
2,mirror_rotate_270,part04;part03;part02;part01,part04,50,A,2,original,23,1929,1.0,0.3612359550561798,-0.01639437095135469,0.003652163158394842,0.003652163158394842
2,mirror_rotate_270,part04;part03;part02;part01,part04,50,A,2,mean3,24,1929,1.0,0.3612359550561798,-0.015046265418531874,0.005114550892593722,0.005114550892593722
2,mirror_rotate_270,part04;part03;part02;part01,part04,50,A,2,mean5,25,1929,1.0,0.3612359550561798,-0.015224631176693267,0.00733690734074717,0.00733690734074717
2,mirror_rotate_270,part04;part03;part02;part01,part04,50,A,3,original,26,5340,1.0,1.0,0.06787128256364643,0.07684975306976305,0.07684975306976305
2,mirror_rotate_270,part04;part03;part02;part01,part04,50,A,3,mean3,27,5340,1.0,1.0,0.07802330998807219,0.08881728024988594,0.08881728024988594
2,mirror_rotate_270,part04;part03;part02;part01,part04,50,A,3,mean5,28,5340,1.0,1.0,0.08693423649263747,0.10247552508252167,0.10247552508252167
2,mirror_rotate_270,part04;part03;part02;part01,part04,50,B,1,original,29,1828,1.0,0.3423220973782772,0.05948173862839606,0.00048212242087556154,0.00048212242087556154
2,mirror_rotate_270,part04;part03;part02;part01,part04,50,B,1,mean3,30,1828,1.0,0.3423220973782772,0.07028033929317193,0.01547320822495271,0.01547320822495271
2,mirror_rotate_270,part04;part03;part02;part01,part04,50,B,1,mean5,31,1828,1.0,0.3423220973782772,0.09883925562801085,0.05259309965867328,0.05259309965867328
2,mirror_rotate_270,part04;part03;part02;part01,part04,50,B,2,original,32,4728,1.0,0.8853932584269663,0.5776856784242079,0.6063972034324593,0.6063972034324593
2,mirror_rotate_270,part04;part03;part02;part01,part04,50,B,2,mean3,33,4728,1.0,0.8853932584269663,0.5965851913757553,0.6201647483379352,0.6201647483379352
2,mirror_rotate_270,part04;part03;part02;part01,part04,50,B,2,mean5,34,4728,1.0,0.8853932584269663,0.614938561710465,0.6357522774215723,0.6357522774215723
2,mirror_rotate_270,part04;part03;part02;part01,part04,50,B,3,original,35,5204,1.0,0.9745318352059925,0.45645913522111525,0.5043152637051753,0.5043152637051753
2,mirror_rotate_270,part04;part03;part02;part01,part04,50,B,3,mean3,36,5204,1.0,0.9745318352059925,0.47717170156156424,0.5203433069846874,0.5203433069846874
2,mirror_rotate_270,part04;part03;part02;part01,part04,50,B,3,mean5,37,5204,1.0,0.9745318352059925,0.49725119582055766,0.536938579178387,0.536938579178387
2,mirror_rotate_270,part04;part03;part02;part01,part03,50,A,1,original,20,370,1.0,0.06928838951310862,-0.041893121986871784,-0.013505758434033472,0.013505758434033472
2,mirror_rotate_270,part04;part03;part02;part01,part03,50,A,1,mean3,21,370,1.0,0.06928838951310862,-0.06079488738229453,0.002821044942915402,0.002821044942915402
2,mirror_rotate_270,part04;part03;part02;part01,part03,50,A,1,mean5,22,370,1.0,0.06928838951310862,-0.07848285112489024,-0.026525815365023245,0.026525815365023245
2,mirror_rotate_270,part04;part03;part02;part01,part03,50,A,2,original,23,3818,1.0,0.7149812734082397,0.013305371497974866,0.01810133313229777,0.01810133313229777
2,mirror_rotate_270,part04;part03;part02;part01,part03,50,A,2,mean3,24,3818,1.0,0.7149812734082397,0.02062447168947936,0.024465008808865294,0.024465008808865294
2,mirror_rotate_270,part04;part03;part02;part01,part03,50,A,2,mean5,25,3818,1.0,0.7149812734082397,0.03052224464583106,0.036843495613558874,0.036843495613558874
2,mirror_rotate_270,part04;part03;part02;part01,part03,50,A,3,original,26,5336,1.0,0.9992509363295881,0.015053930109507728,0.010140482601089766,0.010140482601089766
2,mirror_rotate_270,part04;part03;part02;part01,part03,50,A,3,mean3,27,5336,1.0,0.9992509363295881,0.009518912661746922,0.005418787427709048,0.005418787427709048
2,mirror_rotate_270,part04;part03;part02;part01,part03,50,A,3,mean5,28,5336,1.0,0.9992509363295881,0.0012705396663551206,-0.0019454602048602418,0.0019454602048602418
2,mirror_rotate_270,part04;part03;part02;part01,part03,50,B,1,original,29,3200,1.0,0.599250936329588,-0.039593953143084844,-0.016373368665235144,0.016373368665235144
2,mirror_rotate_270,part04;part03;part02;part01,part03,50,B,1,mean3,30,3200,1.0,0.599250936329588,-0.036215632270062685,-0.01191245373653161,0.01191245373653161
2,mirror_rotate_270,part04;part03;part02;part01,part03,50,B,1,mean5,31,3200,1.0,0.599250936329588,-0.025711362116863055,-0.0010466242157807157,0.0010466242157807157
2,mirror_rotate_270,part04;part03;part02;part01,part03,50,B,2,original,32,5126,1.0,0.9599250936329587,0.5726747857643576,0.6067113453406385,0.6067113453406385
2,mirror_rotate_270,part04;part03;part02;part01,part03,50,B,2,mean3,33,5126,1.0,0.9599250936329587,0.5949125516709882,0.622134560741851,0.622134560741851
2,mirror_rotate_270,part04;part03;part02;part01,part03,50,B,2,mean5,34,5126,1.0,0.9599250936329587,0.618713945117872,0.6378959636725146,0.6378959636725146
2,mirror_rotate_270,part04;part03;part02;part01,part03,50,B,3,original,35,5149,1.0,0.9642322097378278,0.22186280874879516,0.19591003483640881,0.19591003483640881
2,mirror_rotate_270,part04;part03;part02;part01,part03,50,B,3,mean3,36,5149,1.0,0.9642322097378278,0.24350249827673573,0.21525712842630956,0.21525712842630956
2,mirror_rotate_270,part04;part03;part02;part01,part03,50,B,3,mean5,37,5149,1.0,0.9642322097378278,0.26278730848569154,0.23293941207031524,0.23293941207031524
2,mirror_rotate_270,part04;part03;part02;part01,part02,50,A,1,original,20,1046,1.0,0.19588014981273408,-0.003945413712342865,-0.0018571286159672134,0.0018571286159672134
2,mirror_rotate_270,part04;part03;part02;part01,part02,50,A,1,mean3,21,1046,1.0,0.19588014981273408,-0.007753034367669404,-0.01584930397395972,0.01584930397395972
2,mirror_rotate_270,part04;part03;part02;part01,part02,50,A,1,mean5,22,1046,1.0,0.19588014981273408,-0.00956585916389588,-0.015223975633797541,0.015223975633797541
2,mirror_rotate_270,part04;part03;part02;part01,part02,50,A,2,original,23,4734,1.0,0.8865168539325843,0.02138752917533165,0.0305246789892627,0.0305246789892627
2,mirror_rotate_270,part04;part03;part02;part01,part02,50,A,2,mean3,24,4734,1.0,0.8865168539325843,0.02686924048006164,0.0350584560583891,0.0350584560583891
2,mirror_rotate_270,part04;part03;part02;part01,part02,50,A,2,mean5,25,4734,1.0,0.8865168539325843,0.032925681135672256,0.041026212121243556,0.041026212121243556
2,mirror_rotate_270,part04;part03;part02;part01,part02,50,A,3,original,26,5336,1.0,0.9992509363295881,-0.0042721033846072265,-0.006813004071470219,0.006813004071470219
2,mirror_rotate_270,part04;part03;part02;part01,part02,50,A,3,mean3,27,5336,1.0,0.9992509363295881,-0.0072965662000861265,-0.009309138647266027,0.009309138647266027
2,mirror_rotate_270,part04;part03;part02;part01,part02,50,A,3,mean5,28,5336,1.0,0.9992509363295881,-0.005078023591838542,-0.009188694489661142,0.009188694489661142
2,mirror_rotate_270,part04;part03;part02;part01,part02,50,B,1,original,29,4013,1.0,0.751498127340824,0.11012507725870693,0.1368407270427528,0.1368407270427528
2,mirror_rotate_270,part04;part03;part02;part01,part02,50,B,1,mean3,30,4013,1.0,0.751498127340824,0.11826803384254171,0.14598169883106082,0.14598169883106082
2,mirror_rotate_270,part04;part03;part02;part01,part02,50,B,1,mean5,31,4013,1.0,0.751498127340824,0.13445496030195442,0.16075638148144533,0.16075638148144533
2,mirror_rotate_270,part04;part03;part02;part01,part02,50,B,2,original,32,5245,1.0,0.9822097378277154,0.5802050250351675,0.6019165834897603,0.6019165834897603
2,mirror_rotate_270,part04;part03;part02;part01,part02,50,B,2,mean3,33,5245,1.0,0.9822097378277154,0.5978668214725752,0.6144469170739291,0.6144469170739291
2,mirror_rotate_270,part04;part03;part02;part01,part02,50,B,2,mean5,34,5245,1.0,0.9822097378277154,0.6232074953715028,0.632622747491167,0.632622747491167
2,mirror_rotate_270,part04;part03;part02;part01,part02,50,B,3,original,35,5012,1.0,0.9385767790262173,0.11253563520695534,0.08197039007825702,0.08197039007825702
2,mirror_rotate_270,part04;part03;part02;part01,part02,50,B,3,mean3,36,5012,1.0,0.9385767790262173,0.11785677687884476,0.08507923958230422,0.08507923958230422
2,mirror_rotate_270,part04;part03;part02;part01,part02,50,B,3,mean5,37,5012,1.0,0.9385767790262173,0.12144703719920641,0.08441597435933634,0.08441597435933634
2,mirror_rotate_270,part04;part03;part02;part01,part01,50,A,1,original,20,3174,1.0,0.5943820224719101,0.043409405345101924,0.039428865415858806,0.039428865415858806
2,mirror_rotate_270,part04;part03;part02;part01,part01,50,A,1,mean3,21,3174,1.0,0.5943820224719101,0.05376425305738144,0.048897445576785395,0.048897445576785395
2,mirror_rotate_270,part04;part03;part02;part01,part01,50,A,1,mean5,22,3174,1.0,0.5943820224719101,0.062309874013836045,0.05481418457122014,0.05481418457122014
2,mirror_rotate_270,part04;part03;part02;part01,part01,50,A,2,original,23,5195,1.0,0.9728464419475655,-0.011575671265876672,-0.005783698785716919,0.005783698785716919
2,mirror_rotate_270,part04;part03;part02;part01,part01,50,A,2,mean3,24,5195,1.0,0.9728464419475655,-0.007487728484040721,-0.00041927012894427774,0.00041927012894427774
2,mirror_rotate_270,part04;part03;part02;part01,part01,50,A,2,mean5,25,5195,1.0,0.9728464419475655,-0.0029195120424358703,0.0024841208879325654,0.0024841208879325654
2,mirror_rotate_270,part04;part03;part02;part01,part01,50,A,3,original,26,5339,1.0,0.999812734082397,0.03998496662591496,0.04478500909009407,0.04478500909009407
2,mirror_rotate_270,part04;part03;part02;part01,part01,50,A,3,mean3,27,5339,1.0,0.999812734082397,0.04115225729568161,0.05034670614196666,0.05034670614196666
2,mirror_rotate_270,part04;part03;part02;part01,part01,50,A,3,mean5,28,5339,1.0,0.999812734082397,0.03964888271630851,0.05165295681748349,0.05165295681748349
2,mirror_rotate_270,part04;part03;part02;part01,part01,50,B,1,original,29,4504,1.0,0.8434456928838951,0.29147583198069477,0.3564058497394502,0.3564058497394502
2,mirror_rotate_270,part04;part03;part02;part01,part01,50,B,1,mean3,30,4504,1.0,0.8434456928838951,0.306401298343406,0.36931108038012894,0.36931108038012894
2,mirror_rotate_270,part04;part03;part02;part01,part01,50,B,1,mean5,31,4504,1.0,0.8434456928838951,0.3313767127467696,0.3859544941938876,0.3859544941938876
2,mirror_rotate_270,part04;part03;part02;part01,part01,50,B,2,original,32,5326,1.0,0.9973782771535581,0.5546184728712578,0.586429486795643,0.586429486795643
2,mirror_rotate_270,part04;part03;part02;part01,part01,50,B,2,mean3,33,5326,1.0,0.9973782771535581,0.583080997203666,0.5988552036323297,0.5988552036323297
2,mirror_rotate_270,part04;part03;part02;part01,part01,50,B,2,mean5,34,5326,1.0,0.9973782771535581,0.6145655670086544,0.6140828469132354,0.6140828469132354
2,mirror_rotate_270,part04;part03;part02;part01,part01,50,B,3,original,35,4723,1.0,0.8844569288389513,0.21980848659537136,0.21649663012689913,0.21649663012689913
2,mirror_rotate_270,part04;part03;part02;part01,part01,50,B,3,mean3,36,4723,1.0,0.8844569288389513,0.2406643239903741,0.23920213064756535,0.23920213064756535
2,mirror_rotate_270,part04;part03;part02;part01,part01,50,B,3,mean5,37,4723,1.0,0.8844569288389513,0.2614746857852009,0.2592523090841648,0.2592523090841648
2,mirror_rotate_270,part04;part03;part02;part01,part04,75,A,1,original,20,130,1.0,0.03558718861209965,-0.06505216350123995,-0.012616350864905713,0.012616350864905713
2,mirror_rotate_270,part04;part03;part02;part01,part04,75,A,1,mean3,21,130,1.0,0.03558718861209965,-0.07453103877312893,-0.056891765012682276,0.056891765012682276
2,mirror_rotate_270,part04;part03;part02;part01,part04,75,A,1,mean5,22,130,1.0,0.03558718861209965,-0.11993562317763942,-0.1258378292668435,0.1258378292668435
2,mirror_rotate_270,part04;part03;part02;part01,part04,75,A,2,original,23,1601,1.0,0.43826991513824254,0.0027990923769333617,-0.03216083771631437,0.03216083771631437
2,mirror_rotate_270,part04;part03;part02;part01,part04,75,A,2,mean3,24,1601,1.0,0.43826991513824254,0.0007420722300195305,-0.02801159803745025,0.02801159803745025
2,mirror_rotate_270,part04;part03;part02;part01,part04,75,A,2,mean5,25,1601,1.0,0.43826991513824254,0.006765074674394545,-0.004125758584466358,0.004125758584466358
2,mirror_rotate_270,part04;part03;part02;part01,part04,75,A,3,original,26,3652,1.0,0.9997262523952916,0.07649130889193928,0.055066929277189744,0.055066929277189744
2,mirror_rotate_270,part04;part03;part02;part01,part04,75,A,3,mean3,27,3652,1.0,0.9997262523952916,0.0922133931737244,0.07196767017597112,0.07196767017597112
2,mirror_rotate_270,part04;part03;part02;part01,part04,75,A,3,mean5,28,3652,1.0,0.9997262523952916,0.11131363474347458,0.09407045715433826,0.09407045715433826
2,mirror_rotate_270,part04;part03;part02;part01,part04,75,B,1,original,29,992,1.0,0.27155762387079113,0.3317370467903584,0.28524938432059355,0.28524938432059355
2,mirror_rotate_270,part04;part03;part02;part01,part04,75,B,1,mean3,30,992,1.0,0.27155762387079113,0.34443446611826306,0.3092331115298551,0.3092331115298551
2,mirror_rotate_270,part04;part03;part02;part01,part04,75,B,1,mean5,31,992,1.0,0.27155762387079113,0.3675119418697288,0.34014940789526976,0.34014940789526976
2,mirror_rotate_270,part04;part03;part02;part01,part04,75,B,2,original,32,3170,1.0,0.8677799069258144,0.6843859616489929,0.6980090727962558,0.6980090727962558
2,mirror_rotate_270,part04;part03;part02;part01,part04,75,B,2,mean3,33,3170,1.0,0.8677799069258144,0.7019297981152874,0.7098617016412355,0.7098617016412355
2,mirror_rotate_270,part04;part03;part02;part01,part04,75,B,2,mean5,34,3170,1.0,0.8677799069258144,0.7245509732581569,0.7267961688651342,0.7267961688651342
2,mirror_rotate_270,part04;part03;part02;part01,part04,75,B,3,original,35,3633,1.0,0.9945250479058309,0.6276382130232926,0.7332592808185533,0.7332592808185533
2,mirror_rotate_270,part04;part03;part02;part01,part04,75,B,3,mean3,36,3633,1.0,0.9945250479058309,0.6397059205060934,0.7400809664649857,0.7400809664649857
2,mirror_rotate_270,part04;part03;part02;part01,part04,75,B,3,mean5,37,3633,1.0,0.9945250479058309,0.6574495066580824,0.7490340270608596,0.7490340270608596
2,mirror_rotate_270,part04;part03;part02;part01,part03,75,A,1,original,20,149,1.0,0.04078839310156036,-0.09145435392167689,-0.0869061855827069,0.0869061855827069
2,mirror_rotate_270,part04;part03;part02;part01,part03,75,A,1,mean3,21,149,1.0,0.04078839310156036,-0.07815926862134649,-0.060165734791778606,0.060165734791778606
2,mirror_rotate_270,part04;part03;part02;part01,part03,75,A,1,mean5,22,149,1.0,0.04078839310156036,-0.07839759005235798,-0.05831292944624875,0.05831292944624875
2,mirror_rotate_270,part04;part03;part02;part01,part03,75,A,2,original,23,2680,1.0,0.7336435806186696,0.053910282828114345,0.03960049972099448,0.03960049972099448
2,mirror_rotate_270,part04;part03;part02;part01,part03,75,A,2,mean3,24,2680,1.0,0.7336435806186696,0.056190922126393664,0.04193083725930316,0.04193083725930316
2,mirror_rotate_270,part04;part03;part02;part01,part03,75,A,2,mean5,25,2680,1.0,0.7336435806186696,0.06226843087780678,0.05065777922989383,0.05065777922989383
2,mirror_rotate_270,part04;part03;part02;part01,part03,75,A,3,original,26,3652,1.0,0.9997262523952916,0.09264555234968802,0.08828256256242564,0.08828256256242564
2,mirror_rotate_270,part04;part03;part02;part01,part03,75,A,3,mean3,27,3652,1.0,0.9997262523952916,0.10598511157549065,0.09795354253683011,0.09795354253683011
2,mirror_rotate_270,part04;part03;part02;part01,part03,75,A,3,mean5,28,3652,1.0,0.9997262523952916,0.11294308661508806,0.10477775000281357,0.10477775000281357
2,mirror_rotate_270,part04;part03;part02;part01,part03,75,B,1,original,29,1354,1.0,0.3706542567752532,0.38956125932941665,0.3857875031035584,0.3857875031035584
2,mirror_rotate_270,part04;part03;part02;part01,part03,75,B,1,mean3,30,1354,1.0,0.3706542567752532,0.40401247680118296,0.3999933085243445,0.3999933085243445
2,mirror_rotate_270,part04;part03;part02;part01,part03,75,B,1,mean5,31,1354,1.0,0.3706542567752532,0.42803038047965913,0.42318856694428,0.42318856694428
2,mirror_rotate_270,part04;part03;part02;part01,part03,75,B,2,original,32,3475,1.0,0.9512729263618943,0.5673103928809664,0.6270856345443928,0.6270856345443928
2,mirror_rotate_270,part04;part03;part02;part01,part03,75,B,2,mean3,33,3475,1.0,0.9512729263618943,0.5981806736236907,0.6456411276119383,0.6456411276119383
2,mirror_rotate_270,part04;part03;part02;part01,part03,75,B,2,mean5,34,3475,1.0,0.9512729263618943,0.6332396010440982,0.6684646964099975,0.6684646964099975
2,mirror_rotate_270,part04;part03;part02;part01,part03,75,B,3,original,35,3636,1.0,0.9953462907199562,0.39753104781309506,0.5686612228930323,0.5686612228930323
2,mirror_rotate_270,part04;part03;part02;part01,part03,75,B,3,mean3,36,3636,1.0,0.9953462907199562,0.4043231855572048,0.5788884090974231,0.5788884090974231
2,mirror_rotate_270,part04;part03;part02;part01,part03,75,B,3,mean5,37,3636,1.0,0.9953462907199562,0.42095973606537945,0.5923220516484822,0.5923220516484822
2,mirror_rotate_270,part04;part03;part02;part01,part02,75,A,1,original,20,607,1.0,0.1661647960580345,-0.027199534140106188,-0.009451557017773357,0.009451557017773357
2,mirror_rotate_270,part04;part03;part02;part01,part02,75,A,1,mean3,21,607,1.0,0.1661647960580345,-0.01556621523982862,0.018717873128897333,0.018717873128897333
2,mirror_rotate_270,part04;part03;part02;part01,part02,75,A,1,mean5,22,607,1.0,0.1661647960580345,0.003031724293550592,0.031221446789904923,0.031221446789904923
2,mirror_rotate_270,part04;part03;part02;part01,part02,75,A,2,original,23,3305,1.0,0.9047358335614564,0.014135351495174307,0.019201327735201067,0.019201327735201067
2,mirror_rotate_270,part04;part03;part02;part01,part02,75,A,2,mean3,24,3305,1.0,0.9047358335614564,0.025899962771840077,0.031856776494114614,0.031856776494114614
2,mirror_rotate_270,part04;part03;part02;part01,part02,75,A,2,mean5,25,3305,1.0,0.9047358335614564,0.04172250583259081,0.05179483744293535,0.05179483744293535
2,mirror_rotate_270,part04;part03;part02;part01,part02,75,A,3,original,26,3653,1.0,1.0,0.051910507366350195,0.046790867567204734,0.046790867567204734
2,mirror_rotate_270,part04;part03;part02;part01,part02,75,A,3,mean3,27,3653,1.0,1.0,0.06599535387447164,0.06142240984150137,0.06142240984150137
2,mirror_rotate_270,part04;part03;part02;part01,part02,75,A,3,mean5,28,3653,1.0,1.0,0.07507586802410895,0.06341746660481506,0.06341746660481506
2,mirror_rotate_270,part04;part03;part02;part01,part02,75,B,1,original,29,1730,1.0,0.47358335614563374,0.4520537496266405,0.43473881551946825,0.43473881551946825
2,mirror_rotate_270,part04;part03;part02;part01,part02,75,B,1,mean3,30,1730,1.0,0.47358335614563374,0.46067450928844145,0.44379305811726655,0.44379305811726655
2,mirror_rotate_270,part04;part03;part02;part01,part02,75,B,1,mean5,31,1730,1.0,0.47358335614563374,0.4747243446613854,0.4582502359162712,0.4582502359162712
2,mirror_rotate_270,part04;part03;part02;part01,part02,75,B,2,original,32,3536,1.0,0.9679715302491103,0.5371195365269876,0.662306061231223,0.662306061231223
2,mirror_rotate_270,part04;part03;part02;part01,part02,75,B,2,mean3,33,3536,1.0,0.9679715302491103,0.5579997087357387,0.6753558979269041,0.6753558979269041
2,mirror_rotate_270,part04;part03;part02;part01,part02,75,B,2,mean5,34,3536,1.0,0.9679715302491103,0.5902822809060186,0.6913150797204438,0.6913150797204438
2,mirror_rotate_270,part04;part03;part02;part01,part02,75,B,3,original,35,3593,1.0,0.9835751437174924,0.3436972267672107,0.494573402728405,0.494573402728405
2,mirror_rotate_270,part04;part03;part02;part01,part02,75,B,3,mean3,36,3593,1.0,0.9835751437174924,0.3510520118862556,0.5047135892623257,0.5047135892623257
2,mirror_rotate_270,part04;part03;part02;part01,part02,75,B,3,mean5,37,3593,1.0,0.9835751437174924,0.36627697997522174,0.5171612384718323,0.5171612384718323
2,mirror_rotate_270,part04;part03;part02;part01,part01,75,A,1,original,20,2089,1.0,0.5718587462359704,0.05029067033310459,0.06691045510057576,0.06691045510057576
2,mirror_rotate_270,part04;part03;part02;part01,part01,75,A,1,mean3,21,2089,1.0,0.5718587462359704,0.05411414815966531,0.07720418667120262,0.07720418667120262
2,mirror_rotate_270,part04;part03;part02;part01,part01,75,A,1,mean5,22,2089,1.0,0.5718587462359704,0.06531869040811826,0.09161817449859552,0.09161817449859552
2,mirror_rotate_270,part04;part03;part02;part01,part01,75,A,2,original,23,3557,1.0,0.9737202299479879,0.018307469096242975,0.02764810507080722,0.02764810507080722
2,mirror_rotate_270,part04;part03;part02;part01,part01,75,A,2,mean3,24,3557,1.0,0.9737202299479879,0.019323330746760087,0.031226206726636785,0.031226206726636785
2,mirror_rotate_270,part04;part03;part02;part01,part01,75,A,2,mean5,25,3557,1.0,0.9737202299479879,0.027044818740514547,0.03984486088980514,0.03984486088980514
2,mirror_rotate_270,part04;part03;part02;part01,part01,75,A,3,original,26,3641,1.0,0.9967150287434985,0.053170328565622746,0.03232078342058372,0.03232078342058372
2,mirror_rotate_270,part04;part03;part02;part01,part01,75,A,3,mean3,27,3641,1.0,0.9967150287434985,0.06481417575359501,0.04458943385390831,0.04458943385390831
2,mirror_rotate_270,part04;part03;part02;part01,part01,75,A,3,mean5,28,3641,1.0,0.9967150287434985,0.07503854324923591,0.0525261934880721,0.0525261934880721
2,mirror_rotate_270,part04;part03;part02;part01,part01,75,B,1,original,29,2043,1.0,0.5592663564193814,0.4445702684897187,0.48279352697987676,0.48279352697987676
2,mirror_rotate_270,part04;part03;part02;part01,part01,75,B,1,mean3,30,2043,1.0,0.5592663564193814,0.460740219584872,0.49952834539353913,0.49952834539353913
2,mirror_rotate_270,part04;part03;part02;part01,part01,75,B,1,mean5,31,2043,1.0,0.5592663564193814,0.48764396533996784,0.5220122377342715,0.5220122377342715
2,mirror_rotate_270,part04;part03;part02;part01,part01,75,B,2,original,32,3630,1.0,0.9937038050917054,0.518479296830307,0.6791977104331524,0.6791977104331524
2,mirror_rotate_270,part04;part03;part02;part01,part01,75,B,2,mean3,33,3630,1.0,0.9937038050917054,0.5500896298082495,0.6875621267977845,0.6875621267977845
2,mirror_rotate_270,part04;part03;part02;part01,part01,75,B,2,mean5,34,3630,1.0,0.9937038050917054,0.5852944160875471,0.696204982258731,0.696204982258731
2,mirror_rotate_270,part04;part03;part02;part01,part01,75,B,3,original,35,3367,1.0,0.9217081850533808,0.4670670270162328,0.587359946243906,0.587359946243906
2,mirror_rotate_270,part04;part03;part02;part01,part01,75,B,3,mean3,36,3367,1.0,0.9217081850533808,0.47238367425699446,0.5974126573824269,0.5974126573824269
2,mirror_rotate_270,part04;part03;part02;part01,part01,75,B,3,mean5,37,3367,1.0,0.9217081850533808,0.4883606599706526,0.6104961305001227,0.6104961305001227
2,mirror_rotate_270,part04;part03;part02;part01,part04,100,A,1,original,20,68,1.0,0.01863013698630137,-0.11845072558225038,-0.21053235964860756,0.21053235964860756
2,mirror_rotate_270,part04;part03;part02;part01,part04,100,A,1,mean3,21,68,1.0,0.01863013698630137,-0.17705343295054699,-0.2200720862926003,0.2200720862926003
2,mirror_rotate_270,part04;part03;part02;part01,part04,100,A,1,mean5,22,68,1.0,0.01863013698630137,-0.1437606690384823,-0.2145127772567372,0.2145127772567372
2,mirror_rotate_270,part04;part03;part02;part01,part04,100,A,2,original,23,1202,1.0,0.3293150684931507,0.02436391588942672,0.054206728876461364,0.054206728876461364
2,mirror_rotate_270,part04;part03;part02;part01,part04,100,A,2,mean3,24,1202,1.0,0.3293150684931507,0.026214464549137482,0.04340863466225639,0.04340863466225639
2,mirror_rotate_270,part04;part03;part02;part01,part04,100,A,2,mean5,25,1202,1.0,0.3293150684931507,0.021532167111620357,0.03505850628153635,0.03505850628153635
2,mirror_rotate_270,part04;part03;part02;part01,part04,100,A,3,original,26,3644,1.0,0.9983561643835617,0.06199469224076824,0.06556470754102216,0.06556470754102216
2,mirror_rotate_270,part04;part03;part02;part01,part04,100,A,3,mean3,27,3644,1.0,0.9983561643835617,0.0661550438544204,0.07313915660339537,0.07313915660339537
2,mirror_rotate_270,part04;part03;part02;part01,part04,100,A,3,mean5,28,3644,1.0,0.9983561643835617,0.06738400581565805,0.07521489825911293,0.07521489825911293
2,mirror_rotate_270,part04;part03;part02;part01,part04,100,B,1,original,29,655,1.0,0.17945205479452056,-0.0985065668648125,-0.1145717239271644,0.1145717239271644
2,mirror_rotate_270,part04;part03;part02;part01,part04,100,B,1,mean3,30,655,1.0,0.17945205479452056,-0.10238062976504521,-0.08541087646064045,0.08541087646064045
2,mirror_rotate_270,part04;part03;part02;part01,part04,100,B,1,mean5,31,655,1.0,0.17945205479452056,-0.08242037497665329,-0.04148341473875534,0.04148341473875534
2,mirror_rotate_270,part04;part03;part02;part01,part04,100,B,2,original,32,2551,1.0,0.6989041095890411,0.6124824481716089,0.613534920055062,0.613534920055062
2,mirror_rotate_270,part04;part03;part02;part01,part04,100,B,2,mean3,33,2551,1.0,0.6989041095890411,0.6325727793854615,0.6326351962496791,0.6326351962496791
2,mirror_rotate_270,part04;part03;part02;part01,part04,100,B,2,mean5,34,2551,1.0,0.6989041095890411,0.6554949689092451,0.6550891456451682,0.6550891456451682
2,mirror_rotate_270,part04;part03;part02;part01,part04,100,B,3,original,35,3497,1.0,0.9580821917808219,0.5173934519790664,0.5403961695513588,0.5403961695513588
2,mirror_rotate_270,part04;part03;part02;part01,part04,100,B,3,mean3,36,3497,1.0,0.9580821917808219,0.5375388576691897,0.5528870924195262,0.5528870924195262
2,mirror_rotate_270,part04;part03;part02;part01,part04,100,B,3,mean5,37,3497,1.0,0.9580821917808219,0.5581598862289,0.5660062882797362,0.5660062882797362
2,mirror_rotate_270,part04;part03;part02;part01,part03,100,A,1,original,20,124,1.0,0.03397260273972603,-0.10107045636122906,-0.054873570360006584,0.054873570360006584
2,mirror_rotate_270,part04;part03;part02;part01,part03,100,A,1,mean3,21,124,1.0,0.03397260273972603,-0.11436553088996153,-0.06008467743944343,0.06008467743944343
2,mirror_rotate_270,part04;part03;part02;part01,part03,100,A,1,mean5,22,124,1.0,0.03397260273972603,-0.14291560896640687,-0.08202564672375715,0.08202564672375715
2,mirror_rotate_270,part04;part03;part02;part01,part03,100,A,2,original,23,2489,1.0,0.6819178082191781,0.04458316580986983,0.06139067043842116,0.06139067043842116
2,mirror_rotate_270,part04;part03;part02;part01,part03,100,A,2,mean3,24,2489,1.0,0.6819178082191781,0.04718161004294138,0.06278709009382412,0.06278709009382412
2,mirror_rotate_270,part04;part03;part02;part01,part03,100,A,2,mean5,25,2489,1.0,0.6819178082191781,0.05553071025703314,0.07066864193147397,0.07066864193147397
2,mirror_rotate_270,part04;part03;part02;part01,part03,100,A,3,original,26,3647,1.0,0.9991780821917808,0.038620011312477893,0.03727444703144411,0.03727444703144411
2,mirror_rotate_270,part04;part03;part02;part01,part03,100,A,3,mean3,27,3647,1.0,0.9991780821917808,0.035413827409065235,0.03548754492208102,0.03548754492208102
2,mirror_rotate_270,part04;part03;part02;part01,part03,100,A,3,mean5,28,3647,1.0,0.9991780821917808,0.03982544487472143,0.04163001723935962,0.04163001723935962
2,mirror_rotate_270,part04;part03;part02;part01,part03,100,B,1,original,29,1342,1.0,0.36767123287671233,-0.009664345655035579,0.0392231989880394,0.0392231989880394
2,mirror_rotate_270,part04;part03;part02;part01,part03,100,B,1,mean3,30,1342,1.0,0.36767123287671233,-0.0019970429041308905,0.05515843910751601,0.05515843910751601
2,mirror_rotate_270,part04;part03;part02;part01,part03,100,B,1,mean5,31,1342,1.0,0.36767123287671233,0.009841022798929502,0.07342398057232044,0.07342398057232044
2,mirror_rotate_270,part04;part03;part02;part01,part03,100,B,2,original,32,2956,1.0,0.8098630136986301,0.5923797252090119,0.5959403550044843,0.5959403550044843
2,mirror_rotate_270,part04;part03;part02;part01,part03,100,B,2,mean3,33,2956,1.0,0.8098630136986301,0.6194366000372981,0.6206207470154832,0.6206207470154832
2,mirror_rotate_270,part04;part03;part02;part01,part03,100,B,2,mean5,34,2956,1.0,0.8098630136986301,0.6477059773692965,0.646589706678806,0.646589706678806
2,mirror_rotate_270,part04;part03;part02;part01,part03,100,B,3,original,35,3341,1.0,0.9153424657534247,0.34950760354215105,0.3537192013450929,0.3537192013450929
2,mirror_rotate_270,part04;part03;part02;part01,part03,100,B,3,mean3,36,3341,1.0,0.9153424657534247,0.3625155478655171,0.3621700669145828,0.3621700669145828
2,mirror_rotate_270,part04;part03;part02;part01,part03,100,B,3,mean5,37,3341,1.0,0.9153424657534247,0.38089765756027333,0.3746746030493374,0.3746746030493374
2,mirror_rotate_270,part04;part03;part02;part01,part02,100,A,1,original,20,494,1.0,0.13534246575342465,-0.12255865296103786,-0.10640080999444126,0.10640080999444126
2,mirror_rotate_270,part04;part03;part02;part01,part02,100,A,1,mean3,21,494,1.0,0.13534246575342465,-0.10593865490747026,-0.09913753804133606,0.09913753804133606
2,mirror_rotate_270,part04;part03;part02;part01,part02,100,A,1,mean5,22,494,1.0,0.13534246575342465,-0.08455881990823438,-0.07667287483354114,0.07667287483354114
2,mirror_rotate_270,part04;part03;part02;part01,part02,100,A,2,original,23,3314,1.0,0.907945205479452,0.0029152191346369645,0.005946289445950219,0.005946289445950219
2,mirror_rotate_270,part04;part03;part02;part01,part02,100,A,2,mean3,24,3314,1.0,0.907945205479452,0.004011065538072928,0.007997469146674032,0.007997469146674032
2,mirror_rotate_270,part04;part03;part02;part01,part02,100,A,2,mean5,25,3314,1.0,0.907945205479452,0.0067993960087034235,0.012747413081491318,0.012747413081491318
2,mirror_rotate_270,part04;part03;part02;part01,part02,100,A,3,original,26,3645,1.0,0.9986301369863013,-0.003145532076821659,0.0039003090758087896,0.0039003090758087896
2,mirror_rotate_270,part04;part03;part02;part01,part02,100,A,3,mean3,27,3645,1.0,0.9986301369863013,-0.005375849746845582,0.0029661126165758996,0.0029661126165758996
2,mirror_rotate_270,part04;part03;part02;part01,part02,100,A,3,mean5,28,3645,1.0,0.9986301369863013,-0.0029585750760847736,0.002947229488778781,0.002947229488778781
2,mirror_rotate_270,part04;part03;part02;part01,part02,100,B,1,original,29,1868,1.0,0.5117808219178083,0.1441861765455245,0.16862783459692454,0.16862783459692454
2,mirror_rotate_270,part04;part03;part02;part01,part02,100,B,1,mean3,30,1868,1.0,0.5117808219178083,0.15181193192565082,0.17622964600870575,0.17622964600870575
2,mirror_rotate_270,part04;part03;part02;part01,part02,100,B,1,mean5,31,1868,1.0,0.5117808219178083,0.16177438419469706,0.1847611085254792,0.1847611085254792
2,mirror_rotate_270,part04;part03;part02;part01,part02,100,B,2,original,32,3419,1.0,0.9367123287671233,0.5505110378247127,0.5900151980869675,0.5900151980869675
2,mirror_rotate_270,part04;part03;part02;part01,part02,100,B,2,mean3,33,3419,1.0,0.9367123287671233,0.5714558007523756,0.60785246740772,0.60785246740772
2,mirror_rotate_270,part04;part03;part02;part01,part02,100,B,2,mean5,34,3419,1.0,0.9367123287671233,0.5992323396484605,0.6310311299026589,0.6310311299026589
2,mirror_rotate_270,part04;part03;part02;part01,part02,100,B,3,original,35,3131,1.0,0.8578082191780821,0.26410862160161447,0.26406387153588856,0.26406387153588856
2,mirror_rotate_270,part04;part03;part02;part01,part02,100,B,3,mean3,36,3131,1.0,0.8578082191780821,0.2711747879634047,0.27095324464534365,0.27095324464534365
2,mirror_rotate_270,part04;part03;part02;part01,part02,100,B,3,mean5,37,3131,1.0,0.8578082191780821,0.2825599491719885,0.28189038489826607,0.28189038489826607
2,mirror_rotate_270,part04;part03;part02;part01,part01,100,A,1,original,20,2013,1.0,0.5515068493150685,0.028953200691706506,0.01976248042971431,0.01976248042971431
2,mirror_rotate_270,part04;part03;part02;part01,part01,100,A,1,mean3,21,2013,1.0,0.5515068493150685,0.028826158374188067,0.024800484720631275,0.024800484720631275
2,mirror_rotate_270,part04;part03;part02;part01,part01,100,A,1,mean5,22,2013,1.0,0.5515068493150685,0.048973113747888354,0.04918719797333264,0.04918719797333264
2,mirror_rotate_270,part04;part03;part02;part01,part01,100,A,2,original,23,3543,1.0,0.9706849315068493,-0.001006528830031136,-0.004371698073275221,0.004371698073275221
2,mirror_rotate_270,part04;part03;part02;part01,part01,100,A,2,mean3,24,3543,1.0,0.9706849315068493,-0.0015261719717627527,-0.004468596639118674,0.004468596639118674
2,mirror_rotate_270,part04;part03;part02;part01,part01,100,A,2,mean5,25,3543,1.0,0.9706849315068493,-0.004466488011465039,-0.0019162222411079604,0.0019162222411079604
2,mirror_rotate_270,part04;part03;part02;part01,part01,100,A,3,original,26,3643,1.0,0.9980821917808219,-0.00967157061825722,0.002708803534950811,0.002708803534950811
2,mirror_rotate_270,part04;part03;part02;part01,part01,100,A,3,mean3,27,3643,1.0,0.9980821917808219,-0.007842703364326464,0.009462397247754118,0.009462397247754118
2,mirror_rotate_270,part04;part03;part02;part01,part01,100,A,3,mean5,28,3643,1.0,0.9980821917808219,-0.00041743047482980725,0.02280197814312946,0.02280197814312946
2,mirror_rotate_270,part04;part03;part02;part01,part01,100,B,1,original,29,2258,1.0,0.6186301369863013,0.41458002414253425,0.4141169080702656,0.4141169080702656
2,mirror_rotate_270,part04;part03;part02;part01,part01,100,B,1,mean3,30,2258,1.0,0.6186301369863013,0.4348634787865233,0.43133133569751336,0.43133133569751336
2,mirror_rotate_270,part04;part03;part02;part01,part01,100,B,1,mean5,31,2258,1.0,0.6186301369863013,0.45689344651510305,0.44934179081030823,0.44934179081030823
2,mirror_rotate_270,part04;part03;part02;part01,part01,100,B,2,original,32,3493,1.0,0.9569863013698631,0.6171558137255232,0.6387732410713208,0.6387732410713208
2,mirror_rotate_270,part04;part03;part02;part01,part01,100,B,2,mean3,33,3493,1.0,0.9569863013698631,0.6430510638605623,0.6624974145812311,0.6624974145812311
2,mirror_rotate_270,part04;part03;part02;part01,part01,100,B,2,mean5,34,3493,1.0,0.9569863013698631,0.6717459658018569,0.6894835823370218,0.6894835823370218
2,mirror_rotate_270,part04;part03;part02;part01,part01,100,B,3,original,35,3032,1.0,0.8306849315068493,0.32564734998825434,0.31505736467533046,0.31505736467533046
2,mirror_rotate_270,part04;part03;part02;part01,part01,100,B,3,mean3,36,3032,1.0,0.8306849315068493,0.34411938062175734,0.3336084721551033,0.3336084721551033
2,mirror_rotate_270,part04;part03;part02;part01,part01,100,B,3,mean5,37,3032,1.0,0.8306849315068493,0.3673215219816028,0.3571013943964712,0.3571013943964712
2,mirror_rotate_270,part04;part03;part02;part01,part04,125,A,1,original,20,102,1.0,0.02634297520661157,-0.03245898282597985,-0.05165836274094959,0.05165836274094959
2,mirror_rotate_270,part04;part03;part02;part01,part04,125,A,1,mean3,21,102,1.0,0.02634297520661157,-0.027858434812352634,0.0035510626456669516,0.0035510626456669516
2,mirror_rotate_270,part04;part03;part02;part01,part04,125,A,1,mean5,22,102,1.0,0.02634297520661157,0.048132189640486746,0.05450682354823314,0.05450682354823314
2,mirror_rotate_270,part04;part03;part02;part01,part04,125,A,2,original,23,1377,1.0,0.3556301652892562,0.012808071426119743,-0.00921885981491791,0.00921885981491791
2,mirror_rotate_270,part04;part03;part02;part01,part04,125,A,2,mean3,24,1377,1.0,0.3556301652892562,0.02090483980589263,0.008736455002190946,0.008736455002190946
2,mirror_rotate_270,part04;part03;part02;part01,part04,125,A,2,mean5,25,1377,1.0,0.3556301652892562,0.02951397622809612,0.04734435883035009,0.04734435883035009
2,mirror_rotate_270,part04;part03;part02;part01,part04,125,A,3,original,26,3872,1.0,1.0,0.01033661780974182,0.013961881423921496,0.013961881423921496
2,mirror_rotate_270,part04;part03;part02;part01,part04,125,A,3,mean3,27,3872,1.0,1.0,-0.0014212230416612058,0.0007384541442468684,0.0007384541442468684
2,mirror_rotate_270,part04;part03;part02;part01,part04,125,A,3,mean5,28,3872,1.0,1.0,0.001021232476082581,0.0040550723425295,0.0040550723425295
2,mirror_rotate_270,part04;part03;part02;part01,part04,125,B,1,original,29,1173,1.0,0.30294421487603307,0.28607460066525736,0.2625179263798169,0.2625179263798169
2,mirror_rotate_270,part04;part03;part02;part01,part04,125,B,1,mean3,30,1173,1.0,0.30294421487603307,0.2962526974005215,0.2681926644465871,0.2681926644465871
2,mirror_rotate_270,part04;part03;part02;part01,part04,125,B,1,mean5,31,1173,1.0,0.30294421487603307,0.3107712537732985,0.2843482798900931,0.2843482798900931
2,mirror_rotate_270,part04;part03;part02;part01,part04,125,B,2,original,32,3332,1.0,0.8605371900826446,0.6571655352783196,0.6602156725793628,0.6602156725793628
2,mirror_rotate_270,part04;part03;part02;part01,part04,125,B,2,mean3,33,3332,1.0,0.8605371900826446,0.671210951563453,0.6733645544271396,0.6733645544271396
2,mirror_rotate_270,part04;part03;part02;part01,part04,125,B,2,mean5,34,3332,1.0,0.8605371900826446,0.6904292266077019,0.6903660629091815,0.6903660629091815
2,mirror_rotate_270,part04;part03;part02;part01,part04,125,B,3,original,35,3853,1.0,0.9950929752066116,0.6454495032683357,0.7235548282688223,0.7235548282688223
2,mirror_rotate_270,part04;part03;part02;part01,part04,125,B,3,mean3,36,3853,1.0,0.9950929752066116,0.6617705704088593,0.733415403946785,0.733415403946785
2,mirror_rotate_270,part04;part03;part02;part01,part04,125,B,3,mean5,37,3853,1.0,0.9950929752066116,0.6825468312137418,0.7455822772754762,0.7455822772754762
2,mirror_rotate_270,part04;part03;part02;part01,part03,125,A,1,original,20,192,1.0,0.049586776859504134,0.011501393767133163,0.04979963803482559,0.04979963803482559
2,mirror_rotate_270,part04;part03;part02;part01,part03,125,A,1,mean3,21,192,1.0,0.049586776859504134,0.07210627514514925,0.09350766100139152,0.09350766100139152
2,mirror_rotate_270,part04;part03;part02;part01,part03,125,A,1,mean5,22,192,1.0,0.049586776859504134,0.06947758364398089,0.060199539502317836,0.060199539502317836
2,mirror_rotate_270,part04;part03;part02;part01,part03,125,A,2,original,23,2796,1.0,0.7221074380165289,0.0802525730711975,0.07684400709162775,0.07684400709162775
2,mirror_rotate_270,part04;part03;part02;part01,part03,125,A,2,mean3,24,2796,1.0,0.7221074380165289,0.08912454477489692,0.08035715049823973,0.08035715049823973
2,mirror_rotate_270,part04;part03;part02;part01,part03,125,A,2,mean5,25,2796,1.0,0.7221074380165289,0.08951299095207847,0.07099899465606699,0.07099899465606699
2,mirror_rotate_270,part04;part03;part02;part01,part03,125,A,3,original,26,3870,1.0,0.9994834710743802,0.006470792872955716,-0.002904241138528553,0.002904241138528553
2,mirror_rotate_270,part04;part03;part02;part01,part03,125,A,3,mean3,27,3870,1.0,0.9994834710743802,0.006209461184780171,-0.009150156795693028,0.009150156795693028
2,mirror_rotate_270,part04;part03;part02;part01,part03,125,A,3,mean5,28,3870,1.0,0.9994834710743802,0.005719336780126789,-0.016085723820294412,0.016085723820294412
2,mirror_rotate_270,part04;part03;part02;part01,part03,125,B,1,original,29,1913,1.0,0.4940599173553719,0.28651533510236227,0.2797333610765257,0.2797333610765257
2,mirror_rotate_270,part04;part03;part02;part01,part03,125,B,1,mean3,30,1913,1.0,0.4940599173553719,0.2984692669485054,0.2920835215182831,0.2920835215182831
2,mirror_rotate_270,part04;part03;part02;part01,part03,125,B,1,mean5,31,1913,1.0,0.4940599173553719,0.3163786154581445,0.31182137521460784,0.31182137521460784
2,mirror_rotate_270,part04;part03;part02;part01,part03,125,B,2,original,32,3661,1.0,0.9455061983471075,0.6226494388505294,0.6617846296276645,0.6617846296276645
2,mirror_rotate_270,part04;part03;part02;part01,part03,125,B,2,mean3,33,3661,1.0,0.9455061983471075,0.6460249145159038,0.6765726149578913,0.6765726149578913
2,mirror_rotate_270,part04;part03;part02;part01,part03,125,B,2,mean5,34,3661,1.0,0.9455061983471075,0.6727915877485019,0.6923525259970049,0.6923525259970049
2,mirror_rotate_270,part04;part03;part02;part01,part03,125,B,3,original,35,3851,1.0,0.9945764462809917,0.5605393762266115,0.6623606455688089,0.6623606455688089
2,mirror_rotate_270,part04;part03;part02;part01,part03,125,B,3,mean3,36,3851,1.0,0.9945764462809917,0.5732510965978728,0.6727261321370084,0.6727261321370084
2,mirror_rotate_270,part04;part03;part02;part01,part03,125,B,3,mean5,37,3851,1.0,0.9945764462809917,0.5930192300004414,0.6840580720082974,0.6840580720082974
2,mirror_rotate_270,part04;part03;part02;part01,part02,125,A,1,original,20,706,1.0,0.18233471074380164,0.012939882630385037,-0.005104083615192995,0.005104083615192995
2,mirror_rotate_270,part04;part03;part02;part01,part02,125,A,1,mean3,21,706,1.0,0.18233471074380164,0.0014133793176799405,-0.024764830639350633,0.024764830639350633
2,mirror_rotate_270,part04;part03;part02;part01,part02,125,A,1,mean5,22,706,1.0,0.18233471074380164,-0.012116585648229712,-0.03724625351352537,0.03724625351352537
2,mirror_rotate_270,part04;part03;part02;part01,part02,125,A,2,original,23,3453,1.0,0.8917871900826446,0.05195995095886466,0.038562652907568114,0.038562652907568114
2,mirror_rotate_270,part04;part03;part02;part01,part02,125,A,2,mean3,24,3453,1.0,0.8917871900826446,0.06273246054056608,0.05348141035002092,0.05348141035002092
2,mirror_rotate_270,part04;part03;part02;part01,part02,125,A,2,mean5,25,3453,1.0,0.8917871900826446,0.07413332685860738,0.0712618837367091,0.0712618837367091
2,mirror_rotate_270,part04;part03;part02;part01,part02,125,A,3,original,26,3872,1.0,1.0,0.005562606006537636,0.005406529972630979,0.005406529972630979
2,mirror_rotate_270,part04;part03;part02;part01,part02,125,A,3,mean3,27,3872,1.0,1.0,0.01147012261269367,0.012314174009058142,0.012314174009058142
2,mirror_rotate_270,part04;part03;part02;part01,part02,125,A,3,mean5,28,3872,1.0,1.0,0.014593520875781578,0.013370662102448857,0.013370662102448857
2,mirror_rotate_270,part04;part03;part02;part01,part02,125,B,1,original,29,2374,1.0,0.6131198347107438,0.4416508629640763,0.4277795022411501,0.4277795022411501
2,mirror_rotate_270,part04;part03;part02;part01,part02,125,B,1,mean3,30,2374,1.0,0.6131198347107438,0.45289590583698497,0.4408361268661963,0.4408361268661963
2,mirror_rotate_270,part04;part03;part02;part01,part02,125,B,1,mean5,31,2374,1.0,0.6131198347107438,0.4685113365140271,0.45845820501167717,0.45845820501167717
2,mirror_rotate_270,part04;part03;part02;part01,part02,125,B,2,original,32,3764,1.0,0.9721074380165289,0.5526014913635543,0.660719992022224,0.660719992022224
2,mirror_rotate_270,part04;part03;part02;part01,part02,125,B,2,mean3,33,3764,1.0,0.9721074380165289,0.5689454973862023,0.6713286813238711,0.6713286813238711
2,mirror_rotate_270,part04;part03;part02;part01,part02,125,B,2,mean5,34,3764,1.0,0.9721074380165289,0.5961727421530055,0.6851254932309131,0.6851254932309131
2,mirror_rotate_270,part04;part03;part02;part01,part02,125,B,3,original,35,3807,1.0,0.9832128099173554,0.52365257910948,0.6252453985284983,0.6252453985284983
2,mirror_rotate_270,part04;part03;part02;part01,part02,125,B,3,mean3,36,3807,1.0,0.9832128099173554,0.5323638511434753,0.631944924864679,0.631944924864679
2,mirror_rotate_270,part04;part03;part02;part01,part02,125,B,3,mean5,37,3807,1.0,0.9832128099173554,0.5489171432905915,0.6394282671464441,0.6394282671464441
2,mirror_rotate_270,part04;part03;part02;part01,part01,125,A,1,original,20,2274,1.0,0.5872933884297521,0.022840084629272367,0.0296422976423897,0.0296422976423897
2,mirror_rotate_270,part04;part03;part02;part01,part01,125,A,1,mean3,21,2274,1.0,0.5872933884297521,0.0318547828862996,0.0361244409851374,0.0361244409851374
2,mirror_rotate_270,part04;part03;part02;part01,part01,125,A,1,mean5,22,2274,1.0,0.5872933884297521,0.040112290069209154,0.04569195108786603,0.04569195108786603
2,mirror_rotate_270,part04;part03;part02;part01,part01,125,A,2,original,23,3783,1.0,0.9770144628099173,0.009414262215606093,0.016473036920614824,0.016473036920614824
2,mirror_rotate_270,part04;part03;part02;part01,part01,125,A,2,mean3,24,3783,1.0,0.9770144628099173,0.014254006701230655,0.026188522514614974,0.026188522514614974
2,mirror_rotate_270,part04;part03;part02;part01,part01,125,A,2,mean5,25,3783,1.0,0.9770144628099173,0.016826814332029552,0.03289555691973989,0.03289555691973989
2,mirror_rotate_270,part04;part03;part02;part01,part01,125,A,3,original,26,3872,1.0,1.0,0.04747297066870139,0.04281163294947975,0.04281163294947975
2,mirror_rotate_270,part04;part03;part02;part01,part01,125,A,3,mean3,27,3872,1.0,1.0,0.055356166282225304,0.046569838528692,0.046569838528692
2,mirror_rotate_270,part04;part03;part02;part01,part01,125,A,3,mean5,28,3872,1.0,1.0,0.05873054988039321,0.04702942889108942,0.04702942889108942
2,mirror_rotate_270,part04;part03;part02;part01,part01,125,B,1,original,29,2781,1.0,0.7182334710743802,0.533238337765382,0.542685555388885,0.542685555388885
2,mirror_rotate_270,part04;part03;part02;part01,part01,125,B,1,mean3,30,2781,1.0,0.7182334710743802,0.5461811785495082,0.5541098681861168,0.5541098681861168
2,mirror_rotate_270,part04;part03;part02;part01,part01,125,B,1,mean5,31,2781,1.0,0.7182334710743802,0.5665640080953956,0.5699373903095631,0.5699373903095631
2,mirror_rotate_270,part04;part03;part02;part01,part01,125,B,2,original,32,3846,1.0,0.9932851239669421,0.6237136143006268,0.6638253429655195,0.6638253429655195
2,mirror_rotate_270,part04;part03;part02;part01,part01,125,B,2,mean3,33,3846,1.0,0.9932851239669421,0.6593773346557777,0.6783870646286845,0.6783870646286845
2,mirror_rotate_270,part04;part03;part02;part01,part01,125,B,2,mean5,34,3846,1.0,0.9932851239669421,0.6906179156471925,0.6937511103105014,0.6937511103105014
2,mirror_rotate_270,part04;part03;part02;part01,part01,125,B,3,original,35,3651,1.0,0.9429235537190083,0.6118391045420118,0.6783630628433788,0.6783630628433788
2,mirror_rotate_270,part04;part03;part02;part01,part01,125,B,3,mean3,36,3651,1.0,0.9429235537190083,0.6203214038507054,0.6842614920431406,0.6842614920431406
2,mirror_rotate_270,part04;part03;part02;part01,part01,125,B,3,mean5,37,3651,1.0,0.9429235537190083,0.6392785645507182,0.6907406066861147,0.6907406066861147
2,mirror_rotate_270,part04;part03;part02;part01,part04,150,A,1,original,20,169,1.0,0.04157441574415744,0.18099975223489267,0.055599994954946726,0.055599994954946726
2,mirror_rotate_270,part04;part03;part02;part01,part04,150,A,1,mean3,21,169,1.0,0.04157441574415744,0.1290272671491408,0.09084074189436972,0.09084074189436972
2,mirror_rotate_270,part04;part03;part02;part01,part04,150,A,1,mean5,22,169,1.0,0.04157441574415744,0.13507736989519814,0.12132391742865513,0.12132391742865513
2,mirror_rotate_270,part04;part03;part02;part01,part04,150,A,2,original,23,1581,1.0,0.388929889298893,0.13965271037513244,0.08177719535223221,0.08177719535223221
2,mirror_rotate_270,part04;part03;part02;part01,part04,150,A,2,mean3,24,1581,1.0,0.388929889298893,0.14664212762014178,0.09875948117483743,0.09875948117483743
2,mirror_rotate_270,part04;part03;part02;part01,part04,150,A,2,mean5,25,1581,1.0,0.388929889298893,0.1601075415277831,0.11178205423396854,0.11178205423396854
2,mirror_rotate_270,part04;part03;part02;part01,part04,150,A,3,original,26,4065,1.0,1.0,0.03316093847305369,0.032714159583956605,0.032714159583956605
2,mirror_rotate_270,part04;part03;part02;part01,part04,150,A,3,mean3,27,4065,1.0,1.0,0.04487312351789924,0.04091666346709057,0.04091666346709057
2,mirror_rotate_270,part04;part03;part02;part01,part04,150,A,3,mean5,28,4065,1.0,1.0,0.06126049406520655,0.05363282201134467,0.05363282201134467
2,mirror_rotate_270,part04;part03;part02;part01,part04,150,B,1,original,29,458,1.0,0.11266912669126691,-0.08460218900814322,-0.09712276092872346,0.09712276092872346
2,mirror_rotate_270,part04;part03;part02;part01,part04,150,B,1,mean3,30,458,1.0,0.11266912669126691,-0.06649486174039569,-0.054059945656337566,0.054059945656337566
2,mirror_rotate_270,part04;part03;part02;part01,part04,150,B,1,mean5,31,458,1.0,0.11266912669126691,-0.03084406771204524,-0.0012151628509138818,0.0012151628509138818
2,mirror_rotate_270,part04;part03;part02;part01,part04,150,B,2,original,32,3064,1.0,0.7537515375153752,0.6275232204282465,0.5959429295731726,0.5959429295731726
2,mirror_rotate_270,part04;part03;part02;part01,part04,150,B,2,mean3,33,3064,1.0,0.7537515375153752,0.6484400952939227,0.6135850844143013,0.6135850844143013
2,mirror_rotate_270,part04;part03;part02;part01,part04,150,B,2,mean5,34,3064,1.0,0.7537515375153752,0.6701286603711432,0.6343640779518491,0.6343640779518491
2,mirror_rotate_270,part04;part03;part02;part01,part04,150,B,3,original,35,3961,1.0,0.9744157441574416,0.5778103023067833,0.6022445184602246,0.6022445184602246
2,mirror_rotate_270,part04;part03;part02;part01,part04,150,B,3,mean3,36,3961,1.0,0.9744157441574416,0.5960297863034691,0.6108038530742914,0.6108038530742914
2,mirror_rotate_270,part04;part03;part02;part01,part04,150,B,3,mean5,37,3961,1.0,0.9744157441574416,0.6173234445142719,0.6240972882183884,0.6240972882183884
2,mirror_rotate_270,part04;part03;part02;part01,part03,150,A,1,original,20,125,1.0,0.03075030750307503,-0.17422958901905203,-0.24335162018834286,0.24335162018834286
2,mirror_rotate_270,part04;part03;part02;part01,part03,150,A,1,mean3,21,125,1.0,0.03075030750307503,-0.16450095336904602,-0.19705070726776375,0.19705070726776375
2,mirror_rotate_270,part04;part03;part02;part01,part03,150,A,1,mean5,22,125,1.0,0.03075030750307503,-0.14605829102919124,-0.16242494708137972,0.16242494708137972
2,mirror_rotate_270,part04;part03;part02;part01,part03,150,A,2,original,23,2830,1.0,0.6961869618696187,-0.02464838121703154,-0.024020500873868773,0.024020500873868773
2,mirror_rotate_270,part04;part03;part02;part01,part03,150,A,2,mean3,24,2830,1.0,0.6961869618696187,-0.01296878168499162,-0.017949468819753834,0.017949468819753834
2,mirror_rotate_270,part04;part03;part02;part01,part03,150,A,2,mean5,25,2830,1.0,0.6961869618696187,0.003642280803953389,-0.003938675464183198,0.003938675464183198
2,mirror_rotate_270,part04;part03;part02;part01,part03,150,A,3,original,26,4065,1.0,1.0,-0.027191895943676103,-0.03194778535276296,0.03194778535276296
2,mirror_rotate_270,part04;part03;part02;part01,part03,150,A,3,mean3,27,4065,1.0,1.0,-0.024143195858514477,-0.03494157109821461,0.03494157109821461
2,mirror_rotate_270,part04;part03;part02;part01,part03,150,A,3,mean5,28,4065,1.0,1.0,-0.015066127097469214,-0.03312252841684235,0.03312252841684235
2,mirror_rotate_270,part04;part03;part02;part01,part03,150,B,1,original,29,1383,1.0,0.34022140221402214,-0.011767585161697612,0.044183313496817325,0.044183313496817325
2,mirror_rotate_270,part04;part03;part02;part01,part03,150,B,1,mean3,30,1383,1.0,0.34022140221402214,-0.006210221036212564,0.06038629126254756,0.06038629126254756
2,mirror_rotate_270,part04;part03;part02;part01,part03,150,B,1,mean5,31,1383,1.0,0.34022140221402214,0.01082774898759747,0.07893988030597138,0.07893988030597138
2,mirror_rotate_270,part04;part03;part02;part01,part03,150,B,2,original,32,3637,1.0,0.8947109471094711,0.6893230200598469,0.6962312808732622,0.6962312808732622
2,mirror_rotate_270,part04;part03;part02;part01,part03,150,B,2,mean3,33,3637,1.0,0.8947109471094711,0.7105948367832787,0.7133538983904727,0.7133538983904727
2,mirror_rotate_270,part04;part03;part02;part01,part03,150,B,2,mean5,34,3637,1.0,0.8947109471094711,0.7328128949634428,0.7317188817770808,0.7317188817770808
2,mirror_rotate_270,part04;part03;part02;part01,part03,150,B,3,original,35,3853,1.0,0.9478474784747848,0.4226623201725562,0.4482941817150417,0.4482941817150417
2,mirror_rotate_270,part04;part03;part02;part01,part03,150,B,3,mean3,36,3853,1.0,0.9478474784747848,0.45261738239901034,0.4740459712635075,0.4740459712635075
2,mirror_rotate_270,part04;part03;part02;part01,part03,150,B,3,mean5,37,3853,1.0,0.9478474784747848,0.4795524528367303,0.49612334494680843,0.49612334494680843
2,mirror_rotate_270,part04;part03;part02;part01,part02,150,A,1,original,20,557,1.0,0.13702337023370234,-0.08610417240193839,-0.10369645364214752,0.10369645364214752
2,mirror_rotate_270,part04;part03;part02;part01,part02,150,A,1,mean3,21,557,1.0,0.13702337023370234,-0.06977050531605407,-0.06335035136091988,0.06335035136091988
2,mirror_rotate_270,part04;part03;part02;part01,part02,150,A,1,mean5,22,557,1.0,0.13702337023370234,-0.06023086425989339,-0.07671282990430123,0.07671282990430123
2,mirror_rotate_270,part04;part03;part02;part01,part02,150,A,2,original,23,3469,1.0,0.8533825338253382,-0.04780010267130542,-0.033983716416277475,0.033983716416277475
2,mirror_rotate_270,part04;part03;part02;part01,part02,150,A,2,mean3,24,3469,1.0,0.8533825338253382,-0.04723983210193052,-0.03619252181980615,0.03619252181980615
2,mirror_rotate_270,part04;part03;part02;part01,part02,150,A,2,mean5,25,3469,1.0,0.8533825338253382,-0.039173086925634995,-0.028381543025011544,0.028381543025011544
2,mirror_rotate_270,part04;part03;part02;part01,part02,150,A,3,original,26,4061,1.0,0.9990159901599016,0.01988518684249344,0.007743977302069902,0.007743977302069902
2,mirror_rotate_270,part04;part03;part02;part01,part02,150,A,3,mean3,27,4061,1.0,0.9990159901599016,0.03541289498078181,0.017670737138768516,0.017670737138768516
2,mirror_rotate_270,part04;part03;part02;part01,part02,150,A,3,mean5,28,4061,1.0,0.9990159901599016,0.055296633221974055,0.03411178833777339,0.03411178833777339
2,mirror_rotate_270,part04;part03;part02;part01,part02,150,B,1,original,29,2369,1.0,0.582779827798278,0.19921259526866755,0.2229346053313677,0.2229346053313677
2,mirror_rotate_270,part04;part03;part02;part01,part02,150,B,1,mean3,30,2369,1.0,0.582779827798278,0.2126373372773237,0.23700174002821972,0.23700174002821972
2,mirror_rotate_270,part04;part03;part02;part01,part02,150,B,1,mean5,31,2369,1.0,0.582779827798278,0.2333504984460433,0.2595570703392659,0.2595570703392659
2,mirror_rotate_270,part04;part03;part02;part01,part02,150,B,2,original,32,3946,1.0,0.9707257072570725,0.6142104763032618,0.6569936391864488,0.6569936391864488
2,mirror_rotate_270,part04;part03;part02;part01,part02,150,B,2,mean3,33,3946,1.0,0.9707257072570725,0.6330220698648212,0.6695717896234945,0.6695717896234945
2,mirror_rotate_270,part04;part03;part02;part01,part02,150,B,2,mean5,34,3946,1.0,0.9707257072570725,0.6562417745031033,0.6849965979099816,0.6849965979099816
2,mirror_rotate_270,part04;part03;part02;part01,part02,150,B,3,original,35,3681,1.0,0.9055350553505535,0.27042612758130113,0.2721435511640168,0.2721435511640168
2,mirror_rotate_270,part04;part03;part02;part01,part02,150,B,3,mean3,36,3681,1.0,0.9055350553505535,0.28332837250455234,0.28570346266690505,0.28570346266690505
2,mirror_rotate_270,part04;part03;part02;part01,part02,150,B,3,mean5,37,3681,1.0,0.9055350553505535,0.2977559371389429,0.3005431353296149,0.3005431353296149
2,mirror_rotate_270,part04;part03;part02;part01,part01,150,A,1,original,20,2262,1.0,0.5564575645756458,0.07991819307450537,0.07382513233223227,0.07382513233223227
2,mirror_rotate_270,part04;part03;part02;part01,part01,150,A,1,mean3,21,2262,1.0,0.5564575645756458,0.08216591617474123,0.07773643588609425,0.07773643588609425
2,mirror_rotate_270,part04;part03;part02;part01,part01,150,A,1,mean5,22,2262,1.0,0.5564575645756458,0.07959072734028282,0.08057382198981851,0.08057382198981851
2,mirror_rotate_270,part04;part03;part02;part01,part01,150,A,2,original,23,3983,1.0,0.9798277982779828,0.06674060209480867,0.05887022906811995,0.05887022906811995
2,mirror_rotate_270,part04;part03;part02;part01,part01,150,A,2,mean3,24,3983,1.0,0.9798277982779828,0.07875142939362138,0.07122591948477847,0.07122591948477847
2,mirror_rotate_270,part04;part03;part02;part01,part01,150,A,2,mean5,25,3983,1.0,0.9798277982779828,0.08913296554934651,0.08236416532365708,0.08236416532365708
2,mirror_rotate_270,part04;part03;part02;part01,part01,150,A,3,original,26,4064,1.0,0.9997539975399754,0.011034267241089793,0.0075325648038030955,0.0075325648038030955
2,mirror_rotate_270,part04;part03;part02;part01,part01,150,A,3,mean3,27,4064,1.0,0.9997539975399754,0.0112888435742716,0.006808165906178768,0.006808165906178768
2,mirror_rotate_270,part04;part03;part02;part01,part01,150,A,3,mean5,28,4064,1.0,0.9997539975399754,0.017498209257154528,0.00881161630631861,0.00881161630631861
2,mirror_rotate_270,part04;part03;part02;part01,part01,150,B,1,original,29,2871,1.0,0.7062730627306273,0.2516557149808172,0.3025878460135108,0.3025878460135108
2,mirror_rotate_270,part04;part03;part02;part01,part01,150,B,1,mean3,30,2871,1.0,0.7062730627306273,0.26981729838728014,0.32132909985248415,0.32132909985248415
2,mirror_rotate_270,part04;part03;part02;part01,part01,150,B,1,mean5,31,2871,1.0,0.7062730627306273,0.2998712339451949,0.3479788118519952,0.3479788118519952
2,mirror_rotate_270,part04;part03;part02;part01,part01,150,B,2,original,32,4014,1.0,0.9874538745387453,0.6008509611822873,0.6732590637781601,0.6732590637781601
2,mirror_rotate_270,part04;part03;part02;part01,part01,150,B,2,mean3,33,4014,1.0,0.9874538745387453,0.632924827239023,0.6859230008493095,0.6859230008493095
2,mirror_rotate_270,part04;part03;part02;part01,part01,150,B,2,mean5,34,4014,1.0,0.9874538745387453,0.6663290806627253,0.6969156956201527,0.6969156956201527
2,mirror_rotate_270,part04;part03;part02;part01,part01,150,B,3,original,35,3449,1.0,0.8484624846248463,0.3326563646088786,0.32656681751760336,0.32656681751760336
2,mirror_rotate_270,part04;part03;part02;part01,part01,150,B,3,mean3,36,3449,1.0,0.8484624846248463,0.36161737193052756,0.3556341306867925,0.3556341306867925
2,mirror_rotate_270,part04;part03;part02;part01,part01,150,B,3,mean5,37,3449,1.0,0.8484624846248463,0.38644425605881444,0.37953367277721756,0.37953367277721756
