rank_by_response,feature_type,raw_x_px,raw_y_px,response
1,dot_center_candidate,943.0,982.0,0.21581387519836426
2,dot_center_candidate,804.0,1043.0,0.18751853704452515
3,dot_center_candidate,741.0,1190.0,0.18732130527496338
4,dot_center_candidate,850.0,1791.0,0.18436358869075775
5,dot_center_candidate,729.0,1194.0,0.18318051099777222
6,dot_center_candidate,881.0,1790.0,0.18120869994163513
7,dot_center_candidate,735.0,1192.0,0.18091297149658203
8,dot_center_candidate,893.0,1806.0,0.17696934938430786
9,dot_center_candidate,709.0,1844.0,0.1747017502784729
10,dot_center_candidate,852.0,1799.0,0.17411021888256073
11,dot_center_candidate,758.0,1853.0,0.17361725866794586
12,dot_center_candidate,943.0,1790.0,0.17203983664512634
13,dot_center_candidate,997.0,758.0,0.17075815796852112
14,dot_center_candidate,853.0,1814.0,0.16996942460536957
15,dot_center_candidate,901.0,1800.0,0.1693778932094574
16,dot_center_candidate,907.0,1800.0,0.1692793071269989
17,dot_center_candidate,975.0,1170.0,0.16809622943401337
18,dot_center_candidate,871.0,1790.0,0.16720890998840332
19,dot_center_candidate,977.0,794.0,0.16632160544395447
20,dot_center_candidate,1135.0,766.0,0.1657300591468811
21,dot_center_candidate,979.0,910.0,0.16543430089950562
22,dot_center_candidate,993.0,944.0,0.16523712873458862
23,dot_center_candidate,975.0,1050.0,0.1642512083053589
24,dot_center_candidate,870.0,1813.0,0.16306813061237335
25,dot_center_candidate,975.0,1046.0,0.1620822250843048
26,dot_center_candidate,1099.0,1386.0,0.16149067878723145
27,dot_center_candidate,979.0,1234.0,0.16139209270477295
28,dot_center_candidate,892.0,1789.0,0.16099773347377777
29,dot_center_candidate,975.0,1132.0,0.1604061871767044
30,dot_center_candidate,975.0,1166.0,0.16011041402816772
31,dot_center_candidate,993.0,762.0,0.16001182794570923
32,dot_center_candidate,936.0,1787.0,0.15991325676441193
33,dot_center_candidate,991.0,1250.0,0.15951886773109436
34,dot_center_candidate,1161.0,766.0,0.15902593731880188
35,dot_center_candidate,995.0,1030.0,0.15843437612056732
36,dot_center_candidate,1239.0,770.0,0.15843436121940613
37,dot_center_candidate,754.0,1855.0,0.15823721885681152
38,dot_center_candidate,739.0,1186.0,0.15813863277435303
39,dot_center_candidate,1069.0,1132.0,0.15804003179073334
40,dot_center_candidate,1163.0,1122.0,0.15784285962581635
41,dot_center_candidate,1131.0,782.0,0.15774427354335785
42,dot_center_candidate,1101.0,830.0,0.15774425864219666
43,dot_center_candidate,1011.0,1014.0,0.15774424374103546
44,dot_center_candidate,1053.0,1082.0,0.1570541262626648
45,dot_center_candidate,1057.0,1014.0,0.1567583680152893
46,dot_center_candidate,1207.0,1134.0,0.1567583531141281
47,dot_center_candidate,977.0,914.0,0.1567583531141281
48,dot_center_candidate,944.0,1809.0,0.15656116604804993
49,dot_center_candidate,1265.0,776.0,0.15656116604804993
50,dot_center_candidate,1039.0,912.0,0.15646256506443024
51,dot_center_candidate,1189.0,1038.0,0.15626540780067444
52,dot_center_candidate,977.0,860.0,0.15626540780067444
53,dot_center_candidate,944.0,1801.0,0.15616682171821594
54,dot_center_candidate,977.0,880.0,0.15616679191589355
55,dot_center_candidate,1055.0,778.0,0.15606820583343506
56,dot_center_candidate,979.0,830.0,0.15587103366851807
57,dot_center_candidate,977.0,846.0,0.15577244758605957
58,dot_center_candidate,1148.0,765.0,0.15557527542114258
59,dot_center_candidate,975.0,1238.0,0.15547668933868408
60,dot_center_candidate,1117.0,1234.0,0.15537810325622559
61,dot_center_candidate,852.0,1803.0,0.1553780883550644
62,dot_center_candidate,993.0,778.0,0.1553780883550644
63,dot_center_candidate,1179.0,1018.0,0.1551809161901474
64,dot_center_candidate,886.0,1813.0,0.1550823301076889
65,dot_center_candidate,1175.0,950.0,0.1550823152065277
66,dot_center_candidate,1039.0,878.0,0.1549837291240692
67,dot_center_candidate,993.0,898.0,0.15488514304161072
68,dot_center_candidate,1085.0,930.0,0.15478654205799103
69,dot_center_candidate,1009.0,776.0,0.15468795597553253
70,dot_center_candidate,734.0,1203.0,0.15458938479423523
71,dot_center_candidate,979.0,1034.0,0.15458936989307404
72,dot_center_candidate,1037.0,1290.0,0.15409642457962036
73,dot_center_candidate,740.0,1855.0,0.15399783849716187
74,dot_center_candidate,1027.0,878.0,0.15399783849716187
75,dot_center_candidate,1055.0,794.0,0.15399783849716187
76,dot_center_candidate,979.0,1286.0,0.15389925241470337
77,dot_center_candidate,766.0,1845.0,0.15389923751354218
78,dot_center_candidate,1007.0,1098.0,0.15389923751354218
79,dot_center_candidate,975.0,1558.0,0.15380065143108368
80,dot_center_candidate,1161.0,1016.0,0.15380065143108368
81,dot_center_candidate,887.0,1789.0,0.15380063652992249
82,dot_center_candidate,1007.0,1030.0,0.15370208024978638
83,dot_center_candidate,743.0,1862.0,0.1536034643650055
84,dot_center_candidate,1087.0,1014.0,0.1536034643650055
85,dot_center_candidate,1013.0,794.0,0.1534062922000885
86,dot_center_candidate,1145.0,1066.0,0.15330770611763
87,dot_center_candidate,1007.0,1234.0,0.1532091200351715
88,dot_center_candidate,933.0,1810.0,0.15301193296909332
89,dot_center_candidate,1132.0,965.0,0.15291334688663483
90,dot_center_candidate,1161.0,820.0,0.15291333198547363
91,dot_center_candidate,1039.0,778.0,0.15281474590301514
92,dot_center_candidate,1103.0,998.0,0.15271617472171783
93,dot_center_candidate,1023.0,1132.0,0.15261757373809814
94,dot_center_candidate,1283.0,790.0,0.15251898765563965
95,dot_center_candidate,1175.0,902.0,0.15251897275447845
96,dot_center_candidate,1025.0,760.0,0.15242040157318115
97,dot_center_candidate,1205.0,1084.0,0.15242038667201996
98,dot_center_candidate,977.0,776.0,0.15232181549072266
99,dot_center_candidate,975.0,1614.0,0.15232180058956146
100,dot_center_candidate,1027.0,810.0,0.15232178568840027
101,dot_center_candidate,1053.0,1154.0,0.15222321450710297
102,dot_center_candidate,1191.0,1352.0,0.15212462842464447
103,dot_center_candidate,1039.0,828.0,0.15212462842464447
104,dot_center_candidate,975.0,1302.0,0.1520260125398636
105,dot_center_candidate,995.0,876.0,0.1518288403749466
106,dot_center_candidate,1069.0,1166.0,0.1516316533088684
107,dot_center_candidate,1159.0,1084.0,0.1515330821275711
108,dot_center_candidate,854.0,1791.0,0.1515330672264099
109,dot_center_candidate,975.0,1114.0,0.1515330672264099
110,dot_center_candidate,975.0,1030.0,0.15133588016033173
111,dot_center_candidate,1179.0,784.0,0.15133588016033173
112,dot_center_candidate,1145.0,850.0,0.15123729407787323
113,dot_center_candidate,1133.0,1016.0,0.15113870799541473
114,dot_center_candidate,1195.0,820.0,0.15113870799541473
115,dot_center_candidate,981.0,880.0,0.15104013681411743
116,dot_center_candidate,1133.0,1066.0,0.15104012191295624
117,dot_center_candidate,1132.0,831.0,0.15104012191295624
118,dot_center_candidate,1099.0,1066.0,0.15104010701179504
119,dot_center_candidate,1023.0,1302.0,0.15084296464920044
120,dot_center_candidate,977.0,810.0,0.15084296464920044
121,dot_center_candidate,1193.0,1106.0,0.15084294974803925
122,dot_center_candidate,1159.0,1470.0,0.15084293484687805
123,dot_center_candidate,995.0,1170.0,0.15084293484687805
124,dot_center_candidate,1069.0,914.0,0.15074433386325836
125,dot_center_candidate,1055.0,1098.0,0.15064577758312225
126,dot_center_candidate,727.0,1204.0,0.15054717659950256
127,dot_center_candidate,995.0,1150.0,0.15054717659950256
128,dot_center_candidate,991.0,1182.0,0.15035000443458557
129,dot_center_candidate,1053.0,1086.0,0.15034998953342438
130,dot_center_candidate,1189.0,1218.0,0.1502513885498047
131,dot_center_candidate,1089.0,966.0,0.15015281736850739
132,dot_center_candidate,751.0,1182.0,0.1499556601047516
133,dot_center_candidate,974.0,1477.0,0.1499556452035904
134,dot_center_candidate,975.0,1082.0,0.149955615401268
135,dot_center_candidate,1159.0,1386.0,0.1498570442199707
136,dot_center_candidate,981.0,964.0,0.1498570442199707
137,dot_center_candidate,1129.0,1134.0,0.1497584581375122
138,dot_center_candidate,1037.0,1014.0,0.1497584581375122
139,dot_center_candidate,979.0,1012.0,0.1497584581375122
140,dot_center_candidate,1195.0,838.0,0.1497584581375122
141,dot_center_candidate,991.0,1148.0,0.149758443236351
142,dot_center_candidate,1117.0,1454.0,0.1496598720550537
143,dot_center_candidate,1149.0,950.0,0.14956127107143402
144,dot_center_candidate,1221.0,806.0,0.14936409890651703
145,dot_center_candidate,975.0,1150.0,0.14936408400535583
146,dot_center_candidate,919.0,1788.0,0.14926551282405853
147,dot_center_candidate,995.0,1046.0,0.14926551282405853
148,dot_center_candidate,1009.0,978.0,0.14926551282405853
149,dot_center_candidate,975.0,1370.0,0.14926549792289734
150,dot_center_candidate,1117.0,1166.0,0.14926549792289734
151,dot_center_candidate,1144.0,1101.0,0.14916692674160004
152,dot_center_candidate,990.0,1167.0,0.14916691184043884
153,dot_center_candidate,1083.0,1170.0,0.14906832575798035
154,dot_center_candidate,880.0,1805.0,0.14906831085681915
155,dot_center_candidate,978.0,757.0,0.14896973967552185
156,dot_center_candidate,1012.0,759.0,0.14887115359306335
157,dot_center_candidate,1070.0,1183.0,0.14887113869190216
158,dot_center_candidate,1253.0,970.0,0.14887113869190216
159,dot_center_candidate,1068.0,1353.0,0.14867398142814636
160,dot_center_candidate,1039.0,1488.0,0.14867396652698517
161,dot_center_candidate,1129.0,1218.0,0.14867396652698517
162,dot_center_candidate,1129.0,1374.0,0.14867395162582397
163,dot_center_candidate,1023.0,966.0,0.14867395162582397
164,dot_center_candidate,997.0,792.0,0.14867395162582397
165,dot_center_candidate,1011.0,1050.0,0.14857538044452667
166,dot_center_candidate,975.0,1342.0,0.14857536554336548
167,dot_center_candidate,1029.0,778.0,0.14857536554336548
168,dot_center_candidate,992.0,910.0,0.14847677946090698
169,dot_center_candidate,1055.0,896.0,0.14847677946090698
170,dot_center_candidate,1053.0,1234.0,0.1484767645597458
171,dot_center_candidate,1204.0,1335.0,0.14837820827960968
172,dot_center_candidate,867.0,1790.0,0.1483781933784485
173,dot_center_candidate,743.0,1182.0,0.1482795774936676
174,dot_center_candidate,975.0,1234.0,0.1481810212135315
175,dot_center_candidate,1073.0,898.0,0.1481810063123703
176,dot_center_candidate,749.0,1186.0,0.1481809914112091
177,dot_center_candidate,1021.0,1358.0,0.1480824202299118
178,dot_center_candidate,1355.0,776.0,0.1480824053287506
179,dot_center_candidate,1083.0,1606.0,0.14798381924629211
180,dot_center_candidate,1132.0,1251.0,0.1478852480649948
181,dot_center_candidate,757.0,1194.0,0.14788523316383362
182,dot_center_candidate,1073.0,1034.0,0.14788523316383362
183,dot_center_candidate,1055.0,1030.0,0.14788523316383362
184,dot_center_candidate,1027.0,930.0,0.14788523316383362
185,dot_center_candidate,1067.0,1388.0,0.14768806099891663
186,dot_center_candidate,1025.0,1166.0,0.14768806099891663
187,dot_center_candidate,923.0,1788.0,0.14758947491645813
188,dot_center_candidate,1037.0,1134.0,0.14758947491645813
189,dot_center_candidate,1165.0,818.0,0.14758947491645813
190,dot_center_candidate,1101.0,1166.0,0.14758946001529694
191,dot_center_candidate,1057.0,998.0,0.14749088883399963
192,dot_center_candidate,981.0,998.0,0.14739230275154114
193,dot_center_candidate,977.0,994.0,0.14739230275154114
194,dot_center_candidate,1053.0,882.0,0.14739230275154114
195,dot_center_candidate,1104.0,797.0,0.14739230275154114
196,dot_center_candidate,1205.0,1190.0,0.14729371666908264
197,dot_center_candidate,974.0,1491.0,0.14729370176792145
198,dot_center_candidate,1053.0,1318.0,0.14719513058662415
199,dot_center_candidate,975.0,1546.0,0.14719510078430176
200,dot_center_candidate,1249.0,970.0,0.14709652960300446
201,dot_center_candidate,1161.0,966.0,0.14709652960300446
202,dot_center_candidate,1209.0,802.0,0.14709649980068207
203,dot_center_candidate,993.0,758.0,0.14699792861938477
204,dot_center_candidate,1119.0,1068.0,0.14689935743808746
205,dot_center_candidate,1219.0,1218.0,0.14689934253692627
206,dot_center_candidate,1059.0,798.0,0.14689934253692627
207,dot_center_candidate,1253.0,936.0,0.14689932763576508
208,dot_center_candidate,997.0,930.0,0.14680075645446777
209,dot_center_candidate,1235.0,890.0,0.14680075645446777
210,dot_center_candidate,1235.0,886.0,0.14680075645446777
211,dot_center_candidate,995.0,914.0,0.14680074155330658
212,dot_center_candidate,1085.0,884.0,0.14680074155330658
213,dot_center_candidate,1010.0,1337.0,0.14670217037200928
214,dot_center_candidate,1265.0,986.0,0.14670217037200928
215,dot_center_candidate,977.0,826.0,0.14660358428955078
216,dot_center_candidate,1011.0,946.0,0.1466035693883896
217,dot_center_candidate,1072.0,795.0,0.1466035693883896
218,dot_center_candidate,993.0,1012.0,0.1466035544872284
219,dot_center_candidate,1103.0,1188.0,0.1465049833059311
220,dot_center_candidate,1371.0,778.0,0.1465049684047699
221,dot_center_candidate,1025.0,776.0,0.1465049684047699
222,dot_center_candidate,869.0,1798.0,0.1464063823223114
223,dot_center_candidate,1071.0,846.0,0.1463078111410141
224,dot_center_candidate,1011.0,894.0,0.1463077962398529
225,dot_center_candidate,975.0,1290.0,0.1463077813386917
226,dot_center_candidate,1069.0,864.0,0.1463077813386917
227,dot_center_candidate,981.0,894.0,0.1462092101573944
228,dot_center_candidate,1101.0,780.0,0.1462092101573944
229,dot_center_candidate,1087.0,768.0,0.1462092101573944
230,dot_center_candidate,1056.0,1183.0,0.14620919525623322
231,dot_center_candidate,1053.0,1150.0,0.1461106240749359
232,dot_center_candidate,1099.0,1116.0,0.1461106240749359
233,dot_center_candidate,979.0,1302.0,0.14611060917377472
234,dot_center_candidate,1083.0,1120.0,0.14611060917377472
235,dot_center_candidate,995.0,1098.0,0.14611060917377472
236,dot_center_candidate,1011.0,962.0,0.14601203799247742
237,dot_center_candidate,1221.0,940.0,0.14601203799247742
238,dot_center_candidate,1088.0,1083.0,0.14591345191001892
239,dot_center_candidate,1225.0,770.0,0.14591345191001892
240,dot_center_candidate,975.0,1200.0,0.14591343700885773
241,dot_center_candidate,1043.0,761.0,0.14591342210769653
242,dot_center_candidate,1100.0,947.0,0.14581485092639923
243,dot_center_candidate,975.0,1222.0,0.14581483602523804
244,dot_center_candidate,975.0,1014.0,0.14581483602523804
245,dot_center_candidate,1221.0,770.0,0.14581483602523804
246,dot_center_candidate,881.0,1810.0,0.14571626484394073
247,dot_center_candidate,1024.0,1319.0,0.14571626484394073
248,dot_center_candidate,991.0,1234.0,0.14571626484394073
249,dot_center_candidate,1023.0,984.0,0.14571626484394073
250,dot_center_candidate,1069.0,1612.0,0.14571624994277954
251,dot_center_candidate,1086.0,1217.0,0.14571624994277954
252,dot_center_candidate,1087.0,762.0,0.14571624994277954
253,dot_center_candidate,995.0,1114.0,0.14561766386032104
254,dot_center_candidate,977.0,926.0,0.14561766386032104
255,dot_center_candidate,1103.0,1104.0,0.14551909267902374
256,dot_center_candidate,979.0,1474.0,0.14551907777786255
257,dot_center_candidate,1039.0,934.0,0.14551907777786255
258,dot_center_candidate,1099.0,934.0,0.14551906287670135
259,dot_center_candidate,975.0,1422.0,0.14542049169540405
260,dot_center_candidate,1115.0,782.0,0.14542049169540405
261,dot_center_candidate,1023.0,864.0,0.14532190561294556
262,dot_center_candidate,1175.0,1184.0,0.14532189071178436
263,dot_center_candidate,977.0,1000.0,0.14532187581062317
264,dot_center_candidate,1029.0,762.0,0.14532187581062317
265,dot_center_candidate,1039.0,832.0,0.14522331953048706
266,dot_center_candidate,991.0,1426.0,0.14522330462932587
267,dot_center_candidate,1053.0,1018.0,0.14522330462932587
268,dot_center_candidate,1053.0,950.0,0.14522330462932587
269,dot_center_candidate,1149.0,936.0,0.14522330462932587
270,dot_center_candidate,1149.0,866.0,0.14522330462932587
271,dot_center_candidate,1006.0,1251.0,0.14522328972816467
272,dot_center_candidate,975.0,1388.0,0.14512473344802856
273,dot_center_candidate,1041.0,844.0,0.14512471854686737
274,dot_center_candidate,1055.0,1166.0,0.14512470364570618
275,dot_center_candidate,995.0,842.0,0.14502611756324768
276,dot_center_candidate,1149.0,782.0,0.14502611756324768
277,dot_center_candidate,1264.0,1301.0,0.14492753148078918
278,dot_center_candidate,744.0,1201.0,0.1449275016784668
279,dot_center_candidate,891.0,1810.0,0.1448289453983307
280,dot_center_candidate,1007.0,1014.0,0.1448289453983307
281,dot_center_candidate,1129.0,950.0,0.1447303742170334
282,dot_center_candidate,1011.0,860.0,0.1447303742170334
283,dot_center_candidate,993.0,860.0,0.1447303742170334
284,dot_center_candidate,1073.0,862.0,0.1447303593158722
285,dot_center_candidate,1115.0,766.0,0.1447303593158722
286,dot_center_candidate,977.0,1216.0,0.144730344414711
287,dot_center_candidate,1069.0,1149.0,0.1446317732334137
288,dot_center_candidate,1055.0,1132.0,0.1446317732334137
289,dot_center_candidate,1011.0,1132.0,0.1446317583322525
290,dot_center_candidate,1115.0,918.0,0.144533172249794
291,dot_center_candidate,1037.0,1116.0,0.1444345861673355
292,dot_center_candidate,1025.0,1046.0,0.1444345861673355
293,dot_center_candidate,1219.0,986.0,0.1444345861673355
294,dot_center_candidate,979.0,960.0,0.14443457126617432
295,dot_center_candidate,1205.0,1106.0,0.14433600008487701
296,dot_center_candidate,1237.0,968.0,0.14433600008487701
297,dot_center_candidate,1179.0,884.0,0.14433598518371582
298,dot_center_candidate,1069.0,764.0,0.14423739910125732
299,dot_center_candidate,1311.0,1186.0,0.14413882791996002
300,dot_center_candidate,1115.0,982.0,0.14413882791996002
301,dot_center_candidate,1427.0,910.0,0.14413881301879883
302,dot_center_candidate,889.0,1798.0,0.14404022693634033
303,dot_center_candidate,1159.0,1218.0,0.14394162595272064
304,dot_center_candidate,1085.0,1132.0,0.14394162595272064
305,dot_center_candidate,1006.0,1115.0,0.14384305477142334
306,dot_center_candidate,980.0,1067.0,0.14384303987026215
307,dot_center_candidate,1146.0,899.0,0.14384303987026215
308,dot_center_candidate,1117.0,1150.0,0.14384302496910095
309,dot_center_candidate,975.0,1444.0,0.14374446868896484
310,dot_center_candidate,1044.0,781.0,0.14374443888664246
311,dot_center_candidate,1023.0,1120.0,0.14364586770534515
312,dot_center_candidate,1129.0,1302.0,0.14364585280418396
313,dot_center_candidate,995.0,1132.0,0.14364585280418396
314,dot_center_candidate,1027.0,862.0,0.14364585280418396
315,dot_center_candidate,1059.0,846.0,0.14364585280418396
316,dot_center_candidate,974.0,1525.0,0.14354728162288666
317,dot_center_candidate,1163.0,1184.0,0.14354728162288666
318,dot_center_candidate,1191.0,1134.0,0.14354728162288666
319,dot_center_candidate,1039.0,1030.0,0.14354728162288666
320,dot_center_candidate,1115.0,932.0,0.14354728162288666
321,dot_center_candidate,1129.0,1610.0,0.14354726672172546
322,dot_center_candidate,979.0,1114.0,0.14344869554042816
323,dot_center_candidate,1021.0,1268.0,0.14344868063926697
324,dot_center_candidate,975.0,1256.0,0.14344868063926697
325,dot_center_candidate,1086.0,779.0,0.14344868063926697
326,dot_center_candidate,1099.0,1138.0,0.14344866573810577
327,dot_center_candidate,936.0,1803.0,0.14335010945796967
328,dot_center_candidate,1323.0,1070.0,0.14335010945796967
329,dot_center_candidate,979.0,1336.0,0.14335009455680847
330,dot_center_candidate,977.0,876.0,0.14335009455680847
331,dot_center_candidate,975.0,1136.0,0.14325150847434998
332,dot_center_candidate,1193.0,1034.0,0.14325150847434998
333,dot_center_candidate,1235.0,820.0,0.14325150847434998
334,dot_center_candidate,1055.0,1358.0,0.14325149357318878
335,dot_center_candidate,1099.0,1218.0,0.14325149357318878
336,dot_center_candidate,1311.0,778.0,0.14325149357318878
337,dot_center_candidate,869.0,1806.0,0.14315292239189148
338,dot_center_candidate,1037.0,1154.0,0.14315292239189148
339,dot_center_candidate,1117.0,1134.0,0.14315292239189148
340,dot_center_candidate,1068.0,1033.0,0.14315292239189148
341,dot_center_candidate,1143.0,1454.0,0.14315290749073029
342,dot_center_candidate,991.0,1370.0,0.14315290749073029
343,dot_center_candidate,979.0,1354.0,0.14315290749073029
344,dot_center_candidate,1069.0,900.0,0.14315290749073029
345,dot_center_candidate,1021.0,1422.0,0.14305433630943298
346,dot_center_candidate,991.0,998.0,0.14305433630943298
347,dot_center_candidate,1043.0,862.0,0.14305433630943298
348,dot_center_candidate,1153.0,644.0,0.14305433630943298
349,dot_center_candidate,1113.0,1290.0,0.1430543214082718
350,dot_center_candidate,1281.0,1202.0,0.1430543214082718
351,dot_center_candidate,1205.0,1002.0,0.1430543214082718
352,dot_center_candidate,1209.0,872.0,0.1430543065071106
353,dot_center_candidate,1191.0,772.0,0.1430543065071106
354,dot_center_candidate,1235.0,790.0,0.1429557502269745
355,dot_center_candidate,975.0,1320.0,0.1429557353258133
356,dot_center_candidate,981.0,778.0,0.1429557204246521
357,dot_center_candidate,1161.0,770.0,0.142857164144516
358,dot_center_candidate,1133.0,1054.0,0.1428571492433548
359,dot_center_candidate,1037.0,1256.0,0.1428571343421936
360,dot_center_candidate,975.0,1098.0,0.1428571343421936
361,dot_center_candidate,1053.0,930.0,0.1428571343421936
362,dot_center_candidate,1147.0,770.0,0.1428571343421936
363,dot_center_candidate,1069.0,1606.0,0.1427585631608963
364,dot_center_candidate,990.0,1286.0,0.1427585631608963
365,dot_center_candidate,1023.0,878.0,0.1426599621772766
366,dot_center_candidate,1101.0,846.0,0.1426599621772766
367,dot_center_candidate,1179.0,1070.0,0.1425613909959793
368,dot_center_candidate,1068.0,1015.0,0.1425613909959793
369,dot_center_candidate,1158.0,1587.0,0.14256137609481812
370,dot_center_candidate,1145.0,1318.0,0.14256137609481812
371,dot_center_candidate,1117.0,1054.0,0.14256137609481812
372,dot_center_candidate,976.0,894.0,0.14256137609481812
373,dot_center_candidate,1221.0,874.0,0.14256137609481812
374,dot_center_candidate,1119.0,866.0,0.14256136119365692
375,dot_center_candidate,939.0,1810.0,0.14246279001235962
376,dot_center_candidate,1022.0,1171.0,0.14246279001235962
377,dot_center_candidate,1099.0,1050.0,0.14246279001235962
378,dot_center_candidate,1161.0,916.0,0.14246279001235962
379,dot_center_candidate,991.0,1342.0,0.14236420392990112
380,dot_center_candidate,1159.0,1204.0,0.14236420392990112
381,dot_center_candidate,975.0,1102.0,0.14236420392990112
382,dot_center_candidate,1038.0,1353.0,0.14226561784744263
383,dot_center_candidate,981.0,842.0,0.14226561784744263
384,dot_center_candidate,1267.0,1386.0,0.14226560294628143
385,dot_center_candidate,1008.0,1353.0,0.14226560294628143
386,dot_center_candidate,1119.0,802.0,0.14226558804512024
387,dot_center_candidate,1021.0,1202.0,0.14216701686382294
388,dot_center_candidate,979.0,978.0,0.14216701686382294
389,dot_center_candidate,1009.0,1438.0,0.14216700196266174
390,dot_center_candidate,1267.0,1086.0,0.14216700196266174
391,dot_center_candidate,1175.0,934.0,0.14216700196266174
392,dot_center_candidate,997.0,860.0,0.14216700196266174
393,dot_center_candidate,1099.0,1184.0,0.14206843078136444
394,dot_center_candidate,1037.0,1084.0,0.14206843078136444
395,dot_center_candidate,1283.0,1054.0,0.14206843078136444
396,dot_center_candidate,1007.0,1376.0,0.14206841588020325
397,dot_center_candidate,1037.0,1286.0,0.14206841588020325
398,dot_center_candidate,992.0,1199.0,0.14206841588020325
399,dot_center_candidate,1221.0,1018.0,0.14206841588020325
400,dot_center_candidate,1087.0,846.0,0.14206841588020325
401,dot_center_candidate,1105.0,766.0,0.14206841588020325
402,dot_center_candidate,1083.0,1589.0,0.14196984469890594
403,dot_center_candidate,991.0,1098.0,0.14196982979774475
404,dot_center_candidate,1099.0,1070.0,0.14196982979774475
405,dot_center_candidate,1339.0,1054.0,0.14196982979774475
406,dot_center_candidate,1249.0,1038.0,0.14196982979774475
407,dot_center_candidate,1119.0,932.0,0.14196982979774475
408,dot_center_candidate,1087.0,914.0,0.14196982979774475
409,dot_center_candidate,1115.0,818.0,0.14196982979774475
410,dot_center_candidate,1011.0,1084.0,0.14187124371528625
411,dot_center_candidate,976.0,1063.0,0.14187124371528625
412,dot_center_candidate,1027.0,980.0,0.14187122881412506
413,dot_center_candidate,1053.0,1188.0,0.14177265763282776
414,dot_center_candidate,1179.0,850.0,0.14177265763282776
415,dot_center_candidate,1008.0,809.0,0.14177265763282776
416,dot_center_candidate,1149.0,1070.0,0.14177264273166656
417,dot_center_candidate,1085.0,1066.0,0.14177264273166656
418,dot_center_candidate,1117.0,848.0,0.14177264273166656
419,dot_center_candidate,1143.0,1338.0,0.14167407155036926
420,dot_center_candidate,1193.0,784.0,0.14167407155036926
421,dot_center_candidate,1071.0,1200.0,0.14167405664920807
422,dot_center_candidate,1073.0,812.0,0.14157548546791077
423,dot_center_candidate,1025.0,798.0,0.14157548546791077
424,dot_center_candidate,1053.0,1528.0,0.14157547056674957
425,dot_center_candidate,1159.0,1570.0,0.14157545566558838
426,dot_center_candidate,1085.0,896.0,0.14147689938545227
427,dot_center_candidate,1144.0,1201.0,0.14147688448429108
428,dot_center_candidate,1129.0,1104.0,0.14147688448429108
429,dot_center_candidate,1057.0,930.0,0.14147688448429108
430,dot_center_candidate,1041.0,1422.0,0.14147686958312988
431,dot_center_candidate,1279.0,1058.0,0.14147686958312988
432,dot_center_candidate,1007.0,1050.0,0.14147686958312988
433,dot_center_candidate,1089.0,898.0,0.14147686958312988
434,dot_center_candidate,1133.0,798.0,0.14147686958312988
435,dot_center_candidate,1237.0,1606.0,0.14137829840183258
436,dot_center_candidate,1265.0,1020.0,0.14137829840183258
437,dot_center_candidate,1268.0,1007.0,0.14137829840183258
438,dot_center_candidate,993.0,1478.0,0.14127971231937408
439,dot_center_candidate,1025.0,1290.0,0.14127971231937408
440,dot_center_candidate,1175.0,1122.0,0.14127971231937408
441,dot_center_candidate,995.0,1218.0,0.1412796974182129
442,dot_center_candidate,979.0,1136.0,0.1412796974182129
443,dot_center_candidate,1118.0,1121.0,0.1412796974182129
444,dot_center_candidate,1027.0,794.0,0.1412796974182129
445,dot_center_candidate,1055.0,762.0,0.1412796974182129
446,dot_center_candidate,1039.0,984.0,0.1411811262369156
447,dot_center_candidate,1026.0,945.0,0.1411811113357544
448,dot_center_candidate,1195.0,770.0,0.1411811113357544
449,dot_center_candidate,1130.0,1201.0,0.1411810964345932
450,dot_center_candidate,1071.0,1374.0,0.1410825252532959
451,dot_center_candidate,1323.0,876.0,0.1410825252532959
452,dot_center_candidate,1073.0,762.0,0.1410825252532959
453,dot_center_candidate,1043.0,898.0,0.1409839391708374
454,dot_center_candidate,1130.0,1385.0,0.1409839242696762
455,dot_center_candidate,1283.0,774.0,0.1408853381872177
456,dot_center_candidate,1114.0,1017.0,0.1407867670059204
457,dot_center_candidate,1105.0,866.0,0.1407867670059204
458,dot_center_candidate,1145.0,1486.0,0.14078675210475922
459,dot_center_candidate,1099.0,1268.0,0.14078675210475922
460,dot_center_candidate,1145.0,932.0,0.14078673720359802
461,dot_center_candidate,1147.0,816.0,0.14078673720359802
462,dot_center_candidate,1115.0,814.0,0.14078673720359802
463,dot_center_candidate,1115.0,1032.0,0.14068816602230072
464,dot_center_candidate,1267.0,870.0,0.14068816602230072
465,dot_center_candidate,1311.0,1368.0,0.14068815112113953
466,dot_center_candidate,1253.0,870.0,0.14068815112113953
467,dot_center_candidate,1207.0,768.0,0.14068815112113953
468,dot_center_candidate,1251.0,1268.0,0.14058957993984222
469,dot_center_candidate,1179.0,818.0,0.14058957993984222
470,dot_center_candidate,1037.0,1370.0,0.14058956503868103
471,dot_center_candidate,994.0,1319.0,0.14058956503868103
472,dot_center_candidate,1009.0,814.0,0.14058956503868103
473,dot_center_candidate,1113.0,1458.0,0.14049099385738373
474,dot_center_candidate,991.0,1204.0,0.14049097895622253
475,dot_center_candidate,1159.0,1054.0,0.14049097895622253
476,dot_center_candidate,1073.0,914.0,0.14049097895622253
477,dot_center_candidate,1013.0,778.0,0.14049097895622253
478,dot_center_candidate,1099.0,1290.0,0.14049096405506134
479,dot_center_candidate,990.0,1609.0,0.14039240777492523
480,dot_center_candidate,1006.0,1153.0,0.14039239287376404
481,dot_center_candidate,1251.0,858.0,0.14039239287376404
482,dot_center_candidate,1071.0,1488.0,0.14039237797260284
483,dot_center_candidate,1191.0,1318.0,0.14039237797260284
484,dot_center_candidate,1205.0,1018.0,0.14039237797260284
485,dot_center_candidate,1323.0,972.0,0.14039237797260284
486,dot_center_candidate,1133.0,1117.0,0.14029380679130554
487,dot_center_candidate,1297.0,926.0,0.14029380679130554
488,dot_center_candidate,1089.0,830.0,0.14029380679130554
489,dot_center_candidate,1165.0,768.0,0.14029380679130554
490,dot_center_candidate,919.0,1811.0,0.14029379189014435
491,dot_center_candidate,1039.0,1234.0,0.14029379189014435
492,dot_center_candidate,1163.0,1134.0,0.14029379189014435
493,dot_center_candidate,1071.0,1104.0,0.14019520580768585
494,dot_center_candidate,1086.0,997.0,0.14019520580768585
495,dot_center_candidate,1191.0,768.0,0.14019519090652466
496,dot_center_candidate,1083.0,1386.0,0.14009663462638855
497,dot_center_candidate,1069.0,814.0,0.14009663462638855
498,dot_center_candidate,979.0,790.0,0.14009663462638855
499,dot_center_candidate,995.0,1286.0,0.14009661972522736
500,dot_center_candidate,991.0,1222.0,0.14009661972522736
501,dot_center_candidate,1113.0,1218.0,0.14009661972522736
502,dot_center_candidate,1179.0,834.0,0.14009661972522736
503,dot_center_candidate,1225.0,854.0,0.14009660482406616
504,dot_center_candidate,1039.0,794.0,0.14009660482406616
505,dot_center_candidate,1299.0,774.0,0.14009660482406616
506,dot_center_candidate,1009.0,826.0,0.13999804854393005
507,dot_center_candidate,1025.0,1438.0,0.13999801874160767
508,dot_center_candidate,1341.0,1170.0,0.13999801874160767
509,dot_center_candidate,1043.0,948.0,0.13999801874160767
510,dot_center_candidate,997.0,846.0,0.13999801874160767
511,dot_center_candidate,739.0,1202.0,0.13989946246147156
512,dot_center_candidate,1071.0,1370.0,0.13989944756031036
513,dot_center_candidate,1025.0,1252.0,0.13989944756031036
514,dot_center_candidate,1249.0,938.0,0.13989944756031036
515,dot_center_candidate,1007.0,912.0,0.13989944756031036
516,dot_center_candidate,1339.0,1582.0,0.13989943265914917
517,dot_center_candidate,1005.0,1510.0,0.13989943265914917
518,dot_center_candidate,1149.0,884.0,0.13989943265914917
519,dot_center_candidate,1086.0,813.0,0.13989943265914917
520,dot_center_candidate,752.0,1197.0,0.13980087637901306
521,dot_center_candidate,979.0,1290.0,0.13980086147785187
522,dot_center_candidate,931.0,1794.0,0.13980084657669067
523,dot_center_candidate,1010.0,1303.0,0.13980084657669067
524,dot_center_candidate,1165.0,952.0,0.13980084657669067
525,dot_center_candidate,1087.0,818.0,0.13980084657669067
526,dot_center_candidate,1297.0,938.0,0.13980083167552948
527,dot_center_candidate,1249.0,986.0,0.13970227539539337
528,dot_center_candidate,1207.0,1218.0,0.13970226049423218
529,dot_center_candidate,1069.0,1002.0,0.13970226049423218
530,dot_center_candidate,1145.0,936.0,0.13970226049423218
531,dot_center_candidate,1021.0,1370.0,0.13970224559307098
532,dot_center_candidate,977.0,944.0,0.13970224559307098
533,dot_center_candidate,979.0,1200.0,0.13960367441177368
534,dot_center_candidate,975.0,930.0,0.13960367441177368
535,dot_center_candidate,1073.0,918.0,0.13960367441177368
536,dot_center_candidate,1006.0,999.0,0.1396036595106125
537,dot_center_candidate,1102.0,981.0,0.1396036595106125
538,dot_center_candidate,1115.0,1554.0,0.13950508832931519
539,dot_center_candidate,1021.0,1082.0,0.13950508832931519
540,dot_center_candidate,1195.0,902.0,0.13950508832931519
541,dot_center_candidate,1131.0,864.0,0.13950508832931519
542,dot_center_candidate,1021.0,1324.0,0.139505073428154
543,dot_center_candidate,1073.0,982.0,0.139505073428154
544,dot_center_candidate,1023.0,928.0,0.1395050585269928
545,dot_center_candidate,1027.0,848.0,0.1395050585269928
546,dot_center_candidate,1144.0,1285.0,0.1394065022468567
547,dot_center_candidate,1161.0,1000.0,0.1394065022468567
548,dot_center_candidate,1011.0,848.0,0.1394065022468567
549,dot_center_candidate,1309.0,840.0,0.1394065022468567
550,dot_center_candidate,1177.0,1386.0,0.1394064873456955
551,dot_center_candidate,975.0,1186.0,0.1394064873456955
552,dot_center_candidate,1297.0,954.0,0.1394064873456955
553,dot_center_candidate,1177.0,1168.0,0.1394064724445343
554,dot_center_candidate,1085.0,880.0,0.1394064724445343
555,dot_center_candidate,1235.0,874.0,0.1394064724445343
556,dot_center_candidate,1254.0,821.0,0.1394064724445343
557,dot_center_candidate,990.0,1525.0,0.139307901263237
558,dot_center_candidate,1189.0,1502.0,0.139307901263237
559,dot_center_candidate,1005.0,1422.0,0.139307901263237
560,dot_center_candidate,1027.0,1066.0,0.1393078863620758
561,dot_center_candidate,1055.0,946.0,0.1393078863620758
562,dot_center_candidate,1295.0,942.0,0.1393078863620758
563,dot_center_candidate,979.0,1204.0,0.1392093151807785
564,dot_center_candidate,1235.0,1168.0,0.1392093151807785
565,dot_center_candidate,1037.0,1150.0,0.1392093151807785
566,dot_center_candidate,1193.0,1056.0,0.1392093151807785
567,dot_center_candidate,1283.0,938.0,0.1392093151807785
568,dot_center_candidate,1239.0,1054.0,0.1392093002796173
569,dot_center_candidate,993.0,950.0,0.1392093002796173
570,dot_center_candidate,975.0,1358.0,0.13911072909832
571,dot_center_candidate,1381.0,1334.0,0.13911072909832
572,dot_center_candidate,1099.0,1306.0,0.13911072909832
573,dot_center_candidate,1022.0,1035.0,0.1391107141971588
574,dot_center_candidate,1131.0,998.0,0.1391107141971588
575,dot_center_candidate,1179.0,934.0,0.1391107141971588
576,dot_center_candidate,1023.0,916.0,0.1391107141971588
577,dot_center_candidate,977.0,898.0,0.1391107141971588
578,dot_center_candidate,1149.0,832.0,0.1391107141971588
579,dot_center_candidate,1179.0,768.0,0.1391107141971588
580,dot_center_candidate,1088.0,1033.0,0.13911069929599762
581,dot_center_candidate,1163.0,1034.0,0.13901212811470032
582,dot_center_candidate,1097.0,1438.0,0.13901211321353912
583,dot_center_candidate,1145.0,1436.0,0.13901211321353912
584,dot_center_candidate,977.0,1182.0,0.13901211321353912
585,dot_center_candidate,1103.0,986.0,0.13901211321353912
586,dot_center_candidate,1283.0,922.0,0.13901211321353912
587,dot_center_candidate,1204.0,1453.0,0.13891354203224182
588,dot_center_candidate,1041.0,996.0,0.13891354203224182
589,dot_center_candidate,1175.0,886.0,0.13891354203224182
590,dot_center_candidate,1145.0,868.0,0.13891354203224182
591,dot_center_candidate,1027.0,782.0,0.13891354203224182
592,dot_center_candidate,1006.0,1455.0,0.13891352713108063
593,dot_center_candidate,1039.0,1098.0,0.13891352713108063
594,dot_center_candidate,1085.0,830.0,0.13891352713108063
595,dot_center_candidate,977.0,1404.0,0.13881495594978333
596,dot_center_candidate,1069.0,968.0,0.13881495594978333
597,dot_center_candidate,1099.0,850.0,0.13881495594978333
598,dot_center_candidate,993.0,826.0,0.13881495594978333
599,dot_center_candidate,1057.0,1422.0,0.13881494104862213
600,dot_center_candidate,1163.0,1202.0,0.13881492614746094
601,dot_center_candidate,1129.0,1318.0,0.13871636986732483
602,dot_center_candidate,1083.0,1184.0,0.13871636986732483
603,dot_center_candidate,974.0,1529.0,0.13871635496616364
604,dot_center_candidate,1159.0,1068.0,0.13871635496616364
605,dot_center_candidate,1175.0,988.0,0.13871635496616364
606,dot_center_candidate,1265.0,854.0,0.13871635496616364
607,dot_center_candidate,1248.0,1601.0,0.13871634006500244
608,dot_center_candidate,995.0,1268.0,0.13871634006500244
609,dot_center_candidate,1221.0,918.0,0.13871634006500244
610,dot_center_candidate,1053.0,1217.0,0.13861776888370514
611,dot_center_candidate,1011.0,1098.0,0.13861776888370514
612,dot_center_candidate,1163.0,850.0,0.13861776888370514
613,dot_center_candidate,991.0,1068.0,0.13861775398254395
614,dot_center_candidate,1323.0,926.0,0.13861775398254395
615,dot_center_candidate,991.0,1410.0,0.13851919770240784
616,dot_center_candidate,977.0,1250.0,0.13851918280124664
617,dot_center_candidate,1041.0,1456.0,0.13851916790008545
618,dot_center_candidate,1055.0,828.0,0.13842061161994934
619,dot_center_candidate,1282.0,1157.0,0.13842059671878815
620,dot_center_candidate,1133.0,982.0,0.13842059671878815
621,dot_center_candidate,1205.0,970.0,0.13842059671878815
622,dot_center_candidate,1011.0,966.0,0.13842059671878815
623,dot_center_candidate,1055.0,1454.0,0.13842058181762695
624,dot_center_candidate,991.0,964.0,0.13842058181762695
625,dot_center_candidate,1191.0,950.0,0.13842056691646576
626,dot_center_candidate,994.0,1541.0,0.13832201063632965
627,dot_center_candidate,1099.0,1134.0,0.13832199573516846
628,dot_center_candidate,1117.0,998.0,0.13832199573516846
629,dot_center_candidate,977.0,966.0,0.13832199573516846
630,dot_center_candidate,1253.0,954.0,0.13832199573516846
631,dot_center_candidate,1007.0,880.0,0.13832199573516846
632,dot_center_candidate,1103.0,852.0,0.13832199573516846
633,dot_center_candidate,1161.0,832.0,0.13832199573516846
634,dot_center_candidate,991.0,1132.0,0.13832198083400726
635,dot_center_candidate,1191.0,1050.0,0.13832198083400726
636,dot_center_candidate,1163.0,1151.0,0.13822342455387115
637,dot_center_candidate,1020.0,1593.0,0.13822340965270996
638,dot_center_candidate,991.0,1154.0,0.13822340965270996
639,dot_center_candidate,1051.0,1510.0,0.13822339475154877
640,dot_center_candidate,1132.0,1353.0,0.13822339475154877
641,dot_center_candidate,1235.0,1002.0,0.13812482357025146
642,dot_center_candidate,1205.0,902.0,0.13812482357025146
643,dot_center_candidate,1083.0,1572.0,0.13812480866909027
644,dot_center_candidate,1053.0,1268.0,0.13812480866909027
645,dot_center_candidate,1283.0,958.0,0.13812480866909027
646,dot_center_candidate,1485.0,834.0,0.13812480866909027
647,dot_center_candidate,1281.0,854.0,0.13802623748779297
648,dot_center_candidate,1235.0,954.0,0.13802622258663177
649,dot_center_candidate,979.0,1148.0,0.13802620768547058
650,dot_center_candidate,1010.0,1251.0,0.13792763650417328
651,dot_center_candidate,1129.0,1138.0,0.13792762160301208
652,dot_center_candidate,1083.0,1034.0,0.13792762160301208
653,dot_center_candidate,997.0,830.0,0.13792762160301208
654,dot_center_candidate,1221.0,1068.0,0.13782905042171478
655,dot_center_candidate,1103.0,1066.0,0.13782905042171478
656,dot_center_candidate,1147.0,966.0,0.13782905042171478
657,dot_center_candidate,1037.0,1358.0,0.1378290355205536
658,dot_center_candidate,1293.0,1202.0,0.1378290355205536
659,dot_center_candidate,981.0,774.0,0.1378290355205536
660,dot_center_candidate,991.0,1336.0,0.1377304643392563
661,dot_center_candidate,1253.0,1156.0,0.1377304643392563
662,dot_center_candidate,1367.0,1236.0,0.1377304494380951
663,dot_center_candidate,1265.0,936.0,0.1377304345369339
664,dot_center_candidate,1118.0,1083.0,0.1376318782567978
665,dot_center_candidate,1057.0,1068.0,0.1376318782567978
666,dot_center_candidate,1071.0,1522.0,0.1376318633556366
667,dot_center_candidate,1083.0,1256.0,0.1376318633556366
668,dot_center_candidate,1008.0,1319.0,0.1376318484544754
669,dot_center_candidate,1086.0,1285.0,0.1376318484544754
670,dot_center_candidate,1101.0,964.0,0.1376318484544754
671,dot_center_candidate,1219.0,1302.0,0.1375332921743393
672,dot_center_candidate,1235.0,904.0,0.1375332921743393
673,dot_center_candidate,925.0,1798.0,0.1375332772731781
674,dot_center_candidate,1115.0,1470.0,0.1375332772731781
675,dot_center_candidate,1129.0,1070.0,0.1375332772731781
676,dot_center_candidate,1283.0,1038.0,0.1375332772731781
677,dot_center_candidate,1130.0,903.0,0.1375332772731781
678,dot_center_candidate,1325.0,774.0,0.1375332772731781
679,dot_center_candidate,1005.0,1460.0,0.1375332623720169
680,dot_center_candidate,1071.0,1358.0,0.1375332623720169
681,dot_center_candidate,1007.0,1290.0,0.1375332623720169
682,dot_center_candidate,1021.0,1050.0,0.1375332623720169
683,dot_center_candidate,1042.0,1135.0,0.1374346911907196
684,dot_center_candidate,1131.0,914.0,0.1374346911907196
685,dot_center_candidate,1205.0,788.0,0.1374346911907196
686,dot_center_candidate,1041.0,1370.0,0.1374346762895584
687,dot_center_candidate,975.0,1204.0,0.1374346762895584
688,dot_center_candidate,1293.0,1040.0,0.1374346762895584
689,dot_center_candidate,1024.0,1217.0,0.1373361051082611
690,dot_center_candidate,1007.0,1081.0,0.1373361051082611
691,dot_center_candidate,1179.0,822.0,0.1373361051082611
692,dot_center_candidate,1399.0,974.0,0.13733609020709991
693,dot_center_candidate,1011.0,928.0,0.13733609020709991
694,dot_center_candidate,1235.0,870.0,0.13733609020709991
695,dot_center_candidate,975.0,1118.0,0.13733607530593872
696,dot_center_candidate,1175.0,854.0,0.13733607530593872
697,dot_center_candidate,755.0,546.0,0.137237548828125
698,dot_center_candidate,1129.0,1458.0,0.1372375190258026
699,dot_center_candidate,1179.0,900.0,0.1372375190258026
700,dot_center_candidate,1007.0,1370.0,0.13723748922348022
701,dot_center_candidate,1132.0,1235.0,0.13713891804218292
702,dot_center_candidate,1253.0,986.0,0.13713891804218292
703,dot_center_candidate,992.0,894.0,0.13713891804218292
704,dot_center_candidate,1191.0,802.0,0.13713891804218292
705,dot_center_candidate,1163.0,1286.0,0.13713890314102173
706,dot_center_candidate,1053.0,998.0,0.13713890314102173
707,dot_center_candidate,1207.0,934.0,0.13713890314102173
708,dot_center_candidate,1059.0,780.0,0.13713890314102173
709,dot_center_candidate,914.0,1805.0,0.13704033195972443
710,dot_center_candidate,1351.0,1306.0,0.13704033195972443
711,dot_center_candidate,1295.0,1086.0,0.13704033195972443
712,dot_center_candidate,1101.0,1082.0,0.13704033195972443
713,dot_center_candidate,1179.0,1002.0,0.13704033195972443
714,dot_center_candidate,1010.0,1269.0,0.13704031705856323
715,dot_center_candidate,1189.0,1102.0,0.13704031705856323
716,dot_center_candidate,1149.0,1054.0,0.13704031705856323
717,dot_center_candidate,1129.0,986.0,0.13704031705856323
718,dot_center_candidate,1055.0,980.0,0.13704031705856323
719,dot_center_candidate,1115.0,966.0,0.13704031705856323
720,dot_center_candidate,1089.0,950.0,0.13704031705856323
721,dot_center_candidate,1165.0,786.0,0.13704031705856323
722,dot_center_candidate,1059.0,814.0,0.13694176077842712
723,dot_center_candidate,1024.0,1455.0,0.13694173097610474
724,dot_center_candidate,1055.0,862.0,0.13694173097610474
725,dot_center_candidate,1173.0,1474.0,0.13694171607494354
726,dot_center_candidate,1070.0,1251.0,0.13684315979480743
727,dot_center_candidate,1041.0,1064.0,0.13684314489364624
728,dot_center_candidate,981.0,898.0,0.13684314489364624
729,dot_center_candidate,1159.0,1402.0,0.13684312999248505
730,dot_center_candidate,1067.0,1218.0,0.13684312999248505
731,dot_center_candidate,1009.0,1046.0,0.13684312999248505
732,dot_center_candidate,1133.0,1032.0,0.13684311509132385
733,dot_center_candidate,1100.0,1453.0,0.13674455881118774
734,dot_center_candidate,1099.0,1222.0,0.13674455881118774
735,dot_center_candidate,1205.0,922.0,0.13674455881118774
736,dot_center_candidate,1027.0,912.0,0.13674455881118774
737,dot_center_candidate,1239.0,820.0,0.13674455881118774
738,dot_center_candidate,1085.0,784.0,0.13674455881118774
739,dot_center_candidate,1269.0,772.0,0.13674455881118774
740,dot_center_candidate,1006.0,1557.0,0.13674454391002655
741,dot_center_candidate,1130.0,1537.0,0.13674454391002655
742,dot_center_candidate,1052.0,1251.0,0.13674454391002655
743,dot_center_candidate,1193.0,1218.0,0.13674454391002655
744,dot_center_candidate,1057.0,1048.0,0.13674454391002655
745,dot_center_candidate,1027.0,1014.0,0.13674454391002655
746,dot_center_candidate,977.0,948.0,0.13674454391002655
747,dot_center_candidate,996.0,894.0,0.13674454391002655
748,dot_center_candidate,1177.0,1570.0,0.13664597272872925
749,dot_center_candidate,1203.0,1386.0,0.13664597272872925
750,dot_center_candidate,1117.0,1004.0,0.13664597272872925
751,dot_center_candidate,1255.0,774.0,0.13664597272872925
752,dot_center_candidate,713.0,1842.0,0.13664595782756805
753,dot_center_candidate,1100.0,1487.0,0.13664595782756805
754,dot_center_candidate,994.0,1353.0,0.13664595782756805
755,dot_center_candidate,1204.0,1235.0,0.13664595782756805
756,dot_center_candidate,1073.0,850.0,0.13664594292640686
757,dot_center_candidate,991.0,1438.0,0.13654738664627075
758,dot_center_candidate,1221.0,990.0,0.13654738664627075
759,dot_center_candidate,1190.0,969.0,0.13654738664627075
760,dot_center_candidate,1085.0,946.0,0.13654738664627075
761,dot_center_candidate,915.0,1800.0,0.13654737174510956
762,dot_center_candidate,1283.0,1004.0,0.13654737174510956
763,dot_center_candidate,1145.0,916.0,0.13654737174510956
764,dot_center_candidate,1069.0,1460.0,0.13654735684394836
765,dot_center_candidate,1025.0,1030.0,0.13654735684394836
766,dot_center_candidate,1053.0,964.0,0.13654735684394836
767,dot_center_candidate,1131.0,802.0,0.13654735684394836
768,dot_center_candidate,1369.0,1104.0,0.13644880056381226
769,dot_center_candidate,1011.0,898.0,0.13644880056381226
770,dot_center_candidate,1005.0,1338.0,0.13644878566265106
771,dot_center_candidate,992.0,1239.0,0.13644878566265106
772,dot_center_candidate,1147.0,982.0,0.13644878566265106
773,dot_center_candidate,1113.0,1306.0,0.13644877076148987
774,dot_center_candidate,1037.0,1066.0,0.13644877076148987
775,dot_center_candidate,997.0,826.0,0.13644877076148987
776,dot_center_candidate,1191.0,818.0,0.13644877076148987
777,dot_center_candidate,1144.0,1503.0,0.13635019958019257
778,dot_center_candidate,1193.0,1122.0,0.13635019958019257
779,dot_center_candidate,1250.0,1085.0,0.13635019958019257
780,dot_center_candidate,1265.0,990.0,0.13635019958019257
781,dot_center_candidate,979.0,1268.0,0.13635018467903137
782,dot_center_candidate,1119.0,898.0,0.13635018467903137
783,dot_center_candidate,1073.0,968.0,0.13625162839889526
784,dot_center_candidate,1207.0,890.0,0.13625162839889526
785,dot_center_candidate,977.0,1540.0,0.13625161349773407
786,dot_center_candidate,1085.0,1234.0,0.13625161349773407
787,dot_center_candidate,1041.0,1166.0,0.13625161349773407
788,dot_center_candidate,1023.0,996.0,0.13625161349773407
789,dot_center_candidate,1009.0,1018.0,0.13625159859657288
790,dot_center_candidate,1115.0,902.0,0.13625159859657288
791,dot_center_candidate,995.0,1118.0,0.13625158369541168
792,dot_center_candidate,975.0,1354.0,0.13615302741527557
793,dot_center_candidate,1173.0,1608.0,0.13615301251411438
794,dot_center_candidate,1021.0,1574.0,0.13615301251411438
795,dot_center_candidate,1293.0,1318.0,0.13615301251411438
796,dot_center_candidate,1053.0,1014.0,0.13615301251411438
797,dot_center_candidate,1101.0,898.0,0.13615301251411438
798,dot_center_candidate,1115.0,886.0,0.13615301251411438
799,dot_center_candidate,1239.0,874.0,0.13615301251411438
800,dot_center_candidate,1119.0,814.0,0.13615301251411438
801,dot_center_candidate,1101.0,1610.0,0.13615299761295319
802,dot_center_candidate,1115.0,1066.0,0.13615299761295319
803,dot_center_candidate,1233.0,1552.0,0.13605442643165588
804,dot_center_candidate,1189.0,1374.0,0.13605442643165588
805,dot_center_candidate,1223.0,1222.0,0.13605442643165588
806,dot_center_candidate,1280.0,1169.0,0.13605442643165588
807,dot_center_candidate,1135.0,902.0,0.13605442643165588
808,dot_center_candidate,1135.0,884.0,0.13605442643165588
809,dot_center_candidate,1149.0,804.0,0.13605442643165588
810,dot_center_candidate,1219.0,1252.0,0.1360544115304947
811,dot_center_candidate,1145.0,1000.0,0.1360544115304947
812,dot_center_candidate,1083.0,984.0,0.1360544115304947
813,dot_center_candidate,1025.0,844.0,0.1360544115304947
814,dot_center_candidate,991.0,878.0,0.1360543966293335
815,dot_center_candidate,1101.0,784.0,0.1360543966293335
816,dot_center_candidate,1323.0,1334.0,0.1359558403491974
817,dot_center_candidate,1205.0,1052.0,0.1359558403491974
818,dot_center_candidate,1053.0,1048.0,0.1359558403491974
819,dot_center_candidate,1239.0,856.0,0.1359558403491974
820,dot_center_candidate,1195.0,854.0,0.1359558403491974
821,dot_center_candidate,1279.0,790.0,0.1359558403491974
822,dot_center_candidate,1221.0,786.0,0.1359558403491974
823,dot_center_candidate,733.0,1858.0,0.1358572542667389
824,dot_center_candidate,1055.0,1612.0,0.1358572542667389
825,dot_center_candidate,1325.0,922.0,0.1358572542667389
826,dot_center_candidate,1023.0,812.0,0.1358572542667389
827,dot_center_candidate,992.0,795.0,0.1358572542667389
828,dot_center_candidate,1237.0,786.0,0.1358572542667389
829,dot_center_candidate,1130.0,1419.0,0.1358572393655777
830,dot_center_candidate,1221.0,1274.0,0.1358572393655777
831,dot_center_candidate,1011.0,1034.0,0.1358572244644165
832,dot_center_candidate,1269.0,776.0,0.1358572244644165
833,dot_center_candidate,1087.0,1306.0,0.1357586681842804
834,dot_center_candidate,1069.0,1082.0,0.1357586681842804
835,dot_center_candidate,1023.0,780.0,0.1357586681842804
836,dot_center_candidate,1175.0,1268.0,0.1357586532831192
837,dot_center_candidate,1103.0,1100.0,0.1357586532831192
838,dot_center_candidate,1115.0,986.0,0.1357586532831192
839,dot_center_candidate,1341.0,960.0,0.1357586532831192
840,dot_center_candidate,1023.0,1444.0,0.135758638381958
841,dot_center_candidate,1351.0,1318.0,0.135758638381958
842,dot_center_candidate,1225.0,938.0,0.135758638381958
843,dot_center_candidate,1053.0,1200.0,0.1356600821018219
844,dot_center_candidate,1102.0,1539.0,0.1356600672006607
845,dot_center_candidate,1055.0,1506.0,0.1356600672006607
846,dot_center_candidate,1249.0,1006.0,0.1356600672006607
847,dot_center_candidate,1116.0,1403.0,0.1356600522994995
848,dot_center_candidate,1204.0,1269.0,0.1356600522994995
849,dot_center_candidate,1143.0,1254.0,0.1356600522994995
850,dot_center_candidate,1251.0,1074.0,0.1356600522994995
851,dot_center_candidate,1073.0,998.0,0.1356600522994995
852,dot_center_candidate,1193.0,850.0,0.1356600522994995
853,dot_center_candidate,1233.0,1602.0,0.1355614811182022
854,dot_center_candidate,1131.0,1150.0,0.1355614811182022
855,dot_center_candidate,1525.0,994.0,0.1355614811182022
856,dot_center_candidate,1235.0,1418.0,0.13556146621704102
857,dot_center_candidate,1163.0,1336.0,0.13556146621704102
858,dot_center_candidate,1159.0,1285.0,0.13556146621704102
859,dot_center_candidate,1129.0,1184.0,0.13556146621704102
860,dot_center_candidate,1069.0,1066.0,0.13556146621704102
861,dot_center_candidate,1007.0,932.0,0.13556146621704102
862,dot_center_candidate,1055.0,850.0,0.13556146621704102
863,dot_center_candidate,1297.0,1070.0,0.13556145131587982
864,dot_center_candidate,1263.0,1286.0,0.1354628950357437
865,dot_center_candidate,1293.0,1188.0,0.1354628950357437
866,dot_center_candidate,1055.0,1064.0,0.1354628950357437
867,dot_center_candidate,1052.0,1489.0,0.13546288013458252
868,dot_center_candidate,1321.0,1454.0,0.13546288013458252
869,dot_center_candidate,1008.0,1387.0,0.13546288013458252
870,dot_center_candidate,995.0,1338.0,0.13546288013458252
871,dot_center_candidate,1205.0,836.0,0.13546288013458252
872,dot_center_candidate,1103.0,818.0,0.13546288013458252
873,dot_center_candidate,1159.0,1302.0,0.13546286523342133
874,dot_center_candidate,1235.0,1174.0,0.13546286523342133
875,dot_center_candidate,1051.0,1406.0,0.13536429405212402
876,dot_center_candidate,990.0,1273.0,0.13536429405212402
877,dot_center_candidate,979.0,1272.0,0.13536427915096283
878,dot_center_candidate,1313.0,1038.0,0.13536427915096283
879,dot_center_candidate,1129.0,934.0,0.13536427915096283
880,dot_center_candidate,1025.0,1370.0,0.13526570796966553
881,dot_center_candidate,1071.0,1268.0,0.13526570796966553
882,dot_center_candidate,1233.0,1222.0,0.13526570796966553
883,dot_center_candidate,1133.0,1084.0,0.13526570796966553
884,dot_center_candidate,1021.0,1562.0,0.13526569306850433
885,dot_center_candidate,1085.0,1454.0,0.13526569306850433
886,dot_center_candidate,975.0,1410.0,0.13526569306850433
887,dot_center_candidate,1021.0,1340.0,0.13526569306850433
888,dot_center_candidate,1113.0,1322.0,0.13526569306850433
889,dot_center_candidate,1009.0,1238.0,0.13526569306850433
890,dot_center_candidate,1009.0,1182.0,0.13526569306850433
891,dot_center_candidate,1251.0,1468.0,0.13516712188720703
892,dot_center_candidate,1129.0,1390.0,0.13516712188720703
893,dot_center_candidate,1178.0,1235.0,0.13516712188720703
894,dot_center_candidate,1025.0,1200.0,0.13516712188720703
895,dot_center_candidate,1022.0,1017.0,0.13516712188720703
896,dot_center_candidate,1131.0,898.0,0.13516712188720703
897,dot_center_candidate,1116.0,881.0,0.13516712188720703
898,dot_center_candidate,1251.0,874.0,0.13516712188720703
899,dot_center_candidate,1179.0,800.0,0.13516712188720703
900,dot_center_candidate,978.0,1609.0,0.13516710698604584
901,dot_center_candidate,976.0,1575.0,0.13516710698604584
902,dot_center_candidate,990.0,1405.0,0.13516710698604584
903,dot_center_candidate,1113.0,1370.0,0.13516710698604584
904,dot_center_candidate,1053.0,1336.0,0.13516710698604584
905,dot_center_candidate,1293.0,1290.0,0.13516710698604584
906,dot_center_candidate,1027.0,1050.0,0.13516710698604584
907,dot_center_candidate,1191.0,934.0,0.13516710698604584
908,dot_center_candidate,979.0,1080.0,0.13516709208488464
909,dot_center_candidate,1069.0,1070.0,0.13516709208488464
910,dot_center_candidate,1088.0,1049.0,0.13516709208488464
911,dot_center_candidate,1037.0,1048.0,0.13506853580474854
912,dot_center_candidate,1195.0,970.0,0.13506853580474854
913,dot_center_candidate,1097.0,1558.0,0.13506852090358734
914,dot_center_candidate,1175.0,1436.0,0.13506852090358734
915,dot_center_candidate,1251.0,1318.0,0.13506852090358734
916,dot_center_candidate,1147.0,1150.0,0.13506852090358734
917,dot_center_candidate,1175.0,1100.0,0.13506852090358734
918,dot_center_candidate,993.0,1080.0,0.13506852090358734
919,dot_center_candidate,1099.0,1336.0,0.13506850600242615
920,dot_center_candidate,1022.0,1149.0,0.13506850600242615
921,dot_center_candidate,1115.0,1050.0,0.13506850600242615
922,dot_center_candidate,1131.0,886.0,0.13506850600242615
923,dot_center_candidate,1115.0,914.0,0.13496994972229004
924,dot_center_candidate,1022.0,1557.0,0.13496993482112885
925,dot_center_candidate,1052.0,1539.0,0.13496993482112885
926,dot_center_candidate,1144.0,1119.0,0.13496993482112885
927,dot_center_candidate,1175.0,1000.0,0.13496993482112885
928,dot_center_candidate,1117.0,948.0,0.13496993482112885
929,dot_center_candidate,1073.0,800.0,0.13496991991996765
930,dot_center_candidate,1175.0,802.0,0.13487136363983154
931,dot_center_candidate,1056.0,1289.0,0.13487134873867035
932,dot_center_candidate,1131.0,1274.0,0.13487134873867035
933,dot_center_candidate,1113.0,1420.0,0.13487133383750916
934,dot_center_candidate,1235.0,1268.0,0.13487133383750916
935,dot_center_candidate,1235.0,1218.0,0.13487133383750916
936,dot_center_candidate,1192.0,1117.0,0.13487133383750916
937,dot_center_candidate,1043.0,930.0,0.13487133383750916
938,dot_center_candidate,1327.0,890.0,0.13487133383750916
939,dot_center_candidate,1191.0,854.0,0.13487133383750916
940,dot_center_candidate,1043.0,829.0,0.13487133383750916
941,dot_center_candidate,1041.0,816.0,0.13487133383750916
942,dot_center_candidate,1099.0,1036.0,0.13477276265621185
943,dot_center_candidate,1067.0,1560.0,0.13477274775505066
944,dot_center_candidate,1145.0,1004.0,0.13477274775505066
945,dot_center_candidate,1024.0,961.0,0.13477274775505066
946,dot_center_candidate,1011.0,912.0,0.13477274775505066
947,dot_center_candidate,1338.0,1301.0,0.13477273285388947
948,dot_center_candidate,1007.0,1614.0,0.13467417657375336
949,dot_center_candidate,1159.0,1324.0,0.13467417657375336
950,dot_center_candidate,1115.0,1206.0,0.13467417657375336
951,dot_center_candidate,1207.0,1402.0,0.13467416167259216
952,dot_center_candidate,1176.0,867.0,0.13467416167259216
953,dot_center_candidate,1145.0,1268.0,0.13467414677143097
954,dot_center_candidate,1219.0,1052.0,0.13467414677143097
955,dot_center_candidate,1439.0,782.0,0.13467414677143097
956,dot_center_candidate,1084.0,1611.0,0.13457557559013367
957,dot_center_candidate,974.0,1511.0,0.13457557559013367
958,dot_center_candidate,1008.0,1165.0,0.13457557559013367
959,dot_center_candidate,1099.0,1150.0,0.13457557559013367
960,dot_center_candidate,1145.0,1138.0,0.13457557559013367
961,dot_center_candidate,1175.0,1106.0,0.13457557559013367
962,dot_center_candidate,1235.0,1018.0,0.13457557559013367
963,dot_center_candidate,1189.0,986.0,0.13457557559013367
964,dot_center_candidate,1055.0,816.0,0.13457557559013367
965,dot_center_candidate,1145.0,834.0,0.13457554578781128
966,dot_center_candidate,1083.0,1538.0,0.13447698950767517
967,dot_center_candidate,1067.0,1408.0,0.13447698950767517
968,dot_center_candidate,979.0,1390.0,0.13447698950767517
969,dot_center_candidate,1117.0,1302.0,0.13447698950767517
970,dot_center_candidate,1295.0,1268.0,0.13447698950767517
971,dot_center_candidate,1041.0,1238.0,0.13447698950767517
972,dot_center_candidate,1163.0,1218.0,0.13447698950767517
973,dot_center_candidate,1067.0,1202.0,0.13447698950767517
974,dot_center_candidate,977.0,1154.0,0.13447698950767517
975,dot_center_candidate,1219.0,1036.0,0.13447698950767517
976,dot_center_candidate,1235.0,920.0,0.13447698950767517
977,dot_center_candidate,1097.0,1574.0,0.13447697460651398
978,dot_center_candidate,993.0,1421.0,0.13447697460651398
979,dot_center_candidate,1053.0,1116.0,0.13447697460651398
980,dot_center_candidate,1159.0,1050.0,0.13447695970535278
981,dot_center_candidate,1053.0,1052.0,0.13437840342521667
982,dot_center_candidate,995.0,774.0,0.13437840342521667
983,dot_center_candidate,1327.0,942.0,0.13437838852405548
984,dot_center_candidate,1267.0,842.0,0.13437838852405548
985,dot_center_candidate,1101.0,834.0,0.13437838852405548
986,dot_center_candidate,1280.0,1605.0,0.1343783736228943
987,dot_center_candidate,991.0,1546.0,0.1343783736228943
988,dot_center_candidate,1098.0,1509.0,0.1343783736228943
989,dot_center_candidate,1160.0,1117.0,0.1343783736228943
990,dot_center_candidate,1117.0,1100.0,0.1343783736228943
991,dot_center_candidate,1007.0,1086.0,0.1343783736228943
992,dot_center_candidate,1239.0,890.0,0.1343783736228943
993,dot_center_candidate,1249.0,1518.0,0.13427981734275818
994,dot_center_candidate,974.0,1457.0,0.13427981734275818
995,dot_center_candidate,1253.0,1140.0,0.13427981734275818
996,dot_center_candidate,1023.0,980.0,0.13427981734275818
997,dot_center_candidate,1071.0,828.0,0.13427981734275818
998,dot_center_candidate,1175.0,1218.0,0.13427980244159698
999,dot_center_candidate,1220.0,955.0,0.13427980244159698
1000,dot_center_candidate,1221.0,1352.0,0.1342797875404358
1001,dot_center_candidate,1219.0,1318.0,0.1342797875404358
1002,dot_center_candidate,1189.0,1172.0,0.1342797875404358
1003,dot_center_candidate,1041.0,1068.0,0.1342797875404358
1004,dot_center_candidate,1085.0,934.0,0.1342797875404358
1005,dot_center_candidate,1369.0,1354.0,0.1341812163591385
1006,dot_center_candidate,1251.0,1174.0,0.1341812163591385
1007,dot_center_candidate,997.0,810.0,0.1341812014579773
1008,dot_center_candidate,1039.0,798.0,0.1341812014579773
1009,dot_center_candidate,1009.0,780.0,0.1341812014579773
1010,dot_center_candidate,1250.0,773.0,0.1341812014579773
1011,dot_center_candidate,1253.0,804.0,0.1341811865568161
1012,dot_center_candidate,1147.0,1474.0,0.13408263027668
1013,dot_center_candidate,1234.0,1235.0,0.13408263027668
1014,dot_center_candidate,1263.0,1186.0,0.13408263027668
1015,dot_center_candidate,1007.0,1102.0,0.13408263027668
1016,dot_center_candidate,1205.0,952.0,0.13408263027668
1017,dot_center_candidate,1072.0,1591.0,0.1340826153755188
1018,dot_center_candidate,1117.0,1256.0,0.1340826153755188
1019,dot_center_candidate,994.0,1307.0,0.1340826004743576
1020,dot_center_candidate,975.0,1286.0,0.1339840441942215
1021,dot_center_candidate,1071.0,1540.0,0.1339840292930603
1022,dot_center_candidate,1098.0,1505.0,0.1339840292930603
1023,dot_center_candidate,1037.0,1421.0,0.1339840292930603
1024,dot_center_candidate,1005.0,1218.0,0.1339840292930603
1025,dot_center_candidate,1279.0,922.0,0.1339840292930603
1026,dot_center_candidate,1025.0,832.0,0.1339840292930603
1027,dot_center_candidate,981.0,826.0,0.1339840292930603
1028,dot_center_candidate,1087.0,1440.0,0.1339840143918991
1029,dot_center_candidate,1235.0,940.0,0.1339840143918991
1030,dot_center_candidate,1277.0,1402.0,0.1338854432106018
1031,dot_center_candidate,1355.0,1254.0,0.1338854432106018
1032,dot_center_candidate,1149.0,870.0,0.1338854432106018
1033,dot_center_candidate,1283.0,826.0,0.1338854432106018
1034,dot_center_candidate,1219.0,1524.0,0.1338854283094406
1035,dot_center_candidate,1067.0,1304.0,0.1338854283094406
1036,dot_center_candidate,1069.0,930.0,0.1338854283094406
1037,dot_center_candidate,1239.0,904.0,0.1338854283094406
1038,dot_center_candidate,1283.0,988.0,0.1337868571281433
1039,dot_center_candidate,1023.0,932.0,0.1337868571281433
1040,dot_center_candidate,1115.0,898.0,0.1337868571281433
1041,dot_center_candidate,1027.0,894.0,0.1337868571281433
1042,dot_center_candidate,982.0,761.0,0.1337868571281433
1043,dot_center_candidate,1173.0,1570.0,0.13378684222698212
1044,dot_center_candidate,995.0,1068.0,0.13378684222698212
1045,dot_center_candidate,1070.0,963.0,0.13378684222698212
1046,dot_center_candidate,1007.0,962.0,0.13378684222698212
1047,dot_center_candidate,1089.0,798.0,0.13378684222698212
1048,dot_center_candidate,1027.0,866.0,0.13378682732582092
1049,dot_center_candidate,1119.0,798.0,0.13378682732582092
1050,dot_center_candidate,1163.0,1222.0,0.13368827104568481
1051,dot_center_candidate,1071.0,1506.0,0.13368825614452362
1052,dot_center_candidate,1144.0,1369.0,0.13368825614452362
1053,dot_center_candidate,1251.0,1274.0,0.13368825614452362
1054,dot_center_candidate,1219.0,1186.0,0.13368825614452362
1055,dot_center_candidate,1039.0,864.0,0.13368825614452362
1056,dot_center_candidate,1147.0,1050.0,0.13368824124336243
1057,dot_center_candidate,1039.0,962.0,0.13368824124336243
1058,dot_center_candidate,1044.0,795.0,0.13368824124336243
1059,dot_center_candidate,1221.0,1368.0,0.13358968496322632
1060,dot_center_candidate,1163.0,1066.0,0.13358968496322632
1061,dot_center_candidate,1117.0,1386.0,0.13358967006206512
1062,dot_center_candidate,1129.0,1358.0,0.13358967006206512
1063,dot_center_candidate,1025.0,1234.0,0.13358965516090393
1064,dot_center_candidate,1443.0,782.0,0.13358965516090393
1065,dot_center_candidate,1115.0,970.0,0.13349109888076782
1066,dot_center_candidate,1082.0,1407.0,0.13349108397960663
1067,dot_center_candidate,1263.0,1386.0,0.13349108397960663
1068,dot_center_candidate,1160.0,1319.0,0.13349108397960663
1069,dot_center_candidate,1309.0,1218.0,0.13349108397960663
1070,dot_center_candidate,975.0,1273.0,0.13349106907844543
1071,dot_center_candidate,1083.0,1358.0,0.13339249789714813
1072,dot_center_candidate,979.0,1306.0,0.13339249789714813
1073,dot_center_candidate,1025.0,1086.0,0.13339249789714813
1074,dot_center_candidate,1006.0,1067.0,0.13339249789714813
1075,dot_center_candidate,1037.0,1336.0,0.13339248299598694
1076,dot_center_candidate,1083.0,1306.0,0.13339248299598694
1077,dot_center_candidate,1263.0,1206.0,0.13339248299598694
1078,dot_center_candidate,1103.0,914.0,0.13339248299598694
1079,dot_center_candidate,1164.0,867.0,0.13339248299598694
1080,dot_center_candidate,1057.0,1102.0,0.13339246809482574
1081,dot_center_candidate,1040.0,1473.0,0.13329391181468964
1082,dot_center_candidate,1037.0,1302.0,0.13329391181468964
1083,dot_center_candidate,991.0,1084.0,0.13329391181468964
1084,dot_center_candidate,747.0,1860.0,0.13329389691352844
1085,dot_center_candidate,1086.0,1555.0,0.13329389691352844
1086,dot_center_candidate,1159.0,1536.0,0.13329389691352844
1087,dot_center_candidate,1053.0,1472.0,0.13329389691352844
1088,dot_center_candidate,991.0,1302.0,0.13329389691352844
1089,dot_center_candidate,1277.0,1286.0,0.13329389691352844
1090,dot_center_candidate,1069.0,1172.0,0.13329389691352844
1091,dot_center_candidate,981.0,945.0,0.13329389691352844
1092,dot_center_candidate,1179.0,938.0,0.13329389691352844
1093,dot_center_candidate,993.0,882.0,0.13329389691352844
1094,dot_center_candidate,1070.0,879.0,0.13329389691352844
1095,dot_center_candidate,993.0,808.0,0.13329389691352844
1096,dot_center_candidate,975.0,1268.0,0.13329388201236725
1097,dot_center_candidate,1293.0,1368.0,0.13319532573223114
1098,dot_center_candidate,1071.0,1420.0,0.13319531083106995
1099,dot_center_candidate,1280.0,1335.0,0.13319531083106995
1100,dot_center_candidate,1040.0,1319.0,0.13319531083106995
1101,dot_center_candidate,991.0,1216.0,0.13319531083106995
1102,dot_center_candidate,1007.0,946.0,0.13319531083106995
1103,dot_center_candidate,1119.0,902.0,0.13319531083106995
1104,dot_center_candidate,1085.0,834.0,0.13319531083106995
1105,dot_center_candidate,1177.0,966.0,0.13319529592990875
1106,dot_center_candidate,1179.0,904.0,0.13319529592990875
1107,dot_center_candidate,852.0,1807.0,0.13309672474861145
1108,dot_center_candidate,1011.0,1202.0,0.13309672474861145
1109,dot_center_candidate,1205.0,1118.0,0.13309672474861145
1110,dot_center_candidate,1279.0,1054.0,0.13309672474861145
1111,dot_center_candidate,1283.0,942.0,0.13309672474861145
1112,dot_center_candidate,1219.0,936.0,0.13309672474861145
1113,dot_center_candidate,1296.0,1219.0,0.13309670984745026
1114,dot_center_candidate,1149.0,918.0,0.13309670984745026
1115,dot_center_candidate,1309.0,872.0,0.13309669494628906
1116,dot_center_candidate,991.0,1268.0,0.13299813866615295
1117,dot_center_candidate,1143.0,1238.0,0.13299813866615295
1118,dot_center_candidate,1113.0,1202.0,0.13299813866615295
1119,dot_center_candidate,1267.0,1186.0,0.13299813866615295
1120,dot_center_candidate,1163.0,1106.0,0.13299813866615295
1121,dot_center_candidate,979.0,1102.0,0.13299813866615295
1122,dot_center_candidate,1675.0,1766.0,0.13299812376499176
1123,dot_center_candidate,1204.0,1419.0,0.13299812376499176
1124,dot_center_candidate,1070.0,1319.0,0.13299812376499176
1125,dot_center_candidate,1236.0,1185.0,0.13299812376499176
1126,dot_center_candidate,1117.0,1172.0,0.13299812376499176
1127,dot_center_candidate,993.0,978.0,0.13299812376499176
1128,dot_center_candidate,1239.0,954.0,0.13299812376499176
1129,dot_center_candidate,1409.0,1601.0,0.13299810886383057
1130,dot_center_candidate,745.0,1188.0,0.13299810886383057
1131,dot_center_candidate,1325.0,862.0,0.13299810886383057
1132,dot_center_candidate,1221.0,1468.0,0.13289955258369446
1133,dot_center_candidate,1053.0,1426.0,0.13289955258369446
1134,dot_center_candidate,1117.0,1200.0,0.13289955258369446
1135,dot_center_candidate,1069.0,1138.0,0.13289955258369446
1136,dot_center_candidate,1068.0,1049.0,0.13289955258369446
1137,dot_center_candidate,1043.0,882.0,0.13289955258369446
1138,dot_center_candidate,1052.0,1595.0,0.13289953768253326
1139,dot_center_candidate,979.0,1546.0,0.13289953768253326
1140,dot_center_candidate,993.0,1489.0,0.13289953768253326
1141,dot_center_candidate,1117.0,1408.0,0.13289953768253326
1142,dot_center_candidate,1087.0,1272.0,0.13289953768253326
1143,dot_center_candidate,1085.0,1250.0,0.13289953768253326
1144,dot_center_candidate,1235.0,1202.0,0.13289952278137207
1145,dot_center_candidate,1223.0,1186.0,0.13289952278137207
1146,dot_center_candidate,979.0,1166.0,0.13289952278137207
1147,dot_center_candidate,1149.0,888.0,0.13289952278137207
1148,dot_center_candidate,1133.0,848.0,0.13289952278137207
1149,dot_center_candidate,1101.0,1340.0,0.13280095160007477
1150,dot_center_candidate,1071.0,1340.0,0.13280095160007477
1151,dot_center_candidate,1102.0,1239.0,0.13280095160007477
1152,dot_center_candidate,1175.0,1206.0,0.13280095160007477
1153,dot_center_candidate,1323.0,1186.0,0.13280095160007477
1154,dot_center_candidate,1223.0,1052.0,0.13280095160007477
1155,dot_center_candidate,1147.0,1218.0,0.13280093669891357
1156,dot_center_candidate,1236.0,1151.0,0.13280093669891357
1157,dot_center_candidate,1083.0,1084.0,0.13280093669891357
1158,dot_center_candidate,979.0,1050.0,0.13280093669891357
1159,dot_center_candidate,1073.0,930.0,0.13280093669891357
1160,dot_center_candidate,1337.0,926.0,0.13280093669891357
1161,dot_center_candidate,1281.0,904.0,0.13280093669891357
1162,dot_center_candidate,1161.0,816.0,0.13280093669891357
1163,dot_center_candidate,1101.0,764.0,0.13280093669891357
1164,dot_center_candidate,1038.0,1613.0,0.13270236551761627
1165,dot_center_candidate,1237.0,1252.0,0.13270236551761627
1166,dot_center_candidate,1021.0,1100.0,0.13270236551761627
1167,dot_center_candidate,1453.0,830.0,0.13270236551761627
1168,dot_center_candidate,1037.0,1438.0,0.13270235061645508
1169,dot_center_candidate,1085.0,1318.0,0.13270235061645508
1170,dot_center_candidate,1293.0,1106.0,0.13270235061645508
1171,dot_center_candidate,1219.0,1102.0,0.13270235061645508
1172,dot_center_candidate,1298.0,1021.0,0.13270235061645508
1173,dot_center_candidate,1163.0,782.0,0.13270235061645508
1174,dot_center_candidate,1084.0,901.0,0.13260379433631897
1175,dot_center_candidate,975.0,1580.0,0.13260377943515778
1176,dot_center_candidate,1128.0,1407.0,0.13260377943515778
1177,dot_center_candidate,1101.0,1358.0,0.13260377943515778
1178,dot_center_candidate,1070.0,1335.0,0.13260377943515778
1179,dot_center_candidate,1177.0,1290.0,0.13260377943515778
1180,dot_center_candidate,1369.0,1038.0,0.13260377943515778
1181,dot_center_candidate,1023.0,896.0,0.13260377943515778
1182,dot_center_candidate,1084.0,1487.0,0.13260376453399658
1183,dot_center_candidate,1143.0,1386.0,0.13260376453399658
1184,dot_center_candidate,1072.0,1239.0,0.13260376453399658
1185,dot_center_candidate,1173.0,1236.0,0.13260376453399658
1186,dot_center_candidate,1165.0,886.0,0.13260376453399658
1187,dot_center_candidate,992.0,1455.0,0.1326037496328354
1188,dot_center_candidate,1041.0,1492.0,0.13250519335269928
1189,dot_center_candidate,1037.0,1168.0,0.13250519335269928
1190,dot_center_candidate,1143.0,1588.0,0.13250517845153809
1191,dot_center_candidate,1083.0,1442.0,0.13250517845153809
1192,dot_center_candidate,1311.0,1318.0,0.13250517845153809
1193,dot_center_candidate,1205.0,1318.0,0.13250517845153809
1194,dot_center_candidate,1235.0,1302.0,0.13250517845153809
1195,dot_center_candidate,1309.0,1202.0,0.13250517845153809
1196,dot_center_candidate,1263.0,1172.0,0.13250517845153809
1197,dot_center_candidate,1397.0,1154.0,0.13250517845153809
1198,dot_center_candidate,1307.0,1122.0,0.13250517845153809
1199,dot_center_candidate,1294.0,775.0,0.13250517845153809
1200,dot_center_candidate,1311.0,774.0,0.13250517845153809
1201,dot_center_candidate,1009.0,1562.0,0.1325051635503769
1202,dot_center_candidate,1177.0,1318.0,0.1325051635503769
1203,dot_center_candidate,1148.0,1033.0,0.1325051635503769
1204,dot_center_candidate,763.0,1849.0,0.1324065923690796
1205,dot_center_candidate,852.0,1795.0,0.1324065923690796
1206,dot_center_candidate,1099.0,1606.0,0.1324065923690796
1207,dot_center_candidate,1179.0,1220.0,0.1324065923690796
1208,dot_center_candidate,1072.0,1015.0,0.1324065923690796
1209,dot_center_candidate,1268.0,1003.0,0.1324065923690796
1210,dot_center_candidate,1089.0,850.0,0.1324065923690796
1211,dot_center_candidate,1059.0,762.0,0.1324065923690796
1212,dot_center_candidate,1425.0,1546.0,0.1324065774679184
1213,dot_center_candidate,1177.0,1474.0,0.1324065774679184
1214,dot_center_candidate,1163.0,1438.0,0.1324065774679184
1215,dot_center_candidate,1115.0,1268.0,0.1324065774679184
1216,dot_center_candidate,1085.0,798.0,0.1324065774679184
1217,dot_center_candidate,1205.0,1140.0,0.1323080062866211
1218,dot_center_candidate,1311.0,1070.0,0.1323080062866211
1219,dot_center_candidate,1397.0,810.0,0.1323080062866211
1220,dot_center_candidate,763.0,540.0,0.1323080062866211
1221,dot_center_candidate,1266.0,1351.0,0.1323079913854599
1222,dot_center_candidate,1251.0,1218.0,0.1323079913854599
1223,dot_center_candidate,1175.0,1034.0,0.1323079913854599
1224,dot_center_candidate,1119.0,916.0,0.1323079913854599
1225,dot_center_candidate,1099.0,1086.0,0.1323079764842987
1226,dot_center_candidate,1101.0,1054.0,0.1322094202041626
1227,dot_center_candidate,1057.0,1018.0,0.1322094202041626
1228,dot_center_candidate,1009.0,916.0,0.1322094202041626
1229,dot_center_candidate,981.0,810.0,0.1322094202041626
1230,dot_center_candidate,1161.0,1558.0,0.1322094053030014
1231,dot_center_candidate,1193.0,1088.0,0.1322094053030014
1232,dot_center_candidate,976.0,1597.0,0.1322093904018402
1233,dot_center_candidate,1188.0,1537.0,0.1322093904018402
1234,dot_center_candidate,1366.0,1125.0,0.1322093904018402
1235,dot_center_candidate,1129.0,1052.0,0.1322093904018402
1236,dot_center_candidate,1367.0,1006.0,0.1322093904018402
1237,dot_center_candidate,1135.0,782.0,0.1322093904018402
1238,dot_center_candidate,991.0,1614.0,0.1321108341217041
1239,dot_center_candidate,1283.0,1070.0,0.1321108341217041
1240,dot_center_candidate,1117.0,1088.0,0.1321108192205429
1241,dot_center_candidate,1351.0,1598.0,0.1321108043193817
1242,dot_center_candidate,1338.0,1153.0,0.1321108043193817
1243,dot_center_candidate,1413.0,942.0,0.1321108043193817
1244,dot_center_candidate,1221.0,890.0,0.1321108043193817
1245,dot_center_candidate,1089.0,864.0,0.1321108043193817
1246,dot_center_candidate,1105.0,834.0,0.1321108043193817
1247,dot_center_candidate,1135.0,817.0,0.1321108043193817
1248,dot_center_candidate,997.0,796.0,0.1321108043193817
1249,dot_center_candidate,885.0,1800.0,0.1320122331380844
1250,dot_center_candidate,1133.0,1320.0,0.1320122331380844
1251,dot_center_candidate,1103.0,1032.0,0.1320122331380844
1252,dot_center_candidate,1103.0,1016.0,0.1320122331380844
1253,dot_center_candidate,1040.0,1607.0,0.13201221823692322
1254,dot_center_candidate,1146.0,1167.0,0.13201221823692322
1255,dot_center_candidate,1027.0,950.0,0.13201221823692322
1256,dot_center_candidate,1057.0,934.0,0.13201221823692322
1257,dot_center_candidate,1037.0,1034.0,0.13201220333576202
1258,dot_center_candidate,1309.0,1582.0,0.13191364705562592
1259,dot_center_candidate,1133.0,1406.0,0.13191364705562592
1260,dot_center_candidate,1219.0,1268.0,0.13191364705562592
1261,dot_center_candidate,1191.0,1000.0,0.13191364705562592
1262,dot_center_candidate,1219.0,1540.0,0.13191363215446472
1263,dot_center_candidate,1325.0,1054.0,0.13191363215446472
1264,dot_center_candidate,1149.0,986.0,0.13191363215446472
1265,dot_center_candidate,1027.0,966.0,0.13191363215446472
1266,dot_center_candidate,1069.0,934.0,0.13191363215446472
1267,dot_center_candidate,1295.0,806.0,0.13191363215446472
1268,dot_center_candidate,1119.0,782.0,0.13191361725330353
1269,dot_center_candidate,1024.0,1285.0,0.13181506097316742
1270,dot_center_candidate,1129.0,1436.0,0.13181504607200623
1271,dot_center_candidate,1253.0,1238.0,0.13181504607200623
1272,dot_center_candidate,1427.0,1110.0,0.13181504607200623
1273,dot_center_candidate,1175.0,1018.0,0.13181504607200623
1274,dot_center_candidate,1371.0,974.0,0.13181504607200623
1275,dot_center_candidate,1149.0,932.0,0.13181504607200623
1276,dot_center_candidate,1053.0,914.0,0.13181504607200623
1277,dot_center_candidate,1038.0,1573.0,0.13181503117084503
1278,dot_center_candidate,1053.0,1522.0,0.13181503117084503
1279,dot_center_candidate,1098.0,1353.0,0.13181503117084503
1280,dot_center_candidate,995.0,1186.0,0.13181503117084503
1281,dot_center_candidate,1113.0,1522.0,0.13171647489070892
1282,dot_center_candidate,1022.0,1183.0,0.13171645998954773
1283,dot_center_candidate,1221.0,1140.0,0.13171645998954773
1284,dot_center_candidate,1022.0,1115.0,0.13171645998954773
1285,dot_center_candidate,1179.0,950.0,0.13171645998954773
1286,dot_center_candidate,997.0,864.0,0.13171645998954773
1287,dot_center_candidate,1133.0,854.0,0.13171645998954773
1288,dot_center_candidate,915.0,1809.0,0.13171644508838654
1289,dot_center_candidate,914.0,1795.0,0.13171644508838654
1290,dot_center_candidate,1265.0,1534.0,0.13171644508838654
1291,dot_center_candidate,1267.0,1036.0,0.13171644508838654
1292,dot_center_candidate,1119.0,832.0,0.13171644508838654
1293,dot_center_candidate,1189.0,1324.0,0.13161787390708923
1294,dot_center_candidate,1221.0,1106.0,0.13161787390708923
1295,dot_center_candidate,1161.0,1100.0,0.13161787390708923
1296,dot_center_candidate,1027.0,1000.0,0.13161787390708923
1297,dot_center_candidate,1133.0,932.0,0.13161787390708923
1298,dot_center_candidate,1206.0,1285.0,0.13161785900592804
1299,dot_center_candidate,1038.0,1183.0,0.13161785900592804
1300,dot_center_candidate,1220.0,1151.0,0.13161785900592804
1301,dot_center_candidate,1103.0,1050.0,0.13161785900592804
1302,dot_center_candidate,1293.0,988.0,0.13161784410476685
1303,dot_center_candidate,992.0,931.0,0.13161784410476685
1304,dot_center_candidate,1165.0,836.0,0.13161784410476685
1305,dot_center_candidate,1083.0,1150.0,0.13151928782463074
1306,dot_center_candidate,1027.0,1116.0,0.13151928782463074
1307,dot_center_candidate,1339.0,878.0,0.13151928782463074
1308,dot_center_candidate,1023.0,828.0,0.13151928782463074
1309,dot_center_candidate,1365.0,1532.0,0.13151927292346954
1310,dot_center_candidate,1113.0,1492.0,0.13151927292346954
1311,dot_center_candidate,991.0,1460.0,0.13151927292346954
1312,dot_center_candidate,1175.0,970.0,0.13151927292346954
1313,dot_center_candidate,1265.0,958.0,0.13151927292346954
1314,dot_center_candidate,1253.0,904.0,0.13151927292346954
1315,dot_center_candidate,1619.0,1594.0,0.13151925802230835
1316,dot_center_candidate,1371.0,862.0,0.13151925802230835
1317,dot_center_candidate,1037.0,1268.0,0.13142070174217224
1318,dot_center_candidate,732.0,1185.0,0.13142070174217224
1319,dot_center_candidate,1026.0,1101.0,0.13142070174217224
1320,dot_center_candidate,991.0,1046.0,0.13142070174217224
1321,dot_center_candidate,1267.0,942.0,0.13142070174217224
1322,dot_center_candidate,1175.0,1586.0,0.13142068684101105
1323,dot_center_candidate,1173.0,1504.0,0.13142068684101105
1324,dot_center_candidate,1005.0,1306.0,0.13142068684101105
1325,dot_center_candidate,1055.0,1302.0,0.13142068684101105
1326,dot_center_candidate,1177.0,1274.0,0.13142068684101105
1327,dot_center_candidate,1053.0,1120.0,0.13142068684101105
1328,dot_center_candidate,1381.0,1006.0,0.13142068684101105
1329,dot_center_candidate,1069.0,1392.0,0.13142067193984985
1330,dot_center_candidate,982.0,794.0,0.13142067193984985
1331,dot_center_candidate,1175.0,768.0,0.13142067193984985
1332,dot_center_candidate,1143.0,1458.0,0.13132211565971375
1333,dot_center_candidate,1149.0,954.0,0.13132211565971375
1334,dot_center_candidate,915.0,1790.0,0.13132210075855255
1335,dot_center_candidate,1397.0,1482.0,0.13132210075855255
1336,dot_center_candidate,991.0,1050.0,0.13132210075855255
1337,dot_center_candidate,1265.0,904.0,0.13132210075855255
1338,dot_center_candidate,1177.0,838.0,0.13132210075855255
1339,dot_center_candidate,1113.0,1538.0,0.13132208585739136
1340,dot_center_candidate,995.0,1390.0,0.13132208585739136
1341,dot_center_candidate,1220.0,1201.0,0.13132208585739136
1342,dot_center_candidate,1309.0,938.0,0.13132208585739136
1343,dot_center_candidate,1100.0,919.0,0.13132208585739136
1344,dot_center_candidate,1043.0,913.0,0.13132208585739136
1345,dot_center_candidate,1207.0,818.0,0.13132208585739136
1346,dot_center_candidate,1409.0,1530.0,0.13122351467609406
1347,dot_center_candidate,1309.0,1450.0,0.13122351467609406
1348,dot_center_candidate,1145.0,1352.0,0.13122351467609406
1349,dot_center_candidate,1113.0,1302.0,0.13122351467609406
1350,dot_center_candidate,1041.0,1252.0,0.13122351467609406
1351,dot_center_candidate,1339.0,1186.0,0.13122351467609406
1352,dot_center_candidate,1083.0,1136.0,0.13122351467609406
1353,dot_center_candidate,1189.0,1608.0,0.13122349977493286
1354,dot_center_candidate,1025.0,1574.0,0.13122349977493286
1355,dot_center_candidate,1177.0,1486.0,0.13122349977493286
1356,dot_center_candidate,1025.0,1268.0,0.13122349977493286
1357,dot_center_candidate,1057.0,1118.0,0.13122349977493286
1358,dot_center_candidate,977.0,842.0,0.13122349977493286
1359,dot_center_candidate,1279.0,774.0,0.13122349977493286
1360,dot_center_candidate,1023.0,1154.0,0.13122348487377167
1361,dot_center_candidate,1283.0,890.0,0.13122348487377167
1362,dot_center_candidate,1117.0,1354.0,0.13112492859363556
1363,dot_center_candidate,1084.0,1268.0,0.13112492859363556
1364,dot_center_candidate,1295.0,1102.0,0.13112492859363556
1365,dot_center_candidate,1191.0,838.0,0.13112492859363556
1366,dot_center_candidate,1067.0,1590.0,0.13112491369247437
1367,dot_center_candidate,1054.0,1353.0,0.13112491369247437
1368,dot_center_candidate,1193.0,1152.0,0.13112491369247437
1369,dot_center_candidate,1249.0,1070.0,0.13112491369247437
1370,dot_center_candidate,1207.0,918.0,0.13112491369247437
1371,dot_center_candidate,1071.0,780.0,0.13112491369247437
1372,dot_center_candidate,915.0,542.0,0.13112491369247437
1373,dot_center_candidate,1070.0,1099.0,0.13102634251117706
1374,dot_center_candidate,1665.0,1750.0,0.13102632761001587
1375,dot_center_candidate,1248.0,1535.0,0.13102632761001587
1376,dot_center_candidate,1021.0,1490.0,0.13102632761001587
1377,dot_center_candidate,1207.0,1206.0,0.13102632761001587
1378,dot_center_candidate,1129.0,1168.0,0.13102632761001587
1379,dot_center_candidate,1119.0,986.0,0.13102632761001587
1380,dot_center_candidate,1057.0,968.0,0.13102632761001587
1381,dot_center_candidate,1117.0,1610.0,0.13102631270885468
1382,dot_center_candidate,978.0,1529.0,0.13102631270885468
1383,dot_center_candidate,1293.0,1090.0,0.13102631270885468
1384,dot_center_candidate,1381.0,1060.0,0.13102631270885468
1385,dot_center_candidate,1039.0,882.0,0.13102631270885468
1386,dot_center_candidate,1100.0,881.0,0.13102631270885468
1387,dot_center_candidate,1007.0,1188.0,0.13092774152755737
1388,dot_center_candidate,1133.0,1100.0,0.13092774152755737
1389,dot_center_candidate,1224.0,1089.0,0.13092774152755737
1390,dot_center_candidate,1133.0,870.0,0.13092774152755737
1391,dot_center_candidate,1099.0,1588.0,0.13092772662639618
1392,dot_center_candidate,1365.0,1434.0,0.13092772662639618
1393,dot_center_candidate,1057.0,1150.0,0.13092772662639618
1394,dot_center_candidate,1207.0,1056.0,0.13092772662639618
1395,dot_center_candidate,1325.0,988.0,0.13092772662639618
1396,dot_center_candidate,1295.0,872.0,0.13092772662639618
1397,dot_center_candidate,1413.0,816.0,0.13092772662639618
1398,dot_center_candidate,1119.0,966.0,0.13092771172523499
1399,dot_center_candidate,974.0,1439.0,0.13082915544509888
1400,dot_center_candidate,1237.0,1402.0,0.13082915544509888
1401,dot_center_candidate,1159.0,934.0,0.13082915544509888
1402,dot_center_candidate,1295.0,1434.0,0.13082914054393768
1403,dot_center_candidate,1173.0,1406.0,0.13082914054393768
1404,dot_center_candidate,1427.0,1208.0,0.13082914054393768
1405,dot_center_candidate,1249.0,1186.0,0.13082914054393768
1406,dot_center_candidate,1117.0,1116.0,0.13082914054393768
1407,dot_center_candidate,991.0,1114.0,0.13082914054393768
1408,dot_center_candidate,1041.0,1018.0,0.13082914054393768
1409,dot_center_candidate,1099.0,1016.0,0.13082914054393768
1410,dot_center_candidate,1087.0,981.0,0.13082914054393768
1411,dot_center_candidate,1191.0,922.0,0.13082914054393768
1412,dot_center_candidate,1413.0,910.0,0.13082914054393768
1413,dot_center_candidate,1297.0,790.0,0.13082914054393768
1414,dot_center_candidate,1069.0,1188.0,0.1308291256427765
1415,dot_center_candidate,1269.0,858.0,0.1308291256427765
1416,dot_center_candidate,1205.0,852.0,0.1308291256427765
1417,dot_center_candidate,1265.0,822.0,0.1308291256427765
1418,dot_center_candidate,1067.0,1421.0,0.13073056936264038
1419,dot_center_candidate,993.0,960.0,0.13073056936264038
1420,dot_center_candidate,979.0,1558.0,0.1307305544614792
1421,dot_center_candidate,1113.0,1454.0,0.1307305544614792
1422,dot_center_candidate,1279.0,1318.0,0.1307305544614792
1423,dot_center_candidate,1056.0,1273.0,0.1307305544614792
1424,dot_center_candidate,1189.0,1188.0,0.1307305544614792
1425,dot_center_candidate,1159.0,1122.0,0.1307305544614792
1426,dot_center_candidate,1073.0,1066.0,0.1307305544614792
1427,dot_center_candidate,1297.0,922.0,0.1307305544614792
1428,dot_center_candidate,1162.0,1419.0,0.130730539560318
1429,dot_center_candidate,1007.0,894.0,0.130730539560318
1430,dot_center_candidate,1039.0,812.0,0.130730539560318
1431,dot_center_candidate,1147.0,1374.0,0.13063198328018188
1432,dot_center_candidate,1223.0,1336.0,0.13063198328018188
1433,dot_center_candidate,1041.0,1150.0,0.13063198328018188
1434,dot_center_candidate,923.0,1810.0,0.1306319683790207
1435,dot_center_candidate,1251.0,1606.0,0.1306319683790207
1436,dot_center_candidate,1339.0,1340.0,0.1306319683790207
1437,dot_center_candidate,1307.0,1302.0,0.1306319683790207
1438,dot_center_candidate,1279.0,1302.0,0.1306319683790207
1439,dot_center_candidate,1052.0,1285.0,0.1306319683790207
1440,dot_center_candidate,1308.0,1169.0,0.1306319683790207
1441,dot_center_candidate,1023.0,1013.0,0.1306319683790207
1442,dot_center_candidate,1069.0,998.0,0.1306319683790207
1443,dot_center_candidate,1239.0,938.0,0.1306319683790207
1444,dot_center_candidate,1205.0,1574.0,0.1306319534778595
1445,dot_center_candidate,991.0,1506.0,0.1306319534778595
1446,dot_center_candidate,1189.0,1122.0,0.1306319534778595
1447,dot_center_candidate,1083.0,1102.0,0.1306319534778595
1448,dot_center_candidate,1129.0,1020.0,0.1306319534778595
1449,dot_center_candidate,1039.0,1002.0,0.1306319534778595
1450,dot_center_candidate,1057.0,912.0,0.1306319534778595
1451,dot_center_candidate,1383.0,892.0,0.1306319534778595
1452,dot_center_candidate,1013.0,830.0,0.1305333971977234
1453,dot_center_candidate,1465.0,582.0,0.1305333971977234
1454,dot_center_candidate,1007.0,1596.0,0.1305333822965622
1455,dot_center_candidate,979.0,1340.0,0.1305333822965622
1456,dot_center_candidate,1175.0,1134.0,0.1305333822965622
1457,dot_center_candidate,1371.0,910.0,0.1305333822965622
1458,dot_center_candidate,1052.0,1443.0,0.130533367395401
1459,dot_center_candidate,1101.0,1442.0,0.130533367395401
1460,dot_center_candidate,1193.0,1322.0,0.130533367395401
1461,dot_center_candidate,993.0,1290.0,0.130533367395401
1462,dot_center_candidate,1234.0,1285.0,0.130533367395401
1463,dot_center_candidate,1113.0,1120.0,0.130533367395401
1464,dot_center_candidate,1006.0,1119.0,0.130533367395401
1465,dot_center_candidate,1175.0,984.0,0.130533367395401
1466,dot_center_candidate,1177.0,788.0,0.130533367395401
1467,dot_center_candidate,1145.0,952.0,0.1305333524942398
1468,dot_center_candidate,1176.0,1603.0,0.1304347962141037
1469,dot_center_candidate,1203.0,1554.0,0.1304347962141037
1470,dot_center_candidate,975.0,1392.0,0.1304347962141037
1471,dot_center_candidate,1223.0,840.0,0.1304347962141037
1472,dot_center_candidate,1355.0,1388.0,0.1304347813129425
1473,dot_center_candidate,1021.0,1252.0,0.1304347813129425
1474,dot_center_candidate,1038.0,980.0,0.1304347813129425
1475,dot_center_candidate,1071.0,952.0,0.1304347813129425
1476,dot_center_candidate,1192.0,1369.0,0.1304347664117813
1477,dot_center_candidate,1053.0,1238.0,0.1304347664117813
1478,dot_center_candidate,1279.0,1004.0,0.1304347664117813
1479,dot_center_candidate,1176.0,1469.0,0.1303362101316452
1480,dot_center_candidate,1250.0,1351.0,0.130336195230484
1481,dot_center_candidate,1207.0,1090.0,0.130336195230484
1482,dot_center_candidate,1144.0,1085.0,0.130336195230484
1483,dot_center_candidate,1251.0,1052.0,0.130336195230484
1484,dot_center_candidate,1353.0,1038.0,0.130336195230484
1485,dot_center_candidate,991.0,982.0,0.130336195230484
1486,dot_center_candidate,1209.0,968.0,0.130336195230484
1487,dot_center_candidate,1397.0,1318.0,0.13033618032932281
1488,dot_center_candidate,1057.0,1204.0,0.13033618032932281
1489,dot_center_candidate,1008.0,1063.0,0.13033618032932281
1490,dot_center_candidate,1356.0,925.0,0.13033618032932281
1491,dot_center_candidate,995.0,814.0,0.13033616542816162
1492,dot_center_candidate,1237.0,1274.0,0.1302376091480255
1493,dot_center_candidate,1023.0,1222.0,0.1302376091480255
1494,dot_center_candidate,1041.0,1218.0,0.1302376091480255
1495,dot_center_candidate,1159.0,1151.0,0.1302376091480255
1496,dot_center_candidate,1071.0,1020.0,0.1302376091480255
1497,dot_center_candidate,995.0,996.0,0.1302376091480255
1498,dot_center_candidate,1039.0,928.0,0.1302376091480255
1499,dot_center_candidate,1055.0,800.0,0.1302376091480255
1500,dot_center_candidate,1425.0,1448.0,0.13023759424686432
1501,dot_center_candidate,1207.0,806.0,0.13023759424686432
1502,dot_center_candidate,1351.0,1602.0,0.13013902306556702
1503,dot_center_candidate,1068.0,1403.0,0.13013902306556702
1504,dot_center_candidate,1100.0,1369.0,0.13013902306556702
1505,dot_center_candidate,1053.0,1324.0,0.13013902306556702
1506,dot_center_candidate,1163.0,1252.0,0.13013902306556702
1507,dot_center_candidate,1145.0,920.0,0.13013902306556702
1508,dot_center_candidate,1145.0,904.0,0.13013902306556702
1509,dot_center_candidate,1011.0,878.0,0.13013902306556702
1510,dot_center_candidate,1175.0,834.0,0.13013902306556702
1511,dot_center_candidate,1007.0,1472.0,0.13013900816440582
1512,dot_center_candidate,1133.0,1104.0,0.13013900816440582
1513,dot_center_candidate,1235.0,1068.0,0.13013900816440582
1514,dot_center_candidate,1235.0,986.0,0.13013900816440582
1515,dot_center_candidate,1397.0,778.0,0.13013899326324463
1516,dot_center_candidate,997.0,778.0,0.13013899326324463
1517,dot_center_candidate,1037.0,1408.0,0.13004043698310852
1518,dot_center_candidate,1233.0,1406.0,0.13004043698310852
1519,dot_center_candidate,1131.0,1290.0,0.13004043698310852
1520,dot_center_candidate,1337.0,974.0,0.13004043698310852
1521,dot_center_candidate,1281.0,860.0,0.13004043698310852
1522,dot_center_candidate,1099.0,1403.0,0.13004042208194733
1523,dot_center_candidate,1495.0,1382.0,0.13004042208194733
1524,dot_center_candidate,1113.0,1340.0,0.13004042208194733
1525,dot_center_candidate,1397.0,1290.0,0.13004042208194733
1526,dot_center_candidate,1085.0,1166.0,0.13004042208194733
1527,dot_center_candidate,1103.0,1134.0,0.13004042208194733
1528,dot_center_candidate,1234.0,1102.0,0.13004042208194733
1529,dot_center_candidate,1161.0,1038.0,0.13004042208194733
1530,dot_center_candidate,1206.0,885.0,0.13004042208194733
1531,dot_center_candidate,1237.0,836.0,0.13004042208194733
1532,dot_center_candidate,1067.0,1371.0,0.13004040718078613
1533,dot_center_candidate,1223.0,1072.0,0.13004040718078613
1534,dot_center_candidate,1294.0,905.0,0.13004040718078613
1535,dot_center_candidate,1057.0,884.0,0.13004040718078613
1536,dot_center_candidate,1191.0,870.0,0.13004040718078613
1537,dot_center_candidate,1085.0,1352.0,0.12994185090065002
1538,dot_center_candidate,1191.0,1184.0,0.12994185090065002
1539,dot_center_candidate,980.0,1029.0,0.12994185090065002
1540,dot_center_candidate,977.0,1564.0,0.12994183599948883
1541,dot_center_candidate,1219.0,1402.0,0.12994183599948883
1542,dot_center_candidate,1113.0,1354.0,0.12994183599948883
1543,dot_center_candidate,1117.0,1218.0,0.12994183599948883
1544,dot_center_candidate,1087.0,1202.0,0.12994183599948883
1545,dot_center_candidate,893.0,1794.0,0.12994182109832764
1546,dot_center_candidate,1083.0,1070.0,0.12994182109832764
1547,dot_center_candidate,1323.0,1038.0,0.12994182109832764
1548,dot_center_candidate,1309.0,988.0,0.12994182109832764
1549,dot_center_candidate,1057.0,1086.0,0.12994180619716644
1550,dot_center_candidate,1005.0,1442.0,0.12984324991703033
1551,dot_center_candidate,1509.0,1382.0,0.12984324991703033
1552,dot_center_candidate,1159.0,1234.0,0.12984324991703033
1553,dot_center_candidate,1005.0,1578.0,0.12984323501586914
1554,dot_center_candidate,1071.0,1574.0,0.12984323501586914
1555,dot_center_candidate,1131.0,1560.0,0.12984323501586914
1556,dot_center_candidate,1143.0,1306.0,0.12984323501586914
1557,dot_center_candidate,1133.0,1186.0,0.12984323501586914
1558,dot_center_candidate,1115.0,1038.0,0.12984323501586914
1559,dot_center_candidate,1012.0,999.0,0.12984323501586914
1560,dot_center_candidate,1083.0,1458.0,0.12974466383457184
1561,dot_center_candidate,1177.0,1390.0,0.12974466383457184
1562,dot_center_candidate,1354.0,1301.0,0.12974466383457184
1563,dot_center_candidate,1189.0,1088.0,0.12974466383457184
1564,dot_center_candidate,1115.0,1070.0,0.12974466383457184
1565,dot_center_candidate,1067.0,1272.0,0.12974464893341064
1566,dot_center_candidate,1293.0,1136.0,0.12974464893341064
1567,dot_center_candidate,1099.0,968.0,0.12974464893341064
1568,dot_center_candidate,1509.0,946.0,0.12974464893341064
1569,dot_center_candidate,1251.0,792.0,0.12974464893341064
1570,dot_center_candidate,1145.0,1392.0,0.12964607775211334
1571,dot_center_candidate,975.0,1336.0,0.12964607775211334
1572,dot_center_candidate,1145.0,1302.0,0.12964607775211334
1573,dot_center_candidate,1051.0,1608.0,0.12964606285095215
1574,dot_center_candidate,1069.0,1234.0,0.12964606285095215
1575,dot_center_candidate,1175.0,1190.0,0.12964606285095215
1576,dot_center_candidate,1101.0,1172.0,0.12964606285095215
1577,dot_center_candidate,1099.0,998.0,0.12964606285095215
1578,dot_center_candidate,1279.0,842.0,0.12964606285095215
1579,dot_center_candidate,1341.0,1238.0,0.12964604794979095
1580,dot_center_candidate,1205.0,1202.0,0.12964604794979095
1581,dot_center_candidate,1145.0,1184.0,0.12964604794979095
1582,dot_center_candidate,1237.0,1118.0,0.12964604794979095
1583,dot_center_candidate,1297.0,888.0,0.12964604794979095
1584,dot_center_candidate,1203.0,1406.0,0.12954747676849365
1585,dot_center_candidate,1175.0,1118.0,0.12954747676849365
1586,dot_center_candidate,1007.0,1034.0,0.12954747676849365
1587,dot_center_candidate,1223.0,934.0,0.12954747676849365
1588,dot_center_candidate,979.0,864.0,0.12954747676849365
1589,dot_center_candidate,1381.0,862.0,0.12954747676849365
1590,dot_center_candidate,1356.0,809.0,0.12954747676849365
1591,dot_center_candidate,1267.0,788.0,0.12954747676849365
1592,dot_center_candidate,1114.0,1605.0,0.12954746186733246
1593,dot_center_candidate,1085.0,1510.0,0.12954746186733246
1594,dot_center_candidate,1021.0,1336.0,0.12954746186733246
1595,dot_center_candidate,1297.0,1254.0,0.12954746186733246
1596,dot_center_candidate,1267.0,954.0,0.12954746186733246
1597,dot_center_candidate,755.0,1178.0,0.12954744696617126
1598,dot_center_candidate,1117.0,1458.0,0.12944889068603516
1599,dot_center_candidate,1143.0,1420.0,0.12944889068603516
1600,dot_center_candidate,1071.0,1302.0,0.12944889068603516
1601,dot_center_candidate,1293.0,1240.0,0.12944889068603516
1602,dot_center_candidate,1193.0,1204.0,0.12944889068603516
1603,dot_center_candidate,1267.0,1202.0,0.12944889068603516
1604,dot_center_candidate,1102.0,1201.0,0.12944889068603516
1605,dot_center_candidate,975.0,980.0,0.12944889068603516
1606,dot_center_candidate,1195.0,870.0,0.12944889068603516
1607,dot_center_candidate,993.0,830.0,0.12944889068603516
1608,dot_center_candidate,1327.0,812.0,0.12944889068603516
1609,dot_center_candidate,1025.0,1592.0,0.12944887578487396
1610,dot_center_candidate,1189.0,1390.0,0.12944887578487396
1611,dot_center_candidate,1021.0,1388.0,0.12944887578487396
1612,dot_center_candidate,1007.0,1200.0,0.12944887578487396
1613,dot_center_candidate,1337.0,1006.0,0.12944887578487396
1614,dot_center_candidate,1145.0,1016.0,0.12944886088371277
1615,dot_center_candidate,1133.0,948.0,0.12944886088371277
1616,dot_center_candidate,1163.0,1256.0,0.12935030460357666
1617,dot_center_candidate,1163.0,938.0,0.12935030460357666
1618,dot_center_candidate,1235.0,936.0,0.12935030460357666
1619,dot_center_candidate,990.0,1541.0,0.12935028970241547
1620,dot_center_candidate,1038.0,1539.0,0.12935028970241547
1621,dot_center_candidate,1083.0,1336.0,0.12935028970241547
1622,dot_center_candidate,1098.0,1235.0,0.12935028970241547
1623,dot_center_candidate,1263.0,1122.0,0.12935028970241547
1624,dot_center_candidate,1309.0,926.0,0.12935028970241547
1625,dot_center_candidate,1089.0,884.0,0.12935027480125427
1626,dot_center_candidate,1220.0,869.0,0.12925171852111816
1627,dot_center_candidate,991.0,1558.0,0.12925170361995697
1628,dot_center_candidate,1083.0,1290.0,0.12925170361995697
1629,dot_center_candidate,1235.0,1156.0,0.12925170361995697
1630,dot_center_candidate,1337.0,1058.0,0.12925170361995697
1631,dot_center_candidate,1129.0,1036.0,0.12925170361995697
1632,dot_center_candidate,1481.0,1058.0,0.12925168871879578
1633,dot_center_candidate,1279.0,958.0,0.12925168871879578
1634,dot_center_candidate,1129.0,969.0,0.12915313243865967
1635,dot_center_candidate,1225.0,870.0,0.12915313243865967
1636,dot_center_candidate,1006.0,1609.0,0.12915311753749847
1637,dot_center_candidate,1099.0,1470.0,0.12915311753749847
1638,dot_center_candidate,1295.0,1356.0,0.12915311753749847
1639,dot_center_candidate,1113.0,1086.0,0.12915311753749847
1640,dot_center_candidate,1175.0,1050.0,0.12915311753749847
1641,dot_center_candidate,1006.0,1405.0,0.12915310263633728
1642,dot_center_candidate,1384.0,1187.0,0.12915310263633728
1643,dot_center_candidate,1041.0,1154.0,0.12915310263633728
1644,dot_center_candidate,1209.0,1018.0,0.12915310263633728
1645,dot_center_candidate,1149.0,854.0,0.12915310263633728
1646,dot_center_candidate,1008.0,830.0,0.12915310263633728
1647,dot_center_candidate,1293.0,922.0,0.12905454635620117
1648,dot_center_candidate,1083.0,1370.0,0.12905453145503998
1649,dot_center_candidate,1071.0,1256.0,0.12905453145503998
1650,dot_center_candidate,1087.0,1120.0,0.12905453145503998
1651,dot_center_candidate,1179.0,1102.0,0.12905453145503998
1652,dot_center_candidate,979.0,1098.0,0.12905453145503998
1653,dot_center_candidate,1083.0,1052.0,0.12905453145503998
1654,dot_center_candidate,1161.0,900.0,0.12905453145503998
1655,dot_center_candidate,1117.0,1372.0,0.12905451655387878
1656,dot_center_candidate,1351.0,1138.0,0.12905451655387878
1657,dot_center_candidate,1117.0,1138.0,0.12905451655387878
1658,dot_center_candidate,991.0,1030.0,0.12905451655387878
1659,dot_center_candidate,1010.0,995.0,0.12905451655387878
1660,dot_center_candidate,1369.0,1598.0,0.12895594537258148
1661,dot_center_candidate,1293.0,1322.0,0.12895594537258148
1662,dot_center_candidate,1267.0,1102.0,0.12895594537258148
1663,dot_center_candidate,1262.0,1585.0,0.1289559304714203
1664,dot_center_candidate,1496.0,1431.0,0.1289559304714203
1665,dot_center_candidate,1251.0,1402.0,0.1289559304714203
1666,dot_center_candidate,995.0,1252.0,0.1289559304714203
1667,dot_center_candidate,1176.0,1083.0,0.1289559304714203
1668,dot_center_candidate,1221.0,1056.0,0.1289559304714203
1669,dot_center_candidate,1011.0,1030.0,0.1289559304714203
1670,dot_center_candidate,1325.0,846.0,0.1289559304714203
1671,dot_center_candidate,1036.0,1595.0,0.1289559155702591
1672,dot_center_candidate,1146.0,1571.0,0.12885735929012299
1673,dot_center_candidate,1161.0,1352.0,0.12885735929012299
1674,dot_center_candidate,1207.0,1034.0,0.12885735929012299
1675,dot_center_candidate,1174.0,1575.0,0.1288573443889618
1676,dot_center_candidate,1040.0,1387.0,0.1288573443889618
1677,dot_center_candidate,1249.0,1206.0,0.1288573443889618
1678,dot_center_candidate,1162.0,1189.0,0.1288573443889618
1679,dot_center_candidate,1351.0,1122.0,0.1288573443889618
1680,dot_center_candidate,1251.0,854.0,0.1288573443889618
1681,dot_center_candidate,1221.0,852.0,0.1288573443889618
1682,dot_center_candidate,1413.0,914.0,0.1288573294878006
1683,dot_center_candidate,1351.0,1058.0,0.1287587732076645
1684,dot_center_candidate,1024.0,1511.0,0.1287587583065033
1685,dot_center_candidate,976.0,1461.0,0.1287587583065033
1686,dot_center_candidate,1010.0,1323.0,0.1287587583065033
1687,dot_center_candidate,1251.0,1224.0,0.1287587583065033
1688,dot_center_candidate,1193.0,1038.0,0.1287587583065033
1689,dot_center_candidate,981.0,930.0,0.1287587583065033
1690,dot_center_candidate,1399.0,848.0,0.1287587583065033
1691,dot_center_candidate,974.0,1473.0,0.1287587434053421
1692,dot_center_candidate,1163.0,1270.0,0.1287587434053421
1693,dot_center_candidate,1041.0,1270.0,0.1287587434053421
1694,dot_center_candidate,1279.0,1136.0,0.1287587434053421
1695,dot_center_candidate,1085.0,1098.0,0.1287587434053421
1696,dot_center_candidate,1115.0,952.0,0.1287587434053421
1697,dot_center_candidate,1085.0,1020.0,0.1287587285041809
1698,dot_center_candidate,1309.0,1174.0,0.1286601722240448
1699,dot_center_candidate,1104.0,881.0,0.1286601722240448
1700,dot_center_candidate,1083.0,1594.0,0.1286601573228836
1701,dot_center_candidate,1219.0,1340.0,0.1286601573228836
1702,dot_center_candidate,979.0,1320.0,0.1286601573228836
1703,dot_center_candidate,1193.0,1138.0,0.1286601573228836
1704,dot_center_candidate,1341.0,1270.0,0.1286601424217224
1705,dot_center_candidate,1353.0,1026.0,0.1286601424217224
1706,dot_center_candidate,997.0,948.0,0.1286601424217224
1707,dot_center_candidate,1191.0,834.0,0.1286601424217224
1708,dot_center_candidate,1339.0,1406.0,0.1285615861415863
1709,dot_center_candidate,1149.0,1002.0,0.1285615861415863
1710,dot_center_candidate,1087.0,1370.0,0.1285615712404251
1711,dot_center_candidate,1162.0,1369.0,0.1285615712404251
1712,dot_center_candidate,1233.0,1306.0,0.1285615712404251
1713,dot_center_candidate,1148.0,1287.0,0.1285615712404251
1714,dot_center_candidate,1053.0,1222.0,0.1285615712404251
1715,dot_center_candidate,1237.0,1490.0,0.12856155633926392
1716,dot_center_candidate,1279.0,1190.0,0.12856155633926392
1717,dot_center_candidate,1041.0,1082.0,0.12856155633926392
1718,dot_center_candidate,1283.0,970.0,0.12856155633926392
1719,dot_center_candidate,1059.0,830.0,0.12856155633926392
1720,dot_center_candidate,1147.0,1172.0,0.1284630000591278
1721,dot_center_candidate,1367.0,842.0,0.1284630000591278
1722,dot_center_candidate,1105.0,814.0,0.1284630000591278
1723,dot_center_candidate,991.0,1574.0,0.1284629851579666
1724,dot_center_candidate,1055.0,1370.0,0.1284629851579666
1725,dot_center_candidate,1191.0,1268.0,0.1284629851579666
1726,dot_center_candidate,1219.0,1222.0,0.1284629851579666
1727,dot_center_candidate,1085.0,1206.0,0.1284629851579666
1728,dot_center_candidate,1223.0,1006.0,0.1284629851579666
1729,dot_center_candidate,1237.0,774.0,0.1284629851579666
1730,dot_center_candidate,1099.0,1521.0,0.12846297025680542
1731,dot_center_candidate,1340.0,1517.0,0.12846297025680542
1732,dot_center_candidate,1267.0,1402.0,0.12846297025680542
1733,dot_center_candidate,1087.0,1390.0,0.12846297025680542
1734,dot_center_candidate,1209.0,856.0,0.12846297025680542
1735,dot_center_candidate,1039.0,1562.0,0.12836439907550812
1736,dot_center_candidate,1189.0,1470.0,0.12836439907550812
1737,dot_center_candidate,1193.0,1454.0,0.12836439907550812
1738,dot_center_candidate,1235.0,1368.0,0.12836439907550812
1739,dot_center_candidate,1006.0,1357.0,0.12836439907550812
1740,dot_center_candidate,1191.0,1302.0,0.12836439907550812
1741,dot_center_candidate,1297.0,1186.0,0.12836439907550812
1742,dot_center_candidate,1163.0,1054.0,0.12836439907550812
1743,dot_center_candidate,1053.0,1578.0,0.12836438417434692
1744,dot_center_candidate,1207.0,1470.0,0.12836438417434692
1745,dot_center_candidate,1193.0,1236.0,0.12836438417434692
1746,dot_center_candidate,1249.0,1202.0,0.12836438417434692
1747,dot_center_candidate,1174.0,1202.0,0.12836438417434692
1748,dot_center_candidate,1037.0,1188.0,0.12836438417434692
1749,dot_center_candidate,1023.0,882.0,0.12836438417434692
1750,dot_center_candidate,993.0,864.0,0.12836438417434692
1751,dot_center_candidate,1313.0,824.0,0.12836438417434692
1752,dot_center_candidate,1225.0,820.0,0.12836438417434692
1753,dot_center_candidate,1221.0,802.0,0.12836438417434692
1754,dot_center_candidate,1039.0,764.0,0.12836438417434692
1755,dot_center_candidate,1067.0,1489.0,0.12836436927318573
1756,dot_center_candidate,1160.0,1503.0,0.12826581299304962
1757,dot_center_candidate,1007.0,1132.0,0.12826581299304962
1758,dot_center_candidate,1193.0,1068.0,0.12826581299304962
1759,dot_center_candidate,1145.0,1537.0,0.12826579809188843
1760,dot_center_candidate,1353.0,1466.0,0.12826579809188843
1761,dot_center_candidate,1129.0,1340.0,0.12826579809188843
1762,dot_center_candidate,1070.0,1471.0,0.12826578319072723
1763,dot_center_candidate,1131.0,1454.0,0.12826578319072723
1764,dot_center_candidate,1393.0,1452.0,0.12826578319072723
1765,dot_center_candidate,995.0,1136.0,0.12826578319072723
1766,dot_center_candidate,1251.0,1018.0,0.12826578319072723
1767,dot_center_candidate,1163.0,933.0,0.12816722691059113
1768,dot_center_candidate,1069.0,1290.0,0.12816721200942993
1769,dot_center_candidate,1281.0,1186.0,0.12816721200942993
1770,dot_center_candidate,1249.0,1156.0,0.12816721200942993
1771,dot_center_candidate,1325.0,1136.0,0.12816721200942993
1772,dot_center_candidate,1251.0,787.0,0.12816721200942993
1773,dot_center_candidate,1158.0,1487.0,0.12816719710826874
1774,dot_center_candidate,1144.0,1403.0,0.12816719710826874
1775,dot_center_candidate,1233.0,1402.0,0.12816719710826874
1776,dot_center_candidate,1083.0,1324.0,0.12816719710826874
1777,dot_center_candidate,1026.0,1149.0,0.12816719710826874
1778,dot_center_candidate,992.0,1063.0,0.12816719710826874
1779,dot_center_candidate,1055.0,1438.0,0.12806862592697144
1780,dot_center_candidate,1219.0,1418.0,0.12806862592697144
1781,dot_center_candidate,1223.0,1404.0,0.12806862592697144
1782,dot_center_candidate,1341.0,1322.0,0.12806862592697144
1783,dot_center_candidate,1011.0,1102.0,0.12806862592697144
1784,dot_center_candidate,1313.0,926.0,0.12806862592697144
1785,dot_center_candidate,1087.0,918.0,0.12806862592697144
1786,dot_center_candidate,1327.0,824.0,0.12806862592697144
1787,dot_center_candidate,1371.0,794.0,0.12806862592697144
1788,dot_center_candidate,1036.0,1557.0,0.12806861102581024
1789,dot_center_candidate,1466.0,1469.0,0.12806861102581024
1790,dot_center_candidate,1339.0,1334.0,0.12806861102581024
1791,dot_center_candidate,1355.0,1306.0,0.12806861102581024
1792,dot_center_candidate,1397.0,892.0,0.12806861102581024
1793,dot_center_candidate,1353.0,862.0,0.12806861102581024
1794,dot_center_candidate,1439.0,814.0,0.12806861102581024
1795,dot_center_candidate,1179.0,984.0,0.12806859612464905
1796,dot_center_candidate,1132.0,1521.0,0.12797003984451294
1797,dot_center_candidate,1041.0,1302.0,0.12797003984451294
1798,dot_center_candidate,1205.0,1240.0,0.12797003984451294
1799,dot_center_candidate,1310.0,1053.0,0.12797003984451294
1800,dot_center_candidate,1012.0,843.0,0.12797003984451294
1801,dot_center_candidate,1119.0,836.0,0.12797003984451294
1802,dot_center_candidate,1234.0,1485.0,0.12797002494335175
1803,dot_center_candidate,1203.0,1440.0,0.12797002494335175
1804,dot_center_candidate,1101.0,1438.0,0.12797002494335175
1805,dot_center_candidate,1237.0,1240.0,0.12797002494335175
1806,dot_center_candidate,1326.0,1141.0,0.12797002494335175
1807,dot_center_candidate,1297.0,992.0,0.12797002494335175
1808,dot_center_candidate,1283.0,1090.0,0.12797001004219055
1809,dot_center_candidate,1009.0,1506.0,0.12787145376205444
1810,dot_center_candidate,1411.0,926.0,0.12787145376205444
1811,dot_center_candidate,1193.0,906.0,0.12787145376205444
1812,dot_center_candidate,1075.0,780.0,0.12787145376205444
1813,dot_center_candidate,1129.0,1172.0,0.12787143886089325
1814,dot_center_candidate,1235.0,1006.0,0.12787143886089325
1815,dot_center_candidate,1235.0,990.0,0.12787143886089325
1816,dot_center_candidate,1281.0,838.0,0.12787143886089325
1817,dot_center_candidate,1148.0,799.0,0.12787143886089325
1818,dot_center_candidate,1128.0,1475.0,0.12787142395973206
1819,dot_center_candidate,1233.0,1254.0,0.12787142395973206
1820,dot_center_candidate,1162.0,1167.0,0.12787142395973206
1821,dot_center_candidate,993.0,1034.0,0.12787142395973206
1822,dot_center_candidate,1099.0,914.0,0.12787142395973206
1823,dot_center_candidate,1191.0,822.0,0.12787142395973206
1824,dot_center_candidate,1225.0,786.0,0.12787142395973206
1825,dot_center_candidate,1308.0,1499.0,0.12777286767959595
1826,dot_center_candidate,1036.0,1591.0,0.12777285277843475
1827,dot_center_candidate,1102.0,1391.0,0.12777285277843475
1828,dot_center_candidate,1163.0,1306.0,0.12777285277843475
1829,dot_center_candidate,1116.0,1189.0,0.12777285277843475
1830,dot_center_candidate,1053.0,1170.0,0.12777285277843475
1831,dot_center_candidate,1205.0,1602.0,0.12777283787727356
1832,dot_center_candidate,977.0,1507.0,0.12777283787727356
1833,dot_center_candidate,1071.0,1206.0,0.12777283787727356
1834,dot_center_candidate,1396.0,1023.0,0.12777283787727356
1835,dot_center_candidate,1281.0,1518.0,0.12767426669597626
1836,dot_center_candidate,1267.0,1306.0,0.12767426669597626
1837,dot_center_candidate,1145.0,970.0,0.12767426669597626
1838,dot_center_candidate,1099.0,1554.0,0.12767425179481506
1839,dot_center_candidate,1205.0,1274.0,0.12767425179481506
1840,dot_center_candidate,1253.0,1170.0,0.12767425179481506
1841,dot_center_candidate,1222.0,1135.0,0.12767425179481506
1842,dot_center_candidate,1069.0,1115.0,0.12767425179481506
1843,dot_center_candidate,1425.0,926.0,0.12767425179481506
1844,dot_center_candidate,1165.0,920.0,0.12767425179481506
1845,dot_center_candidate,1310.0,790.0,0.12767425179481506
1846,dot_center_candidate,1147.0,1234.0,0.12757568061351776
1847,dot_center_candidate,1281.0,1174.0,0.12757568061351776
1848,dot_center_candidate,1148.0,1117.0,0.12757568061351776
1849,dot_center_candidate,1268.0,1053.0,0.12757568061351776
1850,dot_center_candidate,1055.0,1590.0,0.12757566571235657
1851,dot_center_candidate,1189.0,1452.0,0.12757566571235657
1852,dot_center_candidate,1161.0,1452.0,0.12757566571235657
1853,dot_center_candidate,1067.0,1439.0,0.12757566571235657
1854,dot_center_candidate,1223.0,1286.0,0.12757566571235657
1855,dot_center_candidate,1192.0,1285.0,0.12757566571235657
1856,dot_center_candidate,1283.0,822.0,0.12757566571235657
1857,dot_center_candidate,1264.0,1369.0,0.12757565081119537
1858,dot_center_candidate,1249.0,1302.0,0.12747709453105927
1859,dot_center_candidate,1006.0,1149.0,0.12747709453105927
1860,dot_center_candidate,1383.0,1104.0,0.12747709453105927
1861,dot_center_candidate,1055.0,1606.0,0.12747707962989807
1862,dot_center_candidate,1099.0,1594.0,0.12747707962989807
1863,dot_center_candidate,1007.0,1546.0,0.12747707962989807
1864,dot_center_candidate,1424.0,1143.0,0.12747707962989807
1865,dot_center_candidate,1144.0,1105.0,0.12747707962989807
1866,dot_center_candidate,1253.0,1070.0,0.12747707962989807
1867,dot_center_candidate,1011.0,984.0,0.12747707962989807
1868,dot_center_candidate,1023.0,950.0,0.12747707962989807
1869,dot_center_candidate,1104.0,949.0,0.12747707962989807
1870,dot_center_candidate,1175.0,938.0,0.12747707962989807
1871,dot_center_candidate,981.0,860.0,0.12747707962989807
1872,dot_center_candidate,1070.0,833.0,0.12747707962989807
1873,dot_center_candidate,1130.0,819.0,0.12747707962989807
1874,dot_center_candidate,1537.0,806.0,0.12747707962989807
1875,dot_center_candidate,977.0,761.0,0.12747707962989807
1876,dot_center_candidate,1027.0,898.0,0.12747706472873688
1877,dot_center_candidate,1162.0,671.0,0.12737852334976196
1878,dot_center_candidate,1145.0,1526.0,0.12737849354743958
1879,dot_center_candidate,1036.0,1391.0,0.12737849354743958
1880,dot_center_candidate,974.0,1374.0,0.12737849354743958
1881,dot_center_candidate,1367.0,782.0,0.12737849354743958
1882,dot_center_candidate,1351.0,1570.0,0.12737847864627838
1883,dot_center_candidate,1193.0,1472.0,0.12737847864627838
1884,dot_center_candidate,1338.0,1433.0,0.12737847864627838
1885,dot_center_candidate,1087.0,1184.0,0.12737847864627838
1886,dot_center_candidate,1099.0,1154.0,0.12737847864627838
1887,dot_center_candidate,1326.0,1121.0,0.12737847864627838
1888,dot_center_candidate,1283.0,1020.0,0.12737847864627838
1889,dot_center_candidate,1440.0,1497.0,0.12727990746498108
1890,dot_center_candidate,1129.0,1370.0,0.12727990746498108
1891,dot_center_candidate,1113.0,1252.0,0.12727990746498108
1892,dot_center_candidate,1069.0,850.0,0.12727990746498108
1893,dot_center_candidate,1115.0,832.0,0.12727990746498108
1894,dot_center_candidate,979.0,1426.0,0.12727989256381989
1895,dot_center_candidate,1203.0,1322.0,0.12727989256381989
1896,dot_center_candidate,1087.0,1002.0,0.12727989256381989
1897,dot_center_candidate,1084.0,1403.0,0.12718132138252258
1898,dot_center_candidate,979.0,1372.0,0.12718132138252258
1899,dot_center_candidate,1053.0,1256.0,0.12718132138252258
1900,dot_center_candidate,1204.0,1153.0,0.12718132138252258
1901,dot_center_candidate,1010.0,1149.0,0.12718132138252258
1902,dot_center_candidate,1248.0,1121.0,0.12718132138252258
1903,dot_center_candidate,1009.0,950.0,0.12718132138252258
1904,dot_center_candidate,1218.0,1585.0,0.1271813064813614
1905,dot_center_candidate,991.0,1376.0,0.1271813064813614
1906,dot_center_candidate,1189.0,1054.0,0.1271813064813614
1907,dot_center_candidate,1379.0,1518.0,0.1271812915802002
1908,dot_center_candidate,1130.0,1487.0,0.1271812915802002
1909,dot_center_candidate,1191.0,1274.0,0.1271812915802002
1910,dot_center_candidate,1323.0,1202.0,0.1271812915802002
1911,dot_center_candidate,1103.0,1070.0,0.1271812915802002
1912,dot_center_candidate,1323.0,858.0,0.1271812915802002
1913,dot_center_candidate,1163.0,1524.0,0.1270827353000641
1914,dot_center_candidate,1252.0,1385.0,0.1270827353000641
1915,dot_center_candidate,1238.0,1135.0,0.1270827353000641
1916,dot_center_candidate,1237.0,1290.0,0.1270827203989029
1917,dot_center_candidate,1042.0,1117.0,0.1270827203989029
1918,dot_center_candidate,1104.0,933.0,0.1270827203989029
1919,dot_center_candidate,1283.0,808.0,0.1270827203989029
1920,dot_center_candidate,1479.0,1598.0,0.1270827054977417
1921,dot_center_candidate,1085.0,1302.0,0.1270827054977417
1922,dot_center_candidate,1025.0,1272.0,0.1270827054977417
1923,dot_center_candidate,1131.0,1268.0,0.1270827054977417
1924,dot_center_candidate,1283.0,1104.0,0.1270827054977417
1925,dot_center_candidate,1039.0,1104.0,0.1270827054977417
1926,dot_center_candidate,1149.0,1084.0,0.1270827054977417
1927,dot_center_candidate,1007.0,862.0,0.1270827054977417
1928,dot_center_candidate,1269.0,806.0,0.1270827054977417
1929,dot_center_candidate,1067.0,1527.0,0.1269841343164444
1930,dot_center_candidate,1252.0,1369.0,0.1269841343164444
1931,dot_center_candidate,1193.0,884.0,0.1269841343164444
1932,dot_center_candidate,1267.0,838.0,0.1269841343164444
1933,dot_center_candidate,927.0,1806.0,0.1269841194152832
1934,dot_center_candidate,1353.0,1158.0,0.1269841194152832
1935,dot_center_candidate,1426.0,1089.0,0.1269841194152832
1936,dot_center_candidate,1179.0,922.0,0.1269841194152832
1937,dot_center_candidate,1309.0,910.0,0.1269841194152832
1938,dot_center_candidate,1339.0,776.0,0.1269841194152832
1939,dot_center_candidate,1353.0,1054.0,0.1268855482339859
1940,dot_center_candidate,1117.0,1540.0,0.1268855333328247
1941,dot_center_candidate,1006.0,1489.0,0.1268855333328247
1942,dot_center_candidate,1054.0,1477.0,0.1268855333328247
1943,dot_center_candidate,1394.0,1385.0,0.1268855333328247
1944,dot_center_candidate,1297.0,1004.0,0.1268855333328247
1945,dot_center_candidate,1279.0,970.0,0.1268855333328247
1946,dot_center_candidate,1131.0,954.0,0.1268855333328247
1947,dot_center_candidate,1073.0,947.0,0.1268855333328247
1948,dot_center_candidate,979.0,814.0,0.1268855333328247
1949,dot_center_candidate,1165.0,800.0,0.1268855333328247
1950,dot_center_candidate,1293.0,1306.0,0.1268855184316635
1951,dot_center_candidate,1279.0,1008.0,0.1268855184316635
1952,dot_center_candidate,1265.0,1490.0,0.1267869621515274
1953,dot_center_candidate,1159.0,1290.0,0.1267869621515274
1954,dot_center_candidate,1248.0,1585.0,0.1267869472503662
1955,dot_center_candidate,1039.0,1522.0,0.1267869472503662
1956,dot_center_candidate,1036.0,1457.0,0.1267869472503662
1957,dot_center_candidate,995.0,1204.0,0.1267869472503662
1958,dot_center_candidate,1311.0,1120.0,0.1267869472503662
1959,dot_center_candidate,979.0,1118.0,0.1267869472503662
1960,dot_center_candidate,1205.0,938.0,0.1267869472503662
1961,dot_center_candidate,981.0,876.0,0.1267869472503662
1962,dot_center_candidate,1006.0,1541.0,0.12678693234920502
1963,dot_center_candidate,1235.0,1518.0,0.12678693234920502
1964,dot_center_candidate,1336.0,1451.0,0.12678693234920502
1965,dot_center_candidate,1147.0,1336.0,0.12678693234920502
1966,dot_center_candidate,1251.0,1090.0,0.12678693234920502
1967,dot_center_candidate,1131.0,1604.0,0.12668836116790771
1968,dot_center_candidate,1086.0,1471.0,0.12668836116790771
1969,dot_center_candidate,1351.0,1270.0,0.12668836116790771
1970,dot_center_candidate,1267.0,1256.0,0.12668836116790771
1971,dot_center_candidate,1041.0,1200.0,0.12668836116790771
1972,dot_center_candidate,1163.0,1050.0,0.12668836116790771
1973,dot_center_candidate,1119.0,1036.0,0.12668836116790771
1974,dot_center_candidate,1309.0,956.0,0.12668836116790771
1975,dot_center_candidate,1039.0,900.0,0.12668836116790771
1976,dot_center_candidate,1251.0,886.0,0.12668836116790771
1977,dot_center_candidate,1100.0,868.0,0.12668836116790771
1978,dot_center_candidate,1147.0,1542.0,0.12668834626674652
1979,dot_center_candidate,1338.0,1021.0,0.12668834626674652
1980,dot_center_candidate,1353.0,842.0,0.12668834626674652
1981,dot_center_candidate,1353.0,794.0,0.12668834626674652
1982,dot_center_candidate,995.0,1578.0,0.12658977508544922
1983,dot_center_candidate,1233.0,1522.0,0.12658977508544922
1984,dot_center_candidate,1208.0,1303.0,0.12658977508544922
1985,dot_center_candidate,1193.0,1222.0,0.12658977508544922
1986,dot_center_candidate,1027.0,1082.0,0.12658977508544922
1987,dot_center_candidate,1206.0,985.0,0.12658977508544922
1988,dot_center_candidate,1237.0,852.0,0.12658977508544922
1989,dot_center_candidate,1410.0,1579.0,0.12658976018428802
1990,dot_center_candidate,1251.0,1568.0,0.12658976018428802
1991,dot_center_candidate,1071.0,1438.0,0.12658976018428802
1992,dot_center_candidate,1052.0,1421.0,0.12658976018428802
1993,dot_center_candidate,1281.0,1385.0,0.12658976018428802
1994,dot_center_candidate,1293.0,1352.0,0.12658976018428802
1995,dot_center_candidate,1206.0,773.0,0.12658974528312683
1996,dot_center_candidate,989.0,1356.0,0.12649118900299072
1997,dot_center_candidate,1380.0,1253.0,0.12649118900299072
1998,dot_center_candidate,1239.0,988.0,0.12649118900299072
1999,dot_center_candidate,1219.0,922.0,0.12649118900299072
2000,dot_center_candidate,1015.0,710.0,0.12649118900299072
2001,dot_center_candidate,1207.0,1606.0,0.12649117410182953
2002,dot_center_candidate,1263.0,1600.0,0.12649117410182953
2003,dot_center_candidate,1005.0,1592.0,0.12649117410182953
2004,dot_center_candidate,978.0,1511.0,0.12649117410182953
2005,dot_center_candidate,1203.0,1354.0,0.12649117410182953
2006,dot_center_candidate,1325.0,1290.0,0.12649117410182953
2007,dot_center_candidate,1190.0,1257.0,0.12649117410182953
2008,dot_center_candidate,1323.0,1158.0,0.12649117410182953
2009,dot_center_candidate,1021.0,1136.0,0.12649117410182953
2010,dot_center_candidate,1086.0,1115.0,0.12649117410182953
2011,dot_center_candidate,1297.0,1008.0,0.12649117410182953
2012,dot_center_candidate,1265.0,920.0,0.12649117410182953
2013,dot_center_candidate,1160.0,885.0,0.12649117410182953
2014,dot_center_candidate,1021.0,1609.0,0.12649115920066833
2015,dot_center_candidate,1129.0,1570.0,0.12649115920066833
2016,dot_center_candidate,1103.0,1150.0,0.12649115920066833
2017,dot_center_candidate,1175.0,1072.0,0.12649115920066833
2018,dot_center_candidate,1071.0,868.0,0.12649115920066833
2019,dot_center_candidate,1116.0,1021.0,0.12639260292053223
2020,dot_center_candidate,1082.0,1421.0,0.12639258801937103
2021,dot_center_candidate,1117.0,1324.0,0.12639258801937103
2022,dot_center_candidate,1252.0,1101.0,0.12639258801937103
2023,dot_center_candidate,1413.0,1028.0,0.12639257311820984
2024,dot_center_candidate,1295.0,856.0,0.12639257311820984
2025,dot_center_candidate,1225.0,806.0,0.12639257311820984
2026,dot_center_candidate,1235.0,804.0,0.12639257311820984
2027,dot_center_candidate,1054.0,985.0,0.12629401683807373
2028,dot_center_candidate,1073.0,884.0,0.12629401683807373
2029,dot_center_candidate,1307.0,1550.0,0.12629400193691254
2030,dot_center_candidate,1339.0,1142.0,0.12629400193691254
2031,dot_center_candidate,1145.0,1020.0,0.12629400193691254
2032,dot_center_candidate,1311.0,828.0,0.12629400193691254
2033,dot_center_candidate,1253.0,808.0,0.12629400193691254
2034,dot_center_candidate,1052.0,1561.0,0.12629398703575134
2035,dot_center_candidate,1354.0,1533.0,0.12629398703575134
2036,dot_center_candidate,1207.0,1390.0,0.12629398703575134
2037,dot_center_candidate,1102.0,1353.0,0.12629398703575134
2038,dot_center_candidate,1113.0,1136.0,0.12629398703575134
2039,dot_center_candidate,1209.0,852.0,0.12629398703575134
2040,dot_center_candidate,1090.0,781.0,0.12629398703575134
2041,dot_center_candidate,1036.0,1507.0,0.12619541585445404
2042,dot_center_candidate,1068.0,1493.0,0.12619541585445404
2043,dot_center_candidate,1191.0,1458.0,0.12619541585445404
2044,dot_center_candidate,1071.0,1306.0,0.12619541585445404
2045,dot_center_candidate,1249.0,1256.0,0.12619541585445404
2046,dot_center_candidate,1071.0,1217.0,0.12619541585445404
2047,dot_center_candidate,1069.0,1120.0,0.12619541585445404
2048,dot_center_candidate,1149.0,850.0,0.12619541585445404
2049,dot_center_candidate,1133.0,1138.0,0.12619540095329285
2050,dot_center_candidate,1355.0,1010.0,0.12619540095329285
2051,dot_center_candidate,1353.0,894.0,0.12619540095329285
2052,dot_center_candidate,1469.0,836.0,0.12619540095329285
2053,dot_center_candidate,1292.0,1335.0,0.12619538605213165
2054,dot_center_candidate,977.0,1592.0,0.12609682977199554
2055,dot_center_candidate,1159.0,1492.0,0.12609682977199554
2056,dot_center_candidate,1113.0,1442.0,0.12609682977199554
2057,dot_center_candidate,1381.0,1302.0,0.12609682977199554
2058,dot_center_candidate,1340.0,1087.0,0.12609682977199554
2059,dot_center_candidate,1371.0,1026.0,0.12609682977199554
2060,dot_center_candidate,1039.0,946.0,0.12609682977199554
2061,dot_center_candidate,1023.0,1540.0,0.12609681487083435
2062,dot_center_candidate,1132.0,1525.0,0.12609681487083435
2063,dot_center_candidate,1325.0,1422.0,0.12609681487083435
2064,dot_center_candidate,1129.0,1402.0,0.12609681487083435
2065,dot_center_candidate,1115.0,1318.0,0.12609681487083435
2066,dot_center_candidate,1084.0,1239.0,0.12609681487083435
2067,dot_center_candidate,1398.0,1203.0,0.12609681487083435
2068,dot_center_candidate,1411.0,990.0,0.12609681487083435
2069,dot_center_candidate,1325.0,1500.0,0.12609679996967316
2070,dot_center_candidate,1129.0,1470.0,0.12609679996967316
2071,dot_center_candidate,1223.0,906.0,0.12609679996967316
2072,dot_center_candidate,1209.0,902.0,0.12609679996967316
2073,dot_center_candidate,1179.0,804.0,0.12609679996967316
2074,dot_center_candidate,1113.0,1170.0,0.12599824368953705
2075,dot_center_candidate,1209.0,1070.0,0.12599824368953705
2076,dot_center_candidate,1023.0,912.0,0.12599824368953705
2077,dot_center_candidate,1250.0,1485.0,0.12599822878837585
2078,dot_center_candidate,975.0,1068.0,0.12599822878837585
2079,dot_center_candidate,1191.0,788.0,0.12599822878837585
2080,dot_center_candidate,1208.0,1587.0,0.12599821388721466
2081,dot_center_candidate,1133.0,1286.0,0.12599821388721466
2082,dot_center_candidate,1324.0,1565.0,0.12589964270591736
2083,dot_center_candidate,1071.0,1286.0,0.12589964270591736
2084,dot_center_candidate,1147.0,1256.0,0.12589964270591736
2085,dot_center_candidate,1351.0,1220.0,0.12589964270591736
2086,dot_center_candidate,1279.0,1218.0,0.12589964270591736
2087,dot_center_candidate,1297.0,1206.0,0.12589964270591736
2088,dot_center_candidate,1022.0,1188.0,0.12589964270591736
2089,dot_center_candidate,1209.0,1052.0,0.12589964270591736
2090,dot_center_candidate,1133.0,1036.0,0.12589964270591736
2091,dot_center_candidate,1239.0,1022.0,0.12589964270591736
2092,dot_center_candidate,1149.0,1016.0,0.12589964270591736
2093,dot_center_candidate,1283.0,954.0,0.12589964270591736
2094,dot_center_candidate,1219.0,1456.0,0.12589962780475616
2095,dot_center_candidate,1057.0,1220.0,0.12589962780475616
2096,dot_center_candidate,1145.0,1206.0,0.12589962780475616
2097,dot_center_candidate,1037.0,1204.0,0.12589962780475616
2098,dot_center_candidate,1267.0,1140.0,0.12589962780475616
2099,dot_center_candidate,1293.0,1120.0,0.12589962780475616
2100,dot_center_candidate,1249.0,1106.0,0.12589962780475616
2101,dot_center_candidate,1367.0,944.0,0.12589962780475616
2102,dot_center_candidate,1564.0,1349.0,0.12589961290359497
2103,dot_center_candidate,1087.0,1138.0,0.12589961290359497
2104,dot_center_candidate,1336.0,1603.0,0.12580105662345886
2105,dot_center_candidate,1117.0,1488.0,0.12580105662345886
2106,dot_center_candidate,1395.0,1336.0,0.12580105662345886
2107,dot_center_candidate,1147.0,1038.0,0.12580105662345886
2108,dot_center_candidate,1191.0,1017.0,0.12580105662345886
2109,dot_center_candidate,1192.0,1553.0,0.12580104172229767
2110,dot_center_candidate,1279.0,1252.0,0.12580104172229767
2111,dot_center_candidate,1022.0,1239.0,0.12580104172229767
2112,dot_center_candidate,1311.0,1158.0,0.12580104172229767
2113,dot_center_candidate,1133.0,1154.0,0.12580104172229767
2114,dot_center_candidate,1057.0,1034.0,0.12580104172229767
2115,dot_center_candidate,1116.0,1335.0,0.12580102682113647
2116,dot_center_candidate,1100.0,885.0,0.12580102682113647
2117,dot_center_candidate,1026.0,1473.0,0.12570247054100037
2118,dot_center_candidate,1295.0,1036.0,0.12570247054100037
2119,dot_center_candidate,1309.0,1604.0,0.12570245563983917
2120,dot_center_candidate,1207.0,1490.0,0.12570245563983917
2121,dot_center_candidate,1208.0,1421.0,0.12570245563983917
2122,dot_center_candidate,1365.0,1402.0,0.12570245563983917
2123,dot_center_candidate,1263.0,1402.0,0.12570245563983917
2124,dot_center_candidate,1098.0,1205.0,0.12570245563983917
2125,dot_center_candidate,1113.0,1610.0,0.12570244073867798
2126,dot_center_candidate,1265.0,1606.0,0.12570244073867798
2127,dot_center_candidate,1311.0,1418.0,0.12570244073867798
2128,dot_center_candidate,1178.0,1353.0,0.12570244073867798
2129,dot_center_candidate,1071.0,784.0,0.12570244073867798
2130,dot_center_candidate,1011.0,1068.0,0.12560388445854187
2131,dot_center_candidate,1235.0,1036.0,0.12560388445854187
2132,dot_center_candidate,1165.0,986.0,0.12560388445854187
2133,dot_center_candidate,1324.0,1483.0,0.12560386955738068
2134,dot_center_candidate,1087.0,1424.0,0.12560386955738068
2135,dot_center_candidate,1311.0,1290.0,0.12560386955738068
2136,dot_center_candidate,1311.0,1206.0,0.12560386955738068
2137,dot_center_candidate,737.0,1864.0,0.12560385465621948
2138,dot_center_candidate,989.0,1510.0,0.12560385465621948
2139,dot_center_candidate,1280.0,1473.0,0.12560385465621948
2140,dot_center_candidate,1188.0,1403.0,0.12560385465621948
2141,dot_center_candidate,1129.0,1222.0,0.12560385465621948
2142,dot_center_candidate,1026.0,1035.0,0.12560385465621948
2143,dot_center_candidate,1239.0,870.0,0.12560385465621948
2144,dot_center_candidate,1327.0,829.0,0.12560385465621948
2145,dot_center_candidate,1024.0,764.0,0.12550529837608337
2146,dot_center_candidate,1053.0,1494.0,0.12550528347492218
2147,dot_center_candidate,1159.0,1408.0,0.12550528347492218
2148,dot_center_candidate,1266.0,1407.0,0.12550528347492218
2149,dot_center_candidate,1496.0,1545.0,0.125505268573761
2150,dot_center_candidate,1021.0,1392.0,0.125505268573761
2151,dot_center_candidate,989.0,1390.0,0.125505268573761
2152,dot_center_candidate,1189.0,1222.0,0.125505268573761
2153,dot_center_candidate,1165.0,970.0,0.125505268573761
2154,dot_center_candidate,1397.0,908.0,0.125505268573761
2155,dot_center_candidate,1268.0,887.0,0.125505268573761
2156,dot_center_candidate,1161.0,800.0,0.125505268573761
2157,dot_center_candidate,1008.0,1523.0,0.1255052536725998
2158,dot_center_candidate,1159.0,1554.0,0.12540669739246368
2159,dot_center_candidate,1071.0,1388.0,0.12540669739246368
2160,dot_center_candidate,1205.0,1122.0,0.12540669739246368
2161,dot_center_candidate,1021.0,1494.0,0.1254066824913025
2162,dot_center_candidate,1102.0,1421.0,0.1254066824913025
2163,dot_center_candidate,1223.0,1388.0,0.1254066824913025
2164,dot_center_candidate,1467.0,1090.0,0.1254066824913025
2165,dot_center_candidate,1191.0,1072.0,0.1254066824913025
2166,dot_center_candidate,1131.0,1048.0,0.1254066824913025
2167,dot_center_candidate,1089.0,932.0,0.1254066824913025
2168,dot_center_candidate,1297.0,822.0,0.1254066824913025
2169,dot_center_candidate,1343.0,794.0,0.1254066824913025
2170,dot_center_candidate,1121.0,766.0,0.1254066824913025
2171,dot_center_candidate,1205.0,656.0,0.1254066824913025
2172,dot_center_candidate,1252.0,1601.0,0.1254066675901413
2173,dot_center_candidate,1223.0,1102.0,0.1254066675901413
2174,dot_center_candidate,1221.0,1384.0,0.1253081113100052
2175,dot_center_candidate,1056.0,1251.0,0.1253081113100052
2176,dot_center_candidate,1041.0,1170.0,0.1253081113100052
2177,dot_center_candidate,1114.0,1425.0,0.125308096408844
2178,dot_center_candidate,1115.0,1358.0,0.125308096408844
2179,dot_center_candidate,1098.0,1321.0,0.125308096408844
2180,dot_center_candidate,1163.0,1290.0,0.125308096408844
2181,dot_center_candidate,1009.0,1216.0,0.125308096408844
2182,dot_center_candidate,1253.0,1204.0,0.125308096408844
2183,dot_center_candidate,1146.0,1089.0,0.125308096408844
2184,dot_center_candidate,1311.0,1086.0,0.125308096408844
2185,dot_center_candidate,1339.0,780.0,0.125308096408844
2186,dot_center_candidate,1193.0,1538.0,0.1253080815076828
2187,dot_center_candidate,1145.0,1274.0,0.1253080815076828
2188,dot_center_candidate,1279.0,1152.0,0.1253080815076828
2189,dot_center_candidate,1145.0,1134.0,0.1253080815076828
2190,dot_center_candidate,1039.0,1052.0,0.1253080815076828
2191,dot_center_candidate,1219.0,1240.0,0.1252095252275467
2192,dot_center_candidate,990.0,1529.0,0.1252095103263855
2193,dot_center_candidate,1175.0,1519.0,0.1252095103263855
2194,dot_center_candidate,1023.0,1410.0,0.1252095103263855
2195,dot_center_candidate,1279.0,1070.0,0.1252095103263855
2196,dot_center_candidate,1177.0,918.0,0.1252095103263855
2197,dot_center_candidate,1075.0,766.0,0.1252095103263855
2198,dot_center_candidate,1159.0,1508.0,0.1252094954252243
2199,dot_center_candidate,1351.0,1450.0,0.1252094954252243
2200,dot_center_candidate,1323.0,1170.0,0.1252094954252243
2201,dot_center_candidate,1023.0,1068.0,0.1252094954252243
2202,dot_center_candidate,979.0,1046.0,0.1252094954252243
2203,dot_center_candidate,1145.0,882.0,0.1252094805240631
2204,dot_center_candidate,1511.0,1594.0,0.125110924243927
2205,dot_center_candidate,1129.0,1492.0,0.125110924243927
2206,dot_center_candidate,1353.0,1274.0,0.125110924243927
2207,dot_center_candidate,1265.0,1218.0,0.125110924243927
2208,dot_center_candidate,1341.0,846.0,0.125110924243927
2209,dot_center_candidate,1295.0,838.0,0.125110924243927
2210,dot_center_candidate,1251.0,826.0,0.125110924243927
2211,dot_center_candidate,1263.0,1468.0,0.1251109093427658
2212,dot_center_candidate,1383.0,1436.0,0.1251109093427658
2213,dot_center_candidate,1006.0,1427.0,0.1251109093427658
2214,dot_center_candidate,1190.0,1168.0,0.1251109093427658
2215,dot_center_candidate,1441.0,1122.0,0.1251109093427658
2216,dot_center_candidate,1248.0,1523.0,0.12511089444160461
2217,dot_center_candidate,1189.0,1586.0,0.1250123381614685
2218,dot_center_candidate,1161.0,1358.0,0.1250123381614685
2219,dot_center_candidate,1071.0,1054.0,0.1250123381614685
2220,dot_center_candidate,1023.0,860.0,0.1250123381614685
2221,dot_center_candidate,1232.0,1589.0,0.1250123232603073
2222,dot_center_candidate,1338.0,1565.0,0.1250123232603073
2223,dot_center_candidate,1113.0,1386.0,0.1250123232603073
2224,dot_center_candidate,1175.0,1152.0,0.1250123232603073
2225,dot_center_candidate,1265.0,808.0,0.1250123232603073
2226,dot_center_candidate,932.0,1801.0,0.12501230835914612
2227,dot_center_candidate,1147.0,1520.0,0.12501230835914612
2228,dot_center_candidate,1369.0,1402.0,0.12501230835914612
2229,dot_center_candidate,1113.0,1374.0,0.12501230835914612
2230,dot_center_candidate,1351.0,1042.0,0.12501230835914612
2231,dot_center_candidate,1341.0,1026.0,0.12491375207901001
2232,dot_center_candidate,1099.0,952.0,0.12491375207901001
2233,dot_center_candidate,765.0,536.0,0.12491375207901001
2234,dot_center_candidate,1237.0,1552.0,0.12491373717784882
2235,dot_center_candidate,1143.0,1542.0,0.12491373717784882
2236,dot_center_candidate,1398.0,1401.0,0.12491373717784882
2237,dot_center_candidate,1293.0,1390.0,0.12491373717784882
2238,dot_center_candidate,1189.0,1306.0,0.12491373717784882
2239,dot_center_candidate,1395.0,1072.0,0.12491373717784882
2240,dot_center_candidate,1383.0,1598.0,0.12491372227668762
2241,dot_center_candidate,1207.0,1474.0,0.12491372227668762
2242,dot_center_candidate,1249.0,921.0,0.12491372227668762
2243,dot_center_candidate,1248.0,1539.0,0.12481515109539032
2244,dot_center_candidate,994.0,1405.0,0.12481515109539032
2245,dot_center_candidate,1497.0,1334.0,0.12481515109539032
2246,dot_center_candidate,1008.0,1285.0,0.12481515109539032
2247,dot_center_candidate,1102.0,1273.0,0.12481515109539032
2248,dot_center_candidate,1129.0,1240.0,0.12481515109539032
2249,dot_center_candidate,1325.0,1152.0,0.12481515109539032
2250,dot_center_candidate,1238.0,1103.0,0.12481515109539032
2251,dot_center_candidate,1323.0,1042.0,0.12481515109539032
2252,dot_center_candidate,1495.0,1010.0,0.12481515109539032
2253,dot_center_candidate,1413.0,930.0,0.12481515109539032
2254,dot_center_candidate,991.0,1256.0,0.12481513619422913
2255,dot_center_candidate,1237.0,1140.0,0.12481513619422913
2256,dot_center_candidate,1053.0,846.0,0.12481513619422913
2257,dot_center_candidate,1309.0,808.0,0.12481513619422913
2258,dot_center_candidate,1224.0,790.0,0.12481513619422913
2259,dot_center_candidate,1267.0,1568.0,0.12471656501293182
2260,dot_center_candidate,1264.0,1501.0,0.12471656501293182
2261,dot_center_candidate,1037.0,1426.0,0.12471656501293182
2262,dot_center_candidate,1159.0,1172.0,0.12471656501293182
2263,dot_center_candidate,1179.0,1136.0,0.12471656501293182
2264,dot_center_candidate,1191.0,1602.0,0.12471655011177063
2265,dot_center_candidate,1025.0,1306.0,0.12471655011177063
2266,dot_center_candidate,1283.0,1120.0,0.12471655011177063
2267,dot_center_candidate,1193.0,1022.0,0.12471655011177063
2268,dot_center_candidate,1323.0,940.0,0.12471655011177063
2269,dot_center_candidate,1175.0,818.0,0.12471655011177063
2270,dot_center_candidate,1205.0,870.0,0.12461797893047333
2271,dot_center_candidate,1005.0,1494.0,0.12461796402931213
2272,dot_center_candidate,979.0,1490.0,0.12461796402931213
2273,dot_center_candidate,1369.0,1486.0,0.12461796402931213
2274,dot_center_candidate,1005.0,1270.0,0.12461796402931213
2275,dot_center_candidate,1281.0,1086.0,0.12461796402931213
2276,dot_center_candidate,1339.0,1076.0,0.12461796402931213
2277,dot_center_candidate,1311.0,856.0,0.12461796402931213
2278,dot_center_candidate,1239.0,790.0,0.12461796402931213
2279,dot_center_candidate,869.0,1794.0,0.12461794912815094
2280,dot_center_candidate,1189.0,1508.0,0.12461794912815094
2281,dot_center_candidate,1176.0,1441.0,0.12461794912815094
2282,dot_center_candidate,1209.0,1086.0,0.12461794912815094
2283,dot_center_candidate,1097.0,1542.0,0.12451939284801483
2284,dot_center_candidate,1452.0,1383.0,0.12451939284801483
2285,dot_center_candidate,1365.0,1602.0,0.12451937794685364
2286,dot_center_candidate,1267.0,1174.0,0.12451937794685364
2287,dot_center_candidate,1179.0,988.0,0.12451937794685364
2288,dot_center_candidate,1058.0,964.0,0.12451937794685364
2289,dot_center_candidate,1323.0,960.0,0.12451937794685364
2290,dot_center_candidate,1191.0,900.0,0.12451937794685364
2291,dot_center_candidate,1115.0,868.0,0.12451937794685364
2292,dot_center_candidate,1209.0,834.0,0.12451937794685364
2293,dot_center_candidate,1193.0,1438.0,0.12451936304569244
2294,dot_center_candidate,1025.0,1422.0,0.12451936304569244
2295,dot_center_candidate,1409.0,1286.0,0.12451936304569244
2296,dot_center_candidate,1067.0,1238.0,0.12451936304569244
2297,dot_center_candidate,1133.0,1170.0,0.12451936304569244
2298,dot_center_candidate,1175.0,1038.0,0.12451936304569244
2299,dot_center_candidate,1053.0,1034.0,0.12451936304569244
2300,dot_center_candidate,1205.0,1022.0,0.12451936304569244
2301,dot_center_candidate,1341.0,1008.0,0.12451936304569244
2302,dot_center_candidate,1161.0,988.0,0.12451936304569244
2303,dot_center_candidate,1427.0,914.0,0.12451936304569244
2304,dot_center_candidate,994.0,1443.0,0.12442079186439514
2305,dot_center_candidate,759.0,1188.0,0.12442079186439514
2306,dot_center_candidate,1268.0,1169.0,0.12442079186439514
2307,dot_center_candidate,1130.0,1121.0,0.12442079186439514
2308,dot_center_candidate,1279.0,1040.0,0.12442079186439514
2309,dot_center_candidate,1089.0,868.0,0.12442079186439514
2310,dot_center_candidate,1147.0,1605.0,0.12442077696323395
2311,dot_center_candidate,1578.0,1595.0,0.12442077696323395
2312,dot_center_candidate,1453.0,1372.0,0.12442077696323395
2313,dot_center_candidate,1117.0,1290.0,0.12442077696323395
2314,dot_center_candidate,1337.0,1286.0,0.12442077696323395
2315,dot_center_candidate,979.0,1186.0,0.12442077696323395
2316,dot_center_candidate,1189.0,1068.0,0.12442077696323395
2317,dot_center_candidate,1251.0,1024.0,0.12442077696323395
2318,dot_center_candidate,1367.0,940.0,0.12442077696323395
2319,dot_center_candidate,1383.0,1500.0,0.12432220578193665
2320,dot_center_candidate,1339.0,1356.0,0.12432220578193665
2321,dot_center_candidate,1158.0,1605.0,0.12432219088077545
2322,dot_center_candidate,1339.0,1438.0,0.12432219088077545
2323,dot_center_candidate,1021.0,1374.0,0.12432219088077545
2324,dot_center_candidate,1099.0,1302.0,0.12432219088077545
2325,dot_center_candidate,1296.0,1285.0,0.12432219088077545
2326,dot_center_candidate,1176.0,1251.0,0.12432219088077545
2327,dot_center_candidate,1209.0,1102.0,0.12432219088077545
2328,dot_center_candidate,1193.0,1102.0,0.12432219088077545
2329,dot_center_candidate,1309.0,1074.0,0.12432219088077545
2330,dot_center_candidate,1176.0,1055.0,0.12432219088077545
2331,dot_center_candidate,1425.0,814.0,0.12432219088077545
2332,dot_center_candidate,1236.0,1351.0,0.12432217597961426
2333,dot_center_candidate,1481.0,1030.0,0.12432217597961426
2334,dot_center_candidate,1247.0,622.0,0.12432217597961426
2335,dot_center_candidate,1007.0,966.0,0.12422361969947815
2336,dot_center_candidate,1339.0,1554.0,0.12422360479831696
2337,dot_center_candidate,1176.0,1553.0,0.12422360479831696
2338,dot_center_candidate,1311.0,1550.0,0.12422360479831696
2339,dot_center_candidate,1233.0,1506.0,0.12422360479831696
2340,dot_center_candidate,1324.0,1301.0,0.12422360479831696
2341,dot_center_candidate,1178.0,1239.0,0.12422360479831696
2342,dot_center_candidate,1397.0,930.0,0.12422360479831696
2343,dot_center_candidate,1189.0,1486.0,0.12422358989715576
2344,dot_center_candidate,1307.0,1468.0,0.12422358989715576
2345,dot_center_candidate,1118.0,1439.0,0.12422358989715576
2346,dot_center_candidate,1174.0,1419.0,0.12422358989715576
2347,dot_center_candidate,1009.0,1392.0,0.12422358989715576
2348,dot_center_candidate,1249.0,1252.0,0.12422358989715576
2349,dot_center_candidate,1293.0,972.0,0.12422358989715576
2350,dot_center_candidate,1115.0,936.0,0.12422358989715576
2351,dot_center_candidate,1471.0,914.0,0.12422358989715576
2352,dot_center_candidate,1415.0,670.0,0.12412503361701965
2353,dot_center_candidate,1145.0,1610.0,0.12412501871585846
2354,dot_center_candidate,1207.0,1486.0,0.12412501871585846
2355,dot_center_candidate,1161.0,1442.0,0.12412501871585846
2356,dot_center_candidate,1279.0,1074.0,0.12412501871585846
2357,dot_center_candidate,991.0,1592.0,0.12412500381469727
2358,dot_center_candidate,1083.0,1526.0,0.12412500381469727
2359,dot_center_candidate,1455.0,1514.0,0.12412500381469727
2360,dot_center_candidate,1509.0,1447.0,0.12412500381469727
2361,dot_center_candidate,1128.0,1323.0,0.12412500381469727
2362,dot_center_candidate,1337.0,1236.0,0.12412500381469727
2363,dot_center_candidate,1411.0,1192.0,0.12412500381469727
2364,dot_center_candidate,1353.0,1022.0,0.12412500381469727
2365,dot_center_candidate,1073.0,1002.0,0.12412500381469727
2366,dot_center_candidate,951.0,894.0,0.12412500381469727
2367,dot_center_candidate,1279.0,822.0,0.12412500381469727
2368,dot_center_candidate,1408.0,1485.0,0.12412498891353607
2369,dot_center_candidate,1251.0,1556.0,0.12402643263339996
2370,dot_center_candidate,1131.0,1554.0,0.12402643263339996
2371,dot_center_candidate,1022.0,1427.0,0.12402643263339996
2372,dot_center_candidate,1133.0,1306.0,0.12402643263339996
2373,dot_center_candidate,1133.0,986.0,0.12402643263339996
2374,dot_center_candidate,1323.0,842.0,0.12402643263339996
2375,dot_center_candidate,1037.0,1494.0,0.12402641773223877
2376,dot_center_candidate,1191.0,1290.0,0.12402641773223877
2377,dot_center_candidate,1539.0,1128.0,0.12402641773223877
2378,dot_center_candidate,1037.0,1120.0,0.12402641773223877
2379,dot_center_candidate,1163.0,1022.0,0.12402641773223877
2380,dot_center_candidate,1190.0,918.0,0.12402641773223877
2381,dot_center_candidate,1055.0,811.0,0.12402641773223877
2382,dot_center_candidate,1319.0,570.0,0.12402641773223877
2383,dot_center_candidate,1352.0,1581.0,0.12402640283107758
2384,dot_center_candidate,1175.0,954.0,0.12402640283107758
2385,dot_center_candidate,1483.0,966.0,0.12392784655094147
2386,dot_center_candidate,1281.0,1572.0,0.12392783164978027
2387,dot_center_candidate,1397.0,1548.0,0.12392783164978027
2388,dot_center_candidate,1159.0,1458.0,0.12392783164978027
2389,dot_center_candidate,1113.0,1438.0,0.12392783164978027
2390,dot_center_candidate,1207.0,1356.0,0.12392783164978027
2391,dot_center_candidate,1129.0,1336.0,0.12392783164978027
2392,dot_center_candidate,1399.0,1254.0,0.12392783164978027
2393,dot_center_candidate,1223.0,1236.0,0.12392783164978027
2394,dot_center_candidate,1337.0,1170.0,0.12392783164978027
2395,dot_center_candidate,1263.0,1106.0,0.12392783164978027
2396,dot_center_candidate,1323.0,1104.0,0.12392783164978027
2397,dot_center_candidate,1323.0,1088.0,0.12392783164978027
2398,dot_center_candidate,1161.0,1072.0,0.12392783164978027
2399,dot_center_candidate,1269.0,922.0,0.12392783164978027
2400,dot_center_candidate,1265.0,858.0,0.12392783164978027
2401,dot_center_candidate,1265.0,772.0,0.12392783164978027
2402,dot_center_candidate,1113.0,1504.0,0.12382924556732178
2403,dot_center_candidate,1281.0,1290.0,0.12382924556732178
2404,dot_center_candidate,1221.0,1190.0,0.12382924556732178
2405,dot_center_candidate,991.0,1188.0,0.12382924556732178
2406,dot_center_candidate,1269.0,793.0,0.12382924556732178
2407,dot_center_candidate,1437.0,1286.0,0.12382923066616058
2408,dot_center_candidate,1279.0,874.0,0.12382923066616058
2409,dot_center_candidate,1173.0,1490.0,0.12373065948486328
2410,dot_center_candidate,1067.0,1454.0,0.12373065948486328
2411,dot_center_candidate,1266.0,1451.0,0.12373065948486328
2412,dot_center_candidate,1263.0,1422.0,0.12373065948486328
2413,dot_center_candidate,1553.0,1398.0,0.12373065948486328
2414,dot_center_candidate,993.0,1324.0,0.12373065948486328
2415,dot_center_candidate,1397.0,1138.0,0.12373065948486328
2416,dot_center_candidate,1103.0,1002.0,0.12373065948486328
2417,dot_center_candidate,1084.0,1477.0,0.12373064458370209
2418,dot_center_candidate,1205.0,1184.0,0.12373064458370209
2419,dot_center_candidate,1265.0,1090.0,0.12373064458370209
2420,dot_center_candidate,1253.0,940.0,0.12373064458370209
2421,dot_center_candidate,1309.0,860.0,0.12373064458370209
2422,dot_center_candidate,1283.0,842.0,0.12373064458370209
2423,dot_center_candidate,1427.0,1338.0,0.12363207340240479
2424,dot_center_candidate,1133.0,1218.0,0.12363207340240479
2425,dot_center_candidate,997.0,980.0,0.12363207340240479
2426,dot_center_candidate,996.0,965.0,0.12363207340240479
2427,dot_center_candidate,1368.0,1499.0,0.12363205850124359
2428,dot_center_candidate,1351.0,1454.0,0.12363205850124359
2429,dot_center_candidate,1385.0,1010.0,0.12363205850124359
2430,dot_center_candidate,1384.0,1371.0,0.1236320436000824
2431,dot_center_candidate,1341.0,1222.0,0.1236320436000824
2432,dot_center_candidate,1341.0,906.0,0.1236320436000824
2433,dot_center_candidate,1040.0,849.0,0.1236320436000824
2434,dot_center_candidate,1205.0,822.0,0.1236320436000824
2435,dot_center_candidate,1055.0,766.0,0.1236320436000824
2436,dot_center_candidate,990.0,1443.0,0.12353348731994629
2437,dot_center_candidate,1237.0,1356.0,0.12353348731994629
2438,dot_center_candidate,975.0,1324.0,0.12353348731994629
2439,dot_center_candidate,1369.0,1072.0,0.12353348731994629
2440,dot_center_candidate,1337.0,1072.0,0.12353348731994629
2441,dot_center_candidate,1175.0,1068.0,0.12353348731994629
2442,dot_center_candidate,1293.0,890.0,0.12353348731994629
2443,dot_center_candidate,1209.0,868.0,0.12353348731994629
2444,dot_center_candidate,1310.0,1533.0,0.1235334724187851
2445,dot_center_candidate,1010.0,1457.0,0.1235334724187851
2446,dot_center_candidate,1307.0,1418.0,0.1235334724187851
2447,dot_center_candidate,1053.0,1386.0,0.1235334724187851
2448,dot_center_candidate,1307.0,1370.0,0.1235334724187851
2449,dot_center_candidate,1191.0,1340.0,0.1235334724187851
2450,dot_center_candidate,1041.0,1340.0,0.1235334724187851
2451,dot_center_candidate,1208.0,1255.0,0.1235334575176239
2452,dot_center_candidate,1267.0,1252.0,0.1235334575176239
2453,dot_center_candidate,1129.0,1206.0,0.1235334575176239
2454,dot_center_candidate,1369.0,928.0,0.1235334575176239
2455,dot_center_candidate,1113.0,1272.0,0.12343490123748779
2456,dot_center_candidate,1013.0,812.0,0.12343490123748779
2457,dot_center_candidate,1267.0,1554.0,0.1234348863363266
2458,dot_center_candidate,1221.0,1502.0,0.1234348863363266
2459,dot_center_candidate,1057.0,1320.0,0.1234348863363266
2460,dot_center_candidate,1295.0,1302.0,0.1234348863363266
2461,dot_center_candidate,1159.0,1268.0,0.1234348863363266
2462,dot_center_candidate,1219.0,1206.0,0.1234348863363266
2463,dot_center_candidate,1041.0,1014.0,0.1234348863363266
2464,dot_center_candidate,1207.0,906.0,0.1234348863363266
2465,dot_center_candidate,1323.0,1598.0,0.1234348714351654
2466,dot_center_candidate,1437.0,1502.0,0.1234348714351654
2467,dot_center_candidate,1366.0,1449.0,0.1234348714351654
2468,dot_center_candidate,1351.0,1418.0,0.1234348714351654
2469,dot_center_candidate,1310.0,971.0,0.1234348714351654
2470,dot_center_candidate,1085.0,964.0,0.1234348714351654
2471,dot_center_candidate,1355.0,858.0,0.1234348714351654
2472,dot_center_candidate,1437.0,1546.0,0.1233363002538681
2473,dot_center_candidate,1398.0,1175.0,0.1233363002538681
2474,dot_center_candidate,1253.0,1122.0,0.1233363002538681
2475,dot_center_candidate,1484.0,949.0,0.1233363002538681
2476,dot_center_candidate,1277.0,1588.0,0.12333628535270691
2477,dot_center_candidate,1040.0,1557.0,0.12333628535270691
2478,dot_center_candidate,1267.0,1538.0,0.12333628535270691
2479,dot_center_candidate,1323.0,1400.0,0.12333628535270691
2480,dot_center_candidate,1309.0,1334.0,0.12333628535270691
2481,dot_center_candidate,1265.0,1268.0,0.12333628535270691
2482,dot_center_candidate,1207.0,1040.0,0.12333628535270691
2483,dot_center_candidate,1129.0,1002.0,0.12333628535270691
2484,dot_center_candidate,1427.0,996.0,0.12333628535270691
2485,dot_center_candidate,1011.0,932.0,0.12333628535270691
2486,dot_center_candidate,1367.0,924.0,0.12333628535270691
2487,dot_center_candidate,1147.0,1252.0,0.12333627045154572
2488,dot_center_candidate,1115.0,1571.0,0.1232377141714096
2489,dot_center_candidate,1307.0,1520.0,0.1232377141714096
2490,dot_center_candidate,1439.0,1518.0,0.1232377141714096
2491,dot_center_candidate,1249.0,1422.0,0.1232377141714096
2492,dot_center_candidate,1279.0,1418.0,0.1232377141714096
2493,dot_center_candidate,1072.0,1353.0,0.12323769927024841
2494,dot_center_candidate,1024.0,1353.0,0.12323769927024841
2495,dot_center_candidate,1158.0,1253.0,0.12323769927024841
2496,dot_center_candidate,1340.0,1207.0,0.12323769927024841
2497,dot_center_candidate,1010.0,1115.0,0.12323769927024841
2498,dot_center_candidate,1101.0,813.0,0.12323769927024841
2499,dot_center_candidate,1425.0,780.0,0.12323769927024841
2500,dot_center_candidate,1086.0,1505.0,0.12323768436908722
2501,dot_center_candidate,1097.0,1422.0,0.12323768436908722
2502,dot_center_candidate,1173.0,1170.0,0.12323768436908722
2503,dot_center_candidate,1339.0,794.0,0.12323768436908722
2504,dot_center_candidate,1067.0,1508.0,0.12313912808895111
2505,dot_center_candidate,974.0,1426.0,0.12313912808895111
2506,dot_center_candidate,1052.0,1307.0,0.12313912808895111
2507,dot_center_candidate,1355.0,1190.0,0.12313912808895111
2508,dot_center_candidate,1233.0,1390.0,0.12313911318778992
2509,dot_center_candidate,1221.0,1374.0,0.12313911318778992
2510,dot_center_candidate,1341.0,1122.0,0.12313911318778992
2511,dot_center_candidate,1253.0,1036.0,0.12313911318778992
2512,dot_center_candidate,1218.0,1607.0,0.12304054200649261
2513,dot_center_candidate,1496.0,1597.0,0.12304052710533142
2514,dot_center_candidate,1563.0,1558.0,0.12304052710533142
2515,dot_center_candidate,979.0,1456.0,0.12304052710533142
2516,dot_center_candidate,1380.0,1451.0,0.12304052710533142
2517,dot_center_candidate,1310.0,1323.0,0.12304052710533142
2518,dot_center_candidate,1339.0,1274.0,0.12304052710533142
2519,dot_center_candidate,995.0,1234.0,0.12304052710533142
2520,dot_center_candidate,1367.0,1158.0,0.12304052710533142
2521,dot_center_candidate,1248.0,1139.0,0.12304052710533142
2522,dot_center_candidate,977.0,1086.0,0.12304052710533142
2523,dot_center_candidate,1223.0,1035.0,0.12304052710533142
2524,dot_center_candidate,1023.0,1000.0,0.12304052710533142
2525,dot_center_candidate,1207.0,990.0,0.12304052710533142
2526,dot_center_candidate,1279.0,1506.0,0.12304051220417023
2527,dot_center_candidate,1025.0,1324.0,0.12304051220417023
2528,dot_center_candidate,1129.0,1306.0,0.12304051220417023
2529,dot_center_candidate,992.0,1017.0,0.12304051220417023
2530,dot_center_candidate,1395.0,962.0,0.12304051220417023
2531,dot_center_candidate,1027.0,1134.0,0.12304049730300903
2532,dot_center_candidate,979.0,1254.0,0.12294194102287292
2533,dot_center_candidate,1189.0,1204.0,0.12294194102287292
2534,dot_center_candidate,1071.0,1154.0,0.12294194102287292
2535,dot_center_candidate,1395.0,1090.0,0.12294194102287292
2536,dot_center_candidate,1087.0,986.0,0.12294194102287292
2537,dot_center_candidate,1429.0,816.0,0.12294194102287292
2538,dot_center_candidate,1128.0,1521.0,0.12294192612171173
2539,dot_center_candidate,1021.0,1506.0,0.12294192612171173
2540,dot_center_candidate,1233.0,1338.0,0.12294192612171173
2541,dot_center_candidate,1023.0,1064.0,0.12294192612171173
2542,dot_center_candidate,1370.0,1055.0,0.12294192612171173
2543,dot_center_candidate,1397.0,1580.0,0.12284335494041443
2544,dot_center_candidate,1324.0,1505.0,0.12284335494041443
2545,dot_center_candidate,1025.0,1460.0,0.12284335494041443
2546,dot_center_candidate,1294.0,1401.0,0.12284335494041443
2547,dot_center_candidate,1338.0,1137.0,0.12284335494041443
2548,dot_center_candidate,1042.0,967.0,0.12284335494041443
2549,dot_center_candidate,1495.0,962.0,0.12284335494041443
2550,dot_center_candidate,1129.0,850.0,0.12284335494041443
2551,dot_center_candidate,1055.0,1460.0,0.12284334003925323
2552,dot_center_candidate,1219.0,1324.0,0.12284334003925323
2553,dot_center_candidate,1467.0,1258.0,0.12284334003925323
2554,dot_center_candidate,1263.0,1070.0,0.12284334003925323
2555,dot_center_candidate,1293.0,1054.0,0.12284334003925323
2556,dot_center_candidate,1237.0,1040.0,0.12284334003925323
2557,dot_center_candidate,1395.0,878.0,0.12284334003925323
2558,dot_center_candidate,1383.0,974.0,0.12284332513809204
2559,dot_center_candidate,1039.0,894.0,0.12284332513809204
2560,dot_center_candidate,1147.0,1386.0,0.12274476885795593
2561,dot_center_candidate,1159.0,970.0,0.12274476885795593
2562,dot_center_candidate,1040.0,1595.0,0.12274475395679474
2563,dot_center_candidate,1249.0,1590.0,0.12274475395679474
2564,dot_center_candidate,1206.0,1519.0,0.12274475395679474
2565,dot_center_candidate,1468.0,1383.0,0.12274475395679474
2566,dot_center_candidate,1324.0,1285.0,0.12274475395679474
2567,dot_center_candidate,1037.0,1200.0,0.12274475395679474
2568,dot_center_candidate,1007.0,1170.0,0.12274475395679474
2569,dot_center_candidate,1113.0,1154.0,0.12274475395679474
2570,dot_center_candidate,1163.0,1086.0,0.12274475395679474
2571,dot_center_candidate,1352.0,973.0,0.12274475395679474
2572,dot_center_candidate,1209.0,938.0,0.12274475395679474
2573,dot_center_candidate,1025.0,1526.0,0.12274473905563354
2574,dot_center_candidate,1224.0,985.0,0.12274473905563354
2575,dot_center_candidate,1424.0,1579.0,0.12264616787433624
2576,dot_center_candidate,1323.0,1538.0,0.12264616787433624
2577,dot_center_candidate,1203.0,1474.0,0.12264616787433624
2578,dot_center_candidate,1250.0,1451.0,0.12264616787433624
2579,dot_center_candidate,1267.0,1418.0,0.12264616787433624
2580,dot_center_candidate,1253.0,1304.0,0.12264616787433624
2581,dot_center_candidate,1248.0,1237.0,0.12264616787433624
2582,dot_center_candidate,1279.0,1122.0,0.12264616787433624
2583,dot_center_candidate,1308.0,1091.0,0.12264616787433624
2584,dot_center_candidate,1053.0,1069.0,0.12264616787433624
2585,dot_center_candidate,1084.0,1048.0,0.12264616787433624
2586,dot_center_candidate,1369.0,978.0,0.12264616787433624
2587,dot_center_candidate,1294.0,1605.0,0.12264615297317505
2588,dot_center_candidate,1085.0,864.0,0.12264615297317505
2589,dot_center_candidate,1115.0,798.0,0.12264615297317505
2590,dot_center_candidate,979.0,1222.0,0.12254759669303894
2591,dot_center_candidate,1007.0,928.0,0.12254759669303894
2592,dot_center_candidate,1009.0,1574.0,0.12254758179187775
2593,dot_center_candidate,1535.0,1450.0,0.12254758179187775
2594,dot_center_candidate,1395.0,1438.0,0.12254758179187775
2595,dot_center_candidate,1053.0,1204.0,0.12254758179187775
2596,dot_center_candidate,1253.0,1040.0,0.12254758179187775
2597,dot_center_candidate,1221.0,886.0,0.12254758179187775
2598,dot_center_candidate,993.0,846.0,0.12254758179187775
2599,dot_center_candidate,1251.0,1502.0,0.12254756689071655
2600,dot_center_candidate,1128.0,1441.0,0.12254756689071655
2601,dot_center_candidate,1308.0,1401.0,0.12254756689071655
2602,dot_center_candidate,1067.0,1340.0,0.12254756689071655
2603,dot_center_candidate,1252.0,1135.0,0.12254756689071655
2604,dot_center_candidate,1263.0,1054.0,0.12254756689071655
2605,dot_center_candidate,1381.0,962.0,0.12254756689071655
2606,dot_center_candidate,1294.0,909.0,0.12254756689071655
2607,dot_center_candidate,1409.0,1470.0,0.12254755198955536
2608,dot_center_candidate,1173.0,1354.0,0.12254755198955536
2609,dot_center_candidate,1117.0,1222.0,0.12244899570941925
2610,dot_center_candidate,1022.0,1477.0,0.12244898080825806
2611,dot_center_candidate,1355.0,1368.0,0.12244898080825806
2612,dot_center_candidate,1268.0,1287.0,0.12244898080825806
2613,dot_center_candidate,1179.0,970.0,0.12244898080825806
2614,dot_center_candidate,1135.0,802.0,0.12244898080825806
2615,dot_center_candidate,1161.0,786.0,0.12244898080825806
2616,dot_center_candidate,1053.0,1556.0,0.12244896590709686
2617,dot_center_candidate,1173.0,1370.0,0.12244896590709686
2618,dot_center_candidate,1209.0,1154.0,0.12244896590709686
2619,dot_center_candidate,1263.0,1038.0,0.12244896590709686
2620,dot_center_candidate,1279.0,954.0,0.12244896590709686
2621,dot_center_candidate,1366.0,1139.0,0.12235040962696075
2622,dot_center_candidate,1127.0,1506.0,0.12235039472579956
2623,dot_center_candidate,1294.0,1467.0,0.12235039472579956
2624,dot_center_candidate,1143.0,1440.0,0.12235039472579956
2625,dot_center_candidate,1148.0,1423.0,0.12235039472579956
2626,dot_center_candidate,1339.0,1290.0,0.12235039472579956
2627,dot_center_candidate,1119.0,886.0,0.12235039472579956
2628,dot_center_candidate,1101.0,864.0,0.12235039472579956
2629,dot_center_candidate,1267.0,826.0,0.12235039472579956
2630,dot_center_candidate,1337.0,572.0,0.12235039472579956
2631,dot_center_candidate,944.0,1805.0,0.12235037982463837
2632,dot_center_candidate,1036.0,1609.0,0.12235037982463837
2633,dot_center_candidate,1235.0,1468.0,0.12235037982463837
2634,dot_center_candidate,1098.0,1390.0,0.12235037982463837
2635,dot_center_candidate,1099.0,1189.0,0.12235037982463837
2636,dot_center_candidate,1099.0,1002.0,0.12235037982463837
2637,dot_center_candidate,1470.0,997.0,0.12235037982463837
2638,dot_center_candidate,1495.0,982.0,0.12235037982463837
2639,dot_center_candidate,1323.0,826.0,0.12235037982463837
2640,dot_center_candidate,1159.0,950.0,0.12235036492347717
2641,dot_center_candidate,1235.0,824.0,0.12235036492347717
2642,dot_center_candidate,1085.0,1188.0,0.12225180864334106
2643,dot_center_candidate,1222.0,1001.0,0.12225180864334106
2644,dot_center_candidate,1209.0,838.0,0.12225180864334106
2645,dot_center_candidate,1103.0,802.0,0.12225180864334106
2646,dot_center_candidate,1008.0,759.0,0.12225180864334106
2647,dot_center_candidate,1365.0,1598.0,0.12225179374217987
2648,dot_center_candidate,1591.0,1594.0,0.12225179374217987
2649,dot_center_candidate,1592.0,1525.0,0.12225179374217987
2650,dot_center_candidate,1220.0,1435.0,0.12225179374217987
2651,dot_center_candidate,1176.0,1307.0,0.12225179374217987
2652,dot_center_candidate,1267.0,1222.0,0.12225179374217987
2653,dot_center_candidate,1057.0,1082.0,0.12225179374217987
2654,dot_center_candidate,1327.0,1006.0,0.12225179374217987
2655,dot_center_candidate,1223.0,972.0,0.12225179374217987
2656,dot_center_candidate,1455.0,814.0,0.12225179374217987
2657,dot_center_candidate,1265.0,1318.0,0.12215322256088257
2658,dot_center_candidate,990.0,1307.0,0.12215322256088257
2659,dot_center_candidate,747.0,1178.0,0.12215322256088257
2660,dot_center_candidate,1237.0,974.0,0.12215322256088257
2661,dot_center_candidate,1194.0,918.0,0.12215322256088257
2662,dot_center_candidate,991.0,1580.0,0.12215320765972137
2663,dot_center_candidate,1379.0,1470.0,0.12215320765972137
2664,dot_center_candidate,1038.0,1375.0,0.12215320765972137
2665,dot_center_candidate,1083.0,1374.0,0.12215320765972137
2666,dot_center_candidate,1427.0,1370.0,0.12215320765972137
2667,dot_center_candidate,1265.0,970.0,0.12215320765972137
2668,dot_center_candidate,1295.0,826.0,0.12215320765972137
2669,dot_center_candidate,1129.0,1256.0,0.12215319275856018
2670,dot_center_candidate,1193.0,1006.0,0.12215319275856018
2671,dot_center_candidate,1055.0,918.0,0.12215319275856018
2672,dot_center_candidate,1295.0,1588.0,0.12205463647842407
2673,dot_center_candidate,1277.0,1570.0,0.12205463647842407
2674,dot_center_candidate,1043.0,982.0,0.12205463647842407
2675,dot_center_candidate,1337.0,958.0,0.12205463647842407
2676,dot_center_candidate,1351.0,1368.0,0.12205462157726288
2677,dot_center_candidate,1193.0,1252.0,0.12205462157726288
2678,dot_center_candidate,1351.0,990.0,0.12205462157726288
2679,dot_center_candidate,1055.0,866.0,0.12205462157726288
2680,dot_center_candidate,1455.0,846.0,0.12205462157726288
2681,dot_center_candidate,1209.0,788.0,0.12205462157726288
2682,dot_center_candidate,1071.0,1510.0,0.12205460667610168
2683,dot_center_candidate,1340.0,1467.0,0.12205460667610168
2684,dot_center_candidate,1383.0,1416.0,0.12205460667610168
2685,dot_center_candidate,1281.0,1256.0,0.12205460667610168
2686,dot_center_candidate,1297.0,1190.0,0.12205460667610168
2687,dot_center_candidate,1235.0,1072.0,0.12205460667610168
2688,dot_center_candidate,993.0,926.0,0.12205460667610168
2689,dot_center_candidate,1069.0,918.0,0.12205460667610168
2690,dot_center_candidate,1191.0,1424.0,0.12195603549480438
2691,dot_center_candidate,1219.0,1406.0,0.12195603549480438
2692,dot_center_candidate,1380.0,1388.0,0.12195603549480438
2693,dot_center_candidate,1209.0,1170.0,0.12195603549480438
2694,dot_center_candidate,1084.0,1154.0,0.12195603549480438
2695,dot_center_candidate,1455.0,786.0,0.12195603549480438
2696,dot_center_candidate,1021.0,1460.0,0.12195602059364319
2697,dot_center_candidate,1205.0,1102.0,0.12195602059364319
2698,dot_center_candidate,1209.0,972.0,0.12195602059364319
2699,dot_center_candidate,1149.0,970.0,0.12195602059364319
2700,dot_center_candidate,1309.0,888.0,0.12195602059364319
2701,dot_center_candidate,1009.0,792.0,0.12195602059364319
2702,dot_center_candidate,1423.0,1600.0,0.12185744941234589
2703,dot_center_candidate,1036.0,1527.0,0.12185744941234589
2704,dot_center_candidate,1115.0,1526.0,0.12185744941234589
2705,dot_center_candidate,1323.0,1450.0,0.12185744941234589
2706,dot_center_candidate,1178.0,1369.0,0.12185744941234589
2707,dot_center_candidate,1223.0,1302.0,0.12185744941234589
2708,dot_center_candidate,1087.0,1070.0,0.12185744941234589
2709,dot_center_candidate,1072.0,1049.0,0.12185744941234589
2710,dot_center_candidate,1309.0,1042.0,0.12185744941234589
2711,dot_center_candidate,1279.0,1390.0,0.12185743451118469
2712,dot_center_candidate,1311.0,1352.0,0.12185743451118469
2713,dot_center_candidate,1007.0,1222.0,0.12185743451118469
2714,dot_center_candidate,1133.0,1020.0,0.12185743451118469
2715,dot_center_candidate,981.0,982.0,0.12185743451118469
2716,dot_center_candidate,1055.0,878.0,0.12185743451118469
2717,dot_center_candidate,1339.0,841.0,0.12185743451118469
2718,dot_center_candidate,1043.0,810.0,0.12185743451118469
2719,dot_center_candidate,1301.0,634.0,0.12185743451118469
2720,dot_center_candidate,1294.0,1571.0,0.12175886332988739
2721,dot_center_candidate,1567.0,1450.0,0.12175886332988739
2722,dot_center_candidate,1410.0,1203.0,0.12175886332988739
2723,dot_center_candidate,1367.0,1202.0,0.12175886332988739
2724,dot_center_candidate,1159.0,1185.0,0.12175886332988739
2725,dot_center_candidate,1087.0,1150.0,0.12175886332988739
2726,dot_center_candidate,1037.0,1544.0,0.1217588484287262
2727,dot_center_candidate,1279.0,1522.0,0.1217588484287262
2728,dot_center_candidate,1159.0,1436.0,0.1217588484287262
2729,dot_center_candidate,1235.0,1086.0,0.1217588484287262
2730,dot_center_candidate,1395.0,1060.0,0.1217588484287262
2731,dot_center_candidate,1053.0,968.0,0.1217588484287262
2732,dot_center_candidate,1179.0,954.0,0.1217588484287262
2733,dot_center_candidate,1113.0,1588.0,0.121758833527565
2734,dot_center_candidate,1115.0,1476.0,0.121758833527565
2735,dot_center_candidate,1279.0,1368.0,0.121758833527565
2736,dot_center_candidate,1399.0,1090.0,0.121758833527565
2737,dot_center_candidate,1341.0,890.0,0.121758833527565
2738,dot_center_candidate,1025.0,1358.0,0.1216602772474289
2739,dot_center_candidate,1381.0,1318.0,0.1216602772474289
2740,dot_center_candidate,1409.0,1154.0,0.1216602772474289
2741,dot_center_candidate,1423.0,1122.0,0.1216602772474289
2742,dot_center_candidate,1193.0,938.0,0.1216602772474289
2743,dot_center_candidate,1071.0,1476.0,0.1216602623462677
2744,dot_center_candidate,1067.0,1476.0,0.1216602623462677
2745,dot_center_candidate,1354.0,1401.0,0.1216602623462677
2746,dot_center_candidate,1175.0,1222.0,0.1216602623462677
2747,dot_center_candidate,1054.0,1137.0,0.1216602623462677
2748,dot_center_candidate,1456.0,1107.0,0.1216602623462677
2749,dot_center_candidate,1299.0,810.0,0.1216602623462677
2750,dot_center_candidate,1479.0,1464.0,0.1216602474451065
2751,dot_center_candidate,1118.0,1339.0,0.1216602474451065
2752,dot_center_candidate,1068.0,1323.0,0.1216602474451065
2753,dot_center_candidate,994.0,1165.0,0.1216602474451065
2754,dot_center_candidate,1413.0,1158.0,0.1216602474451065
2755,dot_center_candidate,1175.0,1004.0,0.1216602474451065
2756,dot_center_candidate,1398.0,1499.0,0.1215616762638092
2757,dot_center_candidate,1083.0,1438.0,0.1215616762638092
2758,dot_center_candidate,1235.0,1424.0,0.1215616762638092
2759,dot_center_candidate,1037.0,1404.0,0.1215616762638092
2760,dot_center_candidate,1310.0,1307.0,0.1215616762638092
2761,dot_center_candidate,1021.0,1306.0,0.1215616762638092
2762,dot_center_candidate,1351.0,1256.0,0.1215616762638092
2763,dot_center_candidate,1279.0,974.0,0.1215616762638092
2764,dot_center_candidate,1381.0,958.0,0.1215616762638092
2765,dot_center_candidate,1115.0,802.0,0.1215616762638092
2766,dot_center_candidate,1013.0,764.0,0.1215616762638092
2767,dot_center_candidate,1067.0,1522.0,0.12156166136264801
2768,dot_center_candidate,1355.0,1436.0,0.12156166136264801
2769,dot_center_candidate,1237.0,1386.0,0.12156166136264801
2770,dot_center_candidate,1145.0,986.0,0.12156166136264801
2771,dot_center_candidate,1208.0,1505.0,0.12146309018135071
2772,dot_center_candidate,979.0,1442.0,0.12146309018135071
2773,dot_center_candidate,991.0,1136.0,0.12146309018135071
2774,dot_center_candidate,1161.0,954.0,0.12146309018135071
2775,dot_center_candidate,1039.0,950.0,0.12146309018135071
2776,dot_center_candidate,1385.0,944.0,0.12146309018135071
2777,dot_center_candidate,1549.0,1596.0,0.12146307528018951
2778,dot_center_candidate,989.0,1474.0,0.12146307528018951
2779,dot_center_candidate,1563.0,1446.0,0.12146307528018951
2780,dot_center_candidate,1337.0,1417.0,0.12146307528018951
2781,dot_center_candidate,1267.0,1206.0,0.12146307528018951
2782,dot_center_candidate,1411.0,1056.0,0.12146307528018951
2783,dot_center_candidate,1279.0,1500.0,0.12146306037902832
2784,dot_center_candidate,1009.0,1494.0,0.12136450409889221
2785,dot_center_candidate,1249.0,1474.0,0.12136450409889221
2786,dot_center_candidate,1367.0,1268.0,0.12136450409889221
2787,dot_center_candidate,1069.0,1222.0,0.12136450409889221
2788,dot_center_candidate,1205.0,1006.0,0.12136450409889221
2789,dot_center_candidate,1337.0,1488.0,0.12136448919773102
2790,dot_center_candidate,1426.0,1383.0,0.12136448919773102
2791,dot_center_candidate,1453.0,1306.0,0.12136448919773102
2792,dot_center_candidate,1324.0,1235.0,0.12136448919773102
2793,dot_center_candidate,1114.0,1185.0,0.12136448919773102
2794,dot_center_candidate,1219.0,1170.0,0.12136448919773102
2795,dot_center_candidate,1145.0,1154.0,0.12136448919773102
2796,dot_center_candidate,1206.0,1435.0,0.12136447429656982
2797,dot_center_candidate,1129.0,1424.0,0.12136447429656982
2798,dot_center_candidate,1177.0,1336.0,0.12136447429656982
2799,dot_center_candidate,975.0,1306.0,0.12136447429656982
2800,dot_center_candidate,1100.0,1251.0,0.12136447429656982
2801,dot_center_candidate,1413.0,958.0,0.12136447429656982
2802,dot_center_candidate,1269.0,822.0,0.12136447429656982
2803,dot_center_candidate,1310.0,1483.0,0.12126591801643372
2804,dot_center_candidate,995.0,1610.0,0.12126590311527252
2805,dot_center_candidate,1113.0,1390.0,0.12126590311527252
2806,dot_center_candidate,1173.0,1322.0,0.12126590311527252
2807,dot_center_candidate,1147.0,1306.0,0.12126590311527252
2808,dot_center_candidate,1176.0,1301.0,0.12126590311527252
2809,dot_center_candidate,1283.0,1222.0,0.12126590311527252
2810,dot_center_candidate,1381.0,1154.0,0.12126590311527252
2811,dot_center_candidate,1163.0,1004.0,0.12126590311527252
2812,dot_center_candidate,1239.0,922.0,0.12126590311527252
2813,dot_center_candidate,1280.0,1467.0,0.12126588821411133
2814,dot_center_candidate,1497.0,1450.0,0.12126588821411133
2815,dot_center_candidate,1297.0,1320.0,0.12126588821411133
2816,dot_center_candidate,1341.0,1092.0,0.12126588821411133
2817,dot_center_candidate,1028.0,815.0,0.12126588821411133
2818,dot_center_candidate,1054.0,1573.0,0.12116731703281403
2819,dot_center_candidate,1103.0,1322.0,0.12116731703281403
2820,dot_center_candidate,1383.0,1126.0,0.12116731703281403
2821,dot_center_candidate,1297.0,1090.0,0.12116731703281403
2822,dot_center_candidate,1249.0,1056.0,0.12116731703281403
2823,dot_center_candidate,1509.0,978.0,0.12116731703281403
2824,dot_center_candidate,1537.0,1596.0,0.12116730213165283
2825,dot_center_candidate,1409.0,1466.0,0.12116730213165283
2826,dot_center_candidate,1353.0,1422.0,0.12116730213165283
2827,dot_center_candidate,1279.0,1351.0,0.12116730213165283
2828,dot_center_candidate,1009.0,1308.0,0.12116730213165283
2829,dot_center_candidate,1206.0,1251.0,0.12116730213165283
2830,dot_center_candidate,1087.0,1172.0,0.12116730213165283
2831,dot_center_candidate,1309.0,922.0,0.12116730213165283
2832,dot_center_candidate,1236.0,1435.0,0.12106873095035553
2833,dot_center_candidate,1383.0,1158.0,0.12106873095035553
2834,dot_center_candidate,1175.0,1542.0,0.12106871604919434
2835,dot_center_candidate,1279.0,1434.0,0.12106871604919434
2836,dot_center_candidate,1381.0,1290.0,0.12106871604919434
2837,dot_center_candidate,1099.0,1285.0,0.12106871604919434
2838,dot_center_candidate,1223.0,1085.0,0.12106871604919434
2839,dot_center_candidate,1537.0,966.0,0.12106871604919434
2840,dot_center_candidate,1131.0,882.0,0.12106871604919434
2841,dot_center_candidate,1295.0,876.0,0.12106871604919434
2842,dot_center_candidate,1043.0,866.0,0.12106871604919434
2843,dot_center_candidate,1437.0,1400.0,0.12106870114803314
2844,dot_center_candidate,1280.0,1357.0,0.12097014486789703
2845,dot_center_candidate,1267.0,1152.0,0.12097014486789703
2846,dot_center_candidate,1098.0,1102.0,0.12097014486789703
2847,dot_center_candidate,1204.0,1569.0,0.12097012996673584
2848,dot_center_candidate,1264.0,1517.0,0.12097012996673584
2849,dot_center_candidate,1425.0,1514.0,0.12097012996673584
2850,dot_center_candidate,1369.0,1466.0,0.12097012996673584
2851,dot_center_candidate,979.0,1422.0,0.12097012996673584
2852,dot_center_candidate,1410.0,1399.0,0.12097012996673584
2853,dot_center_candidate,1279.0,1340.0,0.12097012996673584
2854,dot_center_candidate,1133.0,1222.0,0.12097012996673584
2855,dot_center_candidate,1205.0,1068.0,0.12097012996673584
2856,dot_center_candidate,1269.0,938.0,0.12097012996673584
2857,dot_center_candidate,1054.0,900.0,0.12097012996673584
2858,dot_center_candidate,1301.0,662.0,0.12097012996673584
2859,dot_center_candidate,1235.0,1090.0,0.12097011506557465
2860,dot_center_candidate,705.0,1845.0,0.12097010016441345
2861,dot_center_candidate,1188.0,1553.0,0.12087154388427734
2862,dot_center_candidate,1223.0,1422.0,0.12087154388427734
2863,dot_center_candidate,1383.0,1350.0,0.12087154388427734
2864,dot_center_candidate,1007.0,1342.0,0.12087154388427734
2865,dot_center_candidate,1117.0,1272.0,0.12087154388427734
2866,dot_center_candidate,1295.0,1224.0,0.12087154388427734
2867,dot_center_candidate,1253.0,1152.0,0.12087154388427734
2868,dot_center_candidate,1410.0,1105.0,0.12087154388427734
2869,dot_center_candidate,1103.0,1020.0,0.12087154388427734
2870,dot_center_candidate,1068.0,984.0,0.12087154388427734
2871,dot_center_candidate,1073.0,934.0,0.12087154388427734
2872,dot_center_candidate,1381.0,846.0,0.12087154388427734
2873,dot_center_candidate,1399.0,828.0,0.12087154388427734
2874,dot_center_candidate,1083.0,1522.0,0.12087152898311615
2875,dot_center_candidate,1098.0,1475.0,0.12087152898311615
2876,dot_center_candidate,1173.0,1457.0,0.12087152898311615
2877,dot_center_candidate,1041.0,1306.0,0.12087152898311615
2878,dot_center_candidate,1509.0,1269.0,0.12087152898311615
2879,dot_center_candidate,1278.0,1105.0,0.12087152898311615
2880,dot_center_candidate,1297.0,988.0,0.12087152898311615
2881,dot_center_candidate,1113.0,1488.0,0.12077295780181885
2882,dot_center_candidate,1009.0,1422.0,0.12077295780181885
2883,dot_center_candidate,1203.0,1390.0,0.12077295780181885
2884,dot_center_candidate,1496.0,837.0,0.12077295780181885
2885,dot_center_candidate,1397.0,1584.0,0.12077294290065765
2886,dot_center_candidate,1083.0,1578.0,0.12077294290065765
2887,dot_center_candidate,1143.0,1474.0,0.12077294290065765
2888,dot_center_candidate,1496.0,1399.0,0.12077294290065765
2889,dot_center_candidate,1553.0,1302.0,0.12077294290065765
2890,dot_center_candidate,1037.0,1252.0,0.12077294290065765
2891,dot_center_candidate,1037.0,1238.0,0.12077294290065765
2892,dot_center_candidate,1411.0,828.0,0.12077294290065765
2893,dot_center_candidate,1043.0,1034.0,0.12077292799949646
2894,dot_center_candidate,1253.0,974.0,0.12077292799949646
2895,dot_center_candidate,1161.0,1542.0,0.12067437171936035
2896,dot_center_candidate,1395.0,942.0,0.12067437171936035
2897,dot_center_candidate,1133.0,770.0,0.12067437171936035
2898,dot_center_candidate,1009.0,764.0,0.12067437171936035
2899,dot_center_candidate,1163.0,1488.0,0.12067435681819916
2900,dot_center_candidate,1145.0,1470.0,0.12067435681819916
2901,dot_center_candidate,1207.0,1352.0,0.12067435681819916
2902,dot_center_candidate,1397.0,1350.0,0.12067435681819916
2903,dot_center_candidate,1323.0,1058.0,0.12067435681819916
2904,dot_center_candidate,1355.0,994.0,0.12067435681819916
2905,dot_center_candidate,1352.0,1537.0,0.12067434191703796
2906,dot_center_candidate,1538.0,1365.0,0.12067434191703796
2907,dot_center_candidate,1145.0,1324.0,0.12067434191703796
2908,dot_center_candidate,1367.0,1258.0,0.12067434191703796
2909,dot_center_candidate,1308.0,1107.0,0.12067434191703796
2910,dot_center_candidate,1354.0,1071.0,0.12067434191703796
2911,dot_center_candidate,1351.0,926.0,0.12057578563690186
2912,dot_center_candidate,1306.0,1567.0,0.12057577073574066
2913,dot_center_candidate,1114.0,1559.0,0.12057577073574066
2914,dot_center_candidate,1279.0,1533.0,0.12057577073574066
2915,dot_center_candidate,1277.0,1372.0,0.12057577073574066
2916,dot_center_candidate,1309.0,1340.0,0.12057577073574066
2917,dot_center_candidate,1423.0,1318.0,0.12057577073574066
2918,dot_center_candidate,1114.0,1285.0,0.12057577073574066
2919,dot_center_candidate,1307.0,1138.0,0.12057577073574066
2920,dot_center_candidate,1279.0,1022.0,0.12057577073574066
2921,dot_center_candidate,1453.0,1008.0,0.12057577073574066
2922,dot_center_candidate,1307.0,1516.0,0.12057575583457947
2923,dot_center_candidate,1352.0,1087.0,0.12057575583457947
2924,dot_center_candidate,1371.0,990.0,0.12057575583457947
2925,dot_center_candidate,1209.0,952.0,0.12057575583457947
2926,dot_center_candidate,1160.0,921.0,0.12057575583457947
2927,dot_center_candidate,1131.0,786.0,0.12057575583457947
2928,dot_center_candidate,1115.0,1510.0,0.12047718465328217
2929,dot_center_candidate,1251.0,1434.0,0.12047718465328217
2930,dot_center_candidate,1041.0,1286.0,0.12047718465328217
2931,dot_center_candidate,1341.0,972.0,0.12047718465328217
2932,dot_center_candidate,1537.0,854.0,0.12047718465328217
2933,dot_center_candidate,1143.0,1554.0,0.12047716975212097
2934,dot_center_candidate,1192.0,1519.0,0.12047716975212097
2935,dot_center_candidate,1006.0,1477.0,0.12047716975212097
2936,dot_center_candidate,989.0,1322.0,0.12047716975212097
2937,dot_center_candidate,1057.0,1306.0,0.12047716975212097
2938,dot_center_candidate,1367.0,1186.0,0.12047716975212097
2939,dot_center_candidate,979.0,1131.0,0.12047716975212097
2940,dot_center_candidate,1353.0,1126.0,0.12047716975212097
2941,dot_center_candidate,977.0,1018.0,0.12047716975212097
2942,dot_center_candidate,1327.0,1058.0,0.12037859857082367
2943,dot_center_candidate,1189.0,1490.0,0.12037858366966248
2944,dot_center_candidate,1163.0,1406.0,0.12037858366966248
2945,dot_center_candidate,1340.0,1401.0,0.12037858366966248
2946,dot_center_candidate,1163.0,1234.0,0.12037858366966248
2947,dot_center_candidate,1527.0,1158.0,0.12037858366966248
2948,dot_center_candidate,1221.0,1124.0,0.12037858366966248
2949,dot_center_candidate,1353.0,874.0,0.12037858366966248
2950,dot_center_candidate,1249.0,838.0,0.12037858366966248
2951,dot_center_candidate,1525.0,790.0,0.12037858366966248
2952,dot_center_candidate,1367.0,778.0,0.12037858366966248
2953,dot_center_candidate,1131.0,766.0,0.12037858366966248
2954,dot_center_candidate,1277.0,1538.0,0.12037856876850128
2955,dot_center_candidate,1412.0,1433.0,0.12037856876850128
2956,dot_center_candidate,1511.0,786.0,0.12037856876850128
2957,dot_center_candidate,1133.0,1070.0,0.12028001248836517
2958,dot_center_candidate,1471.0,930.0,0.12028001248836517
2959,dot_center_candidate,1365.0,1586.0,0.12027999758720398
2960,dot_center_candidate,1191.0,1336.0,0.12027999758720398
2961,dot_center_candidate,1323.0,1254.0,0.12027999758720398
2962,dot_center_candidate,1263.0,1238.0,0.12027999758720398
2963,dot_center_candidate,1355.0,1220.0,0.12027999758720398
2964,dot_center_candidate,1295.0,1174.0,0.12027999758720398
2965,dot_center_candidate,1396.0,1007.0,0.12027999758720398
2966,dot_center_candidate,1327.0,960.0,0.12027999758720398
2967,dot_center_candidate,1293.0,938.0,0.12027999758720398
2968,dot_center_candidate,1132.0,921.0,0.12027999758720398
2969,dot_center_candidate,1023.0,848.0,0.12027999758720398
2970,dot_center_candidate,1207.0,784.0,0.12027999758720398
2971,dot_center_candidate,1203.0,1506.0,0.12027998268604279
2972,dot_center_candidate,1071.0,1454.0,0.12018142640590668
2973,dot_center_candidate,1159.0,1338.0,0.12018142640590668
2974,dot_center_candidate,1326.0,1207.0,0.12018142640590668
2975,dot_center_candidate,1355.0,1122.0,0.12018142640590668
2976,dot_center_candidate,1189.0,1238.0,0.12018141150474548
2977,dot_center_candidate,1324.0,1549.0,0.12018139660358429
2978,dot_center_candidate,1311.0,1434.0,0.12018139660358429
2979,dot_center_candidate,1551.0,1430.0,0.12018139660358429
2980,dot_center_candidate,1204.0,1373.0,0.12018139660358429
2981,dot_center_candidate,1083.0,1340.0,0.12018139660358429
2982,dot_center_candidate,1325.0,1306.0,0.12018139660358429
2983,dot_center_candidate,1248.0,1287.0,0.12018139660358429
2984,dot_center_candidate,1369.0,1060.0,0.12018139660358429
2985,dot_center_candidate,1511.0,1058.0,0.12018139660358429
2986,dot_center_candidate,1311.0,1058.0,0.12018139660358429
2987,dot_center_candidate,1340.0,1043.0,0.12018139660358429
2988,dot_center_candidate,1324.0,1021.0,0.12018139660358429
2989,dot_center_candidate,1216.0,629.0,0.12018139660358429
2990,dot_center_candidate,1143.0,1490.0,0.12008282542228699
2991,dot_center_candidate,1381.0,1482.0,0.12008282542228699
2992,dot_center_candidate,1205.0,1368.0,0.12008282542228699
2993,dot_center_candidate,1249.0,1336.0,0.12008282542228699
2994,dot_center_candidate,1036.0,1321.0,0.12008282542228699
2995,dot_center_candidate,1041.0,1290.0,0.12008282542228699
2996,dot_center_candidate,1253.0,990.0,0.12008282542228699
2997,dot_center_candidate,1369.0,810.0,0.12008282542228699
2998,dot_center_candidate,1411.0,780.0,0.12008282542228699
2999,dot_center_candidate,1036.0,1475.0,0.1200828105211258
3000,dot_center_candidate,1117.0,1420.0,0.1200828105211258
3001,dot_center_candidate,1483.0,1322.0,0.1200828105211258
3002,dot_center_candidate,1311.0,1302.0,0.1200828105211258
3003,dot_center_candidate,1409.0,1254.0,0.1200828105211258
3004,dot_center_candidate,1207.0,1224.0,0.1200828105211258
3005,dot_center_candidate,1455.0,884.0,0.1200828105211258
3006,dot_center_candidate,1339.0,826.0,0.1200828105211258
3007,dot_center_candidate,1252.0,1585.0,0.1200827956199646
3008,dot_center_candidate,1365.0,1454.0,0.1200827956199646
3009,dot_center_candidate,1369.0,1454.0,0.11998423933982849
3010,dot_center_candidate,1395.0,1372.0,0.11998423933982849
3011,dot_center_candidate,1083.0,1202.0,0.11998423933982849
3012,dot_center_candidate,1413.0,1174.0,0.11998423933982849
3013,dot_center_candidate,1009.0,1592.0,0.1199842244386673
3014,dot_center_candidate,1055.0,1510.0,0.1199842244386673
3015,dot_center_candidate,1567.0,1386.0,0.1199842244386673
3016,dot_center_candidate,1100.0,1121.0,0.1199842244386673
3017,dot_center_candidate,1427.0,1078.0,0.1199842244386673
3018,dot_center_candidate,1265.0,1024.0,0.1199842244386673
3019,dot_center_candidate,777.0,1404.0,0.1199842095375061
3020,dot_center_candidate,1297.0,1388.0,0.1199842095375061
3021,dot_center_candidate,1174.0,1285.0,0.1199842095375061
3022,dot_center_candidate,1293.0,1236.0,0.1199842095375061
3023,dot_center_candidate,1144.0,1189.0,0.1199842095375061
3024,dot_center_candidate,1223.0,1168.0,0.1199842095375061
3025,dot_center_candidate,1007.0,982.0,0.1199842095375061
3026,dot_center_candidate,1313.0,794.0,0.1199842095375061
3027,dot_center_candidate,1105.0,782.0,0.1199842095375061
3028,dot_center_candidate,1427.0,1122.0,0.11988565325737
3029,dot_center_candidate,1251.0,1002.0,0.11988565325737
3030,dot_center_candidate,1351.0,1586.0,0.1198856383562088
3031,dot_center_candidate,1147.0,1558.0,0.1198856383562088
3032,dot_center_candidate,1296.0,1517.0,0.1198856383562088
3033,dot_center_candidate,1480.0,1355.0,0.1198856383562088
3034,dot_center_candidate,1129.0,1100.0,0.1198856383562088
3035,dot_center_candidate,1117.0,1504.0,0.11988562345504761
3036,dot_center_candidate,1083.0,1391.0,0.11988562345504761
3037,dot_center_candidate,994.0,1357.0,0.11988562345504761
3038,dot_center_candidate,1425.0,1350.0,0.11988562345504761
3039,dot_center_candidate,1011.0,1154.0,0.11988562345504761
3040,dot_center_candidate,1312.0,877.0,0.11988562345504761
3041,dot_center_candidate,1073.0,1170.0,0.1197870671749115
3042,dot_center_candidate,1379.0,1584.0,0.1197870522737503
3043,dot_center_candidate,1087.0,1492.0,0.1197870522737503
3044,dot_center_candidate,1451.0,1432.0,0.1197870522737503
3045,dot_center_candidate,1413.0,1222.0,0.1197870522737503
3046,dot_center_candidate,1267.0,1156.0,0.1197870522737503
3047,dot_center_candidate,1523.0,978.0,0.1197870522737503
3048,dot_center_candidate,1399.0,942.0,0.1197870522737503
3049,dot_center_candidate,1383.0,782.0,0.1197870522737503
3050,dot_center_candidate,1395.0,1602.0,0.11978703737258911
3051,dot_center_candidate,1219.0,1602.0,0.11978703737258911
3052,dot_center_candidate,1040.0,1591.0,0.11978703737258911
3053,dot_center_candidate,1263.0,1484.0,0.11978703737258911
3054,dot_center_candidate,1282.0,1455.0,0.11978703737258911
3055,dot_center_candidate,1423.0,1404.0,0.11978703737258911
3056,dot_center_candidate,1452.0,1399.0,0.11978703737258911
3057,dot_center_candidate,1451.0,1254.0,0.11978703737258911
3058,dot_center_candidate,1160.0,1240.0,0.11978703737258911
3059,dot_center_candidate,1293.0,1206.0,0.11978703737258911
3060,dot_center_candidate,1367.0,1170.0,0.11978703737258911
3061,dot_center_candidate,1149.0,1154.0,0.11978703737258911
3062,dot_center_candidate,1234.0,1123.0,0.11978703737258911
3063,dot_center_candidate,1037.0,1018.0,0.11978703737258911
3064,dot_center_candidate,1160.0,869.0,0.11978703737258911
3065,dot_center_candidate,1327.0,794.0,0.11978703737258911
3066,dot_center_candidate,1131.0,1576.0,0.11968846619129181
3067,dot_center_candidate,1267.0,1422.0,0.11968846619129181
3068,dot_center_candidate,1293.0,1406.0,0.11968846619129181
3069,dot_center_candidate,1145.0,1070.0,0.11968846619129181
3070,dot_center_candidate,1399.0,1060.0,0.11968846619129181
3071,dot_center_candidate,1099.0,1032.0,0.11968846619129181
3072,dot_center_candidate,1484.0,929.0,0.11968846619129181
3073,dot_center_candidate,1159.0,1574.0,0.11968845129013062
3074,dot_center_candidate,1237.0,1570.0,0.11968845129013062
3075,dot_center_candidate,1219.0,1486.0,0.11968845129013062
3076,dot_center_candidate,1041.0,1442.0,0.11968845129013062
3077,dot_center_candidate,1218.0,1423.0,0.11968845129013062
3078,dot_center_candidate,1293.0,1418.0,0.11968845129013062
3079,dot_center_candidate,1025.0,1404.0,0.11968845129013062
3080,dot_center_candidate,1453.0,1366.0,0.11968845129013062
3081,dot_center_candidate,1455.0,1290.0,0.11968845129013062
3082,dot_center_candidate,1355.0,1092.0,0.11968845129013062
3083,dot_center_candidate,1369.0,1022.0,0.11968845129013062
3084,dot_center_candidate,1312.0,1021.0,0.11968845129013062
3085,dot_center_candidate,1265.0,874.0,0.11968845129013062
3086,dot_center_candidate,1149.0,836.0,0.11968845129013062
3087,dot_center_candidate,1537.0,822.0,0.11968845129013062
3088,dot_center_candidate,1336.0,1549.0,0.11968843638896942
3089,dot_center_candidate,1355.0,1318.0,0.11968843638896942
3090,dot_center_candidate,1428.0,1025.0,0.11968843638896942
3091,dot_center_candidate,1455.0,1416.0,0.11958988010883331
3092,dot_center_candidate,1323.0,1406.0,0.11958988010883331
3093,dot_center_candidate,1219.0,1286.0,0.11958988010883331
3094,dot_center_candidate,1469.0,1546.0,0.11958986520767212
3095,dot_center_candidate,1179.0,1122.0,0.11958986520767212
3096,dot_center_candidate,1267.0,1118.0,0.11958986520767212
3097,dot_center_candidate,1397.0,990.0,0.11958986520767212
3098,dot_center_candidate,1069.0,947.0,0.11958986520767212
3099,dot_center_candidate,1131.0,938.0,0.11958986520767212
3100,dot_center_candidate,1367.0,910.0,0.11958986520767212
3101,dot_center_candidate,1279.0,890.0,0.11958986520767212
3102,dot_center_candidate,1115.0,852.0,0.11958986520767212
3103,dot_center_candidate,1283.0,794.0,0.11958986520767212
3104,dot_center_candidate,1481.0,784.0,0.11958986520767212
3105,dot_center_candidate,1249.0,1573.0,0.11958985030651093
3106,dot_center_candidate,1263.0,1138.0,0.11958985030651093
3107,dot_center_candidate,1293.0,1006.0,0.11949129402637482
3108,dot_center_candidate,1605.0,1594.0,0.11949127912521362
3109,dot_center_candidate,978.0,1525.0,0.11949127912521362
3110,dot_center_candidate,1056.0,1405.0,0.11949127912521362
3111,dot_center_candidate,1354.0,1351.0,0.11949127912521362
3112,dot_center_candidate,1265.0,1336.0,0.11949127912521362
3113,dot_center_candidate,1399.0,1270.0,0.11949127912521362
3114,dot_center_candidate,1085.0,1222.0,0.11949127912521362
3115,dot_center_candidate,1338.0,989.0,0.11949127912521362
3116,dot_center_candidate,1145.0,886.0,0.11949127912521362
3117,dot_center_candidate,1071.0,818.0,0.11949127912521362
3118,dot_center_candidate,1191.0,806.0,0.11949127912521362
3119,dot_center_candidate,1383.0,778.0,0.11949127912521362
3120,dot_center_candidate,1189.0,1524.0,0.11949126422405243
3121,dot_center_candidate,1508.0,1435.0,0.11949126422405243
3122,dot_center_candidate,1368.0,1417.0,0.11949126422405243
3123,dot_center_candidate,1467.0,1404.0,0.11949126422405243
3124,dot_center_candidate,1193.0,1390.0,0.11949126422405243
3125,dot_center_candidate,1413.0,1384.0,0.11949126422405243
3126,dot_center_candidate,1325.0,1318.0,0.11949126422405243
3127,dot_center_candidate,1439.0,1192.0,0.11949126422405243
3128,dot_center_candidate,1239.0,806.0,0.11949126422405243
3129,dot_center_candidate,869.0,1802.0,0.11939269304275513
3130,dot_center_candidate,1206.0,1535.0,0.11939269304275513
3131,dot_center_candidate,1146.0,1509.0,0.11939269304275513
3132,dot_center_candidate,1397.0,1422.0,0.11939269304275513
3133,dot_center_candidate,1367.0,960.0,0.11939269304275513
3134,dot_center_candidate,1279.0,942.0,0.11939269304275513
3135,dot_center_candidate,1342.0,925.0,0.11939269304275513
3136,dot_center_candidate,1397.0,782.0,0.11939269304275513
3137,dot_center_candidate,1237.0,1206.0,0.11939267814159393
3138,dot_center_candidate,1311.0,1136.0,0.11939267814159393
3139,dot_center_candidate,1467.0,1122.0,0.11939267814159393
3140,dot_center_candidate,1441.0,1008.0,0.11939267814159393
3141,dot_center_candidate,1355.0,1486.0,0.11939266324043274
3142,dot_center_candidate,1295.0,860.0,0.11939266324043274
3143,dot_center_candidate,1101.0,768.0,0.11939266324043274
3144,dot_center_candidate,1236.0,1535.0,0.11929410696029663
3145,dot_center_candidate,1036.0,1387.0,0.11929410696029663
3146,dot_center_candidate,1322.0,1219.0,0.11929410696029663
3147,dot_center_candidate,1439.0,1154.0,0.11929410696029663
3148,dot_center_candidate,1179.0,1038.0,0.11929410696029663
3149,dot_center_candidate,1469.0,884.0,0.11929410696029663
3150,dot_center_candidate,1149.0,788.0,0.11929410696029663
3151,dot_center_candidate,733.0,1866.0,0.11929409205913544
3152,dot_center_candidate,940.0,1803.0,0.11929409205913544
3153,dot_center_candidate,1336.0,1599.0,0.11929409205913544
3154,dot_center_candidate,1067.0,1594.0,0.11929409205913544
3155,dot_center_candidate,1204.0,1586.0,0.11929409205913544
3156,dot_center_candidate,1495.0,1318.0,0.11929409205913544
3157,dot_center_candidate,1307.0,1254.0,0.11929409205913544
3158,dot_center_candidate,1369.0,1224.0,0.11929409205913544
3159,dot_center_candidate,1408.0,1583.0,0.11929407715797424
3160,dot_center_candidate,1252.0,1439.0,0.11929407715797424
3161,dot_center_candidate,1233.0,1356.0,0.11929407715797424
3162,dot_center_candidate,1087.0,1256.0,0.11929407715797424
3163,dot_center_candidate,1423.0,1174.0,0.11929407715797424
3164,dot_center_candidate,723.0,1854.0,0.11919552087783813
3165,dot_center_candidate,1071.0,1442.0,0.11919552087783813
3166,dot_center_candidate,1350.0,1385.0,0.11919552087783813
3167,dot_center_candidate,1085.0,952.0,0.11919552087783813
3168,dot_center_candidate,1053.0,934.0,0.11919552087783813
3169,dot_center_candidate,1325.0,808.0,0.11919552087783813
3170,dot_center_candidate,1023.0,794.0,0.11919552087783813
3171,dot_center_candidate,1279.0,1584.0,0.11919550597667694
3172,dot_center_candidate,1295.0,1538.0,0.11919550597667694
3173,dot_center_candidate,1511.0,1512.0,0.11919550597667694
3174,dot_center_candidate,1051.0,1456.0,0.11919550597667694
3175,dot_center_candidate,1410.0,1449.0,0.11919550597667694
3176,dot_center_candidate,1037.0,1442.0,0.11919550597667694
3177,dot_center_candidate,1051.0,1374.0,0.11919550597667694
3178,dot_center_candidate,1056.0,1285.0,0.11919550597667694
3179,dot_center_candidate,1379.0,1598.0,0.11919549107551575
3180,dot_center_candidate,1082.0,1543.0,0.11919549107551575
3181,dot_center_candidate,1022.0,1471.0,0.11919549107551575
3182,dot_center_candidate,1453.0,1274.0,0.11919549107551575
3183,dot_center_candidate,1179.0,1154.0,0.11919549107551575
3184,dot_center_candidate,1327.0,894.0,0.11919549107551575
3185,dot_center_candidate,1309.0,1268.0,0.11909693479537964
3186,dot_center_candidate,1219.0,1256.0,0.11909693479537964
3187,dot_center_candidate,1069.0,1556.0,0.11909691989421844
3188,dot_center_candidate,1355.0,1516.0,0.11909691989421844
3189,dot_center_candidate,1009.0,1512.0,0.11909691989421844
3190,dot_center_candidate,1437.0,1482.0,0.11909691989421844
3191,dot_center_candidate,1396.0,1465.0,0.11909691989421844
3192,dot_center_candidate,1117.0,1154.0,0.11909691989421844
3193,dot_center_candidate,1437.0,1058.0,0.11909691989421844
3194,dot_center_candidate,1441.0,932.0,0.11909691989421844
3195,dot_center_candidate,1177.0,1608.0,0.11909690499305725
3196,dot_center_candidate,1292.0,1517.0,0.11909690499305725
3197,dot_center_candidate,1067.0,1154.0,0.11909690499305725
3198,dot_center_candidate,1179.0,1051.0,0.11909690499305725
3199,dot_center_candidate,1381.0,990.0,0.11909690499305725
3200,dot_center_candidate,1163.0,982.0,0.11909690499305725
3201,dot_center_candidate,1277.0,1488.0,0.11899833381175995
3202,dot_center_candidate,979.0,1408.0,0.11899833381175995
3203,dot_center_candidate,1353.0,1406.0,0.11899833381175995
3204,dot_center_candidate,1367.0,1340.0,0.11899833381175995
3205,dot_center_candidate,1397.0,1094.0,0.11899833381175995
3206,dot_center_candidate,1341.0,976.0,0.11899833381175995
3207,dot_center_candidate,1453.0,932.0,0.11899833381175995
3208,dot_center_candidate,1341.0,874.0,0.11899833381175995
3209,dot_center_candidate,1565.0,1590.0,0.11899831891059875
3210,dot_center_candidate,1203.0,1490.0,0.11899831891059875
3211,dot_center_candidate,1219.0,1474.0,0.11899831891059875
3212,dot_center_candidate,1480.0,1399.0,0.11899831891059875
3213,dot_center_candidate,1292.0,1385.0,0.11899831891059875
3214,dot_center_candidate,1189.0,1385.0,0.11899831891059875
3215,dot_center_candidate,1056.0,1341.0,0.11899831891059875
3216,dot_center_candidate,1025.0,1336.0,0.11899831891059875
3217,dot_center_candidate,1113.0,1256.0,0.11899831891059875
3218,dot_center_candidate,1007.0,1256.0,0.11899831891059875
3219,dot_center_candidate,1311.0,1236.0,0.11899831891059875
3220,dot_center_candidate,1323.0,1224.0,0.11899831891059875
3221,dot_center_candidate,1129.0,1066.0,0.11899831891059875
3222,dot_center_candidate,1383.0,826.0,0.11899831891059875
3223,dot_center_candidate,1353.0,825.0,0.11899831891059875
3224,dot_center_candidate,1499.0,786.0,0.11899831891059875
3225,dot_center_candidate,997.0,762.0,0.11899831891059875
3226,dot_center_candidate,1233.0,1322.0,0.11889974772930145
3227,dot_center_candidate,1087.0,1606.0,0.11889973282814026
3228,dot_center_candidate,1173.0,1537.0,0.11889973282814026
3229,dot_center_candidate,1005.0,1528.0,0.11889973282814026
3230,dot_center_candidate,1173.0,1424.0,0.11889973282814026
3231,dot_center_candidate,1233.0,1372.0,0.11889973282814026
3232,dot_center_candidate,1295.0,1340.0,0.11889973282814026
3233,dot_center_candidate,1323.0,1268.0,0.11889973282814026
3234,dot_center_candidate,1205.0,1168.0,0.11889973282814026
3235,dot_center_candidate,1251.0,958.0,0.11889973282814026
3236,dot_center_candidate,1239.0,840.0,0.11889973282814026
3237,dot_center_candidate,1352.0,1499.0,0.11889971792697906
3238,dot_center_candidate,1281.0,1484.0,0.11889971792697906
3239,dot_center_candidate,1523.0,1382.0,0.11889971792697906
3240,dot_center_candidate,1193.0,888.0,0.11889971792697906
3241,dot_center_candidate,1411.0,800.0,0.11889971792697906
3242,dot_center_candidate,1022.0,1579.0,0.11880114674568176
3243,dot_center_candidate,1307.0,1472.0,0.11880114674568176
3244,dot_center_candidate,1321.0,1418.0,0.11880114674568176
3245,dot_center_candidate,1249.0,1340.0,0.11880114674568176
3246,dot_center_candidate,1395.0,1254.0,0.11880114674568176
3247,dot_center_candidate,1021.0,1234.0,0.11880114674568176
3248,dot_center_candidate,1235.0,1052.0,0.11880114674568176
3249,dot_center_candidate,1497.0,1026.0,0.11880114674568176
3250,dot_center_candidate,1221.0,951.0,0.11880114674568176
3251,dot_center_candidate,1399.0,926.0,0.11880114674568176
3252,dot_center_candidate,1325.0,1454.0,0.11880113184452057
3253,dot_center_candidate,1117.0,1306.0,0.11880113184452057
3254,dot_center_candidate,1441.0,1106.0,0.11880113184452057
3255,dot_center_candidate,1116.0,1105.0,0.11880113184452057
3256,dot_center_candidate,1309.0,906.0,0.11880113184452057
3257,dot_center_candidate,1021.0,1526.0,0.11870256066322327
3258,dot_center_candidate,1147.0,1492.0,0.11870256066322327
3259,dot_center_candidate,1580.0,1447.0,0.11870256066322327
3260,dot_center_candidate,1193.0,1406.0,0.11870256066322327
3261,dot_center_candidate,1399.0,1072.0,0.11870256066322327
3262,dot_center_candidate,1441.0,898.0,0.11870256066322327
3263,dot_center_candidate,1263.0,1390.0,0.11870254576206207
3264,dot_center_candidate,1467.0,1252.0,0.11870254576206207
3265,dot_center_candidate,1189.0,1252.0,0.11870254576206207
3266,dot_center_candidate,1384.0,1203.0,0.11870254576206207
3267,dot_center_candidate,1129.0,1084.0,0.11870254576206207
3268,dot_center_candidate,1441.0,910.0,0.11870254576206207
3269,dot_center_candidate,991.0,1563.0,0.11860397458076477
3270,dot_center_candidate,1307.0,1286.0,0.11860397458076477
3271,dot_center_candidate,1495.0,946.0,0.11860397458076477
3272,dot_center_candidate,1395.0,926.0,0.11860397458076477
3273,dot_center_candidate,1284.0,873.0,0.11860397458076477
3274,dot_center_candidate,1467.0,798.0,0.11860397458076477
3275,dot_center_candidate,1193.0,1606.0,0.11860395967960358
3276,dot_center_candidate,1263.0,1552.0,0.11860395967960358
3277,dot_center_candidate,1223.0,1488.0,0.11860395967960358
3278,dot_center_candidate,1117.0,1390.0,0.11860395967960358
3279,dot_center_candidate,1323.0,1372.0,0.11860395967960358
3280,dot_center_candidate,1341.0,1286.0,0.11860395967960358
3281,dot_center_candidate,1367.0,974.0,0.11860395967960358
3282,dot_center_candidate,1221.0,836.0,0.11860395967960358
3283,dot_center_candidate,1007.0,1410.0,0.11850538849830627
3284,dot_center_candidate,1397.0,1170.0,0.11850538849830627
3285,dot_center_candidate,1352.0,1109.0,0.11850538849830627
3286,dot_center_candidate,1239.0,886.0,0.11850538849830627
3287,dot_center_candidate,1675.0,1750.0,0.11850537359714508
3288,dot_center_candidate,1321.0,1602.0,0.11850537359714508
3289,dot_center_candidate,1277.0,1554.0,0.11850537359714508
3290,dot_center_candidate,993.0,1473.0,0.11850537359714508
3291,dot_center_candidate,1235.0,1190.0,0.11850537359714508
3292,dot_center_candidate,1311.0,1154.0,0.11850537359714508
3293,dot_center_candidate,1523.0,1026.0,0.11850537359714508
3294,dot_center_candidate,1087.0,1542.0,0.11850535869598389
3295,dot_center_candidate,1129.0,1032.0,0.11850535869598389
3296,dot_center_candidate,1011.0,882.0,0.11850535869598389
3297,dot_center_candidate,1179.0,872.0,0.11850535869598389
3298,dot_center_candidate,1523.0,822.0,0.11850535869598389
3299,dot_center_candidate,1179.0,888.0,0.11840680241584778
3300,dot_center_candidate,1101.0,1526.0,0.11840678751468658
3301,dot_center_candidate,1237.0,1440.0,0.11840678751468658
3302,dot_center_candidate,1249.0,1190.0,0.11840678751468658
3303,dot_center_candidate,1194.0,985.0,0.11840678751468658
3304,dot_center_candidate,1327.0,974.0,0.11840678751468658
3305,dot_center_candidate,1293.0,1422.0,0.11840677261352539
3306,dot_center_candidate,1497.0,1350.0,0.11840677261352539
3307,dot_center_candidate,1129.0,1188.0,0.11840677261352539
3308,dot_center_candidate,1011.0,1170.0,0.11840677261352539
3309,dot_center_candidate,1087.0,1104.0,0.11840677261352539
3310,dot_center_candidate,1327.0,1090.0,0.11840677261352539
3311,dot_center_candidate,1381.0,942.0,0.11840677261352539
3312,dot_center_candidate,1131.0,815.0,0.11840677261352539
3313,dot_center_candidate,1265.0,1506.0,0.11830820143222809
3314,dot_center_candidate,1296.0,1501.0,0.11830820143222809
3315,dot_center_candidate,1099.0,1426.0,0.11830820143222809
3316,dot_center_candidate,1439.0,1372.0,0.11830820143222809
3317,dot_center_candidate,1355.0,1322.0,0.11830820143222809
3318,dot_center_candidate,1324.0,1175.0,0.11830820143222809
3319,dot_center_candidate,1253.0,1106.0,0.11830820143222809
3320,dot_center_candidate,1145.0,1054.0,0.11830820143222809
3321,dot_center_candidate,1367.0,990.0,0.11830820143222809
3322,dot_center_candidate,1281.0,1406.0,0.1183081865310669
3323,dot_center_candidate,1397.0,1340.0,0.1183081865310669
3324,dot_center_candidate,1395.0,1224.0,0.1183081865310669
3325,dot_center_candidate,1293.0,1154.0,0.1183081865310669
3326,dot_center_candidate,1381.0,1138.0,0.1183081865310669
3327,dot_center_candidate,1179.0,1088.0,0.1183081865310669
3328,dot_center_candidate,1453.0,980.0,0.1183081865310669
3329,dot_center_candidate,1353.0,912.0,0.1183081865310669
3330,dot_center_candidate,1413.0,784.0,0.1183081865310669
3331,dot_center_candidate,1381.0,1072.0,0.11820961534976959
3332,dot_center_candidate,1424.0,959.0,0.11820961534976959
3333,dot_center_candidate,1309.0,942.0,0.11820961534976959
3334,dot_center_candidate,1189.0,1569.0,0.1182096004486084
3335,dot_center_candidate,1263.0,1522.0,0.1182096004486084
3336,dot_center_candidate,1235.0,1474.0,0.1182096004486084
3337,dot_center_candidate,1307.0,1222.0,0.1182096004486084
3338,dot_center_candidate,1409.0,1074.0,0.1182096004486084
3339,dot_center_candidate,1099.0,986.0,0.1182096004486084
3340,dot_center_candidate,1383.0,930.0,0.1182096004486084
3341,dot_center_candidate,1281.0,926.0,0.1182096004486084
3342,dot_center_candidate,1309.0,794.0,0.1182096004486084
3343,dot_center_candidate,1135.0,786.0,0.1182096004486084
3344,dot_center_candidate,1235.0,770.0,0.1182096004486084
3345,dot_center_candidate,1253.0,1256.0,0.1182095855474472
3346,dot_center_candidate,1495.0,786.0,0.1182095855474472
3347,dot_center_candidate,1133.0,1370.0,0.1181110292673111
3348,dot_center_candidate,1383.0,1274.0,0.1181110292673111
3349,dot_center_candidate,1509.0,882.0,0.1181110292673111
3350,dot_center_candidate,1038.0,1579.0,0.1181110143661499
3351,dot_center_candidate,1234.0,1501.0,0.1181110143661499
3352,dot_center_candidate,1206.0,1307.0,0.1181110143661499
3353,dot_center_candidate,1380.0,1171.0,0.1181110143661499
3354,dot_center_candidate,1159.0,1088.0,0.1181110143661499
3355,dot_center_candidate,1357.0,974.0,0.1181110143661499
3356,dot_center_candidate,1337.0,858.0,0.1181110143661499
3357,dot_center_candidate,1253.0,842.0,0.1181110143661499
3358,dot_center_candidate,1131.0,836.0,0.1181110143661499
3359,dot_center_candidate,909.0,746.0,0.1181110143661499
3360,dot_center_candidate,1267.0,1602.0,0.11811099946498871
3361,dot_center_candidate,1366.0,1515.0,0.11811099946498871
3362,dot_center_candidate,1025.0,1506.0,0.11811099946498871
3363,dot_center_candidate,1222.0,1439.0,0.11811099946498871
3364,dot_center_candidate,1281.0,1306.0,0.11811099946498871
3365,dot_center_candidate,1223.0,1172.0,0.11811099946498871
3366,dot_center_candidate,1309.0,992.0,0.11811099946498871
3367,dot_center_candidate,1427.0,862.0,0.11811099946498871
3368,dot_center_candidate,1252.0,623.0,0.11811099946498871
3369,dot_center_candidate,1159.0,1390.0,0.1180124431848526
3370,dot_center_candidate,1370.0,1125.0,0.1180124431848526
3371,dot_center_candidate,1233.0,1606.0,0.1180124282836914
3372,dot_center_candidate,1440.0,1595.0,0.1180124282836914
3373,dot_center_candidate,1295.0,1566.0,0.1180124282836914
3374,dot_center_candidate,1468.0,1561.0,0.1180124282836914
3375,dot_center_candidate,1127.0,1556.0,0.1180124282836914
3376,dot_center_candidate,1163.0,1538.0,0.1180124282836914
3377,dot_center_candidate,1323.0,1522.0,0.1180124282836914
3378,dot_center_candidate,1161.0,1520.0,0.1180124282836914
3379,dot_center_candidate,1133.0,1506.0,0.1180124282836914
3380,dot_center_candidate,1292.0,1453.0,0.1180124282836914
3381,dot_center_candidate,1235.0,1452.0,0.1180124282836914
3382,dot_center_candidate,1053.0,1392.0,0.1180124282836914
3383,dot_center_candidate,1098.0,1273.0,0.1180124282836914
3384,dot_center_candidate,1037.0,1222.0,0.1180124282836914
3385,dot_center_candidate,1297.0,1156.0,0.1180124282836914
3386,dot_center_candidate,1323.0,1108.0,0.1180124282836914
3387,dot_center_candidate,1053.0,1102.0,0.1180124282836914
3388,dot_center_candidate,1083.0,1016.0,0.1180124282836914
3389,dot_center_candidate,1263.0,1006.0,0.1180124282836914
3390,dot_center_candidate,1209.0,1004.0,0.1180124282836914
3391,dot_center_candidate,1308.0,975.0,0.1180124282836914
3392,dot_center_candidate,1027.0,882.0,0.1180124282836914
3393,dot_center_candidate,1539.0,786.0,0.1180124282836914
3394,dot_center_candidate,1145.0,558.0,0.1180124282836914
3395,dot_center_candidate,1453.0,1600.0,0.11801241338253021
3396,dot_center_candidate,1143.0,1521.0,0.11801241338253021
3397,dot_center_candidate,1354.0,1471.0,0.11801241338253021
3398,dot_center_candidate,1454.0,1421.0,0.11801241338253021
3399,dot_center_candidate,1309.0,1390.0,0.11801241338253021
3400,dot_center_candidate,1380.0,1257.0,0.11801241338253021
3401,dot_center_candidate,1026.0,1187.0,0.11801241338253021
3402,dot_center_candidate,1483.0,1074.0,0.11801241338253021
3403,dot_center_candidate,1456.0,1025.0,0.11801241338253021
3404,dot_center_candidate,1250.0,1357.0,0.11791384220123291
3405,dot_center_candidate,1133.0,1205.0,0.11791384220123291
3406,dot_center_candidate,1103.0,1086.0,0.11791384220123291
3407,dot_center_candidate,1027.0,828.0,0.11791384220123291
3408,dot_center_candidate,1481.0,800.0,0.11791384220123291
3409,dot_center_candidate,1195.0,788.0,0.11791384220123291
3410,dot_center_candidate,1353.0,780.0,0.11791384220123291
3411,dot_center_candidate,1395.0,1274.0,0.11791382730007172
3412,dot_center_candidate,1278.0,1237.0,0.11791382730007172
3413,dot_center_candidate,1381.0,1010.0,0.11791382730007172
3414,dot_center_candidate,1205.0,628.0,0.11791382730007172
3415,dot_center_candidate,1011.0,1220.0,0.11791381239891052
3416,dot_center_candidate,1327.0,910.0,0.11791381239891052
3417,dot_center_candidate,1209.0,822.0,0.11791381239891052
3418,dot_center_candidate,1052.0,1289.0,0.11781525611877441
3419,dot_center_candidate,1057.0,1154.0,0.11781525611877441
3420,dot_center_candidate,1511.0,1010.0,0.11781525611877441
3421,dot_center_candidate,1368.0,1581.0,0.11781524121761322
3422,dot_center_candidate,1307.0,1454.0,0.11781524121761322
3423,dot_center_candidate,1310.0,1423.0,0.11781524121761322
3424,dot_center_candidate,1467.0,1420.0,0.11781524121761322
3425,dot_center_candidate,1424.0,1399.0,0.11781524121761322
3426,dot_center_candidate,1173.0,1390.0,0.11781524121761322
3427,dot_center_candidate,1539.0,1382.0,0.11781524121761322
3428,dot_center_candidate,1337.0,1190.0,0.11781524121761322
3429,dot_center_candidate,1308.0,1025.0,0.11781524121761322
3430,dot_center_candidate,1483.0,998.0,0.11781524121761322
3431,dot_center_candidate,1177.0,1022.0,0.11781522631645203
3432,dot_center_candidate,1133.0,970.0,0.11781522631645203
3433,dot_center_candidate,1267.0,892.0,0.11781522631645203
3434,dot_center_candidate,1395.0,830.0,0.11781522631645203
3435,dot_center_candidate,1295.0,810.0,0.11781522631645203
3436,dot_center_candidate,1283.0,778.0,0.11781522631645203
3437,dot_center_candidate,1005.0,1562.0,0.11771667003631592
3438,dot_center_candidate,1382.0,1465.0,0.11771667003631592
3439,dot_center_candidate,1325.0,1356.0,0.11771667003631592
3440,dot_center_candidate,1161.0,838.0,0.11771667003631592
3441,dot_center_candidate,1771.0,1750.0,0.11771665513515472
3442,dot_center_candidate,1222.0,1535.0,0.11771665513515472
3443,dot_center_candidate,1203.0,1402.0,0.11771665513515472
3444,dot_center_candidate,1483.0,1338.0,0.11771665513515472
3445,dot_center_candidate,1040.0,1323.0,0.11771665513515472
3446,dot_center_candidate,1237.0,1256.0,0.11771665513515472
3447,dot_center_candidate,1222.0,1118.0,0.11771665513515472
3448,dot_center_candidate,1385.0,798.0,0.11771664023399353
3449,dot_center_candidate,1341.0,814.0,0.11761808395385742
3450,dot_center_candidate,1419.0,578.0,0.11761808395385742
3451,dot_center_candidate,1295.0,1438.0,0.11761806905269623
3452,dot_center_candidate,1189.0,1356.0,0.11761806905269623
3453,dot_center_candidate,1341.0,1352.0,0.11761806905269623
3454,dot_center_candidate,1352.0,1335.0,0.11761806905269623
3455,dot_center_candidate,1355.0,1170.0,0.11761806905269623
3456,dot_center_candidate,1411.0,848.0,0.11761806905269623
3457,dot_center_candidate,1187.0,626.0,0.11761806905269623
3458,dot_center_candidate,1336.0,1587.0,0.11761805415153503
3459,dot_center_candidate,1507.0,1418.0,0.11761805415153503
3460,dot_center_candidate,1133.0,1134.0,0.11761805415153503
3461,dot_center_candidate,1129.0,1117.0,0.11761805415153503
3462,dot_center_candidate,1135.0,866.0,0.11761805415153503
3463,dot_center_candidate,1007.0,847.0,0.11761805415153503
3464,dot_center_candidate,1413.0,812.0,0.11761805415153503
3465,dot_center_candidate,1342.0,809.0,0.11761805415153503
3466,dot_center_candidate,1399.0,946.0,0.11761803925037384
3467,dot_center_candidate,1353.0,846.0,0.11761803925037384
3468,dot_center_candidate,851.0,702.0,0.11751949787139893
3469,dot_center_candidate,1024.0,1613.0,0.11751948297023773
3470,dot_center_candidate,1394.0,1503.0,0.11751948297023773
3471,dot_center_candidate,1439.0,1290.0,0.11751948297023773
3472,dot_center_candidate,1085.0,968.0,0.11751948297023773
3473,dot_center_candidate,1423.0,1584.0,0.11751946806907654
3474,dot_center_candidate,1323.0,1582.0,0.11751946806907654
3475,dot_center_candidate,1176.0,1525.0,0.11751946806907654
3476,dot_center_candidate,1411.0,1454.0,0.11751946806907654
3477,dot_center_candidate,995.0,1374.0,0.11751946806907654
3478,dot_center_candidate,1324.0,1351.0,0.11751946806907654
3479,dot_center_candidate,1467.0,1350.0,0.11751946806907654
3480,dot_center_candidate,1352.0,1285.0,0.11751946806907654
3481,dot_center_candidate,1209.0,1270.0,0.11751946806907654
3482,dot_center_candidate,1467.0,1058.0,0.11751946806907654
3483,dot_center_candidate,1006.0,1302.0,0.11751945316791534
3484,dot_center_candidate,1525.0,930.0,0.11751945316791534
3485,dot_center_candidate,757.0,534.0,0.11751943826675415
3486,dot_center_candidate,1441.0,926.0,0.11742089688777924
3487,dot_center_candidate,1426.0,1481.0,0.11742088198661804
3488,dot_center_candidate,1249.0,1406.0,0.11742088198661804
3489,dot_center_candidate,1237.0,1374.0,0.11742088198661804
3490,dot_center_candidate,1293.0,1252.0,0.11742088198661804
3491,dot_center_candidate,1235.0,856.0,0.11742088198661804
3492,dot_center_candidate,1357.0,844.0,0.11742088198661804
3493,dot_center_candidate,1210.0,773.0,0.11742088198661804
3494,dot_center_candidate,1132.0,1541.0,0.11742086708545685
3495,dot_center_candidate,1440.0,1465.0,0.11742086708545685
3496,dot_center_candidate,1355.0,1270.0,0.11742086708545685
3497,dot_center_candidate,1323.0,1008.0,0.11742086708545685
3498,dot_center_candidate,1323.0,1516.0,0.11732231080532074
3499,dot_center_candidate,1113.0,1236.0,0.11732229590415955
3500,dot_center_candidate,721.0,1194.0,0.11732229590415955
3501,dot_center_candidate,1539.0,1108.0,0.11732229590415955
3502,dot_center_candidate,1224.0,1023.0,0.11732229590415955
3503,dot_center_candidate,1440.0,883.0,0.11732229590415955
3504,dot_center_candidate,1367.0,794.0,0.11732229590415955
3505,dot_center_candidate,1494.0,1577.0,0.11732228100299835
3506,dot_center_candidate,1025.0,1494.0,0.11732228100299835
3507,dot_center_candidate,1326.0,1339.0,0.11732228100299835
3508,dot_center_candidate,1526.0,1335.0,0.11732228100299835
3509,dot_center_candidate,1367.0,1334.0,0.11732228100299835
3510,dot_center_candidate,1235.0,1318.0,0.11732228100299835
3511,dot_center_candidate,1354.0,1175.0,0.11732228100299835
3512,dot_center_candidate,1385.0,1040.0,0.11732228100299835
3513,dot_center_candidate,991.0,1597.0,0.11722370982170105
3514,dot_center_candidate,1451.0,1594.0,0.11722370982170105
3515,dot_center_candidate,1355.0,1550.0,0.11722370982170105
3516,dot_center_candidate,1263.0,1436.0,0.11722370982170105
3517,dot_center_candidate,1551.0,980.0,0.11722370982170105
3518,dot_center_candidate,1188.0,1557.0,0.11722369492053986
3519,dot_center_candidate,1279.0,1036.0,0.11722369492053986
3520,dot_center_candidate,1523.0,834.0,0.11722369492053986
3521,dot_center_candidate,1037.0,998.0,0.11722368001937866
3522,dot_center_candidate,1353.0,1104.0,0.11712512373924255
3523,dot_center_candidate,1263.0,1086.0,0.11712512373924255
3524,dot_center_candidate,1369.0,994.0,0.11712512373924255
3525,dot_center_candidate,1355.0,978.0,0.11712512373924255
3526,dot_center_candidate,1357.0,910.0,0.11712512373924255
3527,dot_center_candidate,1327.0,906.0,0.11712512373924255
3528,dot_center_candidate,1307.0,1600.0,0.11712510883808136
3529,dot_center_candidate,1071.0,1526.0,0.11712510883808136
3530,dot_center_candidate,1451.0,1270.0,0.11712510883808136
3531,dot_center_candidate,1265.0,1074.0,0.11712510883808136
3532,dot_center_candidate,1395.0,958.0,0.11712510883808136
3533,dot_center_candidate,1253.0,890.0,0.11712510883808136
3534,dot_center_candidate,1128.0,1589.0,0.11712509393692017
3535,dot_center_candidate,1311.0,1142.0,0.11712509393692017
3536,dot_center_candidate,1159.0,1134.0,0.11712509393692017
3537,dot_center_candidate,1072.0,1087.0,0.11712509393692017
3538,dot_center_candidate,1219.0,1072.0,0.11712509393692017
3539,dot_center_candidate,1087.0,1054.0,0.11712509393692017
3540,dot_center_candidate,1144.0,1593.0,0.11702653765678406
3541,dot_center_candidate,1179.0,1270.0,0.11702653765678406
3542,dot_center_candidate,1189.0,954.0,0.11702653765678406
3543,dot_center_candidate,1565.0,1494.0,0.11702652275562286
3544,dot_center_candidate,1279.0,1450.0,0.11702652275562286
3545,dot_center_candidate,1041.0,1358.0,0.11702652275562286
3546,dot_center_candidate,1441.0,1320.0,0.11702652275562286
3547,dot_center_candidate,1283.0,1238.0,0.11702652275562286
3548,dot_center_candidate,1481.0,1188.0,0.11702652275562286
3549,dot_center_candidate,1297.0,958.0,0.11702652275562286
3550,dot_center_candidate,1353.0,940.0,0.11702652275562286
3551,dot_center_candidate,1099.0,1578.0,0.11702650785446167
3552,dot_center_candidate,1380.0,1383.0,0.11702650785446167
3553,dot_center_candidate,1113.0,1150.0,0.11702650785446167
3554,dot_center_candidate,997.0,880.0,0.11702650785446167
3555,dot_center_candidate,1381.0,798.0,0.11702650785446167
3556,dot_center_candidate,773.0,538.0,0.11702650785446167
3557,dot_center_candidate,1087.0,1356.0,0.11692795157432556
3558,dot_center_candidate,1336.0,1503.0,0.11692793667316437
3559,dot_center_candidate,1009.0,1442.0,0.11692793667316437
3560,dot_center_candidate,1021.0,1272.0,0.11692793667316437
3561,dot_center_candidate,1439.0,1170.0,0.11692793667316437
3562,dot_center_candidate,1219.0,1156.0,0.11692793667316437
3563,dot_center_candidate,1395.0,1238.0,0.11692792177200317
3564,dot_center_candidate,895.0,1234.0,0.11692792177200317
3565,dot_center_candidate,1454.0,1155.0,0.11692792177200317
3566,dot_center_candidate,1163.0,1138.0,0.11692792177200317
3567,dot_center_candidate,1354.0,1077.0,0.11692792177200317
3568,dot_center_candidate,1159.0,1034.0,0.11692792177200317
3569,dot_center_candidate,1294.0,1020.0,0.11692792177200317
3570,dot_center_candidate,1356.0,879.0,0.11692792177200317
3571,dot_center_candidate,1523.0,850.0,0.11692792177200317
3572,dot_center_candidate,1127.0,556.0,0.11692792177200317
3573,dot_center_candidate,1129.0,1088.0,0.11682936549186707
3574,dot_center_candidate,1103.0,902.0,0.11682936549186707
3575,dot_center_candidate,1265.0,792.0,0.11682936549186707
3576,dot_center_candidate,1325.0,1438.0,0.11682935059070587
3577,dot_center_candidate,1327.0,1156.0,0.11682935059070587
3578,dot_center_candidate,1118.0,1017.0,0.11682935059070587
3579,dot_center_candidate,1367.0,846.0,0.11682935059070587
3580,dot_center_candidate,1132.0,1589.0,0.11682933568954468
3581,dot_center_candidate,1337.0,1538.0,0.11682933568954468
3582,dot_center_candidate,1263.0,1472.0,0.11682933568954468
3583,dot_center_candidate,1385.0,1270.0,0.11682933568954468
3584,dot_center_candidate,1325.0,1240.0,0.11682933568954468
3585,dot_center_candidate,839.0,1190.0,0.11682933568954468
3586,dot_center_candidate,1509.0,930.0,0.11682933568954468
3587,dot_center_candidate,1027.0,916.0,0.11682933568954468
3588,dot_center_candidate,981.0,914.0,0.11682933568954468
3589,dot_center_candidate,1233.0,1206.0,0.11682932078838348
3590,dot_center_candidate,1163.0,1606.0,0.11673074960708618
3591,dot_center_candidate,1423.0,1498.0,0.11673074960708618
3592,dot_center_candidate,1294.0,1483.0,0.11673074960708618
3593,dot_center_candidate,1607.0,1418.0,0.11673074960708618
3594,dot_center_candidate,1481.0,1404.0,0.11673074960708618
3595,dot_center_candidate,1438.0,1335.0,0.11673074960708618
3596,dot_center_candidate,1281.0,1270.0,0.11673074960708618
3597,dot_center_candidate,1341.0,1038.0,0.11673074960708618
3598,dot_center_candidate,1323.0,1004.0,0.11673074960708618
3599,dot_center_candidate,1298.0,907.0,0.11673074960708618
3600,dot_center_candidate,1007.0,898.0,0.11673074960708618
3601,dot_center_candidate,1085.0,850.0,0.11673074960708618
3602,dot_center_candidate,1369.0,826.0,0.11673074960708618
3603,dot_center_candidate,1203.0,1220.0,0.11673073470592499
3604,dot_center_candidate,1485.0,962.0,0.11673073470592499
3605,dot_center_candidate,1055.0,832.0,0.11673073470592499
3606,dot_center_candidate,1219.0,1086.0,0.11663217842578888
3607,dot_center_candidate,1310.0,1567.0,0.11663216352462769
3608,dot_center_candidate,1524.0,1495.0,0.11663216352462769
3609,dot_center_candidate,1311.0,1488.0,0.11663216352462769
3610,dot_center_candidate,777.0,530.0,0.11663216352462769
3611,dot_center_candidate,1411.0,1546.0,0.11663214862346649
3612,dot_center_candidate,1369.0,1386.0,0.11663214862346649
3613,dot_center_candidate,1381.0,1322.0,0.11663214862346649
3614,dot_center_candidate,1481.0,1577.0,0.11653357744216919
3615,dot_center_candidate,1102.0,1573.0,0.11653357744216919
3616,dot_center_candidate,1219.0,1552.0,0.11653357744216919
3617,dot_center_candidate,1350.0,1503.0,0.11653357744216919
3618,dot_center_candidate,1159.0,1156.0,0.11653357744216919
3619,dot_center_candidate,1355.0,1138.0,0.11653357744216919
3620,dot_center_candidate,1283.0,974.0,0.11653357744216919
3621,dot_center_candidate,1219.0,972.0,0.11653357744216919
3622,dot_center_candidate,1411.0,860.0,0.11653357744216919
3623,dot_center_candidate,1294.0,1533.0,0.116533562541008
3624,dot_center_candidate,1174.0,1453.0,0.116533562541008
3625,dot_center_candidate,1353.0,1208.0,0.116533562541008
3626,dot_center_candidate,1398.0,1187.0,0.116533562541008
3627,dot_center_candidate,1236.0,1557.0,0.1164349913597107
3628,dot_center_candidate,1021.0,1440.0,0.1164349913597107
3629,dot_center_candidate,1409.0,1090.0,0.1164349913597107
3630,dot_center_candidate,1065.0,646.0,0.1164349913597107
3631,dot_center_candidate,1143.0,1605.0,0.1164349764585495
3632,dot_center_candidate,1581.0,1482.0,0.1164349764585495
3633,dot_center_candidate,1099.0,1374.0,0.1164349764585495
3634,dot_center_candidate,1147.0,1222.0,0.1164349764585495
3635,dot_center_candidate,1283.0,1138.0,0.1164349764585495
3636,dot_center_candidate,1341.0,1108.0,0.1164349764585495
3637,dot_center_candidate,1427.0,1056.0,0.1164349764585495
3638,dot_center_candidate,1555.0,838.0,0.1164349764585495
3639,dot_center_candidate,994.0,1273.0,0.1164349615573883
3640,dot_center_candidate,1073.0,1134.0,0.1164349615573883
3641,dot_center_candidate,1411.0,796.0,0.1164349615573883
3642,dot_center_candidate,1175.0,1156.0,0.1163364052772522
3643,dot_center_candidate,1381.0,1040.0,0.1163364052772522
3644,dot_center_candidate,1341.0,894.0,0.1163364052772522
3645,dot_center_candidate,1395.0,864.0,0.1163364052772522
3646,dot_center_candidate,1191.0,1592.0,0.116336390376091
3647,dot_center_candidate,1249.0,1550.0,0.116336390376091
3648,dot_center_candidate,1264.0,1457.0,0.116336390376091
3649,dot_center_candidate,1057.0,1238.0,0.116336390376091
3650,dot_center_candidate,1223.0,1206.0,0.116336390376091
3651,dot_center_candidate,1354.0,1203.0,0.116336390376091
3652,dot_center_candidate,1118.0,1185.0,0.116336390376091
3653,dot_center_candidate,1385.0,1154.0,0.116336390376091
3654,dot_center_candidate,1413.0,1122.0,0.116336390376091
3655,dot_center_candidate,1469.0,868.0,0.116336390376091
3656,dot_center_candidate,1425.0,1454.0,0.11633637547492981
3657,dot_center_candidate,1190.0,1419.0,0.11633637547492981
3658,dot_center_candidate,1524.0,1355.0,0.11633637547492981
3659,dot_center_candidate,979.0,1170.0,0.11633637547492981
3660,dot_center_candidate,1179.0,1034.0,0.11633637547492981
3661,dot_center_candidate,1165.0,1018.0,0.11633637547492981
3662,dot_center_candidate,1579.0,854.0,0.11633637547492981
3663,dot_center_candidate,1209.0,656.0,0.11633637547492981
3664,dot_center_candidate,1128.0,1235.0,0.1162378191947937
3665,dot_center_candidate,1313.0,922.0,0.1162378191947937
3666,dot_center_candidate,1307.0,1588.0,0.11623780429363251
3667,dot_center_candidate,1295.0,1550.0,0.11623780429363251
3668,dot_center_candidate,1026.0,1389.0,0.11623780429363251
3669,dot_center_candidate,1175.0,1256.0,0.11623780429363251
3670,dot_center_candidate,1268.0,1237.0,0.11623780429363251
3671,dot_center_candidate,1351.0,1154.0,0.11623780429363251
3672,dot_center_candidate,1280.0,1599.0,0.11623778939247131
3673,dot_center_candidate,1102.0,1505.0,0.11623778939247131
3674,dot_center_candidate,1340.0,1421.0,0.11623778939247131
3675,dot_center_candidate,1021.0,1406.0,0.11623778939247131
3676,dot_center_candidate,1223.0,1254.0,0.11623778939247131
3677,dot_center_candidate,1117.0,1251.0,0.11623778939247131
3678,dot_center_candidate,1253.0,1118.0,0.11623778939247131
3679,dot_center_candidate,1467.0,1106.0,0.11623778939247131
3680,dot_center_candidate,1509.0,994.0,0.11623778939247131
3681,dot_center_candidate,1165.0,804.0,0.11623778939247131
3682,dot_center_candidate,1145.0,784.0,0.11623778939247131
3683,dot_center_candidate,1119.0,952.0,0.1161392331123352
3684,dot_center_candidate,1117.0,1588.0,0.11613921821117401
3685,dot_center_candidate,1394.0,1515.0,0.11613921821117401
3686,dot_center_candidate,1307.0,1488.0,0.11613921821117401
3687,dot_center_candidate,1509.0,1388.0,0.11613921821117401
3688,dot_center_candidate,1453.0,1220.0,0.11613921821117401
3689,dot_center_candidate,1439.0,878.0,0.11613921821117401
3690,dot_center_candidate,1381.0,1504.0,0.11613920331001282
3691,dot_center_candidate,1469.0,1482.0,0.11613920331001282
3692,dot_center_candidate,1143.0,1374.0,0.11613920331001282
3693,dot_center_candidate,1253.0,920.0,0.11613920331001282
3694,dot_center_candidate,1311.0,894.0,0.11613920331001282
3695,dot_center_candidate,1323.0,1074.0,0.11604063212871552
3696,dot_center_candidate,1381.0,1044.0,0.11604063212871552
3697,dot_center_candidate,1371.0,958.0,0.11604063212871552
3698,dot_center_candidate,1337.0,942.0,0.11604063212871552
3699,dot_center_candidate,1279.0,938.0,0.11604063212871552
3700,dot_center_candidate,1411.0,866.0,0.11604061722755432
3701,dot_center_candidate,1069.0,1578.0,0.11604060232639313
3702,dot_center_candidate,1193.0,1084.0,0.11604060232639313
3703,dot_center_candidate,1178.0,1453.0,0.11594204604625702
3704,dot_center_candidate,1385.0,1024.0,0.11594204604625702
3705,dot_center_candidate,1527.0,886.0,0.11594204604625702
3706,dot_center_candidate,1266.0,1585.0,0.11594203114509583
3707,dot_center_candidate,1267.0,1472.0,0.11594203114509583
3708,dot_center_candidate,1409.0,1318.0,0.11594203114509583
3709,dot_center_candidate,1219.0,1022.0,0.11594203114509583
3710,dot_center_candidate,1427.0,1008.0,0.11594203114509583
3711,dot_center_candidate,1353.0,1006.0,0.11594203114509583
3712,dot_center_candidate,1427.0,930.0,0.11594203114509583
3713,dot_center_candidate,1605.0,886.0,0.11594203114509583
3714,dot_center_candidate,1008.0,843.0,0.11594203114509583
3715,dot_center_candidate,1224.0,774.0,0.11594203114509583
3716,dot_center_candidate,1425.0,1530.0,0.11594201624393463
3717,dot_center_candidate,1367.0,1120.0,0.11594201624393463
3718,dot_center_candidate,1043.0,777.0,0.11594200134277344
3719,dot_center_candidate,1509.0,1598.0,0.11584344506263733
3720,dot_center_candidate,1069.0,1544.0,0.11584344506263733
3721,dot_center_candidate,1236.0,1457.0,0.11584344506263733
3722,dot_center_candidate,1233.0,1386.0,0.11584344506263733
3723,dot_center_candidate,1220.0,1307.0,0.11584344506263733
3724,dot_center_candidate,1355.0,1236.0,0.11584344506263733
3725,dot_center_candidate,995.0,1084.0,0.11584344506263733
3726,dot_center_candidate,1481.0,914.0,0.11584344506263733
3727,dot_center_candidate,1323.0,906.0,0.11584344506263733
3728,dot_center_candidate,1299.0,858.0,0.11584344506263733
3729,dot_center_candidate,1089.0,834.0,0.11584344506263733
3730,dot_center_candidate,1253.0,1472.0,0.11584343016147614
3731,dot_center_candidate,1068.0,1425.0,0.11584343016147614
3732,dot_center_candidate,1250.0,1418.0,0.11584343016147614
3733,dot_center_candidate,1455.0,1058.0,0.11584343016147614
3734,dot_center_candidate,1236.0,1585.0,0.11574485898017883
3735,dot_center_candidate,1321.0,1554.0,0.11574485898017883
3736,dot_center_candidate,1205.0,1524.0,0.11574485898017883
3737,dot_center_candidate,1128.0,1353.0,0.11574485898017883
3738,dot_center_candidate,1263.0,1290.0,0.11574485898017883
3739,dot_center_candidate,1411.0,894.0,0.11574485898017883
3740,dot_center_candidate,1412.0,1551.0,0.11574484407901764
3741,dot_center_candidate,1351.0,1434.0,0.11574484407901764
3742,dot_center_candidate,1480.0,1269.0,0.11574484407901764
3743,dot_center_candidate,1427.0,1236.0,0.11574484407901764
3744,dot_center_candidate,1409.0,1122.0,0.11574484407901764
3745,dot_center_candidate,1149.0,1102.0,0.11574484407901764
3746,dot_center_candidate,1195.0,806.0,0.11574482917785645
3747,dot_center_candidate,1439.0,1578.0,0.11564627289772034
3748,dot_center_candidate,1132.0,1441.0,0.11564627289772034
3749,dot_center_candidate,1469.0,1436.0,0.11564627289772034
3750,dot_center_candidate,1158.0,1423.0,0.11564627289772034
3751,dot_center_candidate,1311.0,960.0,0.11564627289772034
3752,dot_center_candidate,1381.0,880.0,0.11564627289772034
3753,dot_center_candidate,1163.0,1390.0,0.11564625799655914
3754,dot_center_candidate,1351.0,1372.0,0.11564625799655914
3755,dot_center_candidate,1037.0,1218.0,0.11564625799655914
3756,dot_center_candidate,1337.0,1124.0,0.11564625799655914
3757,dot_center_candidate,1337.0,1120.0,0.11564624309539795
3758,dot_center_candidate,996.0,910.0,0.11564624309539795
3759,dot_center_candidate,1369.0,880.0,0.11564624309539795
3760,dot_center_candidate,1523.0,786.0,0.11564624309539795
3761,dot_center_candidate,1055.0,690.0,0.11564624309539795
3762,dot_center_candidate,1071.0,1408.0,0.11554768681526184
3763,dot_center_candidate,1553.0,1338.0,0.11554768681526184
3764,dot_center_candidate,1356.0,961.0,0.11554768681526184
3765,dot_center_candidate,1040.0,1527.0,0.11554767191410065
3766,dot_center_candidate,1189.0,1436.0,0.11554767191410065
3767,dot_center_candidate,1266.0,1373.0,0.11554767191410065
3768,dot_center_candidate,1041.0,1336.0,0.11554767191410065
3769,dot_center_candidate,1159.0,1222.0,0.11554767191410065
3770,dot_center_candidate,1353.0,1186.0,0.11554767191410065
3771,dot_center_candidate,1337.0,1104.0,0.11554767191410065
3772,dot_center_candidate,1607.0,986.0,0.11554767191410065
3773,dot_center_candidate,1453.0,800.0,0.11554767191410065
3774,dot_center_candidate,1323.0,1323.0,0.11554765701293945
3775,dot_center_candidate,1380.0,1237.0,0.11554765701293945
3776,dot_center_candidate,1057.0,1188.0,0.11554765701293945
3777,dot_center_candidate,1011.0,866.0,0.11554765701293945
3778,dot_center_candidate,1607.0,790.0,0.11554765701293945
3779,dot_center_candidate,1327.0,778.0,0.11554765701293945
3780,dot_center_candidate,753.0,550.0,0.11544913053512573
3781,dot_center_candidate,1207.0,1406.0,0.11544908583164215
3782,dot_center_candidate,1005.0,1392.0,0.11544908583164215
3783,dot_center_candidate,1399.0,1124.0,0.11544908583164215
3784,dot_center_candidate,1427.0,964.0,0.11544908583164215
3785,dot_center_candidate,1133.0,1338.0,0.11544907093048096
3786,dot_center_candidate,1455.0,1236.0,0.11544907093048096
3787,dot_center_candidate,1249.0,1170.0,0.11544907093048096
3788,dot_center_candidate,1594.0,1093.0,0.11544907093048096
3789,dot_center_candidate,1383.0,1076.0,0.11544907093048096
3790,dot_center_candidate,905.0,994.0,0.11544907093048096
3791,dot_center_candidate,975.0,962.0,0.11544907093048096
3792,dot_center_candidate,1537.0,850.0,0.11544907093048096
3793,dot_center_candidate,1087.0,1340.0,0.11535049974918365
3794,dot_center_candidate,1425.0,1252.0,0.11535049974918365
3795,dot_center_candidate,1427.0,1106.0,0.11535049974918365
3796,dot_center_candidate,1441.0,798.0,0.11535049974918365
3797,dot_center_candidate,1424.0,1519.0,0.11535048484802246
3798,dot_center_candidate,1309.0,1384.0,0.11535048484802246
3799,dot_center_candidate,1553.0,1274.0,0.11535048484802246
3800,dot_center_candidate,1067.0,1256.0,0.11535048484802246
3801,dot_center_candidate,1523.0,1128.0,0.11535048484802246
3802,dot_center_candidate,1499.0,1012.0,0.11535048484802246
3803,dot_center_candidate,1535.0,1498.0,0.11535046994686127
3804,dot_center_candidate,1310.0,1405.0,0.11535046994686127
3805,dot_center_candidate,1073.0,1118.0,0.11535046994686127
3806,dot_center_candidate,1103.0,1220.0,0.11525191366672516
3807,dot_center_candidate,1438.0,945.0,0.11525191366672516
3808,dot_center_candidate,1051.0,1543.0,0.11525189876556396
3809,dot_center_candidate,1322.0,1273.0,0.11525189876556396
3810,dot_center_candidate,1023.0,1256.0,0.11525189876556396
3811,dot_center_candidate,1455.0,1192.0,0.11525189876556396
3812,dot_center_candidate,1293.0,1169.0,0.11525189876556396
3813,dot_center_candidate,1297.0,1124.0,0.11525189876556396
3814,dot_center_candidate,1413.0,1092.0,0.11525189876556396
3815,dot_center_candidate,1497.0,1074.0,0.11525189876556396
3816,dot_center_candidate,1043.0,1050.0,0.11525189876556396
3817,dot_center_candidate,1383.0,794.0,0.11525189876556396
3818,dot_center_candidate,1161.0,558.0,0.11525189876556396
3819,dot_center_candidate,974.0,1610.0,0.11525188386440277
3820,dot_center_candidate,1021.0,1544.0,0.11525188386440277
3821,dot_center_candidate,1365.0,1520.0,0.11525188386440277
3822,dot_center_candidate,1175.0,1592.0,0.11515331268310547
3823,dot_center_candidate,1163.0,1572.0,0.11515331268310547
3824,dot_center_candidate,1383.0,1566.0,0.11515331268310547
3825,dot_center_candidate,1511.0,1480.0,0.11515331268310547
3826,dot_center_candidate,1465.0,1432.0,0.11515331268310547
3827,dot_center_candidate,1323.0,1368.0,0.11515331268310547
3828,dot_center_candidate,1411.0,1334.0,0.11515331268310547
3829,dot_center_candidate,1265.0,1274.0,0.11515331268310547
3830,dot_center_candidate,994.0,1102.0,0.11515331268310547
3831,dot_center_candidate,1512.0,1075.0,0.11515331268310547
3832,dot_center_candidate,1481.0,1026.0,0.11515331268310547
3833,dot_center_candidate,1523.0,948.0,0.11515331268310547
3834,dot_center_candidate,1295.0,794.0,0.11515331268310547
3835,dot_center_candidate,1367.0,1438.0,0.11515329778194427
3836,dot_center_candidate,1253.0,1338.0,0.11515329778194427
3837,dot_center_candidate,1293.0,1124.0,0.11515329778194427
3838,dot_center_candidate,1218.0,1389.0,0.11505472660064697
3839,dot_center_candidate,1551.0,1322.0,0.11505472660064697
3840,dot_center_candidate,1483.0,1258.0,0.11505472660064697
3841,dot_center_candidate,1008.0,1137.0,0.11505472660064697
3842,dot_center_candidate,1059.0,880.0,0.11505472660064697
3843,dot_center_candidate,1279.0,807.0,0.11505472660064697
3844,dot_center_candidate,1205.0,802.0,0.11505472660064697
3845,dot_center_candidate,1087.0,1458.0,0.11505471169948578
3846,dot_center_candidate,1159.0,1374.0,0.11505471169948578
3847,dot_center_candidate,1175.0,1138.0,0.11505471169948578
3848,dot_center_candidate,1467.0,930.0,0.11505471169948578
3849,dot_center_candidate,1455.0,818.0,0.11505471169948578
3850,dot_center_candidate,1455.0,1322.0,0.11505469679832458
3851,dot_center_candidate,1113.0,1408.0,0.11495614051818848
3852,dot_center_candidate,1251.0,1390.0,0.11495614051818848
3853,dot_center_candidate,1177.0,1340.0,0.11495614051818848
3854,dot_center_candidate,1235.0,840.0,0.11495614051818848
3855,dot_center_candidate,1077.0,552.0,0.11495614051818848
3856,dot_center_candidate,1323.0,1570.0,0.11495612561702728
3857,dot_center_candidate,1507.0,1514.0,0.11495612561702728
3858,dot_center_candidate,1101.0,1492.0,0.11495612561702728
3859,dot_center_candidate,1011.0,1186.0,0.11495612561702728
3860,dot_center_candidate,1221.0,968.0,0.11495612561702728
3861,dot_center_candidate,1555.0,902.0,0.11495612561702728
3862,dot_center_candidate,1413.0,878.0,0.11495612561702728
3863,dot_center_candidate,1083.0,1492.0,0.11495611071586609
3864,dot_center_candidate,1177.0,1424.0,0.11495611071586609
3865,dot_center_candidate,1099.0,1256.0,0.11495611071586609
3866,dot_center_candidate,1569.0,870.0,0.11495611071586609
3867,dot_center_candidate,1087.0,1574.0,0.11485755443572998
3868,dot_center_candidate,1393.0,1532.0,0.11485755443572998
3869,dot_center_candidate,1208.0,1235.0,0.11485755443572998
3870,dot_center_candidate,1222.0,901.0,0.11485755443572998
3871,dot_center_candidate,841.0,536.0,0.11485755443572998
3872,dot_center_candidate,1367.0,1482.0,0.11485753953456879
3873,dot_center_candidate,1395.0,1270.0,0.11485753953456879
3874,dot_center_candidate,1495.0,1366.0,0.11485752463340759
3875,dot_center_candidate,1511.0,1334.0,0.11485752463340759
3876,dot_center_candidate,1423.0,1322.0,0.11485752463340759
3877,dot_center_candidate,1567.0,1270.0,0.11485752463340759
3878,dot_center_candidate,1195.0,954.0,0.11475896835327148
3879,dot_center_candidate,1341.0,830.0,0.11475896835327148
3880,dot_center_candidate,737.0,554.0,0.11475896835327148
3881,dot_center_candidate,1175.0,1402.0,0.11475895345211029
3882,dot_center_candidate,1337.0,1385.0,0.11475895345211029
3883,dot_center_candidate,1409.0,1236.0,0.11475895345211029
3884,dot_center_candidate,1281.0,1206.0,0.11475895345211029
3885,dot_center_candidate,1239.0,1070.0,0.11475895345211029
3886,dot_center_candidate,1465.0,1594.0,0.1147589385509491
3887,dot_center_candidate,1535.0,1548.0,0.1147589385509491
3888,dot_center_candidate,1577.0,1542.0,0.1147589385509491
3889,dot_center_candidate,1483.0,1432.0,0.1147589385509491
3890,dot_center_candidate,1143.0,1407.0,0.1147589385509491
3891,dot_center_candidate,1037.0,1272.0,0.1147589385509491
3892,dot_center_candidate,1427.0,1192.0,0.1147589385509491
3893,dot_center_candidate,1368.0,1087.0,0.1147589385509491
3894,dot_center_candidate,1057.0,950.0,0.1147589385509491
3895,dot_center_candidate,1119.0,936.0,0.1147589385509491
3896,dot_center_candidate,1385.0,864.0,0.1147589385509491
3897,dot_center_candidate,1223.0,824.0,0.1147589385509491
3898,dot_center_candidate,1439.0,1534.0,0.1146603673696518
3899,dot_center_candidate,1396.0,1433.0,0.1146603673696518
3900,dot_center_candidate,1413.0,1418.0,0.1146603673696518
3901,dot_center_candidate,1483.0,1078.0,0.1146603673696518
3902,dot_center_candidate,1443.0,946.0,0.1146603673696518
3903,dot_center_candidate,1353.0,944.0,0.1146603673696518
3904,dot_center_candidate,1380.0,1531.0,0.1146603524684906
3905,dot_center_candidate,1454.0,1529.0,0.1146603524684906
3906,dot_center_candidate,1425.0,1062.0,0.1146603524684906
3907,dot_center_candidate,1409.0,960.0,0.1146603524684906
3908,dot_center_candidate,1468.0,945.0,0.1146603524684906
3909,dot_center_candidate,1225.0,888.0,0.1146603524684906
3910,dot_center_candidate,1337.0,810.0,0.1146603524684906
3911,dot_center_candidate,1497.0,1386.0,0.1146603375673294
3912,dot_center_candidate,1293.0,956.0,0.1146603375673294
3913,dot_center_candidate,893.0,1046.0,0.11466032266616821
3914,dot_center_candidate,1063.0,552.0,0.11456179618835449
3915,dot_center_candidate,1311.0,1586.0,0.1145617812871933
3916,dot_center_candidate,1281.0,1550.0,0.1145617812871933
3917,dot_center_candidate,1537.0,1430.0,0.1145617812871933
3918,dot_center_candidate,1379.0,1338.0,0.1145617812871933
3919,dot_center_candidate,1253.0,1286.0,0.1145617812871933
3920,dot_center_candidate,1351.0,1170.0,0.1145617812871933
3921,dot_center_candidate,1218.0,1519.0,0.1145617663860321
3922,dot_center_candidate,1311.0,1454.0,0.1145617663860321
3923,dot_center_candidate,1263.0,1418.0,0.1145617663860321
3924,dot_center_candidate,1469.0,1236.0,0.1145617663860321
3925,dot_center_candidate,1057.0,1170.0,0.1145617663860321
3926,dot_center_candidate,1239.0,1002.0,0.1145617663860321
3927,dot_center_candidate,1267.0,974.0,0.1145617663860321
3928,dot_center_candidate,1399.0,958.0,0.1145617663860321
3929,dot_center_candidate,1409.0,942.0,0.1145617663860321
3930,dot_center_candidate,1299.0,874.0,0.1145617663860321
3931,dot_center_candidate,1100.0,797.0,0.1145617663860321
3932,dot_center_candidate,1595.0,592.0,0.1145617663860321
3933,dot_center_candidate,1340.0,1601.0,0.11456175148487091
3934,dot_center_candidate,1351.0,1486.0,0.11456175148487091
3935,dot_center_candidate,1233.0,1272.0,0.11456175148487091
3936,dot_center_candidate,1312.0,1005.0,0.11456175148487091
3937,dot_center_candidate,1470.0,981.0,0.11456175148487091
3938,dot_center_candidate,1128.0,1541.0,0.11446318030357361
3939,dot_center_candidate,1025.0,1489.0,0.11446318030357361
3940,dot_center_candidate,1311.0,1286.0,0.11446318030357361
3941,dot_center_candidate,1513.0,1126.0,0.11446318030357361
3942,dot_center_candidate,1103.0,1116.0,0.11446318030357361
3943,dot_center_candidate,1308.0,1037.0,0.11446318030357361
3944,dot_center_candidate,1381.0,1028.0,0.11446318030357361
3945,dot_center_candidate,1437.0,994.0,0.11446318030357361
3946,dot_center_candidate,1163.0,904.0,0.11446318030357361
3947,dot_center_candidate,1395.0,814.0,0.11446318030357361
3948,dot_center_candidate,1382.0,1547.0,0.11446316540241241
3949,dot_center_candidate,1454.0,1545.0,0.11446316540241241
3950,dot_center_candidate,1511.0,1466.0,0.11446316540241241
3951,dot_center_candidate,1509.0,1430.0,0.11446316540241241
3952,dot_center_candidate,1467.0,1172.0,0.11446316540241241
3953,dot_center_candidate,1159.0,1138.0,0.11446316540241241
3954,dot_center_candidate,1297.0,1074.0,0.11446316540241241
3955,dot_center_candidate,1465.0,1582.0,0.11436459422111511
3956,dot_center_candidate,1439.0,1350.0,0.11436459422111511
3957,dot_center_candidate,1495.0,1030.0,0.11436459422111511
3958,dot_center_candidate,1399.0,994.0,0.11436459422111511
3959,dot_center_candidate,1495.0,966.0,0.11436459422111511
3960,dot_center_candidate,725.0,546.0,0.11436459422111511
3961,dot_center_candidate,1159.0,1592.0,0.11436457931995392
3962,dot_center_candidate,1143.0,1558.0,0.11436457931995392
3963,dot_center_candidate,1455.0,1318.0,0.11436457931995392
3964,dot_center_candidate,1173.0,1289.0,0.11436457931995392
3965,dot_center_candidate,1203.0,562.0,0.11436456441879272
3966,dot_center_candidate,1450.0,1515.0,0.11426600813865662
3967,dot_center_candidate,1177.0,1506.0,0.11426600813865662
3968,dot_center_candidate,1087.0,1336.0,0.11426600813865662
3969,dot_center_candidate,1437.0,1530.0,0.11426599323749542
3970,dot_center_candidate,1005.0,1238.0,0.11426599323749542
3971,dot_center_candidate,1527.0,1190.0,0.11426599323749542
3972,dot_center_candidate,1397.0,844.0,0.11426599323749542
3973,dot_center_candidate,1222.0,1519.0,0.11426597833633423
3974,dot_center_candidate,989.0,1492.0,0.11426597833633423
3975,dot_center_candidate,1159.0,1306.0,0.11426597833633423
3976,dot_center_candidate,1113.0,1000.0,0.11426597833633423
3977,dot_center_candidate,1577.0,1526.0,0.11416742205619812
3978,dot_center_candidate,1129.0,1510.0,0.11416742205619812
3979,dot_center_candidate,1427.0,1158.0,0.11416742205619812
3980,dot_center_candidate,1410.0,975.0,0.11416742205619812
3981,dot_center_candidate,1541.0,870.0,0.11416742205619812
3982,dot_center_candidate,1114.0,1593.0,0.11416740715503693
3983,dot_center_candidate,1539.0,1402.0,0.11416740715503693
3984,dot_center_candidate,1453.0,1334.0,0.11416740715503693
3985,dot_center_candidate,1440.0,1073.0,0.11416740715503693
3986,dot_center_candidate,1539.0,834.0,0.11416740715503693
3987,dot_center_candidate,976.0,1495.0,0.11416739225387573
3988,dot_center_candidate,1439.0,1138.0,0.11416739225387573
3989,dot_center_candidate,995.0,984.0,0.11416739225387573
3990,dot_center_candidate,1313.0,906.0,0.11416739225387573
3991,dot_center_candidate,1327.0,842.0,0.11416739225387573
3992,dot_center_candidate,1355.0,798.0,0.11416739225387573
3993,dot_center_candidate,1233.0,1568.0,0.11406883597373962
3994,dot_center_candidate,1383.0,1400.0,0.11406883597373962
3995,dot_center_candidate,1469.0,1334.0,0.11406883597373962
3996,dot_center_candidate,1549.0,1498.0,0.11406882107257843
3997,dot_center_candidate,1219.0,1490.0,0.11406882107257843
3998,dot_center_candidate,1423.0,1416.0,0.11406882107257843
3999,dot_center_candidate,1455.0,1338.0,0.11406882107257843
4000,dot_center_candidate,1397.0,1192.0,0.11406882107257843
4001,dot_center_candidate,1384.0,1089.0,0.11406882107257843
4002,dot_center_candidate,1371.0,894.0,0.11406882107257843
4003,dot_center_candidate,1337.0,1482.0,0.11406880617141724
4004,dot_center_candidate,1325.0,1434.0,0.11406880617141724
4005,dot_center_candidate,1370.0,1305.0,0.11406880617141724
4006,dot_center_candidate,1367.0,1154.0,0.11406880617141724
4007,dot_center_candidate,1437.0,1142.0,0.11406880617141724
4008,dot_center_candidate,1411.0,1110.0,0.11406880617141724
4009,dot_center_candidate,1209.0,922.0,0.11406880617141724
4010,dot_center_candidate,1429.0,784.0,0.11406880617141724
4011,dot_center_candidate,1292.0,1583.0,0.11397023499011993
4012,dot_center_candidate,1133.0,1474.0,0.11397023499011993
4013,dot_center_candidate,1041.0,1404.0,0.11397023499011993
4014,dot_center_candidate,1263.0,1256.0,0.11397023499011993
4015,dot_center_candidate,1441.0,894.0,0.11397023499011993
4016,dot_center_candidate,1009.0,1528.0,0.11397022008895874
4017,dot_center_candidate,1163.0,1456.0,0.11397022008895874
4018,dot_center_candidate,1277.0,1322.0,0.11397022008895874
4019,dot_center_candidate,1383.0,1142.0,0.11397022008895874
4020,dot_center_candidate,1411.0,1023.0,0.11397022008895874
4021,dot_center_candidate,1043.0,1000.0,0.11397022008895874
4022,dot_center_candidate,1324.0,955.0,0.11397022008895874
4023,dot_center_candidate,1117.0,786.0,0.11397022008895874
4024,dot_center_candidate,1279.0,1090.0,0.11397020518779755
4025,dot_center_candidate,1581.0,1370.0,0.11387164890766144
4026,dot_center_candidate,1365.0,1370.0,0.11387164890766144
4027,dot_center_candidate,1454.0,911.0,0.11387164890766144
4028,dot_center_candidate,1162.0,1587.0,0.11387163400650024
4029,dot_center_candidate,1177.0,1558.0,0.11387163400650024
4030,dot_center_candidate,1173.0,1558.0,0.11387163400650024
4031,dot_center_candidate,1173.0,1336.0,0.11387163400650024
4032,dot_center_candidate,1398.0,1077.0,0.11387163400650024
4033,dot_center_candidate,1297.0,970.0,0.11387163400650024
4034,dot_center_candidate,1385.0,876.0,0.11387163400650024
4035,dot_center_candidate,1365.0,1548.0,0.11377304792404175
4036,dot_center_candidate,1539.0,1498.0,0.11377304792404175
4037,dot_center_candidate,1219.0,1452.0,0.11377304792404175
4038,dot_center_candidate,1025.0,1374.0,0.11377304792404175
4039,dot_center_candidate,1223.0,1320.0,0.11377304792404175
4040,dot_center_candidate,1026.0,1183.0,0.11377304792404175
4041,dot_center_candidate,991.0,1171.0,0.11377304792404175
4042,dot_center_candidate,1254.0,838.0,0.11377304792404175
4043,dot_center_candidate,1323.0,570.0,0.11377304792404175
4044,dot_center_candidate,1052.0,1341.0,0.11377303302288055
4045,dot_center_candidate,1427.0,1138.0,0.11377303302288055
4046,dot_center_candidate,1263.0,1589.0,0.11367446184158325
4047,dot_center_candidate,1307.0,1434.0,0.11367446184158325
4048,dot_center_candidate,1249.0,1306.0,0.11367446184158325
4049,dot_center_candidate,1281.0,1274.0,0.11367446184158325
4050,dot_center_candidate,1129.0,868.0,0.11367446184158325
4051,dot_center_candidate,1309.0,823.0,0.11367446184158325
4052,dot_center_candidate,1481.0,788.0,0.11367446184158325
4053,dot_center_candidate,1083.0,638.0,0.11367446184158325
4054,dot_center_candidate,1535.0,1466.0,0.11367444694042206
4055,dot_center_candidate,1207.0,1440.0,0.11367444694042206
4056,dot_center_candidate,1177.0,1406.0,0.11367444694042206
4057,dot_center_candidate,1439.0,1356.0,0.11367444694042206
4058,dot_center_candidate,1282.0,1323.0,0.11367444694042206
4059,dot_center_candidate,1337.0,1270.0,0.11367444694042206
4060,dot_center_candidate,1113.0,1222.0,0.11367444694042206
4061,dot_center_candidate,1555.0,966.0,0.11367444694042206
4062,dot_center_candidate,1453.0,944.0,0.11367444694042206
4063,dot_center_candidate,1160.0,641.0,0.11367443203926086
4064,dot_center_candidate,1315.0,570.0,0.11367440223693848
4065,dot_center_candidate,1397.0,1470.0,0.11357587575912476
4066,dot_center_candidate,1595.0,1370.0,0.11357587575912476
4067,dot_center_candidate,1040.0,782.0,0.11357587575912476
4068,dot_center_candidate,1411.0,1596.0,0.11357586085796356
4069,dot_center_candidate,1397.0,1596.0,0.11357586085796356
4070,dot_center_candidate,1353.0,1520.0,0.11357586085796356
4071,dot_center_candidate,1551.0,1494.0,0.11357586085796356
4072,dot_center_candidate,1051.0,1438.0,0.11357586085796356
4073,dot_center_candidate,1189.0,1152.0,0.11357586085796356
4074,dot_center_candidate,1369.0,1076.0,0.11357586085796356
4075,dot_center_candidate,1295.0,1058.0,0.11357586085796356
4076,dot_center_candidate,1413.0,962.0,0.11357586085796356
4077,dot_center_candidate,1425.0,878.0,0.11357586085796356
4078,dot_center_candidate,1481.0,832.0,0.11357586085796356
4079,dot_center_candidate,1239.0,1006.0,0.11357584595680237
4080,dot_center_candidate,1119.0,852.0,0.11357584595680237
4081,dot_center_candidate,1367.0,798.0,0.11357584595680237
4082,dot_center_candidate,1441.0,1450.0,0.11347728967666626
4083,dot_center_candidate,1037.0,1306.0,0.11347728967666626
4084,dot_center_candidate,1396.0,1301.0,0.11347728967666626
4085,dot_center_candidate,1367.0,1092.0,0.11347728967666626
4086,dot_center_candidate,1423.0,1466.0,0.11347727477550507
4087,dot_center_candidate,1437.0,1388.0,0.11347727477550507
4088,dot_center_candidate,1253.0,1187.0,0.11347727477550507
4089,dot_center_candidate,1366.0,1043.0,0.11347727477550507
4090,dot_center_candidate,1523.0,886.0,0.11347727477550507
4091,dot_center_candidate,1177.0,1538.0,0.11347725987434387
4092,dot_center_candidate,1397.0,1536.0,0.11347725987434387
4093,dot_center_candidate,1163.0,1386.0,0.11347725987434387
4094,dot_center_candidate,1369.0,1318.0,0.11347725987434387
4095,dot_center_candidate,1483.0,1160.0,0.11347725987434387
4096,dot_center_candidate,1465.0,1598.0,0.11337870359420776
4097,dot_center_candidate,1549.0,1386.0,0.11337870359420776
4098,dot_center_candidate,1279.0,908.0,0.11337870359420776
4099,dot_center_candidate,1237.0,1306.0,0.11337868869304657
4100,dot_center_candidate,1395.0,1142.0,0.11337868869304657
4101,dot_center_candidate,1438.0,1041.0,0.11337868869304657
4102,dot_center_candidate,1393.0,1582.0,0.11337867379188538
4103,dot_center_candidate,1189.0,1474.0,0.11337867379188538
4104,dot_center_candidate,1423.0,1388.0,0.11337867379188538
4105,dot_center_candidate,1207.0,1386.0,0.11337867379188538
4106,dot_center_candidate,1479.0,1368.0,0.11337867379188538
4107,dot_center_candidate,1567.0,1306.0,0.11337867379188538
4108,dot_center_candidate,1426.0,1257.0,0.11337867379188538
4109,dot_center_candidate,1384.0,1223.0,0.11337867379188538
4110,dot_center_candidate,1263.0,1222.0,0.11337867379188538
4111,dot_center_candidate,1263.0,1156.0,0.11337867379188538
4112,dot_center_candidate,1269.0,1070.0,0.11337867379188538
4113,dot_center_candidate,1057.0,1052.0,0.11337867379188538
4114,dot_center_candidate,1129.0,1016.0,0.11337867379188538
4115,dot_center_candidate,1341.0,858.0,0.11337867379188538
4116,dot_center_candidate,1453.0,1448.0,0.11328010261058807
4117,dot_center_candidate,1539.0,1418.0,0.11328010261058807
4118,dot_center_candidate,1041.0,1408.0,0.11328010261058807
4119,dot_center_candidate,1539.0,1318.0,0.11328010261058807
4120,dot_center_candidate,1425.0,1094.0,0.11328010261058807
4121,dot_center_candidate,1607.0,1018.0,0.11328010261058807
4122,dot_center_candidate,1466.0,979.0,0.11328010261058807
4123,dot_center_candidate,1453.0,948.0,0.11328010261058807
4124,dot_center_candidate,1428.0,943.0,0.11328010261058807
4125,dot_center_candidate,1327.0,874.0,0.11328010261058807
4126,dot_center_candidate,1453.0,866.0,0.11328010261058807
4127,dot_center_candidate,1307.0,1538.0,0.11328008770942688
4128,dot_center_candidate,1203.0,1502.0,0.11328008770942688
4129,dot_center_candidate,1237.0,1323.0,0.11328008770942688
4130,dot_center_candidate,1385.0,1138.0,0.11328008770942688
4131,dot_center_candidate,1267.0,1107.0,0.11328008770942688
4132,dot_center_candidate,1510.0,865.0,0.11328008770942688
4133,dot_center_candidate,1473.0,582.0,0.11328008770942688
4134,dot_center_candidate,1116.0,1577.0,0.11318151652812958
4135,dot_center_candidate,1055.0,1544.0,0.11318151652812958
4136,dot_center_candidate,1455.0,1286.0,0.11318151652812958
4137,dot_center_candidate,1481.0,1224.0,0.11318151652812958
4138,dot_center_candidate,1395.0,1158.0,0.11318151652812958
4139,dot_center_candidate,1327.0,1072.0,0.11318151652812958
4140,dot_center_candidate,1495.0,1534.0,0.11318150162696838
4141,dot_center_candidate,1277.0,1386.0,0.11318150162696838
4142,dot_center_candidate,1397.0,1286.0,0.11318150162696838
4143,dot_center_candidate,1223.0,1270.0,0.11318150162696838
4144,dot_center_candidate,1041.0,1222.0,0.11318150162696838
4145,dot_center_candidate,1339.0,1202.0,0.11318150162696838
4146,dot_center_candidate,1308.0,1009.0,0.11318150162696838
4147,dot_center_candidate,1411.0,980.0,0.11318150162696838
4148,dot_center_candidate,1425.0,796.0,0.11318150162696838
4149,dot_center_candidate,1010.0,1357.0,0.11318148672580719
4150,dot_center_candidate,1455.0,1350.0,0.11318148672580719
4151,dot_center_candidate,1495.0,900.0,0.11318148672580719
4152,dot_center_candidate,1147.0,1454.0,0.11308291554450989
4153,dot_center_candidate,1469.0,1448.0,0.11308291554450989
4154,dot_center_candidate,1311.0,1372.0,0.11308291554450989
4155,dot_center_candidate,1481.0,1122.0,0.11308291554450989
4156,dot_center_candidate,1225.0,954.0,0.11308291554450989
4157,dot_center_candidate,1457.0,930.0,0.11308291554450989
4158,dot_center_candidate,1101.0,1560.0,0.1130829006433487
4159,dot_center_candidate,1524.0,1511.0,0.1130829006433487
4160,dot_center_candidate,1237.0,1506.0,0.1130829006433487
4161,dot_center_candidate,1163.0,1472.0,0.1130829006433487
4162,dot_center_candidate,1525.0,914.0,0.1130829006433487
4163,dot_center_candidate,1397.0,1028.0,0.11298434436321259
4164,dot_center_candidate,1221.0,1574.0,0.11298432946205139
4165,dot_center_candidate,1497.0,1464.0,0.11298432946205139
4166,dot_center_candidate,1055.0,1409.0,0.11298432946205139
4167,dot_center_candidate,1072.0,1323.0,0.11298432946205139
4168,dot_center_candidate,1525.0,1274.0,0.11298432946205139
4169,dot_center_candidate,1423.0,1190.0,0.11298432946205139
4170,dot_center_candidate,1269.0,904.0,0.11298432946205139
4171,dot_center_candidate,1067.0,1540.0,0.1129843145608902
4172,dot_center_candidate,920.0,1797.0,0.1128857433795929
4173,dot_center_candidate,1367.0,1192.0,0.1128857433795929
4174,dot_center_candidate,1537.0,818.0,0.1128857433795929
4175,dot_center_candidate,1101.0,1459.0,0.1128857284784317
4176,dot_center_candidate,1177.0,1458.0,0.1128857284784317
4177,dot_center_candidate,1337.0,1372.0,0.1128857284784317
4178,dot_center_candidate,1188.0,1369.0,0.1128857284784317
4179,dot_center_candidate,1193.0,1306.0,0.1128857284784317
4180,dot_center_candidate,1309.0,1190.0,0.1128857284784317
4181,dot_center_candidate,1221.0,1040.0,0.1128857284784317
4182,dot_center_candidate,1311.0,1468.0,0.11288571357727051
4183,dot_center_candidate,1381.0,896.0,0.11288571357727051
4184,dot_center_candidate,1371.0,876.0,0.11288571357727051
4185,dot_center_candidate,1617.0,1574.0,0.1127871572971344
4186,dot_center_candidate,1307.0,1354.0,0.1127871572971344
4187,dot_center_candidate,1397.0,1220.0,0.1127871572971344
4188,dot_center_candidate,1337.0,1220.0,0.1127871572971344
4189,dot_center_candidate,1351.0,1142.0,0.1127871572971344
4190,dot_center_candidate,1323.0,890.0,0.1127871572971344
4191,dot_center_candidate,1457.0,864.0,0.1127871572971344
4192,dot_center_candidate,1161.0,854.0,0.1127871572971344
4193,dot_center_candidate,1507.0,1466.0,0.1127871423959732
4194,dot_center_candidate,1493.0,1386.0,0.1127871423959732
4195,dot_center_candidate,1497.0,1354.0,0.1127871423959732
4196,dot_center_candidate,1307.0,1206.0,0.1127871423959732
4197,dot_center_candidate,1307.0,1154.0,0.1127871423959732
4198,dot_center_candidate,1471.0,1060.0,0.1127871423959732
4199,dot_center_candidate,1441.0,830.0,0.1127871423959732
4200,dot_center_candidate,1163.0,1374.0,0.11278712749481201
4201,dot_center_candidate,1427.0,1322.0,0.11278712749481201
4202,dot_center_candidate,1163.0,1172.0,0.11278712749481201
4203,dot_center_candidate,1409.0,1158.0,0.11278712749481201
4204,dot_center_candidate,1441.0,1126.0,0.11278712749481201
4205,dot_center_candidate,1539.0,1032.0,0.11278712749481201
4206,dot_center_candidate,1149.0,820.0,0.11278712749481201
4207,dot_center_candidate,1400.0,799.0,0.11278712749481201
4208,dot_center_candidate,1537.0,1064.0,0.1126885712146759
4209,dot_center_candidate,1439.0,1012.0,0.1126885712146759
4210,dot_center_candidate,1553.0,1434.0,0.11268855631351471
4211,dot_center_candidate,1025.0,1340.0,0.11268855631351471
4212,dot_center_candidate,1423.0,1272.0,0.11268855631351471
4213,dot_center_candidate,1523.0,1258.0,0.11268855631351471
4214,dot_center_candidate,1337.0,1252.0,0.11268855631351471
4215,dot_center_candidate,1209.0,1186.0,0.11268855631351471
4216,dot_center_candidate,1605.0,1142.0,0.11268855631351471
4217,dot_center_candidate,1441.0,980.0,0.11268855631351471
4218,dot_center_candidate,1026.0,1559.0,0.11268854141235352
4219,dot_center_candidate,1551.0,1548.0,0.11268854141235352
4220,dot_center_candidate,1307.0,1236.0,0.11268854141235352
4221,dot_center_candidate,1468.0,1203.0,0.11268854141235352
4222,dot_center_candidate,1295.0,844.0,0.11268854141235352
4223,dot_center_candidate,1370.0,815.0,0.11268854141235352
4224,dot_center_candidate,1453.0,782.0,0.11268854141235352
4225,dot_center_candidate,1223.0,1586.0,0.11258997023105621
4226,dot_center_candidate,1393.0,1566.0,0.11258997023105621
4227,dot_center_candidate,1294.0,1505.0,0.11258997023105621
4228,dot_center_candidate,1263.0,1356.0,0.11258997023105621
4229,dot_center_candidate,1129.0,1285.0,0.11258997023105621
4230,dot_center_candidate,1098.0,1201.0,0.11258997023105621
4231,dot_center_candidate,1253.0,1006.0,0.11258997023105621
4232,dot_center_candidate,1483.0,896.0,0.11258997023105621
4233,dot_center_candidate,1397.0,1530.0,0.11258995532989502
4234,dot_center_candidate,1468.0,1517.0,0.11258995532989502
4235,dot_center_candidate,1379.0,1402.0,0.11258995532989502
4236,dot_center_candidate,1619.0,1382.0,0.11258995532989502
4237,dot_center_candidate,1469.0,1338.0,0.11258995532989502
4238,dot_center_candidate,1207.0,1324.0,0.11258995532989502
4239,dot_center_candidate,1083.0,1274.0,0.11258995532989502
4240,dot_center_candidate,1382.0,1219.0,0.11258995532989502
4241,dot_center_candidate,1269.0,988.0,0.11258995532989502
4242,dot_center_candidate,1425.0,846.0,0.11258995532989502
4243,dot_center_candidate,1321.0,1338.0,0.11249138414859772
4244,dot_center_candidate,1499.0,1060.0,0.11249138414859772
4245,dot_center_candidate,1452.0,1485.0,0.11249136924743652
4246,dot_center_candidate,1367.0,1422.0,0.11249136924743652
4247,dot_center_candidate,1339.0,1368.0,0.11249136924743652
4248,dot_center_candidate,1469.0,1318.0,0.11249136924743652
4249,dot_center_candidate,1278.0,1223.0,0.11249136924743652
4250,dot_center_candidate,991.0,1120.0,0.11249136924743652
4251,dot_center_candidate,1551.0,1092.0,0.11249136924743652
4252,dot_center_candidate,1027.0,996.0,0.11249136924743652
4253,dot_center_candidate,1037.0,966.0,0.11249136924743652
4254,dot_center_candidate,1251.0,908.0,0.11249136924743652
4255,dot_center_candidate,1471.0,802.0,0.11249136924743652
4256,dot_center_candidate,1341.0,1158.0,0.11249135434627533
4257,dot_center_candidate,1129.0,1155.0,0.11249135434627533
4258,dot_center_candidate,1470.0,977.0,0.11249135434627533
4259,dot_center_candidate,1479.0,1548.0,0.11239279806613922
4260,dot_center_candidate,1188.0,1541.0,0.11239279806613922
4261,dot_center_candidate,1337.0,1472.0,0.11239279806613922
4262,dot_center_candidate,1409.0,1384.0,0.11239279806613922
4263,dot_center_candidate,1424.0,1203.0,0.11239279806613922
4264,dot_center_candidate,1511.0,1156.0,0.11239279806613922
4265,dot_center_candidate,1413.0,1138.0,0.11239279806613922
4266,dot_center_candidate,1665.0,1766.0,0.11239278316497803
4267,dot_center_candidate,1563.0,1526.0,0.11239278316497803
4268,dot_center_candidate,1537.0,1350.0,0.11239278316497803
4269,dot_center_candidate,1441.0,1204.0,0.11239278316497803
4270,dot_center_candidate,1159.0,1020.0,0.11239278316497803
4271,dot_center_candidate,1441.0,862.0,0.11239278316497803
4272,dot_center_candidate,1415.0,798.0,0.11239278316497803
4273,dot_center_candidate,807.0,534.0,0.11239278316497803
4274,dot_center_candidate,1453.0,1138.0,0.11239276826381683
4275,dot_center_candidate,1267.0,1486.0,0.11229419708251953
4276,dot_center_candidate,1218.0,1439.0,0.11229419708251953
4277,dot_center_candidate,1144.0,1425.0,0.11229419708251953
4278,dot_center_candidate,1537.0,1398.0,0.11229419708251953
4279,dot_center_candidate,1409.0,1240.0,0.11229419708251953
4280,dot_center_candidate,1428.0,897.0,0.11229419708251953
4281,dot_center_candidate,1295.0,894.0,0.11229419708251953
4282,dot_center_candidate,1067.0,1574.0,0.11229418218135834
4283,dot_center_candidate,1398.0,1453.0,0.11229418218135834
4284,dot_center_candidate,1437.0,1448.0,0.11229418218135834
4285,dot_center_candidate,1192.0,1402.0,0.11229418218135834
4286,dot_center_candidate,1409.0,1272.0,0.11229418218135834
4287,dot_center_candidate,1366.0,1207.0,0.11229418218135834
4288,dot_center_candidate,1567.0,1080.0,0.11229418218135834
4289,dot_center_candidate,1385.0,994.0,0.11229418218135834
4290,dot_center_candidate,1385.0,830.0,0.11229418218135834
4291,dot_center_candidate,1665.0,1772.0,0.11219561100006104
4292,dot_center_candidate,1221.0,1590.0,0.11219561100006104
4293,dot_center_candidate,1479.0,1582.0,0.11219561100006104
4294,dot_center_candidate,1147.0,1554.0,0.11219561100006104
4295,dot_center_candidate,1369.0,1174.0,0.11219561100006104
4296,dot_center_candidate,1468.0,1025.0,0.11219561100006104
4297,dot_center_candidate,1579.0,996.0,0.11219561100006104
4298,dot_center_candidate,1453.0,996.0,0.11219561100006104
4299,dot_center_candidate,1413.0,882.0,0.11219561100006104
4300,dot_center_candidate,1425.0,834.0,0.11219561100006104
4301,dot_center_candidate,994.0,1523.0,0.11219559609889984
4302,dot_center_candidate,1440.0,1513.0,0.11219559609889984
4303,dot_center_candidate,1408.0,1501.0,0.11219559609889984
4304,dot_center_candidate,1495.0,1420.0,0.11219559609889984
4305,dot_center_candidate,1102.0,1407.0,0.11219559609889984
4306,dot_center_candidate,1145.0,1358.0,0.11219559609889984
4307,dot_center_candidate,1484.0,1095.0,0.11219559609889984
4308,dot_center_candidate,1323.0,1384.0,0.11219558119773865
4309,dot_center_candidate,1087.0,1374.0,0.11209702491760254
4310,dot_center_candidate,1191.0,1200.0,0.11209702491760254
4311,dot_center_candidate,1441.0,1158.0,0.11209702491760254
4312,dot_center_candidate,1221.0,654.0,0.11209702491760254
4313,dot_center_candidate,1566.0,1499.0,0.11209701001644135
4314,dot_center_candidate,1483.0,1450.0,0.11209701001644135
4315,dot_center_candidate,1247.0,1436.0,0.11209701001644135
4316,dot_center_candidate,1281.0,1401.0,0.11209701001644135
4317,dot_center_candidate,1483.0,1370.0,0.11209701001644135
4318,dot_center_candidate,1496.0,1285.0,0.11209701001644135
4319,dot_center_candidate,1482.0,1063.0,0.11209701001644135
4320,dot_center_candidate,1235.0,1056.0,0.11209701001644135
4321,dot_center_candidate,1469.0,1014.0,0.11209701001644135
4322,dot_center_candidate,1511.0,886.0,0.11209701001644135
4323,dot_center_candidate,1267.0,1438.0,0.11209699511528015
4324,dot_center_candidate,1117.0,1522.0,0.11199843883514404
4325,dot_center_candidate,995.0,1508.0,0.11199843883514404
4326,dot_center_candidate,1119.0,982.0,0.11199843883514404
4327,dot_center_candidate,1413.0,578.0,0.11199843883514404
4328,dot_center_candidate,1307.0,1554.0,0.11199842393398285
4329,dot_center_candidate,1454.0,1481.0,0.11199842393398285
4330,dot_center_candidate,1523.0,1318.0,0.11199842393398285
4331,dot_center_candidate,1380.0,1187.0,0.11199842393398285
4332,dot_center_candidate,1341.0,1072.0,0.11199842393398285
4333,dot_center_candidate,1442.0,1029.0,0.11199842393398285
4334,dot_center_candidate,1513.0,998.0,0.11199842393398285
4335,dot_center_candidate,1205.0,1290.0,0.11199840903282166
4336,dot_center_candidate,1134.0,1121.0,0.11199840903282166
4337,dot_center_candidate,1007.0,1274.0,0.11189985275268555
4338,dot_center_candidate,1177.0,1172.0,0.11189985275268555
4339,dot_center_candidate,1249.0,904.0,0.11189985275268555
4340,dot_center_candidate,1091.0,552.0,0.11189985275268555
4341,dot_center_candidate,1083.0,1425.0,0.11189983785152435
4342,dot_center_candidate,1511.0,1414.0,0.11189983785152435
4343,dot_center_candidate,1263.0,1306.0,0.11189983785152435
4344,dot_center_candidate,1495.0,930.0,0.11189983785152435
4345,dot_center_candidate,1466.0,1567.0,0.11189982295036316
4346,dot_center_candidate,1440.0,1415.0,0.11189982295036316
4347,dot_center_candidate,1465.0,1190.0,0.11189982295036316
4348,dot_center_candidate,1383.0,1110.0,0.11189982295036316
4349,dot_center_candidate,1469.0,1078.0,0.11189982295036316
4350,dot_center_candidate,995.0,1000.0,0.11189982295036316
4351,dot_center_candidate,1355.0,890.0,0.11189982295036316
4352,dot_center_candidate,1555.0,822.0,0.11189982295036316
4353,dot_center_candidate,1305.0,662.0,0.11189982295036316
4354,dot_center_candidate,1281.0,1566.0,0.11180125176906586
4355,dot_center_candidate,1220.0,1557.0,0.11180125176906586
4356,dot_center_candidate,1353.0,1554.0,0.11180125176906586
4357,dot_center_candidate,1233.0,1540.0,0.11180125176906586
4358,dot_center_candidate,1147.0,1458.0,0.11180125176906586
4359,dot_center_candidate,1395.0,1322.0,0.11180125176906586
4360,dot_center_candidate,1293.0,1256.0,0.11180125176906586
4361,dot_center_candidate,1483.0,1594.0,0.11180123686790466
4362,dot_center_candidate,1203.0,1424.0,0.11180123686790466
4363,dot_center_candidate,1237.0,1390.0,0.11180123686790466
4364,dot_center_candidate,1175.0,1088.0,0.11180123686790466
4365,dot_center_candidate,1411.0,1062.0,0.11180123686790466
4366,dot_center_candidate,1470.0,965.0,0.11180123686790466
4367,dot_center_candidate,1355.0,906.0,0.11180123686790466
4368,dot_center_candidate,1385.0,880.0,0.11180123686790466
4369,dot_center_candidate,1341.0,1253.0,0.11180122196674347
4370,dot_center_candidate,1297.0,1170.0,0.11180122196674347
4371,dot_center_candidate,907.0,1010.0,0.11180120706558228
4372,dot_center_candidate,1411.0,1372.0,0.11170266568660736
4373,dot_center_candidate,1381.0,978.0,0.11170266568660736
4374,dot_center_candidate,1441.0,1224.0,0.11170265078544617
4375,dot_center_candidate,1565.0,996.0,0.11170265078544617
4376,dot_center_candidate,1495.0,884.0,0.11170265078544617
4377,dot_center_candidate,1497.0,1562.0,0.11170263588428497
4378,dot_center_candidate,1193.0,1487.0,0.11160407960414886
4379,dot_center_candidate,1452.0,1171.0,0.11160407960414886
4380,dot_center_candidate,1437.0,1158.0,0.11160407960414886
4381,dot_center_candidate,1413.0,1040.0,0.11160407960414886
4382,dot_center_candidate,1535.0,1578.0,0.11160406470298767
4383,dot_center_candidate,1128.0,1525.0,0.11160406470298767
4384,dot_center_candidate,1335.0,1518.0,0.11160406470298767
4385,dot_center_candidate,1338.0,1499.0,0.11160406470298767
4386,dot_center_candidate,1482.0,1351.0,0.11160406470298767
4387,dot_center_candidate,1339.0,1318.0,0.11160406470298767
4388,dot_center_candidate,1425.0,1306.0,0.11160406470298767
4389,dot_center_candidate,1337.0,1158.0,0.11160406470298767
4390,dot_center_candidate,1010.0,1120.0,0.11160406470298767
4391,dot_center_candidate,1269.0,874.0,0.11160406470298767
4392,dot_center_candidate,1009.0,796.0,0.11160406470298767
4393,dot_center_candidate,1482.0,1497.0,0.11160404980182648
4394,dot_center_candidate,1146.0,1291.0,0.11160404980182648
4395,dot_center_candidate,1052.0,1272.0,0.11160404980182648
4396,dot_center_candidate,1311.0,844.0,0.11160404980182648
4397,dot_center_candidate,1205.0,1718.0,0.11160403490066528
4398,dot_center_candidate,1087.0,1594.0,0.11150547862052917
4399,dot_center_candidate,1335.0,1534.0,0.11150547862052917
4400,dot_center_candidate,1159.0,1524.0,0.11150547862052917
4401,dot_center_candidate,1311.0,1504.0,0.11150547862052917
4402,dot_center_candidate,1248.0,1371.0,0.11150547862052917
4403,dot_center_candidate,1481.0,1090.0,0.11150547862052917
4404,dot_center_candidate,1525.0,898.0,0.11150547862052917
4405,dot_center_candidate,1357.0,828.0,0.11150547862052917
4406,dot_center_candidate,1493.0,1582.0,0.11150546371936798
4407,dot_center_candidate,1235.0,1334.0,0.11150546371936798
4408,dot_center_candidate,1237.0,1222.0,0.11150546371936798
4409,dot_center_candidate,1481.0,1220.0,0.11150546371936798
4410,dot_center_candidate,1322.0,1191.0,0.11150546371936798
4411,dot_center_candidate,1551.0,1028.0,0.11150546371936798
4412,dot_center_candidate,1438.0,1025.0,0.11150546371936798
4413,dot_center_candidate,701.0,1846.0,0.11140689253807068
4414,dot_center_candidate,764.0,1841.0,0.11140689253807068
4415,dot_center_candidate,1218.0,1569.0,0.11140689253807068
4416,dot_center_candidate,1382.0,1421.0,0.11140689253807068
4417,dot_center_candidate,1483.0,1318.0,0.11140689253807068
4418,dot_center_candidate,1413.0,1288.0,0.11140689253807068
4419,dot_center_candidate,1455.0,1270.0,0.11140689253807068
4420,dot_center_candidate,1498.0,1241.0,0.11140689253807068
4421,dot_center_candidate,1117.0,1240.0,0.11140689253807068
4422,dot_center_candidate,1021.0,1167.0,0.11140689253807068
4423,dot_center_candidate,1439.0,1090.0,0.11140689253807068
4424,dot_center_candidate,1381.0,994.0,0.11140689253807068
4425,dot_center_candidate,1471.0,818.0,0.11140689253807068
4426,dot_center_candidate,1056.0,1539.0,0.11140687763690948
4427,dot_center_candidate,1479.0,1532.0,0.11140687763690948
4428,dot_center_candidate,1036.0,1511.0,0.11140687763690948
4429,dot_center_candidate,1277.0,1438.0,0.11140687763690948
4430,dot_center_candidate,1397.0,1418.0,0.11140687763690948
4431,dot_center_candidate,1353.0,1340.0,0.11140687763690948
4432,dot_center_candidate,1248.0,1323.0,0.11140687763690948
4433,dot_center_candidate,1409.0,1290.0,0.11140687763690948
4434,dot_center_candidate,1102.0,1235.0,0.11140687763690948
4435,dot_center_candidate,1567.0,1032.0,0.11140687763690948
4436,dot_center_candidate,1041.0,1205.0,0.11140686273574829
4437,dot_center_candidate,1367.0,1026.0,0.11140686273574829
4438,dot_center_candidate,1325.0,1026.0,0.11140686273574829
4439,dot_center_candidate,1327.0,878.0,0.11140686273574829
4440,dot_center_candidate,1383.0,816.0,0.11140686273574829
4441,dot_center_candidate,1398.0,1387.0,0.11130830645561218
4442,dot_center_candidate,1539.0,1370.0,0.11130830645561218
4443,dot_center_candidate,1119.0,818.0,0.11130830645561218
4444,dot_center_candidate,995.0,1594.0,0.11130829155445099
4445,dot_center_candidate,1437.0,1568.0,0.11130829155445099
4446,dot_center_candidate,1591.0,1530.0,0.11130829155445099
4447,dot_center_candidate,1439.0,1306.0,0.11130829155445099
4448,dot_center_candidate,1365.0,1302.0,0.11130829155445099
4449,dot_center_candidate,1323.0,1258.0,0.11130829155445099
4450,dot_center_candidate,1413.0,1256.0,0.11130829155445099
4451,dot_center_candidate,1513.0,1142.0,0.11130829155445099
4452,dot_center_candidate,1267.0,1136.0,0.11130829155445099
4453,dot_center_candidate,1425.0,1040.0,0.11130829155445099
4454,dot_center_candidate,1355.0,956.0,0.11130829155445099
4455,dot_center_candidate,1384.0,908.0,0.11130829155445099
4456,dot_center_candidate,1467.0,896.0,0.11130829155445099
4457,dot_center_candidate,1369.0,1549.0,0.1113082766532898
4458,dot_center_candidate,1369.0,1534.0,0.1113082766532898
4459,dot_center_candidate,1103.0,1472.0,0.1113082766532898
4460,dot_center_candidate,1524.0,1075.0,0.1113082766532898
4461,dot_center_candidate,1293.0,1070.0,0.1113082766532898
4462,dot_center_candidate,1055.0,1002.0,0.1113082766532898
4463,dot_center_candidate,1351.0,572.0,0.1113082766532898
4464,dot_center_candidate,1345.0,572.0,0.11120975017547607
4465,dot_center_candidate,1193.0,1188.0,0.11120972037315369
4466,dot_center_candidate,1525.0,1562.0,0.11120970547199249
4467,dot_center_candidate,1025.0,1545.0,0.11120970547199249
4468,dot_center_candidate,1307.0,1438.0,0.11120970547199249
4469,dot_center_candidate,1295.0,1372.0,0.11120970547199249
4470,dot_center_candidate,1103.0,1304.0,0.11120970547199249
4471,dot_center_candidate,1580.0,1301.0,0.11120970547199249
4472,dot_center_candidate,1133.0,1002.0,0.11120970547199249
4473,dot_center_candidate,1425.0,992.0,0.11120970547199249
4474,dot_center_candidate,1266.0,1572.0,0.1112096905708313
4475,dot_center_candidate,1173.0,1386.0,0.1112096905708313
4476,dot_center_candidate,1510.0,1367.0,0.1112096905708313
4477,dot_center_candidate,1159.0,1272.0,0.1112096905708313
4478,dot_center_candidate,1297.0,1236.0,0.1112096905708313
4479,dot_center_candidate,1353.0,1224.0,0.1112096905708313
4480,dot_center_candidate,1223.0,924.0,0.1112096905708313
4481,dot_center_candidate,1321.0,1388.0,0.111111119389534
4482,dot_center_candidate,1336.0,1089.0,0.111111119389534
4483,dot_center_candidate,1541.0,966.0,0.111111119389534
4484,dot_center_candidate,1383.0,924.0,0.111111119389534
4485,dot_center_candidate,1660.0,1587.0,0.1111111044883728
4486,dot_center_candidate,1249.0,1506.0,0.1111111044883728
4487,dot_center_candidate,1117.0,1492.0,0.1111111044883728
4488,dot_center_candidate,1581.0,1466.0,0.1111111044883728
4489,dot_center_candidate,1252.0,1373.0,0.1111111044883728
4490,dot_center_candidate,1103.0,1184.0,0.1111111044883728
4491,dot_center_candidate,1279.0,986.0,0.1111111044883728
4492,dot_center_candidate,1119.0,970.0,0.1111111044883728
4493,dot_center_candidate,1453.0,894.0,0.1111111044883728
4494,dot_center_candidate,1255.0,790.0,0.1111111044883728
4495,dot_center_candidate,1395.0,1486.0,0.1110125333070755
4496,dot_center_candidate,1294.0,1473.0,0.1110125333070755
4497,dot_center_candidate,1321.0,1470.0,0.1110125333070755
4498,dot_center_candidate,1264.0,1323.0,0.1110125333070755
4499,dot_center_candidate,1623.0,906.0,0.1110125333070755
4500,dot_center_candidate,1595.0,838.0,0.1110125333070755
4501,dot_center_candidate,1383.0,1552.0,0.1110125184059143
4502,dot_center_candidate,1565.0,1466.0,0.1110125184059143
4503,dot_center_candidate,1467.0,1416.0,0.1110125184059143
4504,dot_center_candidate,1535.0,1386.0,0.1110125184059143
4505,dot_center_candidate,1525.0,1226.0,0.1110125184059143
4506,dot_center_candidate,1468.0,1073.0,0.1110125184059143
4507,dot_center_candidate,1103.0,1036.0,0.1110125184059143
4508,dot_center_candidate,1297.0,976.0,0.1110125184059143
4509,dot_center_candidate,1385.0,962.0,0.1110125184059143
4510,dot_center_candidate,1595.0,794.0,0.1110125184059143
4511,dot_center_candidate,1523.0,1350.0,0.11101250350475311
4512,dot_center_candidate,1441.0,962.0,0.110913947224617
4513,dot_center_candidate,1041.0,1508.0,0.11091393232345581
4514,dot_center_candidate,1577.0,1334.0,0.11091393232345581
4515,dot_center_candidate,1370.0,1137.0,0.11091393232345581
4516,dot_center_candidate,1022.0,945.0,0.11091393232345581
4517,dot_center_candidate,1499.0,882.0,0.11091393232345581
4518,dot_center_candidate,1119.0,750.0,0.11091393232345581
4519,dot_center_candidate,1633.0,1514.0,0.11091391742229462
4520,dot_center_candidate,1469.0,1142.0,0.11091391742229462
4521,dot_center_candidate,1395.0,912.0,0.11091391742229462
4522,dot_center_candidate,1148.0,1189.0,0.11081534624099731
4523,dot_center_candidate,1337.0,1038.0,0.11081534624099731
4524,dot_center_candidate,1499.0,850.0,0.11081534624099731
4525,dot_center_candidate,1357.0,780.0,0.11081534624099731
4526,dot_center_candidate,1524.0,1593.0,0.11081533133983612
4527,dot_center_candidate,1620.0,1509.0,0.11081533133983612
4528,dot_center_candidate,1297.0,1306.0,0.11081533133983612
4529,dot_center_candidate,1495.0,1042.0,0.11081533133983612
4530,dot_center_candidate,1513.0,930.0,0.11081533133983612
4531,dot_center_candidate,1313.0,940.0,0.11081531643867493
4532,dot_center_candidate,1605.0,1574.0,0.11071676015853882
4533,dot_center_candidate,1252.0,1535.0,0.11071676015853882
4534,dot_center_candidate,1296.0,1335.0,0.11071676015853882
4535,dot_center_candidate,1453.0,1122.0,0.11071676015853882
4536,dot_center_candidate,1265.0,1058.0,0.11071676015853882
4537,dot_center_candidate,1159.0,984.0,0.11071676015853882
4538,dot_center_candidate,1165.0,900.0,0.11071676015853882
4539,dot_center_candidate,1703.0,890.0,0.11071676015853882
4540,dot_center_candidate,1569.0,806.0,0.11071676015853882
4541,dot_center_candidate,1294.0,1555.0,0.11071674525737762
4542,dot_center_candidate,1379.0,1434.0,0.11071674525737762
4543,dot_center_candidate,1411.0,1302.0,0.11071674525737762
4544,dot_center_candidate,1147.0,1240.0,0.11071674525737762
4545,dot_center_candidate,1355.0,1058.0,0.11071674525737762
4546,dot_center_candidate,1351.0,1237.0,0.11071673035621643
4547,dot_center_candidate,1025.0,1608.0,0.11061817407608032
4548,dot_center_candidate,1381.0,1536.0,0.11061817407608032
4549,dot_center_candidate,1467.0,1534.0,0.11061817407608032
4550,dot_center_candidate,1467.0,1513.0,0.11061817407608032
4551,dot_center_candidate,1051.0,1357.0,0.11061817407608032
4552,dot_center_candidate,1437.0,1222.0,0.11061817407608032
4553,dot_center_candidate,1239.0,1172.0,0.11061817407608032
4554,dot_center_candidate,1467.0,1046.0,0.11061817407608032
4555,dot_center_candidate,1397.0,898.0,0.11061817407608032
4556,dot_center_candidate,1457.0,802.0,0.11061817407608032
4557,dot_center_candidate,1057.0,1388.0,0.11061815917491913
4558,dot_center_candidate,1409.0,1306.0,0.11061815917491913
4559,dot_center_candidate,1703.0,1178.0,0.11061815917491913
4560,dot_center_candidate,1423.0,1026.0,0.11061815917491913
4561,dot_center_candidate,1579.0,932.0,0.11061815917491913
4562,dot_center_candidate,1537.0,870.0,0.11061815917491913
4563,dot_center_candidate,1441.0,1254.0,0.11061814427375793
4564,dot_center_candidate,1511.0,1204.0,0.11061814427375793
4565,dot_center_candidate,1163.0,1156.0,0.11061814427375793
4566,dot_center_candidate,1511.0,1350.0,0.11051958799362183
4567,dot_center_candidate,1381.0,1306.0,0.11051958799362183
4568,dot_center_candidate,1383.0,1584.0,0.11051957309246063
4569,dot_center_candidate,1355.0,1450.0,0.11051957309246063
4570,dot_center_candidate,1605.0,1286.0,0.11051957309246063
4571,dot_center_candidate,1341.0,1190.0,0.11051957309246063
4572,dot_center_candidate,1412.0,1143.0,0.11051957309246063
4573,dot_center_candidate,1513.0,1094.0,0.11051957309246063
4574,dot_center_candidate,1467.0,1042.0,0.11051957309246063
4575,dot_center_candidate,1621.0,1434.0,0.11051955819129944
4576,dot_center_candidate,1395.0,974.0,0.11051955819129944
4577,dot_center_candidate,1133.0,1088.0,0.11042100191116333
4578,dot_center_candidate,1203.0,614.0,0.11042100191116333
4579,dot_center_candidate,1296.0,1583.0,0.11042098701000214
4580,dot_center_candidate,993.0,1494.0,0.11042098701000214
4581,dot_center_candidate,1339.0,1306.0,0.11042098701000214
4582,dot_center_candidate,1194.0,1169.0,0.11042098701000214
4583,dot_center_candidate,1409.0,1514.0,0.11042097210884094
4584,dot_center_candidate,1523.0,1468.0,0.11042097210884094
4585,dot_center_candidate,1041.0,1392.0,0.11042097210884094
4586,dot_center_candidate,1175.0,1358.0,0.11042097210884094
4587,dot_center_candidate,1371.0,1042.0,0.11042097210884094
4588,dot_center_candidate,1103.0,968.0,0.11042097210884094
4589,dot_center_candidate,1383.0,914.0,0.11042097210884094
4590,dot_center_candidate,1263.0,1440.0,0.11032240092754364
4591,dot_center_candidate,1484.0,1305.0,0.11032240092754364
4592,dot_center_candidate,1441.0,1078.0,0.11032240092754364
4593,dot_center_candidate,1539.0,904.0,0.11032240092754364
4594,dot_center_candidate,1337.0,1570.0,0.11032238602638245
4595,dot_center_candidate,993.0,1512.0,0.11032238602638245
4596,dot_center_candidate,1411.0,1404.0,0.11032238602638245
4597,dot_center_candidate,1195.0,802.0,0.11032238602638245
4598,dot_center_candidate,1039.0,760.0,0.11032238602638245
4599,dot_center_candidate,1411.0,1438.0,0.11032237112522125
4600,dot_center_candidate,1497.0,1496.0,0.11022381484508514
4601,dot_center_candidate,1082.0,1473.0,0.11022381484508514
4602,dot_center_candidate,1525.0,1448.0,0.11022381484508514
4603,dot_center_candidate,1537.0,1436.0,0.11022381484508514
4604,dot_center_candidate,1619.0,1366.0,0.11022381484508514
4605,dot_center_candidate,1410.0,1323.0,0.11022381484508514
4606,dot_center_candidate,1553.0,1418.0,0.11022379994392395
4607,dot_center_candidate,1425.0,1290.0,0.11022379994392395
4608,dot_center_candidate,1451.0,1286.0,0.11022379994392395
4609,dot_center_candidate,995.0,1182.0,0.11022379994392395
4610,dot_center_candidate,1313.0,890.0,0.11022379994392395
4611,dot_center_candidate,1395.0,860.0,0.11022379994392395
4612,dot_center_candidate,1607.0,822.0,0.11022379994392395
4613,dot_center_candidate,1313.0,810.0,0.11022379994392395
4614,dot_center_candidate,1425.0,1502.0,0.11022378504276276
4615,dot_center_candidate,1193.0,1386.0,0.11022378504276276
4616,dot_center_candidate,1413.0,1270.0,0.11022378504276276
4617,dot_center_candidate,1338.0,1175.0,0.11022378504276276
4618,dot_center_candidate,1453.0,976.0,0.11022378504276276
4619,dot_center_candidate,1521.0,586.0,0.11012524366378784
4620,dot_center_candidate,1359.0,574.0,0.11012524366378784
4621,dot_center_candidate,1425.0,1563.0,0.11012522876262665
4622,dot_center_candidate,1204.0,1541.0,0.11012521386146545
4623,dot_center_candidate,1369.0,1520.0,0.11012521386146545
4624,dot_center_candidate,1483.0,1516.0,0.11012521386146545
4625,dot_center_candidate,1423.0,1432.0,0.11012521386146545
4626,dot_center_candidate,1439.0,1384.0,0.11012521386146545
4627,dot_center_candidate,1205.0,1340.0,0.11012521386146545
4628,dot_center_candidate,1219.0,1236.0,0.11012521386146545
4629,dot_center_candidate,1295.0,1142.0,0.11012521386146545
4630,dot_center_candidate,1297.0,1042.0,0.11012521386146545
4631,dot_center_candidate,1467.0,1030.0,0.11012521386146545
4632,dot_center_candidate,1411.0,1006.0,0.11012521386146545
4633,dot_center_candidate,1551.0,788.0,0.11012521386146545
4634,dot_center_candidate,1551.0,1574.0,0.11012519896030426
4635,dot_center_candidate,1427.0,1318.0,0.11012519896030426
4636,dot_center_candidate,1153.0,558.0,0.11012518405914307
4637,dot_center_candidate,841.0,1194.0,0.11002665758132935
4638,dot_center_candidate,1263.0,1538.0,0.11002662777900696
4639,dot_center_candidate,1605.0,1530.0,0.11002662777900696
4640,dot_center_candidate,1311.0,1224.0,0.11002662777900696
4641,dot_center_candidate,1565.0,950.0,0.11002662777900696
4642,dot_center_candidate,1454.0,1579.0,0.11002661287784576
4643,dot_center_candidate,1204.0,1255.0,0.11002661287784576
4644,dot_center_candidate,1539.0,1242.0,0.11002661287784576
4645,dot_center_candidate,1483.0,880.0,0.11002661287784576
4646,dot_center_candidate,1469.0,582.0,0.10992807149887085
4647,dot_center_candidate,979.0,1614.0,0.10992804169654846
4648,dot_center_candidate,1127.0,1574.0,0.10992804169654846
4649,dot_center_candidate,1040.0,1477.0,0.10992804169654846
4650,dot_center_candidate,1427.0,1270.0,0.10992804169654846
4651,dot_center_candidate,1540.0,1113.0,0.10992804169654846
4652,dot_center_candidate,1238.0,1107.0,0.10992804169654846
4653,dot_center_candidate,1269.0,1022.0,0.10992804169654846
4654,dot_center_candidate,1499.0,804.0,0.10992804169654846
4655,dot_center_candidate,927.0,1802.0,0.10992802679538727
4656,dot_center_candidate,1292.0,1599.0,0.10992802679538727
4657,dot_center_candidate,1385.0,1056.0,0.10992802679538727
4658,dot_center_candidate,1457.0,898.0,0.10992802679538727
4659,dot_center_candidate,1525.0,902.0,0.10992801189422607
4660,dot_center_candidate,1564.0,1403.0,0.10982945561408997
4661,dot_center_candidate,1691.0,1770.0,0.10982944071292877
4662,dot_center_candidate,1465.0,1338.0,0.10982944071292877
4663,dot_center_candidate,1511.0,1108.0,0.10982944071292877
4664,dot_center_candidate,1411.0,1078.0,0.10982944071292877
4665,dot_center_candidate,1509.0,1026.0,0.10982944071292877
4666,dot_center_candidate,1483.0,1014.0,0.10982944071292877
4667,dot_center_candidate,1523.0,866.0,0.10982944071292877
4668,dot_center_candidate,1159.0,630.0,0.10982944071292877
4669,dot_center_candidate,1481.0,1566.0,0.10982942581176758
4670,dot_center_candidate,1193.0,1506.0,0.10982942581176758
4671,dot_center_candidate,1397.0,1110.0,0.10982942581176758
4672,dot_center_candidate,1079.0,640.0,0.10973089933395386
4673,dot_center_candidate,1379.0,1602.0,0.10973085463047028
4674,dot_center_candidate,1451.0,1534.0,0.10973085463047028
4675,dot_center_candidate,1523.0,1420.0,0.10973085463047028
4676,dot_center_candidate,1267.0,1356.0,0.10973085463047028
4677,dot_center_candidate,1468.0,1209.0,0.10973085463047028
4678,dot_center_candidate,1455.0,1176.0,0.10973085463047028
4679,dot_center_candidate,1149.0,1136.0,0.10973085463047028
4680,dot_center_candidate,1324.0,993.0,0.10973085463047028
4681,dot_center_candidate,1327.0,858.0,0.10973085463047028
4682,dot_center_candidate,1565.0,1594.0,0.10973083972930908
4683,dot_center_candidate,1496.0,1593.0,0.10973083972930908
4684,dot_center_candidate,1521.0,1448.0,0.10973083972930908
4685,dot_center_candidate,1337.0,1240.0,0.10973083972930908
4686,dot_center_candidate,1441.0,1142.0,0.10973083972930908
4687,dot_center_candidate,1207.0,956.0,0.10973083972930908
4688,dot_center_candidate,1265.0,804.0,0.10973083972930908
4689,dot_center_candidate,1539.0,802.0,0.10973083972930908
4690,dot_center_candidate,905.0,782.0,0.10973083972930908
4691,dot_center_candidate,1237.0,1522.0,0.10963226854801178
4692,dot_center_candidate,1482.0,1481.0,0.10963226854801178
4693,dot_center_candidate,1522.0,1367.0,0.10963226854801178
4694,dot_center_candidate,1267.0,908.0,0.10963226854801178
4695,dot_center_candidate,1485.0,818.0,0.10963226854801178
4696,dot_center_candidate,1397.0,1552.0,0.10963225364685059
4697,dot_center_candidate,1553.0,1498.0,0.10963225364685059
4698,dot_center_candidate,1353.0,1482.0,0.10963225364685059
4699,dot_center_candidate,1425.0,1334.0,0.10963225364685059
4700,dot_center_candidate,1633.0,1270.0,0.10963225364685059
4701,dot_center_candidate,1465.0,1222.0,0.10963225364685059
4702,dot_center_candidate,1369.0,1108.0,0.10963225364685059
4703,dot_center_candidate,1159.0,1104.0,0.10963225364685059
4704,dot_center_candidate,1453.0,1014.0,0.10963225364685059
4705,dot_center_candidate,1457.0,1010.0,0.10963225364685059
4706,dot_center_candidate,1397.0,978.0,0.10963225364685059
4707,dot_center_candidate,1425.0,850.0,0.10963225364685059
4708,dot_center_candidate,1233.0,1572.0,0.10963223874568939
4709,dot_center_candidate,1553.0,1286.0,0.10963223874568939
4710,dot_center_candidate,1283.0,1286.0,0.10963223874568939
4711,dot_center_candidate,1633.0,1274.0,0.10963223874568939
4712,dot_center_candidate,1209.0,1138.0,0.10963223874568939
4713,dot_center_candidate,1353.0,830.0,0.10953369736671448
4714,dot_center_candidate,1497.0,1530.0,0.10953368246555328
4715,dot_center_candidate,1351.0,1290.0,0.10953368246555328
4716,dot_center_candidate,1263.0,1202.0,0.10953368246555328
4717,dot_center_candidate,1411.0,1186.0,0.10953368246555328
4718,dot_center_candidate,1265.0,924.0,0.10953368246555328
4719,dot_center_candidate,1203.0,1590.0,0.10953366756439209
4720,dot_center_candidate,1323.0,1588.0,0.10953366756439209
4721,dot_center_candidate,1381.0,1580.0,0.10953366756439209
4722,dot_center_candidate,1551.0,1532.0,0.10953366756439209
4723,dot_center_candidate,1163.0,1302.0,0.10953366756439209
4724,dot_center_candidate,1369.0,1272.0,0.10953366756439209
4725,dot_center_candidate,1041.0,1256.0,0.10953366756439209
4726,dot_center_candidate,1452.0,1077.0,0.10953366756439209
4727,dot_center_candidate,1467.0,782.0,0.10953366756439209
4728,dot_center_candidate,1281.0,1538.0,0.1094350814819336
4729,dot_center_candidate,1350.0,1402.0,0.1094350814819336
4730,dot_center_candidate,1370.0,1287.0,0.1094350814819336
4731,dot_center_candidate,1071.0,1274.0,0.1094350814819336
4732,dot_center_candidate,1441.0,1062.0,0.1094350814819336
4733,dot_center_candidate,1040.0,917.0,0.1094350814819336
4734,dot_center_candidate,1074.0,833.0,0.1094350814819336
4735,dot_center_candidate,1399.0,814.0,0.1094350814819336
4736,dot_center_candidate,1493.0,1562.0,0.1094350665807724
4737,dot_center_candidate,1067.0,1286.0,0.1094350665807724
4738,dot_center_candidate,1421.0,1566.0,0.1093364953994751
4739,dot_center_candidate,1454.0,1497.0,0.1093364953994751
4740,dot_center_candidate,1483.0,1464.0,0.1093364953994751
4741,dot_center_candidate,1441.0,1436.0,0.1093364953994751
4742,dot_center_candidate,1581.0,1430.0,0.1093364953994751
4743,dot_center_candidate,1337.0,1352.0,0.1093364953994751
4744,dot_center_candidate,1511.0,1338.0,0.1093364953994751
4745,dot_center_candidate,1483.0,1286.0,0.1093364953994751
4746,dot_center_candidate,1424.0,1241.0,0.1093364953994751
4747,dot_center_candidate,1479.0,1206.0,0.1093364953994751
4748,dot_center_candidate,980.0,1063.0,0.1093364953994751
4749,dot_center_candidate,1511.0,914.0,0.1093364953994751
4750,dot_center_candidate,1439.0,866.0,0.1093364953994751
4751,dot_center_candidate,1237.0,1602.0,0.1093364804983139
4752,dot_center_candidate,1496.0,1479.0,0.1093364804983139
4753,dot_center_candidate,1384.0,1385.0,0.1093364804983139
4754,dot_center_candidate,1177.0,1374.0,0.1093364804983139
4755,dot_center_candidate,1312.0,1107.0,0.1093364804983139
4756,dot_center_candidate,1327.0,1106.0,0.1093364804983139
4757,dot_center_candidate,1608.0,1461.0,0.1092379093170166
4758,dot_center_candidate,991.0,914.0,0.1092379093170166
4759,dot_center_candidate,1409.0,878.0,0.1092379093170166
4760,dot_center_candidate,1010.0,1541.0,0.10923789441585541
4761,dot_center_candidate,1398.0,1517.0,0.10923789441585541
4762,dot_center_candidate,1525.0,1402.0,0.10923789441585541
4763,dot_center_candidate,1055.0,1374.0,0.10923789441585541
4764,dot_center_candidate,1399.0,1370.0,0.10923789441585541
4765,dot_center_candidate,1453.0,1302.0,0.10923789441585541
4766,dot_center_candidate,1495.0,1220.0,0.10923789441585541
4767,dot_center_candidate,1511.0,1172.0,0.10923789441585541
4768,dot_center_candidate,1452.0,961.0,0.10923789441585541
4769,dot_center_candidate,1537.0,884.0,0.10923789441585541
4770,dot_center_candidate,1466.0,1269.0,0.1091393232345581
4771,dot_center_candidate,1399.0,1056.0,0.1091393232345581
4772,dot_center_candidate,1221.0,819.0,0.1091393232345581
4773,dot_center_candidate,1331.0,572.0,0.1091393232345581
4774,dot_center_candidate,743.0,530.0,0.1091393232345581
4775,dot_center_candidate,1082.0,1557.0,0.10913930833339691
4776,dot_center_candidate,1567.0,1482.0,0.10913930833339691
4777,dot_center_candidate,1097.0,1458.0,0.10913930833339691
4778,dot_center_candidate,1267.0,1390.0,0.10913930833339691
4779,dot_center_candidate,1591.0,1288.0,0.10913930833339691
4780,dot_center_candidate,1465.0,1286.0,0.10913930833339691
4781,dot_center_candidate,1423.0,1158.0,0.10913930833339691
4782,dot_center_candidate,1513.0,1014.0,0.10913930833339691
4783,dot_center_candidate,1087.0,1524.0,0.10913929343223572
4784,dot_center_candidate,1424.0,1219.0,0.10913929343223572
4785,dot_center_candidate,1209.0,1119.0,0.10913929343223572
4786,dot_center_candidate,1413.0,994.0,0.10913929343223572
4787,dot_center_candidate,1423.0,946.0,0.10904073715209961
4788,dot_center_candidate,1059.0,898.0,0.10904073715209961
4789,dot_center_candidate,1525.0,1434.0,0.10904072225093842
4790,dot_center_candidate,1441.0,1238.0,0.10904072225093842
4791,dot_center_candidate,1341.0,910.0,0.10904072225093842
4792,dot_center_candidate,1437.0,1600.0,0.10904070734977722
4793,dot_center_candidate,1205.0,1172.0,0.10904070734977722
4794,dot_center_candidate,1327.0,1038.0,0.10904070734977722
4795,dot_center_candidate,1381.0,876.0,0.10894215106964111
4796,dot_center_candidate,1380.0,1487.0,0.10894213616847992
4797,dot_center_candidate,1470.0,1467.0,0.10894213616847992
4798,dot_center_candidate,1511.0,1302.0,0.10894213616847992
4799,dot_center_candidate,1309.0,1274.0,0.10894213616847992
4800,dot_center_candidate,1439.0,1208.0,0.10894213616847992
4801,dot_center_candidate,1086.0,1559.0,0.10894212126731873
4802,dot_center_candidate,1465.0,1304.0,0.10894212126731873
4803,dot_center_candidate,1437.0,1126.0,0.10894212126731873
4804,dot_center_candidate,1385.0,978.0,0.10894212126731873
4805,dot_center_candidate,1367.0,862.0,0.10894212126731873
4806,dot_center_candidate,779.0,526.0,0.10894209146499634
4807,dot_center_candidate,991.0,1622.0,0.10884356498718262
4808,dot_center_candidate,1423.0,1058.0,0.10884355008602142
4809,dot_center_candidate,1321.0,1434.0,0.10884353518486023
4810,dot_center_candidate,1237.0,1406.0,0.10884353518486023
4811,dot_center_candidate,1467.0,1290.0,0.10884353518486023
4812,dot_center_candidate,1567.0,1274.0,0.10884353518486023
4813,dot_center_candidate,1380.0,1205.0,0.10884353518486023
4814,dot_center_candidate,1025.0,1204.0,0.10884353518486023
4815,dot_center_candidate,1398.0,1039.0,0.10884353518486023
4816,dot_center_candidate,1591.0,1478.0,0.10884352028369904
4817,dot_center_candidate,1223.0,1472.0,0.10874496400356293
4818,dot_center_candidate,1579.0,1306.0,0.10874496400356293
4819,dot_center_candidate,1633.0,1546.0,0.10874494910240173
4820,dot_center_candidate,1365.0,1319.0,0.10874494910240173
4821,dot_center_candidate,1382.0,1121.0,0.10874494910240173
4822,dot_center_candidate,1337.0,1026.0,0.10874494910240173
4823,dot_center_candidate,1059.0,866.0,0.10874494910240173
4824,dot_center_candidate,1399.0,860.0,0.10874494910240173
4825,dot_center_candidate,1439.0,671.0,0.10874494910240173
4826,dot_center_candidate,1383.0,1518.0,0.10874493420124054
4827,dot_center_candidate,1293.0,1488.0,0.10874493420124054
4828,dot_center_candidate,1179.0,1204.0,0.10874493420124054
4829,dot_center_candidate,1380.0,1091.0,0.10874493420124054
4830,dot_center_candidate,1056.0,1595.0,0.10864636301994324
4831,dot_center_candidate,1221.0,1506.0,0.10864636301994324
4832,dot_center_candidate,1203.0,1470.0,0.10864636301994324
4833,dot_center_candidate,1369.0,1434.0,0.10864636301994324
4834,dot_center_candidate,1010.0,1405.0,0.10864636301994324
4835,dot_center_candidate,1551.0,1354.0,0.10864636301994324
4836,dot_center_candidate,1510.0,897.0,0.10864636301994324
4837,dot_center_candidate,1595.0,854.0,0.10864636301994324
4838,dot_center_candidate,1551.0,1468.0,0.10864634811878204
4839,dot_center_candidate,1453.0,1388.0,0.10864634811878204
4840,dot_center_candidate,1509.0,1126.0,0.10864634811878204
4841,dot_center_candidate,1537.0,916.0,0.10864634811878204
4842,dot_center_candidate,1565.0,868.0,0.10864633321762085
4843,dot_center_candidate,1465.0,1549.0,0.10854777693748474
4844,dot_center_candidate,1203.0,1486.0,0.10854777693748474
4845,dot_center_candidate,1423.0,1338.0,0.10854777693748474
4846,dot_center_candidate,1219.0,1334.0,0.10854777693748474
4847,dot_center_candidate,1551.0,1254.0,0.10854777693748474
4848,dot_center_candidate,1007.0,1205.0,0.10854777693748474
4849,dot_center_candidate,1481.0,1106.0,0.10854777693748474
4850,dot_center_candidate,1538.0,1043.0,0.10854777693748474
4851,dot_center_candidate,1371.0,942.0,0.10854777693748474
4852,dot_center_candidate,1341.0,939.0,0.10854777693748474
4853,dot_center_candidate,1453.0,850.0,0.10854777693748474
4854,dot_center_candidate,1451.0,1566.0,0.10854776203632355
4855,dot_center_candidate,1510.0,1529.0,0.10854776203632355
4856,dot_center_candidate,1480.0,1469.0,0.10854776203632355
4857,dot_center_candidate,1205.0,1072.0,0.10854776203632355
4858,dot_center_candidate,1495.0,1059.0,0.10854776203632355
4859,dot_center_candidate,1409.0,1010.0,0.10854776203632355
4860,dot_center_candidate,1294.0,1273.0,0.10844919085502625
4861,dot_center_candidate,1371.0,830.0,0.10844919085502625
4862,dot_center_candidate,1383.0,810.0,0.10844919085502625
4863,dot_center_candidate,1591.0,1494.0,0.10844917595386505
4864,dot_center_candidate,1523.0,1302.0,0.10844917595386505
4865,dot_center_candidate,1565.0,918.0,0.10844917595386505
4866,dot_center_candidate,1455.0,1204.0,0.10844916105270386
4867,dot_center_candidate,1263.0,1190.0,0.10844916105270386
4868,dot_center_candidate,887.0,1174.0,0.10844916105270386
4869,dot_center_candidate,765.0,530.0,0.10844916105270386
4870,dot_center_candidate,1395.0,1126.0,0.10835060477256775
4871,dot_center_candidate,1453.0,1046.0,0.10835060477256775
4872,dot_center_candidate,1535.0,1564.0,0.10835058987140656
4873,dot_center_candidate,1607.0,1494.0,0.10835058987140656
4874,dot_center_candidate,1365.0,1352.0,0.10835058987140656
4875,dot_center_candidate,1237.0,1340.0,0.10835058987140656
4876,dot_center_candidate,1337.0,1322.0,0.10835058987140656
4877,dot_center_candidate,1398.0,1105.0,0.10835058987140656
4878,dot_center_candidate,1339.0,993.0,0.10835058987140656
4879,dot_center_candidate,1383.0,1340.0,0.10835057497024536
4880,dot_center_candidate,1189.0,1004.0,0.10835057497024536
4881,dot_center_candidate,1085.0,868.0,0.10835057497024536
4882,dot_center_candidate,1675.0,810.0,0.10835057497024536
4883,dot_center_candidate,1323.0,792.0,0.10835057497024536
4884,dot_center_candidate,769.0,520.0,0.10825201869010925
4885,dot_center_candidate,1365.0,1466.0,0.10825200378894806
4886,dot_center_candidate,1497.0,1270.0,0.10825200378894806
4887,dot_center_candidate,1495.0,1096.0,0.10825200378894806
4888,dot_center_candidate,1481.0,1042.0,0.10825200378894806
4889,dot_center_candidate,1552.0,915.0,0.10825200378894806
4890,dot_center_candidate,1567.0,822.0,0.10825200378894806
4891,dot_center_candidate,1281.0,1422.0,0.10825198888778687
4892,dot_center_candidate,1441.0,1302.0,0.10825198888778687
4893,dot_center_candidate,1495.0,1078.0,0.10825198888778687
4894,dot_center_candidate,1481.0,866.0,0.10825198888778687
4895,dot_center_candidate,1113.0,1542.0,0.10815341770648956
4896,dot_center_candidate,1467.0,1578.0,0.10815340280532837
4897,dot_center_candidate,1098.0,1407.0,0.10815340280532837
4898,dot_center_candidate,1579.0,1290.0,0.10815340280532837
4899,dot_center_candidate,1103.0,1154.0,0.10815340280532837
4900,dot_center_candidate,1481.0,1010.0,0.10815340280532837
4901,dot_center_candidate,1649.0,814.0,0.10815340280532837
4902,dot_center_candidate,779.0,520.0,0.10815340280532837
4903,dot_center_candidate,1409.0,1042.0,0.10815338790416718
4904,dot_center_candidate,1577.0,1494.0,0.10805483162403107
4905,dot_center_candidate,1297.0,1454.0,0.10805483162403107
4906,dot_center_candidate,1565.0,1318.0,0.10805483162403107
4907,dot_center_candidate,1523.0,1188.0,0.10805483162403107
4908,dot_center_candidate,1203.0,1606.0,0.10805481672286987
4909,dot_center_candidate,1367.0,1570.0,0.10805481672286987
4910,dot_center_candidate,1281.0,1554.0,0.10805481672286987
4911,dot_center_candidate,1452.0,1469.0,0.10805481672286987
4912,dot_center_candidate,1026.0,1239.0,0.10805481672286987
4913,dot_center_candidate,1523.0,1108.0,0.10805481672286987
4914,dot_center_candidate,1525.0,918.0,0.10805481672286987
4915,dot_center_candidate,1323.0,910.0,0.10805481672286987
4916,dot_center_candidate,1565.0,836.0,0.10805481672286987
4917,dot_center_candidate,1091.0,694.0,0.10805481672286987
4918,dot_center_candidate,891.0,650.0,0.10805481672286987
4919,dot_center_candidate,1429.0,610.0,0.10805481672286987
4920,dot_center_candidate,1222.0,1606.0,0.10805480182170868
4921,dot_center_candidate,1524.0,1577.0,0.10805480182170868
4922,dot_center_candidate,1508.0,1403.0,0.10805480182170868
4923,dot_center_candidate,1409.0,1338.0,0.10805480182170868
4924,dot_center_candidate,1648.0,1333.0,0.10805480182170868
4925,dot_center_candidate,1310.0,1103.0,0.10805480182170868
4926,dot_center_candidate,1551.0,1350.0,0.10795624554157257
4927,dot_center_candidate,1367.0,1470.0,0.10795623064041138
4928,dot_center_candidate,1549.0,1402.0,0.10795623064041138
4929,dot_center_candidate,1633.0,1334.0,0.10795623064041138
4930,dot_center_candidate,1052.0,1184.0,0.10795623064041138
4931,dot_center_candidate,1481.0,994.0,0.10795623064041138
4932,dot_center_candidate,1410.0,833.0,0.10795623064041138
4933,dot_center_candidate,1511.0,790.0,0.10795623064041138
4934,dot_center_candidate,1307.0,686.0,0.10795623064041138
4935,dot_center_candidate,1489.0,584.0,0.10795623064041138
4936,dot_center_candidate,1128.0,1593.0,0.10795621573925018
4937,dot_center_candidate,1277.0,1518.0,0.10795621573925018
4938,dot_center_candidate,1427.0,1418.0,0.10795621573925018
4939,dot_center_candidate,1467.0,1176.0,0.10795621573925018
4940,dot_center_candidate,1646.0,1477.0,0.10785764455795288
4941,dot_center_candidate,1147.0,1408.0,0.10785764455795288
4942,dot_center_candidate,1409.0,1220.0,0.10785764455795288
4943,dot_center_candidate,1427.0,1044.0,0.10785764455795288
4944,dot_center_candidate,1279.0,992.0,0.10785764455795288
4945,dot_center_candidate,891.0,962.0,0.10785764455795288
4946,dot_center_candidate,1215.0,648.0,0.10785764455795288
4947,dot_center_candidate,923.0,542.0,0.10785764455795288
4948,dot_center_candidate,1057.0,1524.0,0.10785762965679169
4949,dot_center_candidate,1497.0,1500.0,0.10785762965679169
4950,dot_center_candidate,1465.0,1450.0,0.10785762965679169
4951,dot_center_candidate,1495.0,1404.0,0.10785762965679169
4952,dot_center_candidate,1595.0,1384.0,0.10785762965679169
4953,dot_center_candidate,1580.0,1349.0,0.10785762965679169
4954,dot_center_candidate,1179.0,1186.0,0.10785762965679169
4955,dot_center_candidate,1469.0,1126.0,0.10785762965679169
4956,dot_center_candidate,1367.0,894.0,0.10785762965679169
4957,dot_center_candidate,1218.0,1535.0,0.10775905847549438
4958,dot_center_candidate,1483.0,1418.0,0.10775905847549438
4959,dot_center_candidate,1635.0,1354.0,0.10775905847549438
4960,dot_center_candidate,1527.0,1174.0,0.10775905847549438
4961,dot_center_candidate,1371.0,1006.0,0.10775905847549438
4962,dot_center_candidate,1395.0,994.0,0.10775905847549438
4963,dot_center_candidate,1253.0,924.0,0.10775905847549438
4964,dot_center_candidate,1455.0,1404.0,0.10775904357433319
4965,dot_center_candidate,1551.0,1382.0,0.10775904357433319
4966,dot_center_candidate,1413.0,1074.0,0.10775904357433319
4967,dot_center_candidate,1467.0,1366.0,0.107759028673172
4968,dot_center_candidate,1455.0,1030.0,0.107759028673172
4969,dot_center_candidate,1485.0,884.0,0.107759028673172
4970,dot_center_candidate,1255.0,856.0,0.107759028673172
4971,dot_center_candidate,1512.0,817.0,0.107759028673172
4972,dot_center_candidate,1368.0,1219.0,0.10766047239303589
4973,dot_center_candidate,1439.0,802.0,0.10766047239303589
4974,dot_center_candidate,1205.0,1458.0,0.1076604574918747
4975,dot_center_candidate,1485.0,1042.0,0.1076604574918747
4976,dot_center_candidate,1281.0,1588.0,0.1076604425907135
4977,dot_center_candidate,1497.0,1516.0,0.1076604425907135
4978,dot_center_candidate,1565.0,1462.0,0.1076604425907135
4979,dot_center_candidate,1105.0,918.0,0.1076604425907135
4980,dot_center_candidate,1365.0,1254.0,0.10756188631057739
4981,dot_center_candidate,1453.0,1090.0,0.10756188631057739
4982,dot_center_candidate,1135.0,936.0,0.10756188631057739
4983,dot_center_candidate,1591.0,1590.0,0.1075618714094162
4984,dot_center_candidate,1511.0,1546.0,0.1075618714094162
4985,dot_center_candidate,1508.0,1500.0,0.1075618714094162
4986,dot_center_candidate,1252.0,1489.0,0.1075618714094162
4987,dot_center_candidate,1567.0,1366.0,0.1075618714094162
4988,dot_center_candidate,1381.0,1286.0,0.1075618714094162
4989,dot_center_candidate,1249.0,1152.0,0.1075618714094162
4990,dot_center_candidate,1268.0,1123.0,0.1075618714094162
4991,dot_center_candidate,1097.0,1610.0,0.107561856508255
4992,dot_center_candidate,1579.0,1574.0,0.107561856508255
4993,dot_center_candidate,1191.0,1574.0,0.107561856508255
4994,dot_center_candidate,1455.0,1452.0,0.107561856508255
4995,dot_center_candidate,1539.0,1334.0,0.107561856508255
4996,dot_center_candidate,1021.0,1290.0,0.107561856508255
4997,dot_center_candidate,1073.0,1150.0,0.107561856508255
4998,dot_center_candidate,1442.0,1045.0,0.107561856508255
4999,dot_center_candidate,1163.0,1206.0,0.1074633002281189
5000,dot_center_candidate,1576.0,1559.0,0.1074632853269577
