left,right,axis,sign_left_to_right,distance_px,axis_alignment_cosine
1,109,1,-1,15.294227716605636,0.9983802540639988
1,108,1,1,16.297073307337328,0.9985159549178423
1,33,0,1,17.88865897808847,0.9986178547149129
2,412,0,1,16.467250420261127,0.9999720468909465
2,80,1,-1,16.991376274916465,0.9999970690573883
2,96,0,-1,18.093268557355934,0.9999939920506601
3,82,0,1,16.75702343790329,0.9999715781820837
3,116,1,-1,16.760327758244827,0.9999336992518388
3,62,0,-1,17.039987912325774,0.9999939591186864
4,31,1,-1,14.477932201312024,0.9999971223959796
4,200,1,1,16.50482976851811,0.9993194439610222
4,18,0,1,16.511800722404278,0.9983776350457065
5,121,1,-1,15.212658064768586,0.9999767182064045
5,180,0,1,16.314242036001747,0.9997497714762252
5,162,0,-1,16.577811046204708,0.9988696534471749
6,393,1,1,15.769375643465636,0.9998830534578391
6,152,1,-1,15.957823378405594,0.9971850433544468
6,145,0,-1,15.999171602802521,0.9972443264528619
6,459,0,1,18.006109155600335,0.9987662534666468
7,41,0,-1,16.366145459316908,0.9965044111176544
7,104,1,-1,17.124589671188062,0.9974019257131439
7,221,0,1,17.23018019633789,0.9944688425728202
8,166,1,-1,14.77172909894887,0.9999995442479082
8,176,0,-1,14.986124889451466,0.9976593485502838
8,238,0,1,19.136499142041675,0.9985368828786778
9,231,1,-1,16.963467318541664,0.9999951185585595
9,70,0,-1,17.587543458690682,0.9999879972738595
9,96,0,1,17.593535701734893,0.9999927408220702
10,154,1,-1,15.38257730993279,0.9992352507432245
10,238,1,1,16.023850663718775,0.9857637338194946
10,166,0,-1,16.428413580278114,0.999999784091899
10,439,0,1,17.56101575409732,0.9970970580539541
11,31,1,1,14.552848825368478,0.9991878870128605
11,427,1,-1,15.619837651473581,0.9951198072959578
11,527,0,1,18.028667867095844,0.998577616010219
12,172,1,1,14.51680577357577,0.9996587028111552
12,543,1,-1,15.370985257745271,0.993443016371089
12,260,0,1,17.527238463169386,0.9984307020221235
13,47,1,-1,14.773875662492792,0.999919040703357
13,41,1,1,15.817528084005383,0.9956268940998676
13,104,0,1,16.553017700974756,0.999997701835004
13,150,0,-1,17.49132576167945,0.999838546751306
14,203,1,1,15.155366338498977,0.9999788814757693
14,220,1,-1,15.423807491336083,0.9999981450191779
14,195,0,1,16.96987850293897,0.9999810803755781
14,1051,0,-1,16.982912058389275,0.9999991411875042
15,319,1,-1,14.541501222083504,0.9999909872037808
15,358,0,1,14.838956871929165,0.9999992601219477
15,642,1,1,15.921500792853093,0.9969200851159578
15,744,0,-1,16.255477260538115,0.9999578990273601
16,539,1,-1,15.755823244289866,0.9999232377575801
16,150,1,1,16.092807548602703,0.9977705075294669
16,398,0,-1,16.56794740504382,0.9955412622149612
16,47,0,1,16.63079220309692,0.9982977929458611
17,365,1,1,14.664495764421154,0.999721787090093
17,611,0,-1,15.089090736836638,0.9998870481204896
17,825,1,-1,15.644502502661721,0.9965683568943614
17,269,0,1,16.38210113149013,0.9999979126577296
18,194,1,-1,15.532391516680862,0.9998932831328007
18,186,1,1,15.667910419049143,0.9994917540234018
18,318,0,1,16.261735402589615,0.9999532920248864
19,599,1,-1,15.637088061373957,0.9999639378506738
19,292,1,1,15.697656474299274,0.9996778780295725
19,492,0,-1,16.016079325406192,0.9979740514856433
19,85,0,1,16.538542294231053,0.9995764651790336
20,234,1,1,15.038903580999584,0.9999984033197182
20,822,1,-1,15.164533871493006,0.9851165890952173
20,738,0,-1,16.30596910897246,0.9999495569595034
20,1081,0,1,17.848772940129688,0.9995424439619421
21,270,1,-1,14.106507910757331,0.9991951995955664
21,127,0,1,16.445759160180486,0.9995195820688044
21,135,0,-1,16.465176208014682,0.9999825816667325
21,94,1,1,16.817054823690388,0.9999613686367363
22,543,1,1,13.61827859070424,0.9955580770333611
22,957,0,1,14.889724469880854,0.9999385614344947
22,337,1,-1,15.228297168053787,0.9999592245929725
23,818,1,-1,14.65317271450572,0.997282347650622
23,430,1,1,15.653006522308532,0.9964005996867357
23,336,0,-1,15.962843180197074,0.9979344519017654
23,181,0,1,19.034527395746434,0.9999992712174461
24,199,1,-1,15.76434245127608,0.9997576561069516
24,30,0,-1,16.06472772492429,0.9999878331240726
24,26,0,1,17.90491173710994,0.9999739648265519
25,784,1,1,14.772628653475724,0.9946000932525346
25,995,1,-1,15.799867866929787,0.9971879116588869
25,422,0,1,17.54876094222045,0.998402451845028
25,1170,0,-1,18.222494884362668,0.9992430901778002
26,66,1,-1,16.001932007101058,0.9973597930940774
26,162,0,1,16.130375292446505,0.9981939078558221
27,101,0,-1,14.980403331861552,0.9999999421366054
27,1178,1,-1,16.390018037600456,0.9996252914161339
27,556,0,1,19.051167396475698,0.9999991616792319
28,54,1,1,15.661791742217245,0.9996950137413674
28,858,1,-1,15.701577074016306,0.9969735065527567
28,44,0,1,16.385392959443177,0.9999999169288344
28,325,0,-1,16.427601751207316,0.9999583842403642
29,438,1,-1,15.333804433016757,0.9973765562606268
29,30,0,1,16.424580580478718,0.999294070498113
29,82,0,-1,18.146613078574617,0.9995021669006763
30,193,1,-1,16.166313575716806,0.9979334243744393
31,194,0,1,16.677573021169078,0.9999771790543248
32,491,1,-1,14.986909691284358,0.9990745047210493
32,749,1,1,15.286700484689657,0.9913442186862318
32,366,0,-1,16.473900134000143,0.9978598374187391
32,674,0,1,18.992725563947218,0.999999867890738
33,39,1,-1,15.652661008555349,0.9999923443656467
33,62,1,1,15.79816334592175,0.9986305761280427
33,116,0,1,16.046983685795865,0.998342787866019
34,1170,1,-1,14.235853542683166,0.9998507833912265
34,46,1,1,15.688517513009606,0.9980536422462463
34,521,0,-1,16.36314310166758,0.9999937918608439
34,784,0,1,16.471118562331295,0.9974826090183335
35,388,1,1,13.411449972178323,0.9989056938233657
35,452,1,-1,15.304235880949992,0.9998337492715464
35,287,0,-1,16.217236472769198,0.9999650208241658
35,730,0,1,16.542373452580488,0.9994341455118977
36,43,1,1,14.524202085196537,0.9999245998675469
36,137,1,-1,14.873448893591661,0.993119395954189
36,255,0,-1,16.425515409496132,0.9969527189964364
36,336,0,1,17.93965079200197,0.9981159505963177
37,162,1,1,14.885343949600351,0.994357068419251
37,121,0,1,15.08847955073982,0.9996877340056786
37,155,1,-1,15.874159849219081,0.9976511923916205
37,66,0,-1,18.843340543421967,0.9999495295042979
38,183,1,-1,14.741625713190606,0.9927474708681738
38,698,1,1,15.693713888777635,0.9999437716392843
38,300,0,-1,16.2413652974036,0.9999192245733344
38,524,0,1,17.93021513236319,0.9985177299180551
39,118,1,-1,16.85033379352579,0.997570302695655
39,109,0,-1,16.941706772789672,0.9994591728796359
39,50,0,1,17.331296517250358,0.9983062072768489
40,314,1,1,14.441688016496709,0.9999579820920456
40,691,0,1,14.926063896117196,0.9999646886690299
40,640,1,-1,16.2678308242956,0.9991043992888794
40,795,0,-1,19.126115655476355,0.9999867656911399
41,93,0,-1,19.042362833396297,0.9999827561484889
42,241,1,-1,14.113916828889078,0.9999908135916885
42,65,0,1,16.52414063566124,0.997153545775725
42,541,0,-1,17.551524334481297,0.9999998330661358
43,187,0,-1,16.152746107303347,0.9982739325677474
43,704,0,1,16.278376076268952,0.999997547341896
43,462,1,1,16.740453460893836,0.9999200389018305
44,373,1,1,15.63696830320741,0.9997031853605424
44,149,1,-1,15.69223810554836,0.9982828096031642
44,531,0,1,18.070705811066475,0.9983375368899804
45,765,1,-1,14.68028524531598,0.998225699955254
45,165,1,1,14.746160506138018,0.9999546149830839
45,304,0,-1,16.074916864869312,0.9980139382154242
45,224,0,1,16.879986465078627,0.9994244620555552
46,965,1,1,15.469722059174842,0.99991416059672
46,409,0,-1,16.393234856211137,0.9999996348657523
46,433,0,1,17.32227542651453,0.9999687710680424
47,425,1,-1,15.223501925909092,0.9903447440895421
47,119,0,1,17.951465896091257,0.9987359227249908
48,806,1,-1,15.602340269162859,0.9965328197158316
48,270,1,1,16.277515692013605,0.9998246642003087
48,369,0,-1,16.787398821932843,0.9999829251459004
48,428,0,1,17.987417072207787,0.9997911325639969
49,280,1,-1,15.658864046520046,0.9893035572893132
49,939,0,-1,17.69052947629074,0.997898040286645
50,311,1,-1,14.749089487004476,0.9927287273983438
50,116,1,1,15.784629368790013,0.9970071394767679
50,305,0,1,16.061176571381726,0.994625668092008
51,76,1,1,14.48441729321814,0.9998804563928778
51,441,1,-1,14.52022168339662,0.9977387465672208
51,520,0,-1,14.974054171722896,0.9970688874679945
51,908,0,1,17.834880805552345,0.999743053241972
52,463,0,1,14.894554698649557,0.9999169665301768
52,341,1,1,14.919656020503036,0.9942824903824664
52,351,1,-1,15.372810442482077,0.9999911057976303
52,1103,0,-1,17.671635060454403,0.9987615525188696
53,484,1,-1,15.008617297040148,0.9989052198571939
53,523,1,1,15.4577105589352,0.9999045015119326
53,197,0,-1,16.221072586203444,0.9983433154447808
53,451,0,1,16.84758855045661,0.9999738506086667
54,118,1,1,13.54356111519077,0.9996100278383606
54,373,0,1,16.391222228462485,0.9999993964105345
54,173,0,-1,16.86197107849312,0.9974958468841519
55,466,1,-1,14.60544879537025,0.9997567379450607
55,369,1,1,15.75326682540573,0.9995329804272123
55,399,0,-1,16.727333056241697,0.9996903500834398
55,806,0,1,17.604121774273782,0.9999840062075226
56,196,1,1,14.613949713586786,0.9998314141003453
56,133,1,-1,14.807771894430077,0.9979456517740404
56,233,0,-1,15.087938449534272,0.9999941695990325
56,632,0,1,16.86761738463071,0.9994132196587506
57,984,1,1,14.70940605346468,0.9974777947627657
57,407,1,-1,16.40651498734506,0.9997621534829586
57,213,0,-1,17.24408066561398,0.9987418692359846
57,1097,0,1,18.037597255597078,0.9985155339331577
58,882,1,-1,14.498197202629095,0.9998321072358943
58,957,1,1,15.117367819807109,0.9954271698652563
58,337,0,-1,16.470399142715376,0.999999618463149
58,1092,0,1,16.672037198247697,0.9999990448362911
59,789,1,1,14.465079233529734,0.9961708436351773
59,1157,0,-1,15.540838106740978,0.9980232617597695
59,872,1,-1,16.170054880035753,0.9922856158956574
59,212,0,1,18.857176079488912,0.9999958598266954
60,109,1,1,15.207362623059629,0.9983639814323196
60,173,1,-1,15.820647292141068,0.9987354236464968
60,118,0,1,17.27009118149789,0.9980795590661299
61,311,0,-1,15.141184612178105,0.9999926983643318
61,651,1,-1,15.486695281310253,0.9849936616881828
61,305,1,1,16.389692214934854,0.9983483117718669
61,697,0,1,18.80397345453533,0.9999276556426682
62,108,0,-1,17.930468392581844,0.9996935881931565
63,192,0,1,15.039805412552226,0.9998717471595235
63,248,1,1,15.669815309932366,0.999998342160636
63,195,1,-1,15.799942118277368,0.9930101983918572
63,203,0,-1,18.937780441113407,0.9997421030650764
64,697,1,1,14.881261314038424,0.9966364128674486
64,651,0,-1,14.924361443159993,0.999053244273562
64,460,1,-1,15.654844654345323,0.9997170371553104
64,191,0,1,16.52257206521944,0.9997039198452843
65,683,1,-1,16.66701244467789,0.9926581330756995
65,230,0,1,17.598458851723578,0.9999929503621287
66,462,1,-1,14.7628892865099,0.9925976188996672
66,199,0,-1,16.39551808316523,0.9999908959907595
67,107,1,-1,14.809513859342713,0.9944693770804407
67,192,1,1,15.455479922094483,0.9999998808284962
67,195,0,-1,16.89517722033877,0.9999999180213166
67,110,0,1,17.09971303697277,0.9999994673989717
68,1069,0,-1,14.969260202765861,0.9970337538481168
68,996,1,-1,15.67822490651366,0.9998243335077315
68,468,1,1,15.837140074667069,0.9997616547224017
68,394,0,1,16.360408700870625,0.9993347592848892
69,908,1,1,14.957277387641735,0.9993917681886629
69,987,1,-1,15.738067532385388,0.999890705831359
69,441,0,-1,16.332871064366298,0.9999940134358545
69,744,0,1,19.297565748600807,0.9983723802455479
70,262,0,-1,16.399552534676562,0.9999760782317382
70,179,1,-1,17.101685184450062,0.9999996390566811
71,527,1,1,14.67462726670452,0.9999632888860241
71,309,1,-1,14.819399136247045,0.9997669698619369
71,622,0,1,16.328369628856613,0.9999914991297346
71,427,0,-1,16.336267955131483,0.9999842384423369
72,946,1,-1,15.45829154793962,0.9998956882802806
72,993,1,1,16.22810455578335,0.9879126627812068
72,782,0,-1,16.585096362507045,0.9999269522667343
72,1137,0,1,17.936666286435532,0.9992978517333713
73,753,1,1,14.526790390990488,0.9964096342161838
73,449,1,-1,15.76991619350767,0.999822413269989
73,189,0,1,16.49569889749078,0.9985438100433232
73,426,0,-1,17.35230255926979,0.9982312224845682
74,965,1,-1,14.537620398533187,0.999895924408924
74,343,1,1,16.029694766998638,0.9999292512792645
74,532,0,1,16.241155651760284,0.9999918530588285
74,429,0,-1,17.533669446583403,0.9998442994100296
75,842,1,-1,14.276949798570502,0.9997680614728315
75,351,1,1,15.46391717868299,0.9984029744346431
75,517,0,-1,16.898399523909326,0.9984235112201532
75,95,0,1,17.21602123809058,0.9999715211993865
76,141,1,1,14.642368029741682,0.9987533366398009
76,265,0,-1,14.864575530117623,0.9999921336596796
76,621,0,1,17.421061138459844,0.999987684365689
77,481,1,1,14.614865193992125,0.9991509307109452
77,526,0,1,16.414904355982408,0.9997499982168795
77,278,0,-1,16.518955663947253,0.9999964544939582
77,141,1,-1,16.683816294416264,0.998596519412947
78,825,1,1,14.745660685600791,0.9999292499914547
78,426,1,-1,15.461563219039924,0.9987311232810765
78,801,0,-1,15.61026906896375,0.9987993356020779
78,753,0,1,16.870496044639438,0.9999927361894145
79,98,0,1,16.05862519952691,0.9999702867612065
79,244,1,-1,16.540840177820247,0.9998396781564209
79,570,0,-1,18.031124230667004,0.9999998997331845
80,657,1,-1,14.953254906867711,0.9919266613526618
80,88,0,1,14.978766104455701,0.9972989627710538
80,86,0,-1,18.11305569674596,0.9999813868817001
81,212,1,-1,14.362596596961788,0.9999770762706001
81,635,1,1,15.800498065118903,0.9859017783140875
81,561,0,1,16.260193561046066,0.9999960992676666
81,789,0,-1,17.495491306365196,0.9999831096477239
82,688,1,-1,16.8376388723955,0.9994890126224394
83,300,1,-1,15.76206019905975,0.9997158400077513
83,818,1,1,15.816939666996454,0.9996167833297976
83,698,0,1,16.449973258431964,0.9999629103156419
83,122,0,-1,16.502981156986095,0.9984422208155238
84,204,1,-1,15.969204298686645,0.999998368859318
84,237,0,-1,16.536701383433645,0.997406435769565
84,158,0,1,17.658742405779083,0.9999540514168156
85,436,1,1,15.361132854300362,0.9999939956006157
85,368,1,-1,15.68331591724709,0.9871142879763404
85,671,0,1,17.428085698569834,0.9997127026116834
86,354,1,-1,14.26677498571279,0.9972283149376692
86,96,1,1,16.81810875694352,0.9999991768013198
86,231,0,-1,17.56215864987902,0.9999900729561301
87,649,1,1,14.547103284695456,0.9999823917468552
87,381,1,-1,15.610545679724023,0.9999775464750984
87,943,0,-1,15.802478723485105,0.9981746980381905
87,968,0,1,17.401679453856044,0.9979505414354405
88,412,1,1,15.838015873342226,0.9955807158960768
88,615,1,-1,15.934135000929226,0.9999729823076484
88,277,0,1,17.207124697890634,0.9999547264039952
89,493,1,-1,14.273771976617757,0.9988766604247109
89,440,1,1,16.71781222132007,0.9997439690541796
89,524,0,-1,16.91002813599467,0.9999905025827256
89,577,0,1,17.135203298457274,0.9923010630012138
90,626,1,-1,16.199052938797614,0.9990740597670321
90,221,0,-1,16.473455571918524,0.9959647863310245
90,262,0,1,16.650806706424497,0.99994973153398
91,459,1,-1,13.76460489279279,0.9998301903884578
91,285,0,1,16.069289238928533,0.9978493752332034
91,393,0,-1,18.005718329245788,0.998094211360144
92,247,1,1,14.515265959061468,0.9999999989561146
92,663,1,-1,15.56401922141661,0.9955309174945282
92,607,0,1,16.4061390011084,0.9994857192007964
92,363,0,-1,16.872255912931344,0.9981264148579353
93,150,1,-1,15.546070240831739,0.9999880889281556
93,136,0,-1,16.125350950801582,0.9974404783106725
94,539,1,1,13.581496775356932,0.9998737657361952
94,235,0,1,16.545694333378183,0.9983186379119513
94,437,0,-1,17.535029665755445,0.9974142348554516
95,610,1,-1,13.446366998174602,0.9998051085473312
95,370,1,1,15.644786245978064,0.9936242109615868
95,591,0,1,16.299962554960114,0.9999808506819533
97,388,1,-1,15.655534206242013,0.9982882409543639
97,190,0,-1,16.045008153205664,0.9999978615594117
97,484,0,1,16.492262045979587,0.9993111202457577
97,197,1,1,16.542788348586747,0.9996846772976767
98,552,1,-1,16.501195354182453,0.9970440361868448
98,475,0,1,18.055910995386956,0.9999985163178184
99,139,1,1,14.429110069365263,0.9943201843678605
99,1135,1,-1,14.52672441205539,0.9999975520980585
99,1025,0,1,16.01472652941542,0.9979241047216579
99,592,0,-1,17.573868556018297,0.9999998299381946
100,1255,1,1,14.83920208557418,0.9908814077760572
100,848,1,-1,15.979467651149804,0.9995588165505364
100,719,0,-1,16.898638723054283,0.9998626964656153
100,1076,0,1,17.736399415808673,0.9996993317873741
101,282,1,-1,16.612811816824966,0.9912860416714016
101,184,0,-1,18.4622104840535,0.9995558717788392
102,344,0,1,14.878646814117724,0.9999839200447574
102,445,1,-1,15.559496913286933,0.9999699703462109
102,259,1,1,16.017866370431612,0.9951467706250136
102,557,0,-1,17.711279876863422,0.9999109057777493
103,847,1,-1,14.533314863566215,0.996557327409703
103,134,1,1,15.411062087370745,0.9999959569170681
103,223,0,-1,16.327235829842458,0.9999990198644941
103,1045,0,1,19.402188405110376,0.9999434670400258
104,119,1,-1,15.788131437962399,0.995082650191923
104,447,0,1,19.04391185195851,0.9982759643772293
105,178,1,-1,15.29595411183958,0.9855991009200894
105,745,1,1,15.508555803887223,0.9999102495556135
105,167,0,-1,16.512052377821156,0.9995689763356225
105,398,0,1,18.394160479093703,0.9980817406275942
106,317,1,1,15.015622360647214,0.9986378517433262
106,744,1,-1,16.30289455111698,0.9897393542887862
106,908,0,-1,16.41535566008368,0.999985998068544
106,642,0,1,17.33597050313793,0.9999783817704089
107,134,1,-1,15.985021027909337,0.9956351015973989
107,432,0,1,16.047356910151862,0.9999997271376472
107,832,0,-1,17.8723281307342,0.9999994607746734
110,432,1,-1,14.76568263136136,0.9994194958670485
110,159,1,1,15.068893160273806,0.9999852727829279
110,296,0,1,16.941955928644116,0.9999816637722977
111,1349,1,-1,14.484445994387602,0.9998422715101173
111,214,1,1,15.03087707129576,0.9962784979588506
111,392,0,1,16.307266767537556,0.9982065299006113
111,461,0,-1,16.326100607744866,0.9999998843144421
112,357,1,1,15.029650453645592,0.9999997989937346
112,742,1,-1,16.4572854441402,0.9934791102050824
112,513,0,1,16.99059941010146,0.9996936482313772
112,446,0,-1,17.01699922015541,0.9999966167687157
113,366,1,1,15.62678726447584,0.9999837257106642
113,750,1,-1,15.64564751168353,0.9999999266331695
113,328,0,-1,16.766610720405186,0.9996997404690511
113,491,0,1,16.999407014293304,0.9996893077506427
114,237,0,1,14.842174172850212,0.9971878336490811
114,267,1,-1,15.736095771016958,0.9999593782109286
114,230,0,-1,19.24120882053741,0.999991673202063
115,167,1,1,14.799085656372833,0.9944219881599037
115,708,1,-1,15.631558320313053,0.9966435916935047
115,178,0,1,17.530984229921167,0.9999743309425256
115,330,0,-1,18.42487493856386,0.9995531341085853
116,688,0,1,17.487837641859635,0.9999947772587832
117,574,1,-1,14.186939728868877,0.9968812072205947
117,674,1,1,15.203288306363039,0.9916934335985762
117,491,0,-1,16.39285122280324,0.999983489570692
117,641,0,1,19.39616022329264,0.9999141795802884
118,311,0,1,17.94091276500259,0.9979103034382881
119,208,1,-1,14.90589800639246,0.99561279334534
119,722,0,1,17.04482916290961,0.9960871378842703
120,336,1,1,14.600293241743449,0.9999610972440579
120,122,1,-1,15.758190149742072,0.9975660337196142
120,137,0,-1,16.062200677174864,0.9983248528387096
120,818,0,1,17.16806241977241,0.9982617035261849
121,378,1,-1,15.178279401050473,0.9967624584708203
121,145,0,1,18.192297107932745,0.9967840076587224
122,315,1,-1,14.550931495146969,0.9984873448890742
122,729,0,-1,17.875813813082182,0.9996432096850367
123,682,1,1,15.085887046049967,0.9988086576290532
123,861,1,-1,15.477805400250968,0.9999977929454242
123,779,0,-1,16.411666504164522,0.9999280890267384
123,572,0,1,17.60065468809961,0.9999972941688609
124,1102,1,1,14.705518664430999,0.9999378663282863
124,153,1,-1,14.758182122822296,0.9949897449377599
124,1115,0,1,17.20533288628517,0.9999358738338824
125,557,1,-1,14.162137431532184,0.998255163297534
125,267,1,1,16.532301430809092,0.9910510860853154
125,259,0,1,17.041886720410606,0.9957675150834503
125,421,0,-1,17.410039963953032,0.9994637673356079
126,428,1,-1,15.10950309115851,0.9999988114652728
126,127,1,1,16.23592263036055,0.9939480134718354
126,752,0,1,16.439829458469088,0.9957286397914434
126,270,0,-1,17.721972567321007,0.9962526165738542
127,235,1,1,15.347776273098996,0.9999902417454755
127,538,0,1,17.54536188427475,0.9996234289121652
128,181,1,-1,14.881344438044076,0.9927129334466352
128,509,1,1,15.714965365015066,0.9973108988071513
128,430,0,-1,15.936877882468663,0.9985875507381073
128,330,0,1,15.959895745870716,0.9997127583283765
129,495,1,1,15.159724433668112,0.9999336078052836
129,308,1,-1,15.323653094891766,0.9843956637002054
129,551,0,-1,18.524319498764598,0.9986098269730103
130,321,1,1,15.536717875827364,0.9999859236981872
130,628,1,-1,15.8133712369711,0.9999805926213348
130,907,0,-1,16.788072086489965,0.9999903370319854
130,740,0,1,17.172820287321795,0.9999996562533778
131,657,1,1,15.664481391396658,0.9992975529047704
131,549,1,-1,15.69873787841526,0.9999959495769837
131,821,0,1,16.947770485515772,0.9994231851154843
131,632,0,-1,17.173623537015143,0.9992364106051688
132,710,1,-1,14.78009556911682,0.9954683970113788
132,856,1,1,15.262510248804983,0.9972564060603736
132,863,0,1,16.165200823521552,0.9999260592632186
132,1348,0,-1,18.07321897081196,0.997698276306417
133,203,1,-1,16.045664555601313,0.998487059456712
133,205,0,-1,17.418646986991565,0.9999985859014936
133,248,0,1,18.02222796277525,0.9999905207786515
134,667,0,-1,16.378906231680638,0.9997789474665749
134,151,0,1,19.15100172836828,0.9989985085790061
135,391,1,-1,14.819296177173097,0.9934184396633382
135,437,1,1,15.503446140460262,0.9971354984666243
135,522,0,-1,17.31540619818215,0.9999187513826298
136,253,1,-1,13.744986407530975,0.9999080450407687
136,285,0,-1,18.024281267023152,0.9981832050487154
137,729,1,-1,16.18839118814358,0.9989677648668776
137,530,0,-1,17.83221767828595,0.9985480363510211
138,702,1,1,15.243463891113553,0.9999998586103026
138,283,1,-1,15.259513185707824,0.9904247792312596
138,163,0,-1,16.941716617018265,0.9995767529981124
138,611,0,1,18.136673823451762,0.9998510702971457
139,517,1,1,15.585042934113636,0.9997836635846326
139,505,0,-1,15.940435979687635,0.9979354954943772
139,842,0,1,16.244098800719375,0.9997550244702839
140,484,1,1,15.022603643946097,0.9999656956614192
140,730,1,-1,15.173438111527574,0.9998986192279338
140,388,0,-1,15.736966753952073,0.9969968461258697
140,1177,0,1,17.922734283201496,0.9978925067452573
141,274,0,-1,15.778990743364167,0.9979104783582419
141,487,0,1,16.15894754816015,0.9993382055858844
142,381,1,1,14.424403050381757,0.9999991484056604
142,619,1,-1,14.587753847541478,0.9953810634407664
142,831,0,-1,16.88125140322476,0.9997913758277895
142,1175,0,1,18.78567086983287,0.9999999857102734
143,488,1,-1,14.319222874155965,0.9998863531133972
143,696,1,1,15.371006102841582,0.9975418383319479
143,1212,0,-1,15.86732305863813,0.9983951181166505
143,461,0,1,17.239924949794187,0.9999969911458491
144,569,1,-1,16.02051749993068,0.9992470895039518
144,420,0,-1,17.558439433092804,0.9997871952357549
144,202,0,1,18.949247641198458,0.9999944458870216
145,509,1,-1,14.681751667715744,0.9996736477114098
145,180,1,1,17.143781103631774,0.9936598946131843
146,802,1,1,14.350384642058307,0.9997379659068546
146,1118,1,-1,15.329734293850777,0.9969905440141936
146,498,0,1,15.675275117648717,0.9999641766594274
146,414,0,-1,16.249649938278086,0.9999928869893058
147,315,0,1,14.998731191834255,0.9999118382929283
147,864,1,-1,15.125590195316652,0.9993538056099227
147,729,1,1,15.346073300449563,0.9908432227199426
147,800,0,-1,17.661847607309834,0.9985638111927806
148,703,1,-1,15.337306053812629,0.9968174223582728
148,392,1,1,15.369907276838815,0.999925318579429
148,1349,0,-1,16.20885669565365,0.9999847133146179
148,323,0,1,18.175411804149935,0.999607156658302
149,702,1,-1,15.630284571567449,0.9947338927982545
149,858,0,-1,16.08394597989665,0.9999999598735261
149,310,0,1,16.834911371967536,0.9999334314292815
150,253,0,-1,15.986744452794246,0.9991751983107559
151,1045,1,-1,14.351227494113568,0.9997619934227684
151,963,0,1,15.428384419169486,0.9989474429493211
151,432,1,1,16.835768970465544,0.9955159172009285
152,330,1,-1,15.246969512315086,0.9996211622557426
152,167,0,1,16.436086398247884,0.999998739244546
152,509,0,-1,17.526728057237662,0.999996090752524
153,1484,1,-1,14.145452668357153,0.993344501265221
153,1036,0,1,16.009506470317255,0.9999727230565193
154,356,1,-1,15.726362177840851,0.9999991783332736
154,211,0,-1,17.024477237692135,0.9997330906167292
154,476,0,1,17.542610472467338,0.9984601517386926
155,704,1,-1,15.781564247366234,0.9999780524769154
155,462,0,-1,15.992998901733511,0.9980668771819228
155,378,0,1,17.425303689058534,0.9980604035753633
156,530,1,1,14.783788656321489,0.9973292159855752
156,729,0,1,15.9980173079094,0.9995742479128564
156,800,1,-1,16.6240504293403,0.9996705139600456
156,157,0,-1,17.23905669926417,0.9989309949656718
157,232,1,1,14.330598728626644,0.9996054257751448
157,295,1,-1,15.222183044547185,0.999868648616021
157,679,0,-1,17.498308712126594,0.9999999938199149
158,420,0,1,16.61419257144293,0.9997733503417815
158,793,1,-1,16.90072994024294,0.9995998181126671
159,827,1,1,15.74207585183934,0.9999942511003002
159,588,0,1,16.97162406441352,0.9993515328862896
159,192,0,-1,17.01438225928553,0.9997645956851489
160,239,0,1,14.67191091357499,0.9997361666412
160,288,1,-1,15.812735467734976,0.9995740149714728
160,215,1,1,16.46072104437112,0.9922346453589768
161,1051,1,1,14.936284525633727,0.9902172826896463
161,220,0,1,14.940999258228773,0.9991625120433111
161,164,1,-1,15.625722939800342,0.9957685898468462
161,896,0,-1,17.44264845410315,0.9999901556528001
163,186,1,-1,14.645991040798716,0.9963063281081155
163,239,1,1,15.17608405244647,0.9989547234534072
163,288,0,-1,15.85374051527119,0.9980767256769508
164,182,0,-1,14.937284559626418,0.9970456755213817
164,324,1,-1,16.423565268472526,0.9917240365986835
164,240,0,1,18.94455636930576,0.9999981599660737
165,179,0,1,16.28686590021299,0.9999834502681022
165,262,1,1,16.895022206513307,0.9999717050060083
165,626,0,-1,17.48245555084015,0.9995165737221703
166,211,1,-1,15.753337182566073,0.9999998002942063
166,316,0,-1,16.52542183994182,0.9977236654848435
167,459,1,1,16.784637644829697,0.9997809315562396
168,696,1,-1,14.603213811138195,0.9999231936263008
168,516,1,1,15.138340538033443,0.9845659941280364
168,685,0,1,15.759924733368157,0.99981502834284
168,443,0,-1,18.619790908457777,0.9999999922047936
169,450,1,-1,15.077454008237076,0.999060428877363
169,927,0,-1,15.921169339158814,0.9997231745362497
169,518,1,1,16.22963554352348,0.9994301903671953
169,560,0,1,16.99440631840114,0.9999910121777934
170,277,1,-1,15.98486502775672,0.999741311406678
170,412,0,-1,16.082643427718015,0.9999953639131132
170,176,0,1,19.192764111607474,0.9999999985943765
171,526,1,-1,14.536058220523591,0.9995703229384202
171,599,1,1,16.238143746173396,0.9991657987579319
171,896,0,1,17.44422058522674,0.9968271401187555
171,481,0,-1,17.44454569641567,0.9996823313234514
172,348,1,1,15.572195038829674,0.99608960045389
172,592,0,1,16.254343093787174,0.9982211789887221
173,325,1,-1,14.635100123954198,0.9985801610594697
174,1088,1,1,14.923107833171546,0.9983913662024918
174,681,1,-1,15.615416354727303,0.9991308022726639
174,1167,0,1,16.517063787154225,0.9992131412964841
174,645,0,-1,16.820952042733474,0.9995477790352808
175,524,1,1,14.14370265752199,0.9984112328534501
175,183,0,-1,15.3414354434566,0.9995456392692822
175,643,1,-1,15.46735970339519,0.9985334873380698
175,493,0,1,17.031748604317684,0.9999238352380521
176,316,1,-1,16.98183052878957,0.9958211723178717
177,1048,1,1,14.831423854818274,0.9990830542991794
177,1124,1,-1,14.879937623411513,0.9991963400322278
177,596,0,-1,15.810483090884004,0.9996368765040392
177,1310,0,1,16.977038705365878,0.9999816222255105
178,565,0,1,15.134635224976925,0.9999990568746832
178,329,1,-1,15.75134807367863,0.9999865930196524
179,224,1,-1,14.097787812182254,0.9986798299287796
179,231,0,1,17.625882500059884,0.9999956273575502
180,393,0,1,17.64154230044673,0.9999895576787721
181,264,1,-1,14.694248492611992,0.9953947847689213
181,376,0,1,15.678259822192722,0.9980786203457165
182,675,1,-1,14.631495876990275,0.995635793224983
182,896,1,1,16.666784334419248,0.9977662421446641
182,526,0,-1,18.941682207435,0.9992947940524778
183,236,1,-1,15.663052422747455,0.9998035887797911
183,725,0,-1,17.911225574495976,0.9982227535161275
184,919,1,-1,15.386768672472966,0.9999792563365749
184,475,0,-1,15.968732465968596,0.9999951192003392
185,229,1,1,14.490852937190066,0.9999576052293364
185,856,1,-1,14.737642854624806,0.9953028342112866
185,408,0,-1,16.349282111205344,0.9999680014325435
185,751,0,1,18.717942800514148,0.99999995540165
186,200,0,-1,16.59469946475523,0.9999793976273322
186,283,0,1,17.81242571039337,0.9983771964002821
187,198,1,1,14.845525490490486,0.9935657246495793
187,404,0,-1,16.504741823036937,0.9980802312740085
187,255,1,-1,16.753230166306096,0.999990702770198
188,376,1,1,13.568415477807886,0.9976451352249927
188,550,0,1,16.000335175134303,0.9999813068683634
188,905,1,-1,16.367133442272515,0.9972615175003137
188,264,0,-1,17.987742168207838,0.9999782317764644
189,723,1,-1,15.013984607527282,0.9989717587852363
189,402,1,1,15.648726970876208,0.9959845712275129
189,382,0,1,17.13065294961767,0.9999990343258017
190,878,1,-1,13.545101428753956,0.999921231286703
190,617,1,1,16.42411230495759,0.9989041315338383
190,544,0,-1,17.78943244054083,0.9986304056845173
191,404,1,1,15.035108397816721,0.9975452090463724
191,232,1,-1,16.44470809529438,0.9972389783297971
191,255,0,1,17.469025058777262,0.9991200968527506
192,549,1,1,14.817750436850883,0.9999907897836097
193,415,1,-1,15.70470842374463,0.9865833146359052
193,438,0,-1,16.48567770498742,0.9999090910224718
193,199,0,1,17.452823590163696,0.9998589380882777
194,527,1,-1,15.507946017725576,0.9923687429955941
194,584,0,1,18.830379327764067,0.9999985543574131
195,832,1,-1,14.727245797969731,0.9992288593433447
196,231,1,1,15.813732640591724,0.9999875511569426
196,224,0,-1,17.063671614827552,0.9951285558681753
196,354,0,1,18.61911268358808,0.9959957633461195
197,643,1,1,14.34027787769861,0.9976824939194302
197,617,0,-1,16.398568148848696,0.9999820419173264
198,415,0,-1,15.056843141828077,0.9999988227611974
198,199,1,1,15.764957212835627,0.999941588802992
198,462,0,1,18.047937866327914,0.9983368458930153
200,288,1,1,13.72425822802724,0.9993713946872341
201,785,1,1,14.447719009393502,0.9997365031917388
201,1158,1,-1,15.701378681942547,0.9901170252341259
201,1431,0,-1,18.411757049917725,0.9996992425207871
202,570,0,1,15.58326961900745,0.999437479814247
202,453,1,-1,16.14899897071942,0.98512111478644
203,671,0,-1,16.476966795661085,0.9997556997862147
204,249,1,-1,15.776461525557814,0.9885952498113848
204,494,0,-1,17.072096463909006,0.9994512771167866
204,793,0,1,18.19777790890267,0.9981910972993515
205,233,1,1,14.86397532229915,0.9956677127743314
205,671,1,-1,15.686620089491633,0.9999918389646214
205,436,0,-1,17.4287882455251,0.9990904490980311
206,725,1,1,14.726822134049687,0.994133389591571
206,504,1,-1,15.419380553881119,0.9969413879041534
206,236,0,1,15.97617407335252,0.9999955176172851
206,563,0,-1,17.76090620328255,0.998396869659758
207,892,1,-1,14.694602802183107,0.9955840537473398
207,886,0,-1,14.986555391046362,0.9997728717691529
207,515,1,1,15.492600808420699,0.9957538676735875
207,390,0,1,16.35010995820001,0.9999788238043648
208,425,0,-1,14.439045843426744,0.998934669335621
208,636,1,-1,14.63603947164609,0.9968144034174067
208,419,0,1,18.45597675344642,0.9988401722095667
209,1125,1,1,14.05377808671811,0.9990352729508706
209,918,1,-1,15.482803426831437,0.9999199032375334
209,1346,0,-1,15.987641529180472,0.9979049607922147
209,1018,0,1,17.781815161602974,0.9980700133290893
210,476,1,1,14.15008879455361,0.9990379031090094
210,795,1,-1,15.836896691994612,0.9999930694755612
210,356,0,-1,16.886150013082187,0.9993328369077785
210,314,0,1,19.096553419789785,0.9976898123508786
211,694,1,-1,15.969472660091109,0.9999954147450285
211,695,0,-1,16.596824913911657,0.997612184318817
212,764,1,-1,14.53665992401991,0.9944730217377913
212,738,0,1,14.849530791929858,0.9999905387079066
213,771,1,1,14.477125351921163,0.9998552856137044
213,1101,1,-1,14.688174636979662,0.9997577559101488
213,662,0,-1,16.767879322724266,0.9996574319430717
214,1346,1,1,14.87499298015769,0.9967015901571529
214,474,0,-1,15.391480942648833,0.9998539973942224
214,918,0,1,17.361398359183735,0.999762052425974
215,325,1,1,14.685153069389111,0.9976883786049474
215,858,0,1,16.67149478639187,0.9986902653537568
216,879,1,1,14.12496153595602,0.9996916059743178
216,1545,1,-1,14.270217845273688,0.9999350589682248
216,1053,0,1,15.971266282818931,0.999994338828411
217,750,1,1,14.483809566473841,0.9999909165020134
217,649,1,-1,15.376983398774705,0.9999992952486702
217,921,0,1,16.18065432212764,0.9999584910180864
217,431,0,-1,16.442339544113732,0.9983909944478168
218,757,1,-1,14.255785475553393,0.9999997481400323
218,887,1,1,15.255755942495334,0.99950249705534
218,762,0,1,16.140812675329826,0.9998174194045483
218,895,0,-1,16.804314910001136,0.9995542685415629
219,399,1,1,14.82423520103654,0.9988961482506683
219,451,1,-1,15.781000908977473,0.9999230210408679
219,466,0,1,16.349300305063828,0.9999172972153484
219,523,0,-1,16.438956048564478,0.9999247145051623
220,240,1,-1,15.205093394254545,0.9854981930056429
220,832,0,1,17.528496828513504,0.9994071189646567
221,447,1,-1,14.167177357676788,0.9989708123482763
222,383,1,-1,15.865791553415361,0.9998910427145975
222,618,0,1,16.43399740886131,0.9981701510801927
222,816,1,1,16.677208121670805,0.9999965844540718
222,1293,0,-1,17.59120119497076,0.9982560037749384
223,607,1,-1,14.980508102262592,0.9999988510798268
223,667,1,1,15.732777096219928,0.9999829435190858
223,247,0,-1,16.374443161249257,0.9999930900950265
224,233,1,-1,16.385331605081372,0.9912646136559353
225,984,1,-1,15.047179771325414,0.998562158716116
225,499,1,1,15.51616391458025,0.9977505767734905
225,382,0,-1,15.957906097603285,0.9995780562083717
225,544,0,1,16.799446277576646,0.9996818545066982
226,400,0,1,14.579256010883153,0.9998827963697317
226,869,1,1,15.367517323189444,0.9895191961596668
226,303,1,-1,16.144045917811344,0.9867420109838587
226,301,0,-1,17.387984984813155,0.9982777230951687
227,281,1,-1,15.682856682245573,0.9999646827100278
227,453,1,1,15.829036973238965,0.9999937266012265
227,320,0,-1,16.494364963862964,0.9970728880251345
227,289,0,1,17.086372119768424,0.9994472505040112
228,418,1,-1,14.711698396703698,0.9943883429284555
228,937,0,1,14.978522668323258,0.9999970495088119
228,445,1,1,15.849620825861766,0.9999816878040799
228,572,0,-1,18.984286554527987,0.9999687174662101
229,948,1,1,15.606523989256198,0.9999957395918937
229,1046,0,-1,16.946609484594234,0.9997171091722714
229,431,0,1,17.406832537685307,0.999999423227933
230,331,1,-1,16.47829302794364,0.9994542936551748
232,530,0,1,16.588042581182837,0.9973083692285041
232,460,0,-1,17.4045559688452,0.9978111608298629
233,765,0,-1,18.18554977276686,0.9984401395936332
234,561,0,-1,15.023932089191781,0.9996404933884482
234,900,1,1,15.119213924123251,0.9999490571343149
234,857,0,1,17.28872466477725,0.9998366390547063
235,425,1,1,16.284905915735955,0.9939815260970035
235,636,0,1,17.399887590508317,0.9985670147465802
236,617,1,-1,14.690707239605986,0.9973948866571055
236,643,0,1,16.48410480522233,0.9998876263414347
237,494,1,-1,15.3560698286408,0.9992420730238125
238,541,0,1,15.004780333193597,0.9967438999098699
239,858,1,1,15.143054130340982,0.9999905690681132
239,702,0,1,17.62490883282382,0.9997298935811342
240,667,0,1,14.943143270446841,0.9999999959496756
240,247,1,-1,15.730100985371909,0.9963687967600948
241,471,1,-1,16.34237915719902,0.9967707333500002
241,439,0,-1,17.84508118915168,0.9947894078165394
241,683,0,1,18.470597609391064,0.9979399611622647
242,783,1,1,14.305428032672546,0.9999955316658823
242,1225,1,-1,15.063863992696865,0.9835562167220357
242,808,0,-1,16.182386972974328,0.9998374303105046
242,1262,0,1,17.413809459024655,0.9999870022209557
243,333,1,1,14.662450077511016,0.999991730996067
243,886,1,-1,15.949121766332851,0.9999009517270276
243,515,0,1,16.186111292067846,0.9999226394790524
243,766,0,-1,19.035069966989205,0.9990171986845203
244,552,0,1,14.49419734111046,0.9999965591069396
244,711,1,-1,15.663197841277606,0.9856502809178117
244,623,0,-1,19.498270035667183,0.9999878603891554
245,1025,1,1,13.337110730561076,0.9998305353775477
245,410,1,-1,15.94680241955111,0.9983471497664438
245,1135,0,-1,16.195660423285457,0.9999509095302844
245,925,0,1,16.44590431628541,0.9991846259577593
246,371,1,1,13.779664759634489,0.991954126180255
246,500,1,-1,14.59287647583233,0.9975764848184949
246,1052,0,1,14.893561796423175,0.9999912971452849
247,324,0,-1,15.507425159441194,0.999304369395056
248,549,0,1,15.042578008458786,0.9973565346250971
248,632,1,1,15.422074797396084,0.9905693386053135
249,507,0,1,14.736305845281544,0.9999928407697183
249,344,1,-1,15.140433534680955,0.9855386343745939
249,259,0,-1,19.04308528745478,0.9987957919113086
250,445,0,-1,14.913599015882001,0.9999957329967452
250,344,1,1,15.687205535785015,0.9999851629127081
250,937,1,-1,15.842179490793958,0.9999980885065018
250,866,0,1,17.085238025166067,0.9993635168256916
251,477,1,-1,14.160853276608329,0.9999973142768048
251,1004,0,-1,15.06477342003528,0.999948171200263
251,718,1,1,15.564041524044221,0.9966610152969677
251,1164,0,1,16.283765391548965,0.9999172027976516
252,809,1,1,14.701781145173314,0.996792454532506
252,1018,1,-1,15.665618966760844,0.9943648244558059
252,359,0,1,16.479127638533033,0.9999896830251644
252,1125,0,-1,16.70952853360832,0.999664358785151
253,398,1,-1,15.153407332474321,0.9993327073835744
253,745,0,-1,18.02982032068671,0.9990759540344953
254,275,1,-1,14.658314174561182,0.99537062665184
254,924,1,1,15.305443610603643,0.9976139269905124
254,567,0,1,17.440302765549752,0.9998877484874653
254,880,0,-1,17.69960008203951,0.9985043414101851
255,530,1,-1,14.453725799519077,0.9997686183727388
256,427,1,1,14.690986555081455,0.9935742686232111
256,309,0,1,14.996390460443035,0.9997848273113766
256,348,1,-1,15.275279312601116,0.9977898145238832
257,911,1,-1,14.528607764384969,0.9996454558246431
257,631,0,-1,14.53976338174205,0.9999971258777852
257,1058,1,1,15.524918220129825,0.9852393018816764
257,455,0,1,16.898515968125796,0.999999097453828
258,915,1,-1,14.735566671295377,0.9951360988224136
258,937,1,1,15.610349472710423,0.9962593701563923
258,639,0,1,15.981907339031167,0.9983240296697522
258,418,0,-1,17.90949749779803,0.9985647272055663
259,494,1,1,14.102992759459074,0.9995596941900978
260,592,1,1,14.59336241088286,0.9935599124761508
260,945,1,-1,15.433613786103216,0.9957602114351314
260,1135,0,1,15.952472629318374,0.9999994281716944
261,379,1,-1,14.326879111795538,0.9866593039537476
261,1267,1,1,15.857551368064339,0.9992166673172197
261,1066,0,-1,17.043836430423053,0.9962563338011932
263,795,0,1,14.956361919791878,0.9999955074743818
263,356,1,1,15.303542715204824,0.9916157195339743
263,513,1,-1,15.32433111496011,0.9913419190412573
263,357,0,-1,19.01602138766686,0.9995306670889105
264,698,1,-1,15.63670754701933,0.9997623895288389
264,818,0,-1,16.546392237989902,0.9999976057114727
265,274,1,1,15.585390712388419,0.999953282821602
265,520,1,-1,15.688093926371138,0.9999491203691684
265,532,0,-1,19.001493327225138,0.9999943155686205
266,1085,1,-1,14.42733970917464,0.9992562563186491
266,1040,1,1,14.781275487603768,0.9995543803685499
266,960,0,1,16.257334472399613,0.9999908988490664
266,1109,0,-1,17.446220565745154,0.9999883335411112
267,494,0,1,14.36263518482214,0.9987381896057185
267,331,0,-1,19.654451847230867,0.9994439932984306
268,652,1,-1,14.843361320210752,0.9990939140224588
268,946,1,1,15.70556194003364,0.9997817999412247
268,840,0,-1,16.864562612262887,0.9996559458434673
268,777,0,1,17.566732939857335,0.9999995689040336
269,295,1,1,15.224322769389623,0.9998457195486071
269,307,1,-1,15.248255417745453,0.9963586374583653
269,339,0,1,18.106860593176663,0.9981256142292891
270,391,0,-1,15.342435931287872,0.9994044463665887
271,736,1,1,15.54261194211699,0.9999950201166657
271,352,1,-1,15.609914513383137,0.9999877971507297
271,489,0,1,16.33499216233087,0.9999909509572211
271,947,0,-1,16.80621432640705,0.9995006332335957
272,892,0,-1,14.90379272055208,0.9983368129488247
272,633,1,-1,14.969671932719198,0.9843947539420865
272,390,1,1,15.382794084972895,0.9999823816510995
272,756,0,1,18.260071798065308,0.9993016481386529
273,1027,1,-1,14.631314522934657,0.9996546692107394
273,987,0,1,15.315718862902163,0.9989807018212807
273,441,1,1,16.503604275708636,0.9988244646288675
273,977,0,-1,18.086660236246125,0.9985895264328396
274,278,1,1,15.68462257752065,0.9944073895394483
274,345,0,-1,18.878769974374737,0.9999798958445026
275,414,1,-1,14.336350058146156,0.9998627050668538
275,802,0,1,16.158762458598574,0.9999896459998242
275,372,0,-1,17.905750196688356,0.9988941142696833
276,339,1,1,14.451519658903177,0.9992830469625962
276,402,1,-1,14.551375246583643,0.9988035861765368
276,307,0,-1,17.323643700354204,0.9997881856121889
276,576,0,1,17.946560872529062,0.998734709187617
277,732,1,-1,16.706740404606705,0.9969076682251469
277,316,0,1,18.02942758249733,0.9986712683394805
278,629,1,1,14.116703114183927,0.998982831133109
278,654,0,-1,15.931371699865952,0.9999982111174425
279,544,1,1,15.474190955923529,0.9997329947771955
279,1097,1,-1,15.867096405344027,0.985308578760081
279,984,0,-1,16.345058071434604,0.9999991914029372
279,878,0,1,17.266207796901593,0.9983372014970507
280,568,1,-1,16.066597080896543,0.9941583255767533
280,1116,0,-1,16.988198298712984,0.9999805563813008
281,618,1,-1,14.609839439722832,0.9999681546734074
281,816,0,-1,16.511901449302133,0.9978821998620492
281,374,0,1,17.144117481348005,0.9997337946190777
282,906,1,-1,14.958330012395198,0.9926148372171222
282,919,0,-1,16.24869307076767,0.9949446077780926
282,1178,0,1,17.617625949761695,0.9999871628086942
283,318,1,-1,14.838064253648765,0.9976201585705065
283,299,0,1,16.377989073340796,0.9981025302761641
284,562,1,1,15.003156804776491,0.999130925082794
284,1042,1,-1,15.425189552613093,0.9955462764802948
284,992,0,1,16.24472853776051,0.9999609931186787
284,1318,0,-1,16.402428315498035,0.9972794954761173
285,745,1,-1,15.605502029460395,0.9999442572489451
286,732,1,1,13.773350721389228,0.9999987915880644
286,482,0,1,16.28790800361281,0.9986549893413399
286,1100,1,-1,16.766560414866515,0.9988280510216131
286,821,0,-1,17.81224246675507,0.9997239640634501
287,1097,0,-1,14.846657761594226,0.9978236231914257
287,630,1,-1,15.381198894233574,0.9998914127552242
287,878,1,1,15.652924162708535,0.9998322625106756
289,623,1,1,15.259027865083818,0.999946184774284
289,374,1,-1,15.854923254940264,0.9999904811302528
289,711,0,1,17.01462808380606,0.9998681354078321
290,395,0,-1,14.373835515543389,0.9999620384778322
290,736,1,-1,14.503982645381102,0.9996650294283396
290,628,1,1,14.56937424518835,0.9990736667885194
290,712,0,1,18.9799803779608,0.9996654720379848
291,421,1,1,15.403256189299713,0.9987920675326865
291,682,1,-1,15.721597701112348,0.9991739844582578
291,502,0,-1,16.325770141817042,0.9999590079890041
291,557,0,1,19.005875858705476,0.9993651111518135
292,405,1,1,15.82182759828924,0.999237416282395
292,436,0,1,16.100432619876766,0.9987247460611639
292,534,0,-1,18.033326624746163,0.9978808071772381
293,1314,1,-1,13.494381806631273,0.9999526072905514
293,1056,1,1,14.906519592042256,0.999191832274106
293,497,0,-1,16.215050214093747,0.9999858550343597
293,798,0,1,16.254861884041464,0.9999622863237068
294,668,1,-1,14.599327462739188,0.9999881787914005
294,1018,0,-1,14.858561645790513,0.9998451962303282
294,359,1,1,15.241096154174445,0.9999968834302573
294,672,0,1,17.360080911426383,0.998989013962224
295,365,0,-1,16.471291651624387,0.9993472690794419
295,800,0,1,17.41101797449022,0.9994030864299467
296,927,1,-1,15.595202929848734,0.9979495135853049
296,588,1,1,15.782492025803068,0.9999920812969927
296,518,0,1,17.493207874473356,0.9982591342300295
297,1005,1,-1,13.83400258714153,0.9938279763466125
297,1463,0,-1,14.423208277917794,0.9999984109443215
297,808,1,1,14.564088090605798,0.9999053123094788
297,1225,0,1,18.69994595671399,0.9999978987583918
298,1179,1,1,14.50722111616758,0.998845427871091
298,824,1,-1,15.33386995236246,0.9996943312223209
298,909,0,1,15.735759740726765,0.9996888471714885
298,1028,0,-1,17.942636380051084,0.999766624503526
299,611,1,1,14.421487258648948,0.9997544555329475
299,825,0,1,16.09061172007043,0.9982699370009401
299,801,1,-1,16.458088512101988,0.9998384242621998
300,725,1,-1,15.496238407693589,0.999963236993302
300,315,0,-1,17.655729473383598,0.999847957869314
301,1137,1,1,14.983644277984292,0.9987557195710871
301,777,1,-1,16.963182930479864,0.9952238801268477
301,946,0,-1,18.930379301617545,0.9981087106688743
302,328,1,1,14.612464776096617,0.9999865590278262
302,431,1,-1,16.046029009085327,0.9995351888883421
302,750,0,1,16.854832356931063,0.9993176666249348
302,948,0,-1,16.877148792492843,0.9996999352107887
303,1222,1,-1,14.58847756562557,0.9999995788582534
303,777,0,-1,16.39397950463399,0.9999914201965651
303,1252,0,1,17.50816748413773,0.9999733204474245
304,405,1,-1,13.583566158111408,0.9995254704707492
304,626,1,1,16.377216918879206,0.9953855135064672
304,722,0,-1,17.176641420305902,0.9960104896367206
305,688,1,1,14.134020613596288,0.9997857155145684
305,377,0,1,17.073119353370704,0.9993225439818154
306,449,1,1,15.169524152896424,0.999791184121522
306,591,1,-1,15.645103277780219,0.9933483559570924
306,370,0,-1,16.262274041576422,0.9999822575946568
306,662,0,1,16.81740369562186,0.9997068300004694
307,753,1,-1,15.115006420324269,0.9997926670253673
307,825,0,-1,16.392876759538815,0.9996534136061483
308,480,1,-1,15.683440790756869,0.9979256658636986
308,349,0,-1,16.954621906408647,0.9999934814971536
309,505,1,-1,14.196526691619798,0.9926018589580842
309,517,0,1,17.313314993479153,0.9996370675721388
310,531,1,1,14.820766680589843,0.9998116402487108
310,384,1,-1,14.926776552447516,0.9980596758376324
310,679,0,1,16.37266118426543,0.9996706504544721
311,373,1,-1,14.759160731768553,0.9970438816663793
312,1213,1,-1,14.610920724131562,0.996461169223071
312,1094,1,1,15.074135097752604,0.9999030312614154
312,349,0,1,16.94051920490932,0.9999989775516315
312,511,0,-1,16.965264941784934,0.9994424661111307
313,380,1,-1,14.789252032797199,0.9966223403180244
313,374,1,1,16.163480880167715,0.9999007297814501
313,782,0,1,16.584461261784657,0.9982523357412447
313,618,0,-1,17.522130342910877,0.9978177954548825
314,502,0,1,15.142974159556264,0.9996634790390214
314,471,1,1,15.970375234974439,0.9999987283314703
315,575,1,-1,15.701611625953657,0.9953944711579864
316,695,1,-1,13.492817760277301,0.9999902984343313
317,675,1,1,14.704863388239094,0.9952477023622819
317,363,0,1,15.61700352042372,0.998312223693996
317,621,0,-1,17.85557671625274,0.9986799023453153
318,584,1,-1,15.594300550118813,0.983791749924362
318,801,0,1,17.67757590777161,0.9993357383613721
319,900,0,1,14.966037389665424,0.9999960247615343
319,561,1,-1,15.563786255477417,0.9999793352098284
319,635,0,-1,18.80391949141673,0.999998628595894
320,569,1,1,14.534206863870999,0.9997965641372488
320,816,1,-1,15.87019414672091,0.9999474781069779
320,1357,0,-1,16.993746034672636,0.9994636754464947
321,639,1,1,15.636824011288756,0.9971740435054209
321,915,0,-1,16.231984439280723,0.9999999720055491
321,627,0,1,18.480640860897395,0.9997608542100985
322,1028,1,1,14.87696544623421,0.9956649471055761
322,1074,1,-1,15.3575197583026,0.9999941846700244
322,323,0,-1,15.583728423230465,0.9994350000665275
322,824,0,1,16.176116676193775,0.9999681559410258
323,546,1,-1,14.853545644918048,0.9988879912416212
323,600,1,1,15.83934151709406,0.9990487412304188
324,363,1,-1,15.029555799102718,0.9959896642305935
324,675,0,-1,18.376135518525935,0.99951431404079
326,813,1,-1,15.303345150614167,0.9894984999262662
326,852,1,1,16.10260280946983,0.9970162900347067
326,601,0,-1,16.384738531917737,0.9996185044807373
326,1079,0,1,17.129660695543404,0.9999872337557486
327,587,1,1,13.803668458307989,0.9988119915162988
327,1069,1,-1,15.541925493055388,0.9960662977653988
327,468,0,1,15.976308732587531,0.9987469464395733
327,1060,0,-1,17.00984323778651,0.996515433596753
328,653,1,1,15.314130315368256,0.9929487208632668
328,602,0,-1,17.0548177632643,0.9996564609352322
329,437,0,1,15.10740061869649,0.999919411692345
329,522,1,-1,15.464793027811693,0.997757067730409
329,708,0,-1,18.89180125624947,0.9999969792909839
330,376,1,-1,16.19516231886017,0.9957811136432496
331,683,0,-1,15.038087083798063,0.9999998102336385
331,421,1,-1,15.158998339173063,0.9999971743820064
332,741,1,1,14.759665470019895,0.9999997828826496
332,719,1,-1,14.898437969450002,0.9999830064087094
332,1063,0,-1,16.239607702927668,0.9996766640183035
332,1255,0,1,18.80904679290323,0.9999896133887011
333,456,1,1,15.033922406536037,0.9917823424924728
333,990,0,1,16.880414717094098,0.9998310398236431
333,334,0,-1,18.91991979765521,0.999980176817052
334,701,1,1,14.654795922154097,0.9955968166222267
334,766,1,-1,15.38695909462845,0.9999970791043398
334,1368,0,-1,16.93158538670126,0.99998468264415
335,734,1,1,14.399711103085659,0.9922116803089664
335,746,0,-1,15.144189317951026,0.999097775859361
335,835,1,-1,15.214160297737596,0.9968778279186113
335,650,0,1,15.809176883919527,0.9981708061685709
336,704,1,1,15.692015573457441,0.9933559815151608
337,371,1,-1,15.416194836298736,0.999704157624738
338,612,1,1,14.79847347455824,0.9999331072976699
338,1140,0,-1,14.90889184800565,0.9999448407580579
338,1287,1,-1,14.921112883581525,0.9999389251380496
338,1432,0,1,17.920550083328195,0.9994027640837325
339,800,1,1,15.756641560731996,0.9982199934208912
339,864,0,1,16.22815273028591,0.9953747050361565
340,715,1,1,15.322720604740747,0.9999868995680524
340,1338,0,-1,16.26794706037732,0.9999868212983697
340,1554,0,1,18.827371312464443,0.9996642112688834
341,801,1,1,14.444912677123725,0.9999930930412098
341,584,0,-1,14.925368276812707,0.9998568775411001
341,426,0,1,16.318140449781133,0.9998985752785298
342,1007,1,1,15.507391614018497,0.9964522904518291
342,1320,1,-1,15.915317664079645,0.9984797024579593
342,1126,0,-1,16.2479100711781,0.9999999766393647
342,1240,0,1,16.995185509838212,0.9994336192766877
343,806,1,1,14.197494539984328,0.9993894891103443
343,345,0,1,16.026004695538038,0.9997934898417866
343,466,0,-1,17.78512176016492,0.9995845104412321
344,839,0,1,17.54144789554271,0.9999986259445651
345,654,1,1,15.50087830170913,0.9965280949329285
345,532,1,-1,15.76846523762098,0.999998462172914
346,1266,1,-1,14.266825979752202,0.9928073780019891
346,347,1,1,14.62953618037823,0.999826425131129
346,444,0,-1,16.22855661046529,0.9998768344647562
346,1180,0,1,16.784409247784286,0.9999765465393877
347,361,0,-1,14.896985592992273,0.9999504996893566
347,414,1,1,15.494316264107935,0.9974643317149151
347,1118,0,1,16.165500593150917,0.9998963735755056
348,505,0,1,17.751695866818302,0.9988826371703917
349,551,1,1,14.094085789613214,0.9966514460941032
349,680,1,-1,15.46622188292243,0.9986919992650629
350,502,1,-1,15.004164963836667,0.9994865976577644
350,471,0,-1,15.603960503704863,0.9993063990098783
350,683,1,1,15.759862119846519,0.99529421716085
350,421,0,1,16.60988683734396,0.9994791733973185
351,370,0,1,16.325321312752042,0.9999989093386487
351,622,0,-1,17.297017853972843,0.9999908819109772
352,914,1,-1,14.39343216994124,0.9964900137866798
352,1286,0,-1,16.5015376972834,0.9975438964434763
352,769,0,1,17.846594443875144,0.9985033167079453
353,794,1,-1,14.797030889498759,0.9991627008435535
353,1013,1,1,15.454958376354178,0.9997455259757263
353,953,0,-1,15.63207910885765,0.9994356930440345
353,395,0,1,18.29411451770526,0.9996109296144977
354,657,0,1,15.171869771035494,0.998886389273235
354,632,1,-1,15.762247188123679,0.9959423284171178
355,520,1,1,13.250084718327583,0.9999598738815927
355,977,1,-1,15.685486551408149,0.9955762149473756
355,441,0,1,15.787661542217583,0.9999829528831528
355,433,0,-1,17.82584343105741,0.9977199725395435
356,694,0,-1,17.003645476939518,0.999299428620046
357,694,1,1,15.121452433555001,0.9999968735253879
357,894,0,-1,16.54904440794618,0.9995481014840453
358,900,1,-1,14.56566471167638,0.9999899525177441
358,663,1,1,15.681406770325975,0.9967595404755081
358,467,0,1,16.85026314740019,0.9999821152773748
359,1170,1,1,14.710754828941294,0.9987326241964877
359,995,0,1,16.288091802212772,0.9997631778181617
360,1285,1,1,14.16613768202501,0.9991291332024195
360,928,1,-1,14.59555121873183,0.997236088737573
360,1232,0,-1,14.705985502551794,0.9999807061137775
360,867,0,1,16.388656262389627,0.9993766972197187
361,590,1,1,14.435381174234045,0.9954862857844591
361,444,1,-1,14.558994915357054,0.9973573291489364
361,1447,0,-1,17.709553260884764,0.9988444285797379
362,906,0,-1,14.439655063588308,0.9999003754194197
362,1178,1,1,14.796370059619568,0.9957381090289232
362,454,1,-1,15.371945193163384,0.992330442759604
362,1168,0,1,16.96010867802721,0.9992062392959022
363,642,1,-1,14.234711246526459,0.9977162464247102
364,971,1,-1,14.327639550409929,0.9999331637701802
364,434,1,1,14.659080742986031,0.9941454093005668
364,389,0,1,15.096513339172951,0.999964132775289
364,923,0,-1,18.026093365510413,0.9994471327823564
365,679,1,1,15.869228560383199,0.9967188344012196
365,384,0,-1,16.72979035066647,0.9995547659484172
366,450,1,1,14.654051407334101,0.9999336881777572
366,653,0,-1,14.880250274395213,0.9984385389039427
367,1594,1,-1,14.348451153734429,0.999989006137931
367,1194,1,1,15.261508339364731,0.9999783109542502
367,844,0,1,16.353935736099235,0.999458915275919
367,797,0,-1,16.614519629223576,0.9996198783408891
368,1051,0,1,14.506427554643492,0.9996963434068876
368,896,1,-1,14.535345004022096,0.9982630636972321
368,599,0,-1,18.911143606447066,0.9998514099309237
369,577,0,-1,15.529117737136291,0.9976708521272433
369,391,1,1,15.74565180883686,0.9937432064413686
370,463,1,1,15.660419909315156,0.9954217558749872
371,882,0,1,16.387513607829682,0.9983874932795656
372,590,1,-1,14.448814625458665,0.9986354600569123
372,902,0,-1,15.828325888499784,0.9989975220942247
372,880,1,1,16.44355426023723,0.9973513832949116
373,651,0,1,18.95733032740041,0.9995046315105991
374,1084,0,1,18.442034812959815,0.9997025952923905
375,996,1,1,13.482509925070014,0.9999998990979846
375,980,1,-1,15.983512963063783,0.9990542532330304
375,553,0,-1,17.351855266548462,0.9996158096437688
375,631,0,1,18.19950469022598,0.99947756871576
376,708,0,1,15.68942360320361,0.9975459125449776
377,438,1,1,15.724745399647443,0.9998419383882172
377,697,1,-1,15.738419196902603,0.9853657209196017
377,415,0,1,18.76853568672015,0.9999999494279583
378,430,1,-1,15.930897671597947,0.9937687026419993
378,509,0,1,16.568903439206508,0.9981563076195871
379,1054,1,-1,14.766182759642358,0.9986551119868862
379,1029,0,-1,16.753918210015723,0.9999642798320482
380,810,0,-1,14.362150838076213,0.9985786877973075
380,501,1,-1,15.32658633652331,0.9869821440087373
380,1008,0,1,19.42916036755355,0.9999415089554989
381,863,0,-1,15.005311692880642,0.9999956056408892
381,537,0,1,16.877905427283586,0.9995880463485655
382,586,1,1,14.421674639594908,0.9994596581932194
382,771,1,-1,15.6458333006302,0.9986062727401201
383,647,1,-1,14.624457464218699,0.997034717440322
383,528,0,-1,16.69020368838364,0.9917738028896779
383,810,0,1,18.645923142413874,0.9957014049284659
384,611,1,-1,15.51335677168548,0.9918145692539988
384,702,0,-1,16.16766088755165,0.9996023262100246
385,1168,1,1,14.602496366048486,0.9998870503867813
385,454,0,-1,14.827015211465206,0.9999988570320198
385,510,1,-1,15.905793703421706,0.9991119300584883
385,791,0,1,17.92882203789262,0.9997325873223475
386,1440,1,-1,14.531431160713034,0.9984114221969981
386,645,1,1,15.452681788574445,0.999914916216478
386,681,0,1,16.367847371439186,0.9997643198541585
386,1072,0,-1,16.80209547554083,0.9998275382886181
387,569,0,1,14.557626093479861,0.9998478741843378
387,1357,1,-1,15.489650905088254,0.9904457791775181
387,420,1,1,15.574890376867314,0.9882780649447728
387,793,0,-1,18.545636413623008,0.9980824924247824
388,878,0,-1,17.261028800827177,0.9924441290850199
389,845,1,-1,14.336177843801352,0.9999975122423942
389,424,1,1,14.433682462587642,0.9997429586642698
389,413,0,1,16.07911605068382,0.9999902552819883
390,820,1,1,15.570948974637425,0.9948163391310751
390,953,0,1,18.862018359980734,0.9999997258967036
391,406,0,-1,18.009029207165447,0.9984592968206815
392,918,1,1,14.379061725103956,0.9998868495450275
392,600,0,1,17.665478513495604,0.9999953462962589
394,952,1,-1,14.80702238160666,0.9919958392454221
394,843,1,1,15.115490010722313,0.9999551460729952
394,727,0,1,18.911975730381712,0.9997806172959108
395,670,1,-1,15.207272251480067,0.9914242967435344
395,536,1,1,15.554675221978973,0.9965307801722739
396,1551,1,-1,14.691272025200135,0.984867552605484
396,1527,1,1,14.708147820812602,0.9829737813586509
396,1410,0,1,16.087857617324886,0.9998569675256196
396,1354,0,-1,16.198058968969534,0.9999995113297505
397,687,1,-1,15.095621665209134,0.9862835293153209
397,1392,1,1,15.286644458353607,0.9984928626810445
397,743,0,1,16.882872297322827,0.9999964202536129
397,758,0,-1,16.900066840228238,0.9999983647711745
398,565,1,-1,16.24776603329213,0.9992294168049712
399,577,1,1,16.40599344923338,0.9989606245381283
399,493,0,-1,16.931848104378485,0.999999857969919
400,772,1,1,15.055667410395145,0.9998650861147736
400,1252,1,-1,16.028322554036457,0.9998129155641207
400,883,0,1,18.887018390278087,0.9999976534417645
401,727,1,-1,14.836386993008498,0.9931044654640081
401,652,1,1,15.32094783219795,0.9999590618534985
401,843,0,-1,17.02535949615504,0.9999995913117842
401,693,0,1,17.94978388989566,0.9990374747699013
402,753,0,-1,16.302111194057552,0.999907801254215
402,586,0,1,18.09402664393388,0.9979845419839775
403,886,1,1,14.982239243154776,0.991562713445275
403,479,1,-1,16.041622938816786,0.9996491084404124
403,620,0,-1,16.887512952163355,0.9998315756682616
403,892,0,1,18.312840277655624,0.9995562237770705
404,415,1,1,15.751342004176287,0.9998583295523035
404,697,0,-1,16.35268408727048,0.9998966981679813
405,419,0,-1,16.763303193853258,0.991928198968458
405,765,0,1,17.335646145083015,0.999993077766182
406,577,1,-1,13.608138599954597,0.9985612175918105
406,440,0,-1,15.926883386986038,0.9980159071731951
406,522,1,1,15.97503712671328,0.9979187007477576
407,470,1,-1,13.469080761050808,0.9998119487648411
407,1101,0,-1,17.27799523091355,0.9987798424407638
407,874,0,1,17.83831153175522,0.998446434098621
408,684,1,-1,14.542461935341894,0.9952283310478318
408,1046,1,1,15.041649615440786,0.9988329479714194
408,1206,0,-1,16.367924931941495,0.9999799526215587
409,585,1,1,15.448066794244449,0.9997895573291319
409,521,1,-1,15.733988278474769,0.997943502893645
409,1177,0,-1,15.93141401909369,0.997654552808453
410,881,1,-1,14.020168714617931,0.9983287994925089
410,686,0,-1,16.655971999203963,0.999670250643876
410,1447,0,1,16.789472163025504,0.9965094734612068
411,601,1,-1,14.226992080169884,0.9988193076140912
411,506,1,1,16.12515462963941,0.9999136688452873
411,852,0,1,16.987440986572654,0.9966378878006238
411,815,0,-1,17.25042285399418,0.9992064274473517
413,1113,1,-1,14.399111433337149,0.9968185152796595
413,469,1,1,14.422117330779779,0.9964042792371034
413,1246,0,1,17.139234712045546,0.9982871312543308
414,590,0,-1,17.39418052624383,0.9985493292527786
416,1200,1,1,14.495386715203894,0.9944978854910839
416,988,1,-1,15.126234004902269,0.981983475776094
416,1227,0,1,16.259042809283194,0.999651367387522
416,1022,0,-1,16.283730261597505,0.998580743159481
417,1138,1,1,14.480944345564346,0.9965507277882688
417,739,0,1,14.877563360499593,0.997066138636638
417,985,1,-1,16.556796126437618,0.9975165940994412
417,1327,0,-1,16.92049281838241,0.9999988632322782
418,709,1,-1,15.612141593427555,0.9962130274357694
418,713,0,-1,16.157086244375762,0.9983594881931203
419,534,1,-1,14.87644537172421,0.9987305831687527
419,722,1,1,17.235610115086384,0.9999935914029209
422,589,1,-1,14.544054798412569,0.9954568972122906
422,1027,0,1,14.848014529901967,0.9999967402891088
422,977,1,1,15.878457628463293,0.984003890379287
423,909,1,-1,13.826697470753025,0.9992352090235955
423,917,0,1,15.555685488804514,0.9968919255829772
423,661,1,1,16.534088216730815,0.9986622267949833
423,1179,0,-1,17.001948331604595,0.9980293106073592
424,488,1,1,15.34114601479045,0.9963155314046604
424,434,0,-1,16.352660283272336,0.9999995551283091
424,469,0,1,17.62861313896124,0.9999725165579805
425,539,0,-1,18.59083666917371,0.9960629781549463
426,463,1,-1,14.411012027809099,0.9999304359439569
428,654,1,-1,14.29231692062406,0.9969041858575447
428,629,0,1,16.418944811145074,0.9999752176053018
429,585,1,-1,14.934097403609545,0.9965846067835704
429,466,1,1,15.206634019287927,0.9999931904382031
429,451,0,-1,16.21232441365279,0.9997493159399257
430,704,0,-1,19.090679473246567,0.9985310882845576
431,751,1,-1,14.53789947506935,0.9950510987932213
432,927,0,1,17.46044781571555,0.998644796303609
433,784,1,-1,14.353351795623523,0.9999819347708117
433,776,1,1,15.12643152494874,0.9989949123161853
434,1129,1,1,15.25521352253388,0.996917419644561
434,759,0,-1,17.132250456338387,0.9998615704579883
435,795,1,1,15.624480400788835,0.9999988713914774
435,582,1,-1,15.859293399846921,0.9999958783527572
435,513,0,-1,16.951723742402482,0.9996029595076463
435,640,0,1,18.46861211726034,0.9995875253222747
436,765,1,1,16.570394127943597,0.9992588622685807
437,565,1,1,15.922232168017763,0.9999944335897208
438,688,0,-1,16.517486937157614,0.9982992559180893
439,476,1,-1,15.019124793242359,0.9991828680723663
439,541,1,1,15.92358812052038,0.9999613059466017
440,550,1,1,15.77587233744382,0.9940965063294466
440,905,0,-1,16.510155239859298,0.9994615233415245
442,1177,1,1,13.64352605211443,0.9975133440072208
442,669,1,-1,14.356337643491706,0.9996815353884566
442,521,0,1,15.972454906782504,0.9980322031997495
442,730,0,-1,18.634751916034137,0.999770380352157
443,673,1,-1,14.67903470545381,0.9969529811078421
443,1152,0,-1,14.954386539259634,0.9998891458343779
443,540,1,1,15.378160003516749,0.9979740240866628
444,478,1,-1,14.973203369559874,0.9999155620363174
444,676,0,-1,14.996095292174765,0.9997079847835683
445,648,0,-1,19.04839980518846,0.9999929946561336
446,894,1,1,14.583893479186425,0.9994897076155581
446,518,1,-1,14.725102762373183,0.9992888904609939
446,588,0,-1,16.97038188531978,0.9999977528147534
447,626,0,1,15.077597958985383,0.9993270569224396
447,722,1,-1,15.329095520038805,0.9995315302478479
448,971,1,1,14.22948535932256,0.9996639025630499
448,754,1,-1,14.446217173053574,0.9998779326922951
448,1589,0,-1,16.28464282857779,0.9980156535177537
448,677,0,1,16.300488652660885,0.9985813320634562
449,723,0,1,16.85561324402669,0.9999740963066777
449,463,0,-1,17.451854569426764,0.9998260559230057
450,963,0,-1,17.008368483199014,0.9996418266829161
450,749,0,1,18.285924228737386,0.9995039143276764
451,555,1,-1,14.899608292904139,0.9999686680229515
452,690,1,-1,14.843535326685037,0.9964895297867129
452,630,0,-1,16.270460987363055,0.9999139208037643
452,547,0,1,17.823413478353334,0.9999649314338035
453,569,0,-1,16.795348086925753,0.9999976282229507
453,623,0,1,17.17916198129063,0.9999999876132655
454,761,1,-1,15.3771260232271,0.9887189865584912
454,1408,0,-1,19.119768460251592,0.9999997059600949
455,1090,1,-1,15.09143487253794,0.9936122950764729
455,1207,1,1,16.1767778027581,0.9956550706223851
455,1000,0,1,19.432842813444342,0.9999996444488543
456,991,1,1,15.611512795480174,0.9928717021922124
456,701,0,-1,15.628604520301868,0.9996049799755757
456,573,0,1,18.324770008835905,0.9996753290830748
457,1560,1,-1,13.887664039650106,0.9979768920568548
457,1414,1,1,15.010407285736873,0.9912152949362505
457,583,0,1,15.095679186890862,0.9995358803489159
457,998,0,-1,18.187857523505244,0.999553114628979
458,547,1,1,14.948000875044592,0.9992955877001274
458,1346,1,-1,15.389272705421194,0.9987167847072902
458,1125,0,1,16.119044220676905,0.9998325687631849
458,690,0,-1,17.14108943695992,0.999999982330669
459,745,0,1,15.965357543204709,0.9987779719425895
460,679,1,-1,15.476291370222755,0.9998470341179831
460,531,0,-1,15.84552191308906,0.9976912299026136
461,833,1,-1,14.496996457829754,0.9934531891608875
461,474,1,1,15.250013909328167,0.9997233600242307
464,898,1,-1,14.524354986378375,0.9998269497803497
464,712,0,-1,15.005705692148494,0.9994829764694846
464,519,1,1,15.58663706134565,0.9991593310755899
464,700,0,1,16.960389057652574,0.9999971765620372
465,529,1,1,15.075296213086828,0.9919043735556944
465,1368,1,-1,15.73955924542895,0.9928332532000903
465,701,0,1,16.451085498371217,0.998356555930878
465,560,0,-1,18.932471065637948,0.9998167341950287
467,1206,1,-1,14.483975120910394,0.9987334236983184
467,625,1,1,15.584731976815979,0.9991948144630592
467,1046,0,1,16.37617927949307,0.9996142428242869
468,664,1,1,15.599723132919317,0.9992861745226068
468,843,0,1,16.83888542178247,0.9999737991767671
469,1015,0,1,14.758061487853944,0.999997126385081
469,833,1,1,15.375380058056715,0.9998529109898585
470,567,0,-1,14.803756475209813,0.9988831126047957
470,1152,1,-1,15.687727802188968,0.9940344324495752
470,540,0,1,17.642154584559975,0.9999990377250418
471,476,0,-1,18.46515050624234,0.9995777068794743
472,1018,1,1,14.4526367444252,0.9957610659257536
472,600,1,-1,14.512483103637964,0.9934406963800607
472,918,0,-1,16.222223928868026,0.999999625618628
472,668,0,1,16.256657277452103,0.9999945534987025
473,1424,1,-1,13.5430472408436,0.9957928751331668
473,1149,1,1,14.55354723818086,0.9996788364820514
474,685,1,1,14.952077958499318,0.9998836601638499
474,696,0,-1,15.804154387879986,0.9999959218738882
475,714,1,-1,16.585144586648187,0.990388421780057
477,762,1,-1,15.07252605710226,0.9999991798530334
477,887,0,-1,15.637961999675623,0.9999639565659315
477,728,0,1,16.88386231116569,0.9993096716550811
478,1134,1,-1,14.744251446570024,0.9945272091905032
478,950,0,-1,14.84311838454462,0.9991869321594964
478,1266,0,1,17.748661825247915,0.9995144403473748
479,733,1,-1,14.635741180024892,0.9951110886977046
479,542,0,1,16.429223962666356,0.9983000521923604
479,969,0,-1,16.47002225843761,0.9999942802491502
480,785,1,-1,15.709634280456948,0.9999992765258952
480,680,0,-1,18.756838397088828,0.9998993364702699
481,605,1,1,15.79465726372516,0.9997466025561156
481,629,0,-1,16.56226103466054,0.9994602334623156
482,894,1,-1,15.888834092148992,0.9996592047009334
482,695,1,1,16.855581191852956,0.999734201912126
482,694,0,1,16.996216556219068,0.9998788519339326
483,1157,1,1,14.306854478354989,0.9987238340275835
483,917,1,-1,14.5888862956601,0.9999940619539103
483,661,0,-1,16.326925590078357,0.9990865949408477
483,872,0,1,18.253999667742846,0.9990865400876132
484,555,0,1,16.263016655670285,0.9999984327672651
485,1167,1,1,14.522704227602972,0.9935535229152617
485,790,1,-1,15.40105508688294,0.9997597785592885
485,681,0,-1,18.80847274498609,0.9996211863732664
486,1414,1,-1,14.422757250264636,0.9948523294646171
486,758,1,1,15.693560565973792,0.9910415318399927
486,678,0,-1,16.301733866247897,0.9999999847740345
486,687,0,1,17.30739435639172,0.9993291617453038
487,621,1,-1,15.135133993876735,0.9993593474424878
487,526,1,1,15.71786503432931,0.9992190460267791
487,675,0,1,16.94716359102978,0.9996829609835364
488,1129,0,-1,16.233952313092118,0.9999929382515191
488,833,0,1,18.68018229564837,0.9999974482101697
489,769,1,-1,14.632074502532433,0.9953599253899739
489,899,1,1,15.09002535462061,0.9986117968330246
489,778,0,1,16.947596132271702,0.9995973133101139
490,1071,1,1,14.099980068637928,0.9992424823136161
490,846,1,-1,15.443185865849024,0.9999309406134972
490,660,0,1,16.144833609251677,0.999959958936626
490,1041,0,-1,16.5138514399342,0.9982861642863126
491,721,1,-1,14.118667496897382,0.9984250162195497
492,605,1,-1,14.614977245786745,0.9997837876193043
492,534,1,1,15.621684797671135,0.9946545409046219
492,538,0,-1,17.899506887853022,0.9999933471868281
493,523,1,-1,15.065718147476087,0.9968731542972934
495,637,1,1,15.78851907604523,0.9998003306106951
495,514,0,-1,16.944600465684122,0.9994596843716417
496,914,1,1,14.673668608473871,0.9949300074802776
496,1389,0,-1,15.495386768307577,0.9996008526862847
496,604,0,1,16.343460892079072,0.9976046449526544
496,1130,1,-1,16.491288849763123,0.9996354503491532
497,503,1,-1,13.408718109157668,0.9992431868456327
497,824,1,1,15.377284808425351,0.9973212084507593
497,1074,0,-1,17.353105163394666,0.9999807208985039
498,1152,1,1,14.367528660197394,0.9996755747984849
498,834,1,-1,15.302201635372729,0.9994486257889306
498,673,0,1,16.46378443701095,0.9999956112070665
499,563,1,1,14.161668963565244,0.9897960438385057
499,504,0,1,14.513663998871516,0.999709573344496
499,586,0,-1,17.532306743581916,0.9961804006095588
500,1102,1,-1,14.492172247984504,0.9943724405564377
500,1488,0,1,17.72632114354056,0.9999350789396592
501,840,0,1,14.478968319417332,0.9999881484696711
501,664,1,-1,15.210850338049381,0.9840334193674277
501,1003,0,-1,18.988392158419803,0.9997530573014484
502,691,1,-1,14.959550270220431,0.9999857169872054
503,1314,0,1,15.824627982885978,0.9999998408732785
503,616,1,-1,16.39959627750217,0.9997747575797696
503,767,0,-1,17.217902593644972,0.9969143133997321
504,544,1,-1,14.760324634449471,0.9964391567885835
504,617,0,1,18.257027795104335,0.9991157175679035
505,592,1,-1,15.381720947944514,0.9999639284233435
506,1252,1,1,14.758800549584095,0.9966297215376201
506,1222,0,-1,16.310401379746477,0.9999998997388094
506,511,0,1,16.90730830549816,0.9992487529531827
507,793,1,1,14.596244043163479,0.9973955068433954
507,839,1,-1,14.89672770666588,0.9998705742096156
507,1357,0,1,17.430594774650764,0.9997813268634961
508,1315,1,1,14.725812247705303,0.9999944632752071
508,1308,0,-1,14.743522404821809,0.9980845578635594
508,1506,0,1,16.234063097057458,0.9996995447667447
510,1298,1,-1,14.657169122398583,0.9982144335305985
510,761,0,-1,16.47535595835296,0.9990698691879119
510,705,0,1,18.99703840393738,0.9994311012959289
511,852,1,-1,14.07887959120913,0.9998453405910294
511,1089,1,1,16.317764082341625,0.9913085055742362
512,634,1,1,14.268707076045542,0.991487342182867
512,580,0,1,14.787236922523446,0.9999893229900594
512,1600,0,-1,18.093828225252956,0.9997354372920497
513,529,1,-1,16.012073978436874,0.9999996197004091
514,705,1,1,15.695917751406842,0.9997931981669542
514,551,1,-1,16.78230840902309,0.9946242480207689
514,1298,0,-1,17.796509356473322,0.9997201881911515
515,990,1,1,15.187152564937374,0.9991308042013359
515,820,0,1,16.507017722222734,0.9999966092239692
516,630,1,1,14.956609941325436,0.9999094337494439
516,540,0,-1,14.998565505362285,0.999560487748568
516,690,0,1,17.31454566319509,0.9997625412896519
517,622,1,1,14.475239172284212,0.9959670840146208
518,742,0,1,18.40698215858733,0.9962571863409332
519,1060,1,1,14.121007565534594,0.9990162637867072
519,535,0,-1,16.856528272930014,0.9994964721056123
519,1069,0,1,18.954012533853057,0.999997169768179
520,776,0,-1,18.35634413147279,0.999356126892981
521,809,1,-1,14.161204827126063,0.9984109304615342
522,550,0,-1,16.593488808405393,0.9989950138525794
523,643,0,-1,17.38489614649528,0.9999229107889072
524,905,1,1,16.11731286853407,0.9988074868288186
525,1042,1,1,14.035871158967574,0.9955841624379848
525,1191,1,-1,14.885848192930508,0.9999338996485361
525,608,0,-1,16.22874600608917,0.999828358794376
525,763,0,1,17.74171567344778,0.9995941031892083
527,1103,0,1,15.784812890966986,0.9999968784688699
528,1293,1,1,14.786380080408959,0.9986311194548677
528,571,1,-1,15.776567931543614,0.9996440417560885
528,1245,0,-1,18.556828726831256,0.998996552284462
529,742,0,-1,15.141999385644779,0.9987448001726377
529,582,0,1,16.97966935752766,0.9998170253396207
531,651,1,1,16.085876116811406,0.9994645841301969
532,776,1,-1,14.986795290322513,0.9985198359135707
533,1123,1,1,13.978573220764758,0.9988199830636865
533,1076,1,-1,14.55963696737764,0.9984552366039079
533,1255,0,-1,14.925124390158127,0.9998385819025694
533,548,0,1,19.039912508407372,0.9999995209120557
534,636,0,-1,16.558373682501415,0.9975567556331445
535,712,1,-1,14.606500385104336,0.99655654793058
535,740,1,1,15.3366814602185,0.9999608133277528
535,628,0,-1,17.142600678138713,0.999589358615262
536,907,1,1,14.674490487886395,0.9996383858900647
536,628,0,1,16.329884906418904,0.9978506773137331
536,1013,0,-1,17.350136715665247,0.9994790648923707
537,968,1,1,14.017691213522058,0.9996119936823169
537,1175,1,-1,15.036809155718974,0.9916981918864218
537,1272,0,1,17.74187416694216,0.9987874948912621
538,752,1,-1,14.151688561952808,0.9990571283612846
538,636,1,1,16.761851368070232,0.9999045366081714
539,565,0,-1,17.360782110098153,0.998055320640986
540,874,1,1,14.48527006954856,0.9999795057321269
542,1329,1,-1,15.542848651010495,0.9925422462142715
542,892,1,1,15.693747136001534,0.9955524314062857
542,633,0,1,18.991798645498786,0.9999988608004239
543,945,0,1,17.184814281286286,0.9986773490112594
545,973,1,1,14.931271243666743,0.9999904757089332
545,1269,1,-1,15.109014900899313,0.988330898184406
545,826,0,-1,16.35627715805011,0.9998299905165478
545,1284,0,1,16.78317689968646,0.9999879931423636
546,1105,1,-1,14.328129549636463,0.9998768013327726
546,1074,0,1,16.222840015746847,0.9999999783174813
546,703,0,-1,16.245418366821507,0.9999936391773258
547,730,1,1,14.680073844804452,0.9942732114585584
547,669,0,1,16.711749487081743,0.9992582461723569
548,1389,1,-1,15.014275693452845,0.998387730340811
548,1286,1,1,15.6231166634722,0.9950457512797753
548,914,0,1,16.11275554172509,0.9999957512794051
549,827,0,1,17.029647545617532,0.9994683898411925
550,708,1,1,14.788273236249255,0.9962486341917102
551,1094,0,-1,17.911042745640152,0.9984353402403652
552,933,1,-1,15.223515780290096,0.9999834694188744
552,714,0,1,17.029749865607233,0.9999999663191115
553,700,1,1,15.212965141471354,0.9999834037563329
553,724,1,-1,15.983188101484842,0.9992272253471065
553,898,0,-1,16.615240400635567,0.999233153266087
554,1070,1,-1,14.426559172885923,0.9999893212638067
554,1553,1,1,14.894338404543221,0.9932548101814773
554,786,0,1,17.989933494193288,0.9996023095635311
555,1177,1,-1,16.250392767667517,0.9942085070487632
555,585,0,1,17.327688745208285,0.9997607158915216
556,851,1,-1,16.027145146409936,0.9854808193349754
556,939,0,1,16.497273800103013,0.9974635316428342
557,648,1,-1,15.791704479077222,0.995722010609218
558,889,1,-1,14.668971138357195,0.9869305106741989
558,1289,1,1,14.707131004971936,0.9999912988181321
558,1482,0,-1,16.373498212173676,0.9999496459411027
558,1585,0,1,18.65931802935294,0.9999480065989638
559,855,1,1,14.526946761121204,0.999992587687129
559,1099,0,-1,14.893679704443743,0.9999964271280765
559,748,1,-1,15.301410519025291,0.9999463894350931
559,1131,0,1,16.738120487396785,0.9995178755134444
560,742,1,1,14.679653086268077,0.9916626135347841
560,749,1,-1,15.83008827131376,0.9924930262113089
561,738,1,-1,14.531762581845875,0.9959066692321125
562,603,0,-1,14.414519857139533,0.999967929284144
562,1369,1,1,14.851926816217775,0.9995400182895596
562,1132,0,1,16.283522265628818,0.9999704629964223
563,576,0,-1,14.905629784169017,0.9975788064510981
563,575,1,1,15.820583424246443,0.9999602043487181
564,1334,1,-1,14.549706767025675,0.9999958450167711
564,633,0,-1,14.821999005613952,0.9976326342653773
564,756,1,1,16.45840770312249,0.9987394303279808
564,912,0,1,16.54588403116395,0.9988622701577058
566,1272,1,1,14.118215890227445,0.9983365479239225
566,1175,0,-1,14.972934209284917,0.9999929614848856
566,737,1,-1,15.404149817617348,0.9999962121241329
566,594,0,1,18.890582187466197,0.9997987498713219
567,802,1,-1,14.778795220941522,0.9999618598705173
567,1101,1,1,15.265538539398154,0.9838686365104946
568,1020,1,-1,15.194274833064922,0.9833854040477858
568,850,0,-1,18.98732886134855,0.9992209439324942
570,623,1,-1,16.47568621796904,0.9974721660204023
571,647,0,1,15.036422345514936,0.9980167232350758
571,627,1,-1,15.100317641238297,0.9990685157206242
571,639,0,-1,17.953389125363966,0.9999837854686271
572,713,1,-1,15.757850268027683,0.9966082827896532
572,648,1,1,15.770500501839479,0.9999980248087674
573,990,1,-1,14.141389708290351,0.9994186422560642
573,720,0,1,14.932830203458868,0.9992596356602452
573,665,1,1,16.49426810972667,0.9995164252792736
574,620,0,1,15.83920409936982,0.9988737230319329
574,893,1,-1,16.471142008787215,0.9991131465757123
574,721,0,-1,16.72066610334073,0.9999647152014053
575,725,0,1,16.281637864718448,0.9999427356726912
575,864,0,-1,17.049195214869982,0.9998300389279186
576,864,1,1,15.274555685784437,0.9884190727177281
576,586,1,-1,16.594746496796883,0.9993934839407301
578,1139,1,-1,14.288091894075894,0.9999326781600522
578,1241,1,1,14.979310845091657,0.999926051144075
578,1456,0,1,16.740663702779464,0.9997639030662506
578,1278,0,-1,16.980491709793267,0.9999835111642621
579,804,1,1,14.107769043522033,0.9972420491771545
579,1044,1,-1,14.8064242964619,0.9978903860846517
579,1605,0,-1,16.191357666938615,0.9987698516168596
580,1038,1,1,13.435024994404417,0.9943267925226758
580,1567,0,1,16.906095304213856,0.999773103616989
581,969,1,1,14.487264560254577,0.9977194481235435
581,1014,1,-1,15.047011110027436,0.9999967411061338
581,1210,0,-1,16.790984021136623,0.9999889656603396
581,733,0,1,18.893961703379148,0.9999615576302926
582,701,1,-1,15.63066558322804,0.9961972061037799
582,991,0,1,18.84858777274192,0.9998091356174972
583,1443,1,-1,14.890880278201532,0.9924972004765297
583,773,1,1,15.524455866178561,0.9988797158152751
583,1004,0,1,17.897834421848657,0.9999977320306361
584,1103,1,-1,15.502544924647843,0.9973239758129957
585,965,0,1,16.507490021754776,0.9999974076747418
587,1003,1,1,15.553034074857925,0.9996634751400416
587,664,0,1,15.904537587153248,0.9980143514305067
587,1009,0,-1,17.560799270965184,0.9967792359861531
588,1100,1,1,14.521586062504209,0.9999925417453043
589,661,1,-1,14.408144534036417,0.9999496243155679
589,1157,0,1,17.198585066970917,0.9988724476394664
589,995,0,-1,17.322368686847195,0.9998637820552803
590,925,0,-1,17.537165571831654,0.9998166868640389
591,880,1,-1,13.491153105104562,0.9997781061164418
591,924,0,1,16.35248151318457,0.9987630809638112
593,935,1,1,14.480086545141381,0.9969398290731791
593,1337,1,-1,14.581337334441935,0.9933587461046423
593,986,0,-1,14.91762918075359,0.9979978273475122
593,1142,0,1,18.87333251247615,0.9999872398356133
594,1041,0,1,14.695700598519496,0.9990725409124681
594,612,1,-1,15.036611689490465,0.9857011121028646
594,595,1,1,15.492380942960963,0.9916672778128987
595,1014,1,1,14.592315178797133,0.999092592109662
595,1272,0,-1,16.101569116163212,0.998472644612286
595,811,0,1,16.382072824456454,0.9997432776593356
596,707,1,-1,14.221269515621257,0.9999996312939468
596,1432,1,1,14.880421882604479,0.9993528035923385
596,1287,0,-1,17.222648883898067,0.9992460188604215
597,1232,1,1,15.32615164212997,0.9999800566882053
597,928,0,1,15.716983315281084,0.998494917401668
598,854,1,-1,14.691734473677887,0.9962912904622359
598,1174,0,-1,15.158014527644385,0.9999299404012835
598,890,1,1,15.718271673834256,0.9999838106872967
598,747,0,1,18.93434505656609,0.9999881842978884
599,605,0,-1,16.420330420735084,0.9999999391650597
600,1028,0,1,14.88989432652902,0.9994627453770304
601,659,1,-1,15.564817774765112,0.9991686840797477
601,1413,0,-1,16.792751075742487,0.9998476896917124
602,1045,1,1,14.840963514176291,0.9927094501561028
602,948,1,-1,15.473021869371797,0.9999786484108781
602,847,0,-1,16.407431547110548,0.9999965373045198
603,1318,1,-1,13.729051127211884,0.995378548887116
603,917,1,1,15.327932982253763,0.9848806409686741
603,909,0,-1,18.703397552351746,0.9999957444494073
604,885,1,-1,14.354593583775332,0.9999993011146111
604,1108,1,1,15.984249447535964,0.9988835498567901
604,706,0,1,16.921148575897718,0.9993224425775054
605,752,0,-1,16.985999146700472,0.9997112283675312
606,1171,1,-1,15.430060919705443,0.9999831940412774
606,707,1,1,15.554383503027848,0.9954025402733575
606,1099,0,1,16.137040055225768,0.9999999866400137
606,656,0,-1,18.836461796164077,0.9997986466977576
607,625,1,-1,15.127592187772784,0.999997263381294
607,847,0,1,17.51584233778415,0.9996332374514701
608,798,1,1,14.23361557719485,0.9999291037026021
608,783,1,-1,14.407598673307932,0.9998765464267488
608,1314,0,-1,16.31610856021376,0.9985443649088449
609,1487,0,-1,15.958648402619037,0.999909926594694
610,902,1,-1,15.72332587054763,0.9943811148789405
610,880,0,1,16.28101341951957,0.9999939869704936
610,842,0,-1,17.271739019944423,0.9991784638401875
612,737,0,-1,16.311934903028853,0.9999221660342182
612,876,0,1,16.854903320258956,0.9999201491075956
613,1450,1,1,14.772957005641848,0.9944475739610901
613,1001,1,-1,15.199929297103186,0.9867732719276769
613,1498,0,1,16.334232466479587,0.9999999990711047
613,1117,0,-1,18.630075338924453,0.9999950822062437
614,968,1,-1,15.01381287864689,0.9996259455007546
614,921,1,1,16.1920406411484,0.999045357272829
614,1210,0,1,16.45257222487201,0.9994554829608748
614,649,0,-1,16.88167756992816,0.9992534820739126
615,821,1,-1,15.087830119752477,0.9992777716948766
615,657,0,-1,16.95170184176919,0.9999999982790467
615,732,0,1,18.423336315501526,0.9988452800298258
616,931,1,-1,13.226898284226838,0.9997866471076132
616,1043,0,1,15.910074137361361,0.9973921226164408
616,1495,0,-1,16.604371959808173,0.9991434495932073
618,810,1,-1,15.253074902066011,0.9919822430908559
619,666,0,1,15.48181260498588,0.9996547545297051
619,780,1,-1,15.739037959942872,0.9959348800058081
619,731,0,-1,17.609877537303202,0.9990923711757421
620,641,1,1,15.345745927180513,0.9871357675922018
620,969,1,-1,15.692837598780732,0.9985675141531279
621,908,1,-1,14.179024189448706,0.9990016951369959
622,1103,1,1,14.573309593157177,0.9995891092928024
624,1310,1,-1,14.762773493817525,0.9999633808047542
624,1502,1,1,15.618729711920851,0.9954216556671371
624,1048,0,-1,16.216169008197518,0.999952221482225
624,1501,0,1,18.720850319093252,0.9999573095836632
625,663,0,-1,14.964132717702864,0.9999434171147554
625,796,0,1,17.147844621452503,0.9999837022940667
627,740,1,-1,15.986586652394326,0.9962355221043381
627,1009,0,1,16.071609578471545,0.9999999257320191
629,752,1,1,16.743091311234142,0.9999906960414767
630,874,0,-1,14.883443404397035,0.9999985151501268
631,1138,1,-1,15.035469429988343,0.9921157525766905
631,952,1,1,15.657803587010642,0.999779046079212
633,741,1,-1,15.862627632467474,0.9849788605566627
634,1209,1,1,14.501351467943666,0.9999745189432014
634,1215,0,-1,15.66106221386667,0.9999999187486569
634,1038,0,1,18.094266317054945,0.9988783443055849
635,744,1,1,14.657746350924118,0.9840087595087028
635,987,0,-1,16.88933051109285,0.9999208984430683
637,1020,1,1,15.696906692500697,0.9970374133510821
637,705,0,-1,16.938106686690812,0.99962431490542
638,975,1,1,14.81164724857889,0.983766483125463
638,989,0,-1,15.04641522972154,0.9979253681083838
638,1352,1,-1,15.175416880165516,0.988016401492379
638,1251,0,1,16.895805577176624,0.9999928749423215
639,1245,1,1,14.871672763344444,0.9977093406939319
640,991,1,-1,14.96674943598615,0.9995881007606472
640,779,0,1,15.513365800676636,0.9998577637178231
641,766,1,1,15.313463336744114,0.987448298944975
641,886,0,1,16.373250534822045,0.9999994336376408
642,663,0,1,17.35091798257211,0.9998877881107057
644,1317,1,-1,14.631555299674853,0.9999226989181815
644,1054,1,1,15.009111493247355,0.9938934603175619
644,1221,0,-1,16.773546767772032,0.99932613649527
645,1190,1,1,15.043865012259046,0.9999281426074272
645,1251,0,-1,16.895385631015955,0.9999998495195029
646,1337,0,-1,14.624442235199801,0.9999208974171122
646,1142,1,1,14.798340813241335,0.9847791643017445
646,1241,1,-1,14.867391320764659,0.9999169742554959
646,1457,0,1,16.7461123840581,0.9999822194437059
647,1009,1,-1,14.151952275176575,0.9995732577189123
647,1003,0,1,17.514177199577002,0.9999999333990216
648,682,0,-1,16.908736318625923,0.9992341941101761
649,751,0,-1,14.98960322921751,0.9999989867853326
650,1364,1,-1,14.19483999245295,0.9998523680772169
650,1359,1,1,15.411678545706307,0.9962305407028827
650,1589,0,1,17.547245558552397,0.9999915193427252
652,934,0,-1,16.37186237917568,0.9998065420053833
652,788,0,1,19.494578619618068,0.9999915232881404
653,963,1,1,15.158536861198488,0.9914629303553804
653,1045,0,-1,17.07557753185456,0.9999988070173976
654,806,0,-1,17.83368266352603,0.998631846597789
655,961,1,-1,14.888602452419823,0.9999690568311111
655,1389,1,1,15.421229144967132,0.9913916158804471
655,823,0,-1,16.76747687932362,0.9999799528905686
655,1130,0,1,17.969595804352732,0.9991074945516705
656,1531,1,-1,14.534996730739167,0.9999758434275793
656,954,0,-1,15.422096346239092,0.9994429993073358
658,1297,1,1,14.251045876758388,0.9956887457301297
658,1360,1,-1,14.431350864412344,0.9916385918512353
659,975,1,-1,15.580273860247773,0.9945515398760872
659,884,0,-1,16.436471109776587,0.9996690724444782
659,813,0,1,19.225059600594264,0.9999974637042286
660,719,1,1,14.614374028725429,0.9999580022912566
660,1502,1,-1,14.64585547752969,0.9947001204890005
660,848,0,1,17.538069495482873,0.9981069291639207
661,672,0,-1,16.36828919489338,0.9999995603898988
662,723,1,1,14.640280691403659,0.999833329655453
662,924,1,-1,15.192712766054251,0.9962110898086529
664,934,0,1,17.05865045990187,0.9991654226412252
665,779,1,1,14.728423232361637,0.9982795241053124
665,861,0,1,15.590126302723581,0.9993127968317003
665,991,0,-1,15.953670542098227,0.9994704077140073
666,1175,1,1,15.045547748987575,0.9919201259128341
666,805,1,-1,15.914395732835589,0.997662833798717
666,737,0,1,16.93245984210667,0.9994983118960579
667,832,1,1,15.589440341194724,0.9999999458787328
668,1028,1,-1,14.961677438419914,0.9998188036183029
668,1179,0,1,17.52652011231143,0.9999893528277328
669,809,0,1,15.525326707170894,0.998709575991968
669,1125,1,-1,15.875996542947254,0.9999990360200213
670,947,1,-1,15.621104563931114,0.999999665268772
670,736,0,1,16.742105441425487,0.9996346998303444
670,794,0,-1,16.906476894296834,0.9999168247448615
671,1051,1,-1,15.546939254716124,0.9996497201195732
672,995,1,1,14.148704313627286,0.9969933277556009
672,1179,1,-1,15.462553574434166,0.9998642304390544
673,1212,1,-1,14.423563167923012,0.9986944486560001
673,696,0,1,17.65577010900996,0.9999985669604886
674,766,0,1,15.023302995314918,0.9998027754845521
674,1368,1,1,15.703752611412625,0.9928556633574191
676,950,1,-1,14.015629196687927,0.9996787345308423
676,1447,1,1,15.819230820286958,0.9946140670002227
676,881,0,-1,17.563488233715034,0.9998173088725077
677,845,1,1,15.303995679077708,0.9939278555456901
677,1232,0,1,17.260463883905167,0.9986851149931717
678,1165,1,-1,14.323509008663304,0.9999876772728352
678,1086,1,1,15.223239038148655,0.9907954351974384
678,1083,0,-1,17.6602379005993,0.9965711405631422
680,1213,0,-1,14.946509427895734,0.9983334319710501
680,1228,1,-1,14.950226504072646,0.9999168542358751
681,1078,1,-1,14.868241092013937,0.9997280206897267
682,691,0,-1,17.054539419645824,0.9993779420998626
684,856,0,1,16.356687065805207,0.9999922111793371
684,1348,1,-1,16.51973310327358,0.999455141068677
684,857,0,-1,17.881838961624766,0.9988607237716662
685,690,1,1,15.018933813761175,0.9973338382023546
685,1346,0,1,16.828925840138627,0.9997349911499541
686,945,0,-1,14.993655762663526,0.9999992096742069
686,1135,1,1,15.339193131727514,0.9995485360992312
686,1093,1,-1,15.357971785195645,0.9970449958667579
687,773,1,-1,13.926327896190436,0.997676667970506
687,871,0,1,14.840351965148855,0.9997843334698898
689,960,1,1,13.339630795398454,0.9999108871546944
689,1270,1,-1,15.562814275396546,0.999563956313146
689,1383,0,1,15.891980958278332,0.998245922966286
689,1085,0,-1,16.66599436966212,0.9981663261529278
691,779,1,-1,15.866516361459935,0.9999790433214905
692,871,1,1,14.220079793175174,0.9999724693028162
692,1004,1,-1,15.50367250754312,0.9966300533516312
692,773,0,-1,15.891434804817287,0.999999392283338
692,718,0,1,17.606780109395512,0.9999861311526956
693,788,1,1,14.711836968319309,0.9932970398805574
693,1173,1,-1,15.583680907131875,0.9966721776414791
693,815,0,1,16.087571335651354,0.9989438638371341
695,732,0,-1,16.78244760993635,0.991106388655361
698,905,0,1,18.865574567089727,0.9995424438405517
699,1188,1,-1,14.440088036165797,0.9979533302694131
699,881,1,1,15.372890847646314,0.9945756565228401
699,950,0,1,16.343708089054935,0.998335260163892
699,1092,0,-1,16.928516792874394,0.9999929660303594
700,1069,1,1,15.799202714200923,0.9860197235025397
700,996,0,1,17.308741339371483,0.9973919670881999
703,829,1,-1,13.440338401930594,0.9999894909688347
703,1015,0,-1,17.33730978087602,0.9999685925413863
705,791,1,1,15.670469029624197,0.9996870483132142
706,1279,1,1,14.949554072121852,0.9901359453347418
706,973,1,-1,15.069662537544906,0.9992069313036632
706,986,0,1,18.378112580335095,0.9996952641277959
707,1124,0,1,16.44841102253581,0.9978709604274598
709,915,0,1,15.074947321291159,0.9999891954041976
709,747,1,-1,15.810296227702572,0.9999848617563261
709,890,0,-1,18.936567063944615,0.9999999999999782
710,743,1,-1,15.269851767860343,0.9995294517142822
710,831,0,1,15.718638304880503,0.9998213067236552
710,1392,0,-1,16.51229644712273,0.9999964117028166
711,1084,1,-1,16.08538411904389,0.9964457335786516
711,933,0,1,17.05148629005147,0.9999460325728802
712,899,1,-1,15.597698606930338,0.9958501605020765
713,890,1,-1,14.699462803397747,0.9951324936115878
713,861,0,-1,18.86672703852973,0.9998994234095788
714,870,1,-1,15.880680412175254,0.9999155815066062
714,919,0,1,18.388356250266416,0.9985514377451535
715,1333,1,1,14.531932461560585,0.9999526569159175
715,941,0,-1,15.044360411663407,0.9999270756957555
715,1192,0,1,18.758045643834976,0.9999898990618841
716,1390,1,-1,14.646497021642537,0.9999693922717536
716,875,1,1,14.866509744468969,0.9999817804117377
716,1566,0,-1,16.011379041382195,0.9997803370436728
716,1109,0,1,16.593958866931143,0.9996154007250618
717,1503,1,-1,14.23029592455329,0.9987109493876785
717,728,1,1,14.408368324147533,0.9988679736815006
717,762,0,-1,16.16760465240649,0.9999945846744556
717,1517,0,1,17.49213118883149,0.9996816472582112
718,994,1,1,14.319599540842761,0.9999958501447516
718,1196,0,1,14.882998235604804,0.9987461860573166
719,1071,0,-1,15.743626850885384,0.9990969167108338
720,1174,1,-1,15.304665923640156,0.9866387243890127
720,861,1,1,15.33458931706477,0.9999554507858228
720,890,0,1,17.566472106367932,0.9996885121249766
721,921,1,-1,15.53810051555886,0.9950859230897625
721,750,0,-1,17.815810810172977,0.9980025341049816
723,771,0,1,17.286179740870594,0.9993940656069045
724,967,1,-1,14.588176859668422,0.9976728064325199
724,980,0,1,16.029266284096135,0.9995451983339824
724,778,0,-1,17.780747428991646,0.9995340004272731
726,1564,1,-1,14.63086598856419,0.9998970412815831
726,1280,1,1,14.740140938174392,0.9835637621325743
726,1350,0,-1,15.827278591648625,0.9990303862469522
726,1136,0,1,18.699894931003413,0.9999999375816347
727,1173,0,1,14.922907929818518,0.9999997583370499
727,1058,1,-1,15.409288670785346,0.9999391775979511
728,1164,1,1,15.007943273569817,0.9993111241761385
728,962,0,1,18.134861467013444,0.9995781975990212
731,994,1,-1,14.711321414932936,0.9963934252526536
731,831,1,1,14.941356147584438,0.9989506710323077
731,743,0,-1,16.86855977338875,0.99999721007075
733,982,1,-1,15.166926731082247,0.9918220105112207
733,1329,0,1,16.850798727020415,0.9999841705764217
734,873,1,1,14.397041042527189,0.9999690089934995
734,1227,0,-1,16.024339725678136,0.9997754979716607
734,1359,0,1,16.2374193122258,0.9999769490432703
735,1361,1,-1,14.290330113747167,0.9981868975954151
735,1477,1,1,14.494926098786879,0.9973536426278223
735,1068,0,-1,18.371149269728985,0.9999350366387164
736,899,0,1,17.187315235768896,0.9995009080352049
737,1140,1,-1,14.489800735302332,0.9963821398090217
738,1445,1,-1,15.358544021211465,0.9854377133781294
739,1126,1,-1,14.421421910560898,0.9999767468307134
739,911,1,1,16.016898855070735,0.9988279163103893
739,1007,0,1,17.484890917791144,0.9982709090324098
740,1060,0,1,17.35235619561048,0.9991996569628088
741,1329,0,-1,14.35899888923091,0.9999309386780553
741,1334,0,1,17.568018438450736,0.9999950246565871
743,871,1,-1,14.632340153179427,0.9995353165333886
746,1576,1,-1,13.68416274578971,0.9955861780014256
746,1227,1,1,14.835974083390498,0.9835007234174876
746,988,0,-1,16.079773079629756,0.9999462124046885
747,907,0,1,14.34997993732657,0.9999615498301219
747,1013,1,-1,15.324961973601903,0.98553596393123
748,1482,1,-1,14.403078190039162,0.9999998386326443
748,862,0,-1,16.299746205239394,0.998164868009752
748,1289,0,1,16.309861751739728,0.9995878135449396
749,1368,0,1,15.11856851140047,0.9995629385506666
751,943,1,-1,15.504312189449767,0.9984230461452884
754,913,1,-1,15.472102275180875,0.9997686434124349
754,1277,0,-1,17.595754853631203,0.9986485935904466
755,1122,0,-1,14.414640215432971,0.9993739498838805
755,1021,1,-1,14.568593948152035,0.9999519249047825
755,1380,1,1,14.939800947881196,0.9983919301985991
755,1127,0,1,18.71778113019604,0.9999949832187235
756,953,1,1,14.731111128935542,0.9988508800501916
756,794,0,1,15.73514261900148,0.9992835135274577
757,844,1,-1,14.662276237769717,0.9999951134593653
757,1061,0,1,16.13716000022908,0.999998900502962
757,1194,0,-1,16.19885003670098,0.9999928955818932
758,828,1,1,14.932788315485453,0.9999946645099179
758,1086,0,-1,16.27323205306287,0.9995881265008171
759,923,1,-1,14.276039404968959,0.998805140481574
759,841,1,1,14.971933038088554,0.9997521154970388
759,849,0,-1,15.701965551622727,0.9997845769452788
760,1258,1,-1,13.86914025210246,0.9999484381471284
761,883,1,-1,15.79158767999945,0.9969444354551829
761,772,0,-1,17.418214768992204,0.9993060748321668
762,1061,1,-1,14.540279927249367,0.9999997220414756
763,1091,1,1,13.543295328917084,0.9992220037119987
763,1428,1,-1,14.74234057222055,0.9990474181722214
763,1155,0,1,15.906686926311888,0.99998076907906
764,922,1,-1,15.081588942951965,0.9998939405845446
764,872,0,-1,15.402862608468588,0.9950235986399645
764,1445,0,1,19.001685560142107,0.9992348867410334
767,1495,1,-1,14.359026818569813,0.9998755068545191
767,1074,1,1,14.87481974266738,0.9988615776469284
767,1105,0,-1,16.71585200345033,0.9995007421316984
768,1149,1,-1,14.808589471587924,0.9811684832550103
768,1345,0,-1,16.0483165790385,0.9999360194004053
768,1356,0,1,16.072686032458886,0.9999256229990967
769,1108,1,-1,15.117584420430495,0.9976704098867247
769,1154,0,1,15.485733621000879,0.9995187319052102
770,910,1,1,14.62733865184879,0.9999245420642374
770,1150,0,-1,14.919100579569035,0.9988036658355333
770,1612,1,-1,14.952129766157517,0.9970559466405534
770,1312,0,1,16.741521344749962,0.999909977770757
771,984,0,1,15.967395253920955,0.9977856930803336
772,1408,1,1,15.84874781149488,0.9993078068068224
772,869,0,-1,17.04408603196512,0.9999914720198662
773,1414,0,-1,17.841789419597923,0.9981376406219403
774,1400,1,1,14.49126454802358,0.9999999344632207
774,1363,1,-1,14.772264705437825,0.9954734039053413
774,1273,0,-1,16.13432423711663,0.9999991833010298
774,1288,0,1,18.0727930364333,0.9999120996762962
775,1155,1,1,14.383662414266754,0.9989197581596083
775,1064,1,-1,15.693786059554556,0.9999999926462463
775,1428,0,-1,15.938050035212905,0.9995855448413333
775,1436,0,1,16.58030563909119,0.9999977134153497
776,965,0,-1,16.853644563202298,0.9995702251309019
777,788,1,-1,14.790219408555114,0.996153757854278
778,1154,1,-1,14.563757163115124,0.9999929807449034
778,898,1,1,16.087768951392643,0.9994328914873937
780,1196,1,-1,14.797927970895618,0.9999988664043435
780,994,0,-1,14.930254715596709,0.9998404672948651
780,805,0,1,17.991903910786736,0.999427109388747
781,868,1,-1,14.709459347019328,0.9813292150954636
781,1419,0,1,17.403826223962263,0.999872464823915
782,1084,1,1,14.8245490696722,0.9937614758644795
782,1008,1,-1,15.597601445517792,0.9943340431559984
783,1191,0,1,16.171713116828997,0.9999391684872103
783,1043,0,-1,16.822906575229958,0.9999960709258644
784,977,0,1,16.22526699220563,0.9999931752703523
785,1228,0,-1,18.956666144535646,0.998532040988689
786,999,1,1,14.81035265915968,0.9978361120124639
786,1405,1,-1,14.916555973800715,0.9990788856320949
786,1339,0,1,15.833934113047954,0.9999700174658763
787,1147,1,1,14.153797134939921,0.9970649092621566
787,838,1,-1,14.273383829239158,0.9999270894497868
787,1437,0,-1,16.34730039694029,0.9970352647564514
787,1150,0,1,17.47742042219905,0.9981528719061687
788,1222,0,1,15.084691395761448,0.9999869885703395
789,987,1,1,15.398899012166547,0.9912154051165141
789,1027,0,-1,17.72129237555471,0.9999953612929278
790,978,1,-1,15.274318955085588,0.9846851169367484
790,1078,0,-1,18.81054588843573,0.9999996603560956
791,850,1,1,15.212072112511791,0.999979274390512
791,1020,0,1,16.12350978881968,0.9995578573469228
792,1231,1,-1,13.7367734444038,0.9991998685719213
792,1425,1,1,14.53899092272139,0.9999379832474667
792,1347,0,1,16.66953976459201,0.9997038517459447
792,1489,0,-1,16.707902176454077,0.9999781345830859
794,912,1,-1,15.053093358036877,0.9999988386919711
796,1046,1,-1,15.020232730733902,0.9999485095550922
796,847,1,1,15.703195168463962,0.9997838742588365
796,948,0,1,16.835953664638808,0.9999403210367758
797,1141,0,-1,14.30430333787001,0.9999746768974491
797,1095,1,-1,14.684880276881765,0.9926058505754998
797,1128,1,1,14.807617248896538,0.9930626043126962
798,1318,1,1,16.607813200354233,0.9999822460297284
798,1042,0,1,17.713088338903855,0.9999971947651336
799,1430,1,1,15.108045255686369,0.9998831466353824
799,1047,0,-1,16.106960469565674,0.9999454618356096
799,1398,0,1,16.27690178551291,0.9999999987178372
802,1152,0,1,16.369570663680328,0.9999747017293784
803,1137,1,-1,14.73214343943933,0.9945665668564685
803,870,1,1,15.257647531133605,0.9931579744048057
803,1203,0,1,15.654067613003162,0.9996129131882256
803,993,0,-1,16.956962001592377,0.9991284339553539
804,1404,0,-1,16.44642030925167,0.9995730498086333
804,1478,0,1,18.60646363389708,0.9997423474827546
805,1442,1,-1,13.55991100892161,0.9999973763306178
805,1140,0,1,17.09187806588034,0.9986017515598462
807,1202,1,-1,14.036273252358761,0.9959266847349841
807,1564,1,1,15.064959601650278,0.9997557873252232
807,1153,0,-1,17.254899670067527,0.9996612058257502
807,1121,0,1,17.47879216443369,0.9991406228129421
808,1043,1,1,14.656604898289109,0.9991608296834944
808,931,0,-1,16.19797339213697,0.9998590523548926
809,1170,0,1,16.91518498264485,0.9999975596741828
810,1003,1,-1,16.45910143254119,0.9912141529020032
811,982,1,1,14.788659363819505,0.9999999727251501
811,1041,1,-1,15.62776340711054,0.9998157066782383
811,1071,0,1,17.343624850695516,0.9994613627744539
812,1218,1,-1,14.377763411793822,0.9957677197006092
812,1092,1,1,14.42930482894122,0.999876157387337
812,882,0,-1,16.17953681268217,0.9999840825950281
812,1188,0,1,16.23215337755574,0.9999958949856026
813,955,0,1,14.546755249905265,0.999441603966972
813,1250,1,-1,14.820239014663224,0.9845651486475795
815,1413,1,-1,15.192345855436153,0.9998703794734672
815,1222,1,1,15.445888105349786,0.9989296572680049
816,1145,0,-1,14.879869474553217,0.9994746752599398
817,1540,1,-1,14.229327362018218,0.9968838634850941
817,1417,1,1,14.645773773188601,0.9916974982148163
817,1375,0,1,14.683126223507786,0.9971278286647105
817,1096,0,-1,17.876605342123174,0.999984259338572
819,1315,1,-1,13.617443880432843,0.9996343919317981
819,1322,1,1,15.620590551325387,0.9992696948816534
819,1513,0,-1,15.830882354992045,0.9983318027650051
819,1437,0,1,16.220810791715433,0.9999054959761616
820,1174,1,1,14.86223816069936,0.9974569974073816
820,854,0,1,17.48034276020638,0.999999901181858
821,827,1,-1,15.719057243298483,0.9999970905702137
822,828,0,1,14.349589375491796,0.9999250566955559
822,1086,1,-1,15.338367136192703,0.9925464817589152
822,1445,0,-1,16.300254394351473,0.9999980395962151
823,1201,1,-1,14.898483179187556,0.9999988866146544
823,1076,1,1,15.717020001140986,0.995981840589607
823,848,0,-1,15.866809394517354,0.9988718972535002
824,1056,0,1,16.744210920548568,0.999774750926454
826,1237,1,-1,14.593398820230654,0.9988453890168271
826,1264,0,-1,14.8821746988962,0.9981905317761358
826,885,1,1,15.313571721279782,0.9999661487352671
827,1100,0,1,16.968858764229797,0.9993549086640917
828,1081,1,1,15.328633940309608,0.9983300569164694
828,1392,0,1,17.790311903497077,0.9998574908355059
829,932,1,-1,15.275808428118388,0.9997435499881123
829,1246,0,-1,16.268480853973934,0.9999983711451567
829,1105,0,1,16.43573820802331,0.9983488149549294
830,1507,1,1,13.758281710523637,0.9999386847746138
831,863,1,1,14.929209817777387,0.9922618050540845
833,1349,0,1,14.927387283806533,0.9999882960657511
834,841,1,-1,14.394031070864775,0.9998491751082168
834,1212,0,1,16.713555100800406,0.9987354705377331
834,1118,0,-1,17.3717919921312,0.9999661918912753
835,1446,1,-1,14.299073930734425,0.9973016168306754
835,1364,0,1,14.822872449820085,0.9999992511577257
835,1576,0,-1,17.639072934425446,0.9986982443641403
836,956,1,-1,13.383176998422792,0.9996798278085957
836,1034,1,1,15.119864856211173,0.9997427892706554
836,1019,0,-1,17.679591764145957,0.998594940511276
837,1441,1,1,14.1033230339879,0.9999896502424994
837,1527,0,-1,14.17344274352855,0.999952790051264
837,1410,1,-1,14.8884989160785,0.9985920583713762
838,1452,1,-1,14.755583672119847,0.998628867949292
838,1529,0,-1,16.274833466819768,0.9999999052239803
839,866,1,-1,16.276755130222963,0.999423702513988
839,1145,0,1,19.144545364359796,0.9996082651334761
840,934,1,-1,15.594927446908219,0.9999587375824196
840,1008,1,1,15.606687110440394,0.9872497646023968
841,1129,0,1,16.266390200408214,0.9999961582961884
841,1180,0,-1,16.73422111355199,0.99965432816301
842,1025,1,-1,15.789785167458023,0.9967239676602738
843,934,1,1,15.034739954798892,0.9985999885927777
844,1302,1,-1,14.865901006667292,0.9959246421970122
844,1296,0,1,18.054570478865188,0.999950132319077
845,971,0,-1,14.962769563932943,0.9999686917553746
845,1113,0,1,17.194884833432848,0.9999868614487926
846,1048,1,-1,14.370872648434045,0.9999631940519282
846,876,0,-1,16.673783190325363,0.9995505006398401
846,1502,0,1,17.86060089996598,0.9983731957434577
848,1259,1,-1,13.512756182608546,0.9994819379612251
849,949,1,-1,14.455908471254174,0.9997085959351674
849,1180,1,1,14.916585895474224,0.995815366695697
849,1266,0,-1,16.458843139097606,0.9988034670953688
850,1116,1,1,15.331386853383917,0.9998664284919468
850,1168,0,-1,17.63646077900086,0.9983080253054122
851,1178,0,-1,15.891349978472391,0.9993682872928684
851,1168,1,-1,15.976496372537936,0.9998245386497997
851,1116,0,1,17.562059156850072,0.9997644550009629
852,1213,0,1,17.93651221378436,0.9999890539601148
853,1382,1,1,14.780307996138413,0.9999776830772787
853,1404,1,-1,15.048182303557025,0.9999023899012448
853,1420,0,-1,16.267916060840296,0.9999603752921722
854,1013,0,1,15.0832400548119,0.9993152218068895
854,953,1,-1,15.485353683348022,0.9999151627381297
855,1310,1,1,14.687117975075617,0.9998905589203146
855,1124,0,-1,16.16319978136879,0.999987890472093
855,1265,0,1,16.88922618614999,0.9999622049781975
856,943,0,1,16.44057199505033,0.9987979828401465
857,1081,1,-1,14.19632861034092,0.9993085538684149
857,1206,1,1,15.430225705770406,0.9999882148721316
859,1353,1,1,13.624257747906755,0.998871881444491
859,1588,1,-1,14.854583961401715,0.9963426759363307
859,1268,0,1,15.744088560010576,0.9998597835134766
859,1465,0,-1,16.67594882559533,0.9996326670998131
860,1332,0,1,15.370575340018965,0.9994949234072109
860,1295,0,-1,17.63453541613599,0.9999975490499152
862,1099,1,1,14.435182039609572,0.994332711093185
862,1171,0,-1,14.731422094848375,0.9973136650399684
862,1209,1,-1,15.25331864943417,0.9997527681003547
863,943,1,1,14.637413945262226,0.9982198560692565
865,1312,1,1,13.966304125672007,0.9895637127678292
865,1370,1,-1,14.248579398713376,0.9997940203044157
865,1570,0,1,14.87155626176396,0.9999986009054369
865,1612,0,-1,17.627145685703585,0.9988010089230044
866,1245,1,-1,15.043794589222378,0.9985591099698348
866,1293,0,1,16.967252776259652,0.9994253523566375
867,1509,1,-1,14.384982296752197,0.9986964952157763
867,932,1,1,14.84062857239562,0.9998750250758709
867,1344,0,1,17.155738970010272,0.9995605742742835
868,1239,1,-1,14.261603565013216,0.9999717779732428
868,1421,0,1,14.760156657799444,0.9999970196776549
868,1538,0,-1,16.050084727720957,0.9999997663688004
869,1203,1,1,15.051051314997,0.996288879075876
869,1137,0,-1,15.905250228798497,0.9988010700949367
870,933,0,-1,16.92383114887473,0.9992381351305518
870,1012,0,1,17.07325682978543,0.9998968125137161
871,994,0,1,17.67080080692729,0.999999918752205
872,1369,1,-1,13.960358247937856,0.998857123045674
873,1266,1,1,15.202220284453052,0.9999780918295542
873,1134,0,-1,16.098973282868837,0.9999995829729196
873,949,0,1,16.190910220719054,0.9999942894005964
874,1097,1,1,14.427056639494248,0.9999403407960056
875,1501,0,-1,14.425011819420263,0.9999438135523481
875,1201,1,1,14.872758479960538,0.9999313401271127
875,1017,0,1,17.44542005808099,0.9997687229191826
876,1041,1,1,13.980522924445385,0.9996642891402395
876,1432,1,-1,14.418411975458781,0.9981139451624128
877,1374,1,1,14.866656288037873,0.9919183051476619
879,1183,1,1,14.559629878481356,0.9960119366212349
879,1047,0,1,16.10213427667993,0.9999415340473593
881,1093,0,-1,16.305107224506852,0.9985153752596931
882,1052,1,-1,14.539553291941743,0.9998187408908062
883,1089,1,-1,15.191110051483125,0.998792520884121
883,1298,0,1,16.107009214153102,0.9996886404777988
884,1000,1,-1,14.713705043852068,0.992820324947571
884,1413,1,1,15.684035479491065,0.9998458602583578
884,1207,0,-1,16.237316351325372,0.9956387865963977
885,1130,0,-1,15.90750186250483,0.9980215091042798
885,973,0,1,16.292860016731968,0.9999878444313314
887,1004,1,1,14.45967629241896,0.9991207504836648
887,1443,0,-1,15.475331075449324,0.9997136550874711
888,1029,1,1,14.146645494846489,0.9998859325421823
888,1221,1,-1,14.776573635301983,0.998977617109301
888,1054,0,1,15.780787844194387,0.9995756483540653
888,1159,0,-1,16.87896035233406,0.9964048921405226
889,1567,1,-1,14.745281347967394,0.9917189815155888
889,1204,0,1,16.158441738077965,0.9999999041630543
889,1038,0,-1,17.39041313542301,0.998647239230254
891,1354,1,1,14.465747066780237,0.9999999424341937
891,1551,0,1,18.749088989473425,0.9999997668659242
893,1210,1,-1,14.504374348327703,0.999592390746977
893,969,0,1,17.354599270703694,0.9999980076559912
893,921,0,-1,17.601697150905462,0.9979179204905922
894,1100,0,-1,17.492285341054682,0.9999994103031035
895,1169,0,-1,14.352202502520374,0.9995659577010387
895,1443,1,1,14.489307178105541,0.9921921355781359
895,1194,1,-1,14.708154957979822,0.9992006436198894
897,1033,1,-1,14.38702445340792,0.9999693255271535
898,899,0,-1,16.696030797780796,0.9994985776820153
900,1206,0,1,17.513421764138194,0.999999998712921
901,1561,1,1,15.055780659039156,0.9991998804113823
901,1282,0,1,16.935959453734664,0.9995868125675766
902,925,1,-1,14.833433421521491,0.9978731172884262
902,1025,0,-1,17.663220491378564,0.9989659738125831
903,1121,1,1,14.604750631983112,0.9987094853755744
903,959,1,-1,15.355065162916222,0.9943819746857075
903,1202,0,-1,17.988023146170352,0.9999786023017487
904,1597,1,1,14.619150552115638,0.9843881941132079
906,1408,1,-1,15.319497070937288,0.9833803654080545
906,1012,0,-1,19.4782245788941,0.9999727366553676
907,915,1,1,15.627186118383774,0.9991653130112574
909,1056,1,-1,15.305034397952058,0.9991511789365075
910,1463,1,1,14.581306274939188,0.9933138030827372
910,1011,0,-1,14.881190176701159,0.9999800924170715
910,1005,0,1,17.657571760927613,0.9990710924040734
911,1138,0,-1,16.816340175306,0.999675561272004
911,1090,0,1,18.220220940221576,0.9996964858460251
912,1123,1,-1,15.8420606246926,0.999731443640825
912,947,0,1,16.918850565351054,0.9997860339346227
913,1282,1,-1,14.192628356219283,0.9966148778062027
913,1561,0,-1,15.165610793171494,0.999630295389744
914,1108,0,1,15.585482916292044,0.9998847687109218
916,1484,1,1,14.277794628801304,0.9978599070311475
916,1469,1,-1,14.376010373048885,0.9955896957120168
917,1369,0,1,17.520326925797935,0.9999700283652285
919,1012,1,-1,16.6906998444003,0.995971993366793
920,1205,1,-1,14.22758122557109,0.9951541664118768
920,1411,1,1,14.414255246568821,0.9999815407049988
920,1508,0,-1,17.545670022672837,0.9991518956016272
922,1132,1,-1,15.374105788910414,0.9996937094337763
922,1369,0,-1,16.218019121155844,0.9996970937952233
922,951,0,1,16.328724999945873,0.9994179062037908
923,1098,1,-1,14.967939743379441,0.9899926439050589
923,949,0,-1,16.753245089997627,0.999520736205581
924,1101,0,1,15.76414009089292,0.9999997260330453
925,1447,1,-1,13.908032295970129,0.9961777298109732
926,936,1,-1,14.116312314159572,0.9999982734382754
927,963,1,-1,15.150036735277537,0.999593230718234
928,1322,1,-1,14.717374595866673,0.9999878289880116
928,1509,0,1,16.032997167437706,0.9997047595797497
929,1480,1,-1,14.808279592767391,0.9985990059173473
929,1523,1,1,15.168396145895574,0.989270640363545
930,998,1,1,14.270086065206007,0.9999737868080489
930,1436,1,-1,14.448113183997453,0.9966230600174582
930,1155,0,-1,16.062420623813225,0.9999913897308272
930,1560,0,1,17.40061983507286,0.9999705514056986
931,1463,1,-1,14.990766215404996,0.9913016848696669
931,1464,0,-1,16.6688801649301,0.9998032152092402
932,1285,0,-1,16.7352415077143,0.9999797796287043
933,993,1,-1,15.207026443180384,0.993352444199008
935,1327,1,1,16.59778440047961,0.9978266962102157
935,1186,0,-1,16.608849817302705,0.9999997973116519
935,985,0,1,16.848037831051872,0.9999992582774133
936,1533,1,-1,13.970283469400306,0.9999988151581819
937,1245,0,1,16.299405629088614,0.9999165638648558
938,1456,1,-1,15.055578380948202,0.9906915169452909
938,1457,1,1,15.482504019681608,0.9941894209065925
938,1160,0,1,16.420324757277555,0.9984213488485179
938,1241,0,-1,18.608892471742184,0.9997372935911094
939,1116,1,-1,14.330735833771586,0.9936002968035125
940,1542,1,1,14.684169517831041,0.999898801060492
940,1127,1,-1,15.419195781296452,0.9972771114695506
940,1380,0,-1,16.738515497214177,0.9997113558815607
941,1390,1,1,14.779261644588725,0.9941635907317122
941,1338,1,-1,15.113581797148582,0.9962772206405096
941,1131,0,-1,18.145364613010727,0.9991896780034111
942,1373,1,1,15.219717434463755,0.9975782312355547
942,1276,0,-1,16.297208318402536,0.9999861692419407
944,1549,1,1,13.98603444545427,0.9999613214462565
945,957,1,-1,14.639990706479491,0.9977057483642077
946,1008,0,-1,14.70332429537276,0.9999493983947007
947,1286,1,-1,13.925254427588085,0.9998260848811794
949,1359,1,-1,14.232523081324143,0.9999371456751612
950,1200,1,-1,15.186673403719874,0.996827224043309
951,1083,1,-1,13.984168145880238,0.9953962343149122
951,1445,1,1,15.093764562977473,0.9867571258967271
951,1086,0,1,16.881895310058905,0.9998443092344226
952,1058,0,1,16.87129118321556,0.9998158953939695
952,996,0,-1,18.580682902215145,0.9963613323264875
954,1505,1,-1,13.467937257434576,0.9999994823408958
954,1163,1,1,15.346837145889648,0.998787074843111
954,962,0,-1,15.779238863506354,0.998429588927343
955,1079,1,1,14.74799636685426,0.9996700619178849
955,1190,1,-1,15.543043706926367,0.9985867588663746
955,1431,0,1,17.373838775060126,0.9985393563296713
956,1418,0,-1,16.15846775214433,0.9999973668172347
957,1093,0,1,17.178317890063393,0.9991992073043049
958,1468,1,-1,14.166609554132599,0.9980742759988224
958,1601,1,1,14.708377632191505,0.9921326087860219
958,1115,0,-1,15.746400001345524,0.9997716233517021
958,1536,0,1,16.21136798974158,0.9996230010003687
959,1172,1,-1,14.043636675739421,0.9998969620280843
959,1407,0,-1,14.73651481491018,0.9978093495342345
960,1237,1,1,15.332661014076622,0.9996347740926309
960,1224,0,1,17.733493817641918,0.9986146799060102
961,1017,1,-1,15.15535999792955,0.9997168825005386
961,1201,0,-1,16.906769040516796,0.9999839304829858
961,1264,0,1,18.744707432153696,0.9992802031970307
962,1592,1,1,14.784662415545146,0.9980320565742595
962,1517,1,-1,15.417203241954486,0.9962942637067503
964,1344,1,1,13.401410138660644,0.9999403081807421
964,1147,1,-1,15.324092769624086,0.994954926840024
964,1112,0,1,15.816143179926879,0.9995968343585152
964,1509,0,-1,16.566690859022202,0.9996193020764247
966,1601,1,-1,14.486945653340229,0.993310296312016
966,1039,0,1,14.84903846032335,0.9999985134534958
966,1218,1,1,15.297893564970812,0.993936384742282
966,1488,0,-1,17.08972643262527,0.9999910737048863
967,1186,1,-1,15.488372151602853,0.9992593021792215
967,1154,0,-1,16.84080516509601,0.9994984111940752
967,1327,0,1,18.33130062272773,0.9982130725292995
968,1110,0,1,18.45334229605685,0.9993145102040975
970,1083,1,1,14.676146722758537,0.999784653576751
970,1220,1,-1,16.397637723482166,0.9997976822422737
970,1165,0,1,17.25984627253624,0.9979240682233411
970,992,0,-1,17.800576301505455,0.9976175554604951
971,1098,0,-1,16.069877844319578,0.9999774734227792
972,1067,1,1,13.575565502032019,0.9963807259550823
972,1066,1,-1,14.414084004999944,0.9968650257931562
972,1267,0,1,18.74802260556465,0.9999999886726451
973,1242,0,1,16.92760889716965,0.9999984943225373
974,1608,1,1,14.00745036995675,0.9999850256672798
974,1579,0,1,16.09529877139557,0.9999801266786588
975,1250,0,1,15.031669139537613,0.9983597515725948
975,1000,0,-1,16.301849390625556,0.9995939698206897
976,1433,1,1,14.916040887237283,0.9992517883275699
976,1568,0,-1,16.223738158028567,0.9985117878760095
976,1544,0,1,16.248991235995273,0.9999983545737651
978,1267,1,-1,14.58252935319548,0.9936434634226686
978,1067,0,-1,15.981700080589416,0.9981707291646001
979,1072,1,1,15.354766189587647,0.9998489485968114
979,1082,0,-1,16.076222263557458,0.9996864011416425
979,1440,0,1,16.256022967496982,0.9994642232423385
980,1327,1,-1,14.00102900721733,0.9957998072063383
980,1138,0,1,17.00696791972563,0.999628937245429
981,1499,1,-1,13.902197988893283,0.9965641404896186
982,1063,0,1,16.931081889942526,0.9993244720487051
982,1014,0,-1,16.99668252440147,0.9999548016678357
983,1141,1,1,13.706102556936765,0.9946263328503097
983,1339,1,-1,14.941969421460309,0.9994375351621926
983,999,0,-1,16.306193490431692,0.9999979956429152
983,1095,0,1,17.525656548199258,0.9988450903459557
985,1142,1,-1,14.57902085944792,0.9981218108912805
985,1126,0,1,15.930391825324024,0.998198498420858
986,1186,1,1,13.494553099147588,0.9990465618284214
986,1242,1,-1,15.67473092640141,0.9914531217837688
988,1199,1,-1,14.857477563001826,0.9999743619252759
988,1039,0,-1,18.792814881020384,0.9997177048160905
989,1075,1,-1,14.315512628627793,0.9894473177494086
989,1000,1,1,16.0636236845098,0.9963139353134759
989,1090,0,-1,16.383974961569955,0.9980382097863737
990,1174,0,1,16.937678891587353,0.9997314723859215
992,1132,1,1,15.019897125650026,0.9992375462342478
992,1091,1,-1,15.188068241252205,0.9974076871402947
993,1084,0,-1,17.480707574028976,0.9980202404684264
997,1343,0,1,14.341826209462914,0.9999903723430821
997,1332,1,-1,14.749593595581558,0.9895720534052029
997,1254,1,1,14.828055778537415,0.9868512303326638
998,1165,1,1,14.420092820585188,0.9960329606455062
998,1220,0,-1,16.296656058962167,0.9984056837789301
999,1300,1,1,13.324373330314348,0.9999596964111475
999,1553,0,-1,15.289875120289558,0.9994826920067097
1001,1122,1,-1,14.538511075062933,0.9935667891899441
1001,1160,0,-1,14.931490301467793,0.99940055196876
1001,1380,0,1,16.89902455931874,0.9999973112749546
1002,1521,1,1,13.367410352282489,0.9972223848258635
1002,1328,0,-1,15.165357813505965,0.998774140110325
1002,1597,1,-1,15.180757734087098,0.9986934047088392
1002,1489,0,1,15.264259062151117,0.9983272821743764
1005,1429,0,1,15.475699719475312,0.9986595887994832
1005,1312,1,-1,15.6284368666069,0.9989338924701714
1006,1604,1,-1,14.049982801525406,0.9996014650543691
1006,1418,1,1,15.103938902557749,0.9972541327162247
1006,1419,0,-1,17.364168493599184,0.9999910872929229
1007,1090,1,1,14.602407708682314,0.9944574858827812
1007,1075,0,1,15.827038013295963,0.9991069537073825
1009,1060,1,-1,16.61474160721357,0.9999743576441426
1010,1077,1,-1,13.212381010857221,0.9999974039366458
1010,1525,1,1,15.380992924659823,0.9977966405707288
1010,1215,0,1,16.39142680876529,0.9987477447984757
1011,1112,1,1,14.835918104145687,0.9915042640527584
1011,1150,1,-1,15.26271599438532,0.9999455091697746
1011,1147,0,-1,16.202416606498893,0.9999853053570921
1012,1203,1,-1,15.838087400690656,0.9997441036426042
1014,1110,0,-1,14.345041217073732,0.9999756209858829
1015,1246,1,-1,13.379949328382601,0.99642776963316
1015,1349,1,1,15.336568754869514,0.9999810124780077
1016,1306,1,1,14.030716087858387,0.9991059997771281
1016,1394,1,-1,14.969917246744421,0.9999184677544556
1016,1161,0,-1,16.220628374599826,0.9999443649701992
1016,1451,0,1,17.555290817883638,0.999444750686603
1017,1109,1,-1,14.970751086399613,0.9986967454161314
1017,1040,0,1,16.240986212732604,0.9999838579422617
1019,1114,1,1,14.254393543533181,0.999894701830866
1019,1418,1,-1,14.46967024864071,0.9919264835129387
1021,1378,1,-1,14.180857318448805,0.9970543807577767
1021,1305,0,-1,16.911157475601748,0.9999975220689276
1021,1234,0,1,17.53826134943832,0.9992773903565351
1022,1039,1,-1,14.436772304321021,0.999736388395323
1022,1188,1,1,15.123202716991681,0.9963612132852816
1022,1218,0,-1,16.21928721980736,0.9987896111900456
1023,1438,1,1,14.311583699229585,0.9960403944696707
1023,1106,1,-1,14.831581415675537,0.999799555083891
1023,1309,0,-1,16.228244805139404,0.9999125117346394
1023,1331,0,1,19.211261272766095,0.9998154346140737
1024,1493,0,-1,14.871294241018315,0.9999520331823397
1024,1427,0,1,18.74933529782374,0.9999971968861897
1026,1362,1,-1,13.855001539465853,0.9899051132576029
1027,1157,1,-1,15.36156967779065,0.9981002457395171
1029,1066,1,1,15.890896085315607,0.991181799132265
1029,1243,0,-1,16.252200151063988,0.9999633864692486
1030,1141,1,-1,14.874392145986448,0.984977053231184
1030,1436,1,1,15.540806661117285,0.9986928602114835
1030,1064,0,-1,15.785402668907734,0.9999125557059304
1030,1128,0,1,18.614362116512073,0.9999649928028607
1031,1153,1,1,14.371352535525972,0.9937262617017718
1031,1202,0,1,14.37691313671197,0.9999477085187551
1031,1583,0,-1,17.596162605696236,0.9984040468086338
1032,1402,1,-1,14.20590001815844,0.9966016252653459
1032,1456,1,1,14.333867875436649,0.9925451333719041
1032,1283,0,1,14.884345609929277,0.9989489370255376
1032,1139,0,-1,18.651951410665625,0.9998674889855065
1033,1316,0,-1,15.206537437461185,0.9991742176521842
1033,1183,0,1,16.19973433338177,0.9999933208677749
1034,1446,0,1,14.810240045343292,0.9999952451593664
1034,1576,1,1,15.306975070764581,0.9933964645440321
1034,1114,0,-1,17.51885022463004,0.9999911287594994
1035,1239,1,1,14.078146149367536,0.9995821115175829
1035,1345,1,-1,14.263229032120469,0.9998348274373876
1036,1599,1,-1,14.342875864943009,0.9913772832794594
1036,1115,1,1,14.999950548057734,0.9998253635606263
1036,1468,0,1,16.349560327347103,0.9994911787818512
1037,1379,1,1,14.44856549442461,0.9911539794172293
1037,1539,0,-1,16.65947599211733,0.9999130784669898
1038,1482,1,1,15.278706913505117,0.9959739107585077
1039,1467,1,-1,14.238251725808148,0.9954777277094876
1040,1264,1,1,16.095971754629204,0.9912065096242776
1040,1237,0,1,16.29121795289435,0.9995603831249033
1042,1091,0,1,15.882926717032314,0.9999918019447549
1043,1314,1,1,15.241729956977935,0.9998009448147399
1044,1161,1,-1,14.715755951261457,0.9991851058261325
1044,1306,0,1,16.241525007845098,0.9986079076046765
1044,1059,0,-1,17.215525481554963,0.9997708184409676
1047,1053,1,-1,14.242693178008174,0.9998798778800043
1047,1247,1,1,14.266808957234154,0.9962937373921855
1048,1432,0,-1,15.911671906692563,0.9995467725145548
1049,1133,1,-1,14.884466532245277,0.9901050159986028
1049,1452,0,-1,16.103093880933116,0.9999845115475706
1050,1375,0,-1,18.157594894760532,0.9991288525201707
1052,1488,1,-1,14.932515878964423,0.9925743043590944
1052,1218,0,1,17.226670537648776,0.9998367162269943
1053,1530,1,-1,14.627632155142068,0.983249179134625
1055,1153,1,-1,14.527137016173159,0.9998676500844603
1055,1350,1,1,15.45075940556753,0.9975639930565389
1055,1377,0,-1,16.14870309890053,0.9999937674966818
1055,1564,0,1,16.6800170647629,0.999986413105709
1056,1318,0,1,16.828035331341873,0.9956279029105458
1057,1524,0,-1,15.464647872292383,0.9997671254503074
1057,1526,0,1,17.98579802800254,0.9998862087528998
1058,1207,0,1,15.769293695932426,0.9986023686722462
1059,1605,1,1,14.479857390495656,0.9904016781183654
1059,1353,1,-1,15.049271207465434,0.9983397545828566
1059,1343,0,-1,16.168876424578517,0.9999998299821589
1061,1296,1,-1,14.995395239359125,0.9914002633438619
1061,1503,0,1,16.904974746322132,0.999745284209449
1062,1067,0,1,15.274270497077373,0.9995154318745761
1062,1440,1,1,15.646970044776618,0.9936230265357828
1063,1329,1,1,14.635006082402045,0.991832770161039
1063,1071,1,-1,15.98552653578856,0.9996579141484789
1064,1300,1,-1,14.792166572586467,0.9994105162194225
1064,1261,0,-1,16.683390440049227,0.9996773021876291
1065,1497,0,1,15.947840289227972,0.9999719195579938
1065,1580,0,-1,17.668790912707323,0.9999713936774186
1067,1078,1,1,16.02331100857438,0.9999258581420896
1068,1292,1,1,14.230332048310482,0.9989119820533577
1068,1547,1,-1,14.23338978385572,0.9995268411658165
1070,1405,0,1,18.556222779652686,0.9999986135728393
1072,1352,0,-1,14.449376050215081,0.9999039335708425
1072,1251,1,1,15.130428276404995,0.9999757420025857
1073,1457,1,-1,14.70899318220875,0.9901461682128337
1073,1126,1,1,15.465201232537305,0.9968581979466883
1073,1320,0,1,15.907405292879307,0.9995483901857285
1073,1142,0,-1,16.233779581266482,0.9999843515104063
1075,1240,1,-1,15.356128934559315,0.9999628080761112
1075,1352,0,1,19.43222887886004,0.9999741975639673
1076,1389,0,1,17.385094466257716,0.9996320656234763
1077,1391,1,-1,15.026175965787072,0.9977059398562191
1077,1600,0,1,15.839549586554675,0.9994511667878736
1077,1216,0,-1,16.37154959671253,0.9985104897778324
1078,1440,0,-1,16.83599968912782,0.9999999995380985
1079,1213,1,1,16.18228054853937,0.9919445394255819
1079,1228,0,1,16.780393611735484,0.9998973831781661
1080,1163,1,-1,14.405332720298848,0.9961696831387515
1080,1287,0,1,15.057026357408565,0.9998624431589827
1080,1140,1,1,15.326537542370998,0.9999993086670221
1080,1442,0,-1,17.138810333402898,0.9987311131233043
1081,1348,0,1,16.852690351462776,0.996183897766919
1082,1366,1,-1,14.565883021181,0.9972907783123066
1082,1352,1,1,16.066866263635156,0.9930566070841337
1082,1240,0,-1,17.68009049262118,0.9996612451434254
1083,1132,0,-1,18.062090284176758,0.998778299314388
1085,1192,1,-1,14.393997271323672,0.9921177976663018
1085,1333,0,-1,16.813582206223547,0.9999510300020619
1087,1304,1,-1,14.653981617192818,0.9980292341561062
1088,1431,1,1,14.237242940295825,0.9988064430535974
1088,1158,0,1,16.922205433071387,0.9986640517461318
1088,1190,0,-1,17.482864492366243,0.9997854502752787
1089,1094,0,1,15.028588033359462,0.9993618183196314
1089,1252,0,-1,17.84910919024647,0.998965598208776
1091,1220,0,1,16.335448093659675,0.9999994186068932
1092,1093,1,1,14.369399078413624,0.9978051265163045
1094,1298,1,1,16.21502109714155,0.993616017029042
1095,1299,1,-1,14.373698494206808,0.9999277534217719
1095,1594,0,1,14.894779801628424,0.9998807127206488
1096,1471,0,-1,14.41058763763324,0.9999967529148028
1098,1589,1,-1,15.3590769351331,0.9999266066923812
1098,1359,0,-1,18.698027114261592,0.9999934060994268
1099,1124,1,1,14.458492387219449,0.9964719812267014
1102,1189,0,1,16.903308663735054,0.9976761140072573
1104,1427,1,1,14.091756473403425,0.9901418005406718
1104,1257,1,-1,15.603801703689097,0.9998339541708352
1104,1559,0,1,18.071730184751317,0.9995962980174149
1106,1119,0,-1,16.804083399949615,0.9999002973253671
1106,1523,0,1,18.788586559543315,0.9999532188561214
1107,1111,1,1,14.328151239488019,0.9960461332362612
1107,1343,1,-1,14.421319337916515,0.9910670042496327
1107,1605,0,1,16.2470154137829,0.9999971259046363
1107,1254,0,-1,18.663727866043235,0.9998893328937674
1108,1279,0,1,18.257196003925,0.9995600280352105
1109,1333,1,-1,14.166153120507602,0.9999852549818323
1110,1210,1,1,15.061604101944914,0.9871402955118335
1110,1272,1,-1,15.608400287982018,0.9974645029912133
1111,1420,1,1,15.35088551984709,0.999953638170174
1111,1404,0,1,16.205614810784418,0.9999520838276965
1111,1294,0,-1,16.604482435885362,0.9993537627762217
1112,1464,1,1,14.398261714435609,0.9999496315395608
1112,1463,0,1,18.494483949070876,0.9999744658769035
1113,1232,1,-1,14.342440296343351,0.9927234723863289
1113,1285,0,1,15.84168623439381,0.9999999002576639
1114,1199,1,1,14.106507462801385,0.9970961171742483
1114,1536,0,-1,16.63191149586371,0.9999976769890062
1115,1189,1,1,13.367563568064824,0.9992886147204341
1117,1320,1,1,14.17885345598946,0.9967485599543042
1117,1160,1,-1,14.477028813098165,0.9963045957998332
1117,1457,0,-1,16.81764110228154,0.9999961413280517
1118,1180,1,-1,15.00125573031942,0.9982275883344416
1119,1309,1,1,14.379361829524843,0.9998122381131028
1119,1324,1,-1,14.68354738692244,0.9929283603235959
1120,1171,1,1,14.212485073638582,0.9999738086443128
1120,1209,0,1,14.455611880612494,0.9999958530235091
1120,1215,1,-1,14.524771963688787,0.9959305540375692
1120,1525,0,-1,18.70050729182922,0.9999946124090061
1121,1274,1,1,14.481033942988125,0.9945158743789636
1122,1305,1,-1,15.34577516454071,0.9849957538346317
1123,1334,0,-1,16.8596325368499,0.999561699055649
1123,1286,0,1,16.880504559455698,0.9956931064995264
1127,1243,0,1,14.96811859951641,0.9999879927862265
1127,1234,1,-1,15.233822493715019,0.9961530245583735
1128,1169,1,1,14.37184606077302,0.9999972682183299
1128,1194,0,1,14.96786041175223,0.9999784668618173
1129,1212,1,1,15.278218517126373,0.9999335668323819
1130,1264,1,-1,13.447824655051866,0.9977839392611492
1131,1265,1,1,13.86196500766533,0.9998803041712685
1131,1289,1,-1,15.363202161458842,0.9992738968032107
1133,1494,1,-1,14.542482493244679,0.9986072288866539
1134,1227,1,-1,14.722670763601005,0.9999153420772233
1134,1200,0,-1,17.580726899829106,0.9999753252835056
1136,1317,1,1,14.642973223522064,0.9981263912558727
1136,1274,1,-1,14.806182262204294,0.9841261708557384
1139,1143,1,-1,15.214847671474931,0.9945766640358565
1139,1185,0,-1,16.81556567542709,0.9994684781164302
1141,1300,0,-1,17.848043265586842,0.9998171880537956
1143,1256,1,-1,14.748463170719633,0.9864273090556881
1143,1402,0,1,15.911028655535636,0.9991101660772642
1143,1403,0,-1,17.299658990174194,0.9991468410729654
1144,1276,1,1,13.529219799783784,0.9990516881818513
1144,1493,1,-1,15.196329880550142,0.9954930622844872
1145,1293,1,-1,15.400701116893904,0.9841391450286545
1145,1357,1,1,15.915021490171933,0.9924659060095489
1146,1374,1,-1,14.161984617115476,0.9999854667363545
1146,1544,1,1,14.165520839967844,0.9999985233001231
1146,1557,0,1,18.036543821117693,0.9997300146683018
1147,1355,0,-1,17.51422137833329,0.9982452328755208
1148,1364,1,1,14.424099555581119,0.9941240544150937
1148,1561,0,1,17.392671432308266,0.9999996067716583
1148,1446,0,-1,17.434068859478955,0.9999939359946081
1151,1506,1,1,14.257703551387355,0.9999695468736934
1151,1290,1,-1,14.904450235851346,0.9831802875676428
1153,1197,0,-1,14.35651128021044,0.9999927479327063
1154,1279,1,-1,15.243090796704735,0.9934666468131791
1155,1220,1,1,13.416906169184196,0.9999693369462301
1156,1434,1,-1,14.217249023673952,0.9998562706469829
1156,1225,0,-1,14.254857795892837,0.9999784459244424
1156,1262,1,1,14.827448304678118,0.9995626772855558
1158,1167,1,-1,14.732200272404931,0.9964420324249337
1159,1181,1,-1,14.386415150692462,0.9959192379414835
1159,1243,1,1,15.439961252753331,0.9997386030467752
1159,1234,0,-1,15.95098400636631,0.9999310160430146
1161,1268,1,-1,14.576369122727996,0.9989871964737527
1161,1353,0,-1,15.765847743960029,0.9990444011196274
1163,1592,0,-1,15.928937769834844,0.9998089995941688
1164,1196,1,1,14.558226798955282,0.9999488353990874
1164,1592,0,1,17.759379552223578,0.9998715575403636
1165,1414,0,1,14.91133323465708,0.9999982337352882
1166,1393,1,-1,15.160294067011984,0.9996761382490345
1166,1282,0,-1,16.11584696531715,0.9998422764725119
1166,1513,0,1,16.186667576647892,0.9999852292942277
1169,1560,1,1,15.34651330965827,0.9942789957241425
1169,1436,0,-1,17.880552199770083,0.9984569407246523
1171,1531,0,-1,18.85133662684227,0.9996236085624457
1172,1477,1,-1,13.957913805976093,0.9949726813127358
1173,1207,1,-1,14.579235736091299,0.9989921294174225
1173,1413,0,1,17.10089493166726,0.9997294910652031
1176,1388,1,-1,13.892991818250193,0.9967754566129049
1176,1577,0,-1,16.276268084306174,0.9986992022319823
1176,1510,0,1,18.11691858246743,0.9998168986954723
1181,1365,1,-1,14.380124942516133,0.9997472623738858
1181,1221,0,1,16.218556722311945,0.9981117652488181
1181,1386,0,-1,17.40143178535964,0.9985208740664063
1182,1377,1,-1,13.869519087702702,0.9992393588333526
1182,1591,1,1,15.342331455637591,0.9998116253848419
1182,1184,0,-1,16.557556874959104,0.9994250759702802
1182,1350,0,1,16.75257892032479,0.9959987114654631
1183,1247,0,1,18.627726893688703,0.9999814322628581
1184,1331,0,-1,14.44794719969706,0.9993049908939989
1184,1520,1,1,14.463439492033212,0.9948720024492292
1184,1301,1,-1,14.498582989118823,0.9942109946259189
1185,1278,1,1,14.932831881009957,0.999999863815818
1185,1403,1,-1,15.338393991938519,0.9974055726925362
1186,1279,0,-1,15.71271634836976,0.9984774727080304
1188,1200,0,1,16.03253561408005,0.9999103206517196
1189,1488,1,1,15.375125284832597,0.9990382123658302
1189,1601,0,1,18.110578042488513,0.998769675729321
1190,1250,0,-1,16.31242998799677,0.9996303005239017
1191,1262,1,-1,14.266342267817816,0.9964556074553259
1191,1428,0,1,18.2187166603078,0.9993395952083832
1192,1270,0,1,14.37467761655609,0.9998278951593784
1192,1554,1,-1,14.918971464076906,0.9999994783397799
1193,1425,1,-1,14.047950865267685,0.9939420871152846
1193,1451,1,1,14.349194652360959,0.9999194071274939
1193,1235,0,1,15.424746582783289,0.9996464679410336
1193,1394,0,-1,17.554564428318795,0.9999979292546728
1195,1304,1,1,14.359512459950162,0.9972394878577594
1196,1442,0,1,17.98382333776281,0.9993879465999056
1197,1377,1,1,14.71936283968858,0.9943979502760049
1197,1583,1,-1,15.304574232263265,0.9944901107399811
1198,1375,1,1,15.313351576975704,0.9998905879295217
1198,1540,0,-1,15.989935361679407,0.9999995812419687
1199,1576,0,1,14.726907118705602,0.9973740466714075
1199,1467,0,-1,17.542930866488636,0.9999089493539409
1201,1259,0,-1,15.405043008170173,0.9991386437325942
1202,1407,1,-1,14.272863771866488,0.9932295539339474
1203,1408,0,1,16.363535949694857,0.9984423519950506
1204,1585,1,1,14.280555149970835,0.9999546139584128
1204,1441,1,-1,14.886765771601606,0.9918899507498933
1208,1226,0,-1,14.253342895966677,0.9999436927988349
1208,1321,1,-1,14.378005746600586,0.9999934131392032
1208,1486,0,1,16.063835033796046,0.9999934759711014
1209,1482,0,1,16.60140679967137,0.9999641574948122
1211,1570,1,1,14.21412929958408,0.99999999855553
1211,1569,1,-1,14.22291061778721,0.9962809882358037
1211,1370,0,-1,14.581695076825685,0.9999925219067856
1211,1311,0,1,17.259894303884884,0.9999691405302455
1214,1230,0,-1,14.763722485713023,0.9995064291872322
1214,1381,1,-1,14.786888613189285,0.9987896680545308
1214,1305,1,1,15.140025737813389,0.9997770146712912
1214,1378,0,1,17.70933036159419,0.9982900044557881
1215,1600,1,-1,14.56827017795417,0.9992338759542627
1216,1427,1,-1,14.319823591547776,0.9929630637211398
1217,1595,1,-1,14.36824974806207,0.9999536479351122
1217,1541,0,1,16.1344924194679,0.9997270297245993
1219,1598,1,1,14.144932383468069,0.9958455010929278
1219,1548,0,1,16.146403927484283,0.9999994288301102
1221,1280,1,-1,15.37445402959701,0.999734854826113
1224,1269,1,1,14.392271892881324,0.9963251276807185
1224,1383,1,-1,15.346328901151914,0.9912740967887947
1225,1429,1,-1,14.687882753203027,0.9931972703046774
1226,1558,1,1,14.130667789476501,0.9999713851597904
1228,1431,1,-1,15.923359585393042,0.9999280774838908
1229,1526,1,1,14.9647003285,0.9953344055701812
1230,1283,1,1,14.06462812548362,0.9956389390920969
1230,1438,1,-1,15.30596301278839,0.9903180794661045
1230,1402,0,-1,17.358998790935672,0.9995374503611567
1231,1573,1,-1,15.094414502185288,0.9951791822698416
1231,1325,0,-1,15.620188721480574,0.9996102893845554
1233,1335,1,-1,13.570897603217132,0.9983145973957651
1233,1532,1,1,13.892391150400625,0.9932484538246514
1234,1386,1,-1,13.56955218725806,0.9999558905586102
1235,1472,1,1,14.579927617205968,0.9999770207802554
1235,1539,0,1,16.227870336818427,0.9999787551930304
1236,1474,1,-1,13.732354226641922,0.9997820507765072
1236,1336,0,1,16.625521333169768,0.9988516977828624
1236,1410,0,-1,18.281897052722496,0.9998162157707643
1237,1269,0,1,19.35608495530835,0.9999960263347834
1238,1541,1,-1,14.3785617517312,0.9968812578616126
1240,1450,1,-1,14.703643189706598,0.9999288644866967
1241,1550,0,-1,16.44393813528352,0.9993934822605107
1242,1284,1,-1,14.985466159526158,0.9999020153785884
1242,1337,0,1,18.610785445815267,0.9999816487193534
1244,1499,0,-1,14.869061152402539,0.9999993643742078
1246,1285,1,-1,15.34942483239835,0.999969176921371
1247,1572,1,1,14.3969469772304,0.9998864806949854
1247,1430,0,1,14.665836054196253,0.9987802988031211
1248,1453,0,1,16.213338771951612,0.9999648699327377
1250,1251,1,-1,15.514663753030042,0.998769800230773
1253,1374,0,1,14.231275127706812,0.9999430058074794
1253,1476,0,-1,17.34154715808553,0.9998318188008047
1254,1294,1,1,14.612336913958853,0.9985187679448471
1255,1334,1,1,14.782352878809006,0.9964146524208936
1256,1478,1,-1,14.392569788959404,0.9930135040744019
1256,1584,0,1,16.199112876602367,0.9999910772251742
1257,1508,0,1,16.331539713605856,0.9999899324450476
1259,1501,1,-1,15.378557285527455,0.9986686466769816
1259,1502,0,-1,16.433914027730477,0.9999995167253322
1260,1490,1,-1,15.078730813838774,0.9960874612838972
1261,1428,1,1,14.829870692682244,0.9987385087295767
1261,1262,0,-1,16.262073576793156,0.9999916071168492
1263,1319,1,-1,13.826574926289513,0.9956399196031942
1263,1291,0,-1,16.842670312208767,0.9999941769379606
1265,1566,1,1,14.419199124675501,0.9995583613989214
1265,1390,0,1,16.32208015058424,0.99998033390434
1268,1521,1,-1,14.804941572011835,0.9942710758065235
1268,1394,0,1,16.69445316617386,0.9994000730045205
1269,1395,0,1,13.655163870785355,0.9999977503713733
1270,1294,1,-1,14.638577160050882,0.9999994186053217
1270,1420,0,1,16.72617724237236,0.9999764648817966
1273,1562,1,1,14.528373787690079,0.9999740411162674
1274,1564,0,-1,16.28231125261118,0.9999920769202147
1275,1460,0,1,14.72819411696036,0.9995473932450708
1275,1415,0,-1,17.63607524669305,0.9983460331960325
1276,1503,1,1,15.60634057032868,0.9976676007089523
1276,1296,0,-1,16.006823241856132,0.9997976812906478
1277,1589,1,1,14.375223178516686,0.9971002944950029
1277,1561,1,-1,14.405611321569395,0.981680453563936
1277,1364,0,-1,16.210657681625854,0.9999136231230934
1278,1550,1,1,15.470482299413579,0.9988909341674006
1278,1395,0,-1,16.915958363420145,0.999999724978597
1280,1365,0,-1,16.157197177029722,0.9999999896811449
1280,1317,0,1,16.934795724861257,0.9999730725694808
1281,1570,1,-1,14.061058605009151,0.9999494310052275
1281,1429,1,1,14.55710243767302,0.99924330838892
1281,1312,0,-1,16.744709415270542,0.999875068196689
1282,1572,1,-1,14.562767467525825,0.9954098232840417
1283,1305,0,1,15.763047736050959,0.9990974719642053
1284,1395,1,-1,14.844519127346503,0.9984491843913311
1284,1550,0,1,16.82935888032603,0.9993227372548766
1288,1476,1,-1,14.549068356018932,0.9994898890510615
1288,1568,1,1,15.23851215243579,0.9954950898958185
1289,1338,0,1,17.41855946132701,0.9996872495807938
1291,1549,1,-1,13.713398468652107,0.9996667910250827
1291,1496,0,-1,17.112893015459537,0.9999992383099167
1292,1477,0,1,18.765566197869802,0.9997110040677911
1294,1554,0,-1,14.371663728306741,0.9999995446666919
1295,1441,0,-1,16.66537226623836,0.9997878007969434
1297,1469,1,1,14.150056714295946,0.9997525460052048
1299,1400,1,-1,14.428386904395378,0.9964266451731859
1299,1479,0,1,14.993364534766874,0.9999901654224944
1299,1339,0,-1,17.17941026426058,0.9998660807162739
1301,1377,0,1,14.449375112526226,0.9999999223283816
1301,1523,0,-1,16.118894250992025,0.9999924251840375
1302,1433,1,-1,14.20212463531974,0.9957133495245972
1302,1594,0,-1,17.618736292458777,0.9999894611563758
1304,1587,0,-1,17.404026778897897,0.9999144937378013
1306,1324,0,1,18.11633228863793,0.9995834853498154
1308,1330,1,1,14.131501358372287,0.9998396755545534
1308,1398,1,-1,15.16635041158493,0.9976475836750509
1308,1430,0,-1,17.54755195502838,0.9999989673980065
1309,1478,0,-1,14.361747695465544,0.99899446399635
1309,1584,1,1,14.868265727136041,0.9999468256962282
1310,1566,0,1,17.104939114793176,0.9996991900662033
1313,1491,1,1,14.892719584127114,0.9942373934653973
1315,1330,0,-1,14.922655151241282,0.9997763259465824
1315,1529,0,1,16.05165883174638,0.9997373131961742
1319,1549,0,-1,15.906812792790733,0.9999999999994281
1319,1341,0,1,17.487298285397166,0.99999305737538
1320,1450,0,1,15.944846220167667,0.9992519888033055
1321,1458,0,1,17.91271164190635,0.9999992501697177
1322,1355,0,1,16.725018010962874,0.9994087591911553
1323,1510,1,-1,14.509863541629306,0.9856330256654784
1323,1465,1,1,14.609961019158424,0.9986189373256458
1323,1588,0,1,18.70824344423726,0.9999166902253419
1324,1451,1,-1,15.170069625856714,0.9970903526000598
1325,1489,1,1,14.366553613288962,0.9934403153517465
1325,1597,0,-1,16.105791711284546,0.9999999283331289
1326,1394,1,1,13.388164667568557,0.9961537554337718
1326,1425,0,1,14.849226788644323,0.999209126803766
1326,1489,1,-1,15.15489763199691,0.9909704756503352
1326,1521,0,-1,16.294981587960883,0.9987781891651427
1328,1588,1,1,14.264740929392874,0.9999812597255064
1328,1422,1,-1,15.015869268602875,0.9894851265781021
1328,1510,0,-1,16.171021338007396,0.9998517830313232
1330,1513,1,1,14.26605783775587,0.9961332290334199
1330,1393,0,-1,17.075470761435923,0.9987411746531734
1331,1381,1,1,13.925240012278532,0.991782533093495
1331,1523,1,-1,15.016462028125266,0.9999664195938304
1332,1396,1,-1,13.964081964385786,0.9996871844998746
1332,1367,0,1,18.130083903731112,0.9999861405578357
1333,1390,0,-1,16.779111065606312,0.9999992949520509
1335,1507,1,-1,13.740195419600232,0.9999981261002183
1336,1577,1,-1,14.239731309832232,0.9981219216524567
1337,1550,1,-1,14.615267533933341,0.9905713672254008
1338,1585,1,-1,14.520576673570753,0.9959434050003665
1339,1562,1,-1,14.603417396284996,0.9998084879124448
1340,1596,1,-1,13.951617948474388,0.9983214700418874
1341,1406,1,-1,13.950931538392997,0.9966650146817954
1343,1367,1,-1,14.657980759326287,0.9935383766493281
1344,1464,0,1,15.821170174100438,0.9994002680673206
1348,1392,1,-1,13.532293652104304,0.9999645777317877
1350,1365,1,1,13.991784759544036,0.9862026944470758
1351,1558,1,-1,13.813859441678224,0.9976236994005097
1351,1384,0,1,15.244289780845778,0.9996777838732787
1351,1460,0,-1,17.636531646233852,0.9996536878612878
1353,1367,0,-1,15.379273468118463,0.9995320247471859
1354,1397,0,-1,16.082493200114204,0.9999999795376473
1355,1509,1,1,13.766294268025419,0.999004025199314
1355,1437,1,-1,16.40753457177942,0.9999810436888256
1358,1544,1,-1,14.952029997073584,0.9989404426133126
1358,1433,0,-1,16.137746225500802,0.999999993569483
1358,1493,0,1,18.745518300646754,0.9999420682110769
1361,1582,1,-1,14.817306619926814,0.9902457587145345
1361,1547,0,-1,17.94843153853705,0.9999542761966207
1363,1476,0,1,16.202766969945923,0.9999890363916181
1365,1591,0,-1,18.704048592667153,0.9999972871126553
1366,1498,1,-1,14.450414176111336,0.9970409944952741
1366,1450,0,-1,16.780413214530302,0.9998567906978755
1367,1465,1,-1,14.660843715089934,0.991163363809705
1370,1387,1,-1,14.823085151738667,0.9963656721605365
1371,1401,1,1,13.694498691394367,0.9998785023692922
1371,1532,1,-1,14.368483119079787,0.9812158392288206
1373,1517,1,1,14.25084777782984,0.9994776095409642
1373,1503,0,-1,16.310534965250035,0.9995797856551074
1373,1470,0,1,16.74900850413548,0.9999996775187207
1374,1483,0,1,17.280050997452285,0.999726447893063
1376,1540,1,1,14.59726910828249,0.9993847729033825
1378,1520,1,-1,15.780928858335226,0.9989468933169988
1378,1386,0,1,16.310781489612133,0.9999825046962662
1379,1583,0,1,15.506493256676984,0.9984670275716365
1379,1480,0,-1,18.056575894772678,0.9988878544254249
1380,1498,1,1,15.156833911461352,0.9921179906386116
1381,1438,0,-1,16.154036074635098,0.999989216090004
1381,1520,0,1,17.682339466592097,0.99999745505317
1382,1383,0,-1,16.76869849977459,0.9999677130018602
1382,1403,0,1,18.188028803059954,0.9990371272038467
1383,1420,1,-1,14.505985611445098,0.9996156597682618
1384,1492,1,1,13.645414379201972,0.9991267362148847
1384,1459,0,1,18.048361699475144,0.9996664088685095
1385,1490,0,-1,16.111499493689625,0.9999403344633373
1386,1591,1,-1,15.368038467490956,0.9942084221322122
1387,1569,0,1,17.082284554520946,0.9992632800231694
1388,1459,1,-1,14.159951767064443,0.9931911672574343
1388,1492,0,-1,15.847986047679173,0.9983998217629692
1391,1427,0,-1,13.634655652740179,0.9999608917332719
1391,1559,1,-1,14.792271788451874,0.9861145713092522
1393,1430,1,-1,13.30011546269549,0.9998364700013586
1393,1572,0,-1,15.11000295323,0.9996948661985837
1396,1465,0,1,15.84302304181927,0.9995483165155793
1397,1411,0,-1,14.940435490998773,0.9999902591605753
1398,1571,1,-1,13.774394288445846,0.9989057743273976
1399,1459,1,1,14.183705227710677,0.9945880739999268
1399,1486,1,-1,14.462653432206785,0.9989989895779324
1400,1562,0,-1,16.24434078114269,0.9999937671600944
1400,1568,0,1,16.62694315459104,0.9996514155377343
1402,1584,1,-1,15.434028500203542,0.9905251418843395
1404,1605,1,-1,14.45114325399844,0.9958511868471598
1405,1562,0,1,14.908662234697575,0.9999274497962907
1406,1487,1,-1,14.131524013548662,0.9997963039464696
1409,1526,1,-1,14.074665147406058,0.9976025521069458
1410,1423,1,-1,14.298703817177442,0.9999972861273452
1411,1559,0,-1,16.170114077519564,0.9999715464453468
1418,1535,0,-1,17.650604313551693,0.9996979941244856
1419,1421,1,-1,14.122086732100785,0.9999117068592419
1419,1535,1,1,14.62254752611039,0.9954075280424951
1421,1604,0,1,17.572981297064853,0.9999999839869451
1422,1597,0,1,18.099898330012085,0.9996939940668753
1423,1551,0,-1,13.573125516866334,0.9999718740699638
1423,1474,0,1,18.53320748608988,0.9999302972622743
1426,1593,0,1,16.506867204324674,0.9999885807898736
1429,1434,0,1,16.208308458261953,0.9998516609711339
1433,1479,0,-1,16.031973098832193,0.9999995173083334
1434,1553,0,1,18.483034523752938,0.9999906400820185
1435,1516,1,1,13.917341719399559,0.9999322514434167
1435,1586,0,1,16.645456639468694,0.9996214979761382
1437,1529,1,-1,13.02305051949357,0.9998863221020333
1438,1584,0,-1,17.35038628670582,0.9997370004349083
1441,1567,0,-1,16.160598024581144,0.9999647013459274
1442,1592,1,-1,14.90211554306399,0.999989450181222
1443,1560,0,-1,17.79822544130433,0.9996663585431399
1448,1580,1,-1,13.872547193010195,0.9966662708064095
1448,1449,1,1,14.086231729317186,0.9930579286015715
1449,1537,1,1,13.479610932794843,0.9989465699846738
1451,1472,0,1,15.349380129659606,0.9991258113753394
1452,1506,0,-1,16.81655282208449,0.999998125304103
1453,1496,1,-1,13.651583045586767,0.9998888551800666
1453,1534,1,1,14.955758523564512,0.9996669669742788
1454,1500,0,-1,16.14769538694755,0.9987110645207026
1458,1511,1,-1,14.099033645861347,0.9908972041949485
1458,1486,1,1,14.525558416757798,0.9923199133203324
1458,1574,0,1,15.967898544723468,0.999974192159504
1461,1598,0,1,16.071539978777448,0.9999958474107394
1464,1495,1,1,14.243221546287339,0.9999036046383915
1466,1522,1,-1,14.061260794376606,0.9998942211099455
1466,1613,1,1,14.33356607410581,0.9979390689750256
1467,1536,1,-1,14.33906783665237,0.9999339547220621
1467,1601,0,-1,14.529940791382232,0.9999139893180137
1469,1538,0,1,17.43842857868384,0.9999814854705279
1470,1505,1,1,15.257990055950646,0.9986979800404024
1470,1525,0,1,16.145521160453725,0.9999993664626969
1471,1569,1,1,15.125470141129881,0.9950120889077441
1472,1480,0,1,16.686252286868015,0.9988934478017535
1474,1577,0,1,15.450600132713532,0.9997949305631363
1476,1518,1,-1,13.26031734492016,0.9999100528147538
1479,1568,1,-1,14.010324709690309,0.9995732371120868
1479,1594,1,1,14.078755869806582,0.9998119916992777
1480,1539,1,-1,13.69965976849093,0.9992254269598281
1481,1606,1,1,13.970150943779299,0.9930935179174055
1481,1548,1,-1,14.535113316629376,0.9922702189299362
1481,1598,0,-1,16.665877632971032,0.9997745754205456
1483,1557,1,1,15.000448478656613,0.9989719821758233
1484,1599,0,1,16.261766231301095,0.9998451805512094
1485,1565,0,1,15.524171349524195,0.9996162448034219
1486,1500,0,1,16.67473963489528,0.9993912749936091
1490,1512,0,-1,16.224469858656516,0.9998464275979269
1491,1512,0,1,17.63067494657405,0.9994263292239565
1492,1577,1,1,15.589236074105823,0.9990416811514014
1497,1555,1,1,14.093069295491787,0.9997168059137334
1498,1542,0,1,15.04339998919591,0.9999950233326279
1499,1603,0,-1,16.451974201896203,0.9994844819348998
1500,1574,1,-1,13.761563446223374,0.9968021245169599
1501,1566,1,-1,15.427235697019995,0.9953003024918065
1504,1537,1,-1,14.87360135758041,0.9970558362756305
1504,1590,0,1,16.22131353006252,0.9999942709391334
1505,1531,0,1,15.336120361019098,0.9993519105856498
1505,1517,0,-1,17.096542201774373,0.9982597949283604
1506,1529,1,1,14.697515119979872,0.9998767528095294
1508,1559,1,1,15.084204042723067,0.9953772827808268
1520,1591,0,1,15.387870275682749,0.9996807568723904
1521,1588,0,-1,16.05611238478412,0.9999346816488105
1524,1573,1,1,13.77533034344541,0.9993841959756866
1524,1602,0,-1,16.728168633535077,0.9997823004841866
1525,1531,1,1,14.667958005589696,0.9999960988959503
1527,1567,1,1,14.504732517987446,0.9911718355900861
1530,1534,1,-1,13.854539880097562,0.9998759722966201
1530,1545,0,-1,18.47476916694041,0.9999948007363494
1533,1593,1,-1,14.061976668567635,0.99979966634113
1539,1543,1,-1,13.92545461354923,0.9991796799197067
1545,1546,0,-1,14.8408810697535,0.999977270134052
1546,1613,0,-1,15.610428268584954,0.9999995452692475
1552,1590,1,-1,14.288533228045356,0.9929110382764622
1555,1615,0,1,14.717883707847154,0.9999877214475348
1581,1582,1,1,13.997280090372088,0.9912054869644008
