part,layer_z,csv_path,rows_total,rows_schema_40,rows_bad_schema,command_x_min_mm,command_x_max_mm,command_y_min_mm,command_y_max_mm,xct_original_finite_count,xct_3x3x3_finite_count,xct_5x5x5_finite_count,xct_original_finite_fraction,xct_3x3x3_finite_fraction,xct_5x5x5_finite_fraction,xct_5x5x5_mean,xct_5x5x5_min,xct_5x5x5_max
part01,1,/Users/kimsangmin/ammt_project/raw_original/registered_xct/part01/L0001.csv,5921,5921,0,-6.0,3.0,11.0,16.0,0,0,0,0.0,0.0,0.0,,,
part01,2,/Users/kimsangmin/ammt_project/raw_original/registered_xct/part01/L0002.csv,5969,5969,0,-6.0,3.0,11.0,16.0,0,0,0,0.0,0.0,0.0,,,
part01,3,/Users/kimsangmin/ammt_project/raw_original/registered_xct/part01/L0003.csv,6052,6052,0,-6.0,3.0,11.0,16.0,0,0,0,0.0,0.0,0.0,,,
part01,4,/Users/kimsangmin/ammt_project/raw_original/registered_xct/part01/L0004.csv,6082,6082,0,-6.0,3.0,11.0,16.0,0,0,0,0.0,0.0,0.0,,,
part01,5,/Users/kimsangmin/ammt_project/raw_original/registered_xct/part01/L0005.csv,6173,6173,0,-6.0,3.0,11.0,16.0,0,0,0,0.0,0.0,0.0,,,
part01,6,/Users/kimsangmin/ammt_project/raw_original/registered_xct/part01/L0006.csv,6190,6190,0,-6.0,3.0,11.0,16.0,0,0,0,0.0,0.0,0.0,,,
part01,7,/Users/kimsangmin/ammt_project/raw_original/registered_xct/part01/L0007.csv,6299,6299,0,-6.0,3.0,11.0,16.0,0,0,0,0.0,0.0,0.0,,,
part01,8,/Users/kimsangmin/ammt_project/raw_original/registered_xct/part01/L0008.csv,6303,6303,0,-6.0,3.0,11.0,16.0,0,0,0,0.0,0.0,0.0,,,
part01,9,/Users/kimsangmin/ammt_project/raw_original/registered_xct/part01/L0009.csv,6362,6362,0,-6.0,3.0,11.0,16.0,0,0,0,0.0,0.0,0.0,,,
part01,10,/Users/kimsangmin/ammt_project/raw_original/registered_xct/part01/L0010.csv,6303,6303,0,-6.0,3.0,11.0,16.0,0,0,0,0.0,0.0,0.0,,,
part01,11,/Users/kimsangmin/ammt_project/raw_original/registered_xct/part01/L0011.csv,6362,6362,0,-6.0,3.0,11.0,16.0,0,0,0,0.0,0.0,0.0,,,
part01,12,/Users/kimsangmin/ammt_project/raw_original/registered_xct/part01/L0012.csv,6303,6303,0,-6.0,3.0,11.0,16.0,0,0,0,0.0,0.0,0.0,,,
part01,13,/Users/kimsangmin/ammt_project/raw_original/registered_xct/part01/L0013.csv,6362,6362,0,-6.0,3.0,11.0,16.0,0,0,0,0.0,0.0,0.0,,,
part01,14,/Users/kimsangmin/ammt_project/raw_original/registered_xct/part01/L0014.csv,6308,6308,0,-6.0,3.0,11.0,16.0,0,0,0,0.0,0.0,0.0,,,
part01,15,/Users/kimsangmin/ammt_project/raw_original/registered_xct/part01/L0015.csv,6367,6367,0,-6.0,3.0,11.0,16.0,0,0,0,0.0,0.0,0.0,,,
part01,16,/Users/kimsangmin/ammt_project/raw_original/registered_xct/part01/L0016.csv,6308,6308,0,-6.0,3.0,11.0,16.0,0,0,0,0.0,0.0,0.0,,,
part01,17,/Users/kimsangmin/ammt_project/raw_original/registered_xct/part01/L0017.csv,6362,6362,0,-6.0,3.0,11.0,16.0,0,0,0,0.0,0.0,0.0,,,
part01,18,/Users/kimsangmin/ammt_project/raw_original/registered_xct/part01/L0018.csv,6303,6303,0,-6.0,3.0,11.0,16.0,0,0,0,0.0,0.0,0.0,,,
part01,19,/Users/kimsangmin/ammt_project/raw_original/registered_xct/part01/L0019.csv,6362,6362,0,-6.0,3.0,11.0,16.0,6362,6362,6362,1.0,1.0,1.0,0.457281189877397,0.20385,0.55378
part01,20,/Users/kimsangmin/ammt_project/raw_original/registered_xct/part01/L0020.csv,6303,6303,0,-6.0,3.0,11.0,16.0,6303,6303,6303,1.0,1.0,1.0,0.49173703950499764,0.21311,0.56682
part01,21,/Users/kimsangmin/ammt_project/raw_original/registered_xct/part01/L0021.csv,6362,6362,0,-6.0,3.0,11.0,16.0,6362,6362,6362,1.0,1.0,1.0,0.5167753410877083,0.22314,0.58399
part01,22,/Users/kimsangmin/ammt_project/raw_original/registered_xct/part01/L0022.csv,6303,6303,0,-6.0,3.0,11.0,16.0,6303,6303,6303,1.0,1.0,1.0,0.5411909455814692,0.24762,0.58825
part01,23,/Users/kimsangmin/ammt_project/raw_original/registered_xct/part01/L0023.csv,6362,6362,0,-6.0,3.0,11.0,16.0,6362,6362,6362,1.0,1.0,1.0,0.547633758252122,0.28118,0.5851
part01,24,/Users/kimsangmin/ammt_project/raw_original/registered_xct/part01/L0024.csv,6303,6303,0,-6.0,3.0,11.0,16.0,6303,6303,6303,1.0,1.0,1.0,0.5517394510550532,0.30112,0.61225
part01,25,/Users/kimsangmin/ammt_project/raw_original/registered_xct/part01/L0025.csv,6362,6362,0,-6.0,3.0,11.0,16.0,6362,6362,6362,1.0,1.0,1.0,0.5480157434768941,0.31603,0.62186
part01,26,/Users/kimsangmin/ammt_project/raw_original/registered_xct/part01/L0026.csv,6308,6308,0,-6.0,3.0,11.0,16.0,6308,6308,6308,1.0,1.0,1.0,0.5480194578313253,0.32197,0.63131
part01,27,/Users/kimsangmin/ammt_project/raw_original/registered_xct/part01/L0027.csv,6212,6212,0,-6.0,3.0,11.0,16.0,6212,6212,6212,1.0,1.0,1.0,0.5480111992916935,0.33162,0.63544
part01,28,/Users/kimsangmin/ammt_project/raw_original/registered_xct/part01/L0028.csv,6043,6043,0,-6.0,3.0,11.0,16.0,6043,6043,6043,1.0,1.0,1.0,0.5505319212311766,0.34315,0.63521
part01,29,/Users/kimsangmin/ammt_project/raw_original/registered_xct/part01/L0029.csv,6079,6079,0,-6.0,3.0,11.0,16.0,6079,6079,6079,1.0,1.0,1.0,0.548489407797335,0.35281,0.63586
part01,30,/Users/kimsangmin/ammt_project/raw_original/registered_xct/part01/L0030.csv,5928,5928,0,-6.0,3.0,11.0,16.0,5928,5928,5928,1.0,1.0,1.0,0.5504605043859648,0.35875,0.63715
part01,31,/Users/kimsangmin/ammt_project/raw_original/registered_xct/part01/L0031.csv,5950,5950,0,-6.0,3.0,11.0,16.0,5950,5950,5950,1.0,1.0,1.0,0.5492801579831933,0.35798,0.64
part01,32,/Users/kimsangmin/ammt_project/raw_original/registered_xct/part01/L0032.csv,5818,5818,0,-6.0,3.0,11.0,16.0,5818,5818,5818,1.0,1.0,1.0,0.5504612891027845,0.35385,0.63652
part01,33,/Users/kimsangmin/ammt_project/raw_original/registered_xct/part01/L0033.csv,5887,5887,0,-6.0,3.0,11.0,16.0,5887,5887,5887,1.0,1.0,1.0,0.5485447018855104,0.35147,0.63604
part01,34,/Users/kimsangmin/ammt_project/raw_original/registered_xct/part01/L0034.csv,5744,5744,0,-6.0,3.0,11.0,16.0,5744,5744,5744,1.0,1.0,1.0,0.549592987465181,0.34457,0.63853
part01,35,/Users/kimsangmin/ammt_project/raw_original/registered_xct/part01/L0035.csv,5759,5759,0,-6.0,3.0,11.0,16.0,5759,5759,5759,1.0,1.0,1.0,0.5487431047056781,0.34097,0.64053
part01,36,/Users/kimsangmin/ammt_project/raw_original/registered_xct/part01/L0036.csv,5670,5670,0,-6.0,3.0,11.0,16.0,5670,5670,5670,1.0,1.0,1.0,0.5493620264550264,0.34362,0.6371
part01,37,/Users/kimsangmin/ammt_project/raw_original/registered_xct/part01/L0037.csv,5695,5695,0,-6.0,3.0,11.0,16.0,5695,5695,5695,1.0,1.0,1.0,0.5482005215100966,0.34137,0.63889
part01,38,/Users/kimsangmin/ammt_project/raw_original/registered_xct/part01/L0038.csv,5600,5600,0,-6.0,3.0,11.0,16.0,5600,5600,5600,1.0,1.0,1.0,0.5483021732142856,0.33827,0.63906
part01,39,/Users/kimsangmin/ammt_project/raw_original/registered_xct/part01/L0039.csv,5635,5635,0,-6.0,3.0,11.0,16.0,5635,5635,5635,1.0,1.0,1.0,0.547947240461402,0.33745,0.64034
part01,40,/Users/kimsangmin/ammt_project/raw_original/registered_xct/part01/L0040.csv,5562,5562,0,-6.0,3.0,11.0,16.0,5562,5562,5562,1.0,1.0,1.0,0.548236201006832,0.33837,0.64121
part01,41,/Users/kimsangmin/ammt_project/raw_original/registered_xct/part01/L0041.csv,5632,5632,0,-6.0,3.0,11.0,16.0,5632,5632,5632,1.0,1.0,1.0,0.5473548739346591,0.34222,0.64153
part01,42,/Users/kimsangmin/ammt_project/raw_original/registered_xct/part01/L0042.csv,5521,5521,0,-6.0,3.0,11.0,16.0,5521,5521,5521,1.0,1.0,1.0,0.5477618873392501,0.34825,0.64167
part01,43,/Users/kimsangmin/ammt_project/raw_original/registered_xct/part01/L0043.csv,5567,5567,0,-6.0,3.0,11.0,16.0,5567,5567,5567,1.0,1.0,1.0,0.5472779091072391,0.35122,0.64114
part01,44,/Users/kimsangmin/ammt_project/raw_original/registered_xct/part01/L0044.csv,5448,5448,0,-6.0,3.0,11.0,16.0,5448,5448,5448,1.0,1.0,1.0,0.5473366005873715,0.3505,0.63997
part01,45,/Users/kimsangmin/ammt_project/raw_original/registered_xct/part01/L0045.csv,5503,5503,0,-6.0,3.0,11.0,16.0,5503,5503,5503,1.0,1.0,1.0,0.5466613447210613,0.34801,0.63877
part01,46,/Users/kimsangmin/ammt_project/raw_original/registered_xct/part01/L0046.csv,5410,5410,0,-6.0,3.0,11.0,16.0,5410,5410,5410,1.0,1.0,1.0,0.546460146025878,0.34325,0.6383
part01,47,/Users/kimsangmin/ammt_project/raw_original/registered_xct/part01/L0047.csv,5440,5440,0,-6.0,3.0,11.0,16.0,5440,5440,5440,1.0,1.0,1.0,0.545587137867647,0.34234,0.63754
part01,48,/Users/kimsangmin/ammt_project/raw_original/registered_xct/part01/L0048.csv,5372,5372,0,-6.0,3.0,11.0,16.0,5372,5372,5372,1.0,1.0,1.0,0.5438769192107222,0.34771,0.6363
part01,49,/Users/kimsangmin/ammt_project/raw_original/registered_xct/part01/L0049.csv,5439,5439,0,-6.0,3.0,11.0,16.0,5439,5439,5439,1.0,1.0,1.0,0.5394246166574739,0.35548,0.63464
part01,50,/Users/kimsangmin/ammt_project/raw_original/registered_xct/part01/L0050.csv,5340,5340,0,-6.0,3.0,11.0,16.0,5340,5340,5340,1.0,1.0,1.0,0.5343835486891386,0.36101,0.63018
part01,51,/Users/kimsangmin/ammt_project/raw_original/registered_xct/part01/L0051.csv,3781,3781,0,-6.0,3.0,11.0,16.0,3781,3781,3781,1.0,1.0,1.0,0.5465558741073789,0.36112,0.63036
part01,52,/Users/kimsangmin/ammt_project/raw_original/registered_xct/part01/L0052.csv,3684,3684,0,-6.0,3.0,11.0,16.0,3684,3684,3684,1.0,1.0,1.0,0.5469991232356134,0.35559,0.62724
part01,53,/Users/kimsangmin/ammt_project/raw_original/registered_xct/part01/L0053.csv,3808,3808,0,-6.0,3.0,11.0,16.0,3808,3808,3808,1.0,1.0,1.0,0.5459505094537815,0.34771,0.62363
part01,54,/Users/kimsangmin/ammt_project/raw_original/registered_xct/part01/L0054.csv,3678,3678,0,-6.0,3.0,11.0,16.0,3678,3678,3678,1.0,1.0,1.0,0.5466894671016858,0.34059,0.62224
part01,55,/Users/kimsangmin/ammt_project/raw_original/registered_xct/part01/L0055.csv,3745,3745,0,-6.0,3.0,11.0,16.0,3745,3745,3745,1.0,1.0,1.0,0.5462873324432577,0.33793,0.62591
part01,56,/Users/kimsangmin/ammt_project/raw_original/registered_xct/part01/L0056.csv,3640,3640,0,-6.0,3.0,11.0,16.0,3640,3640,3640,1.0,1.0,1.0,0.5462491126373626,0.33967,0.62648
part01,57,/Users/kimsangmin/ammt_project/raw_original/registered_xct/part01/L0057.csv,3776,3776,0,-6.0,3.0,11.0,16.0,3776,3776,3776,1.0,1.0,1.0,0.5453720127118644,0.34418,0.6245
part01,58,/Users/kimsangmin/ammt_project/raw_original/registered_xct/part01/L0058.csv,3678,3678,0,-6.0,3.0,11.0,16.0,3678,3678,3678,1.0,1.0,1.0,0.5456905791190865,0.34908,0.61791
part01,59,/Users/kimsangmin/ammt_project/raw_original/registered_xct/part01/L0059.csv,3712,3712,0,-6.0,3.0,11.0,16.0,3712,3712,3712,1.0,1.0,1.0,0.5452657731681034,0.35272,0.62764
part01,60,/Users/kimsangmin/ammt_project/raw_original/registered_xct/part01/L0060.csv,3605,3605,0,-6.0,3.0,11.0,16.0,3605,3605,3605,1.0,1.0,1.0,0.5449702884882108,0.3571,0.63028
part01,61,/Users/kimsangmin/ammt_project/raw_original/registered_xct/part01/L0061.csv,3743,3743,0,-6.0,3.0,11.0,16.0,3743,3743,3743,1.0,1.0,1.0,0.5441092946834091,0.3605,0.62822
part01,62,/Users/kimsangmin/ammt_project/raw_original/registered_xct/part01/L0062.csv,3647,3647,0,-6.0,3.0,11.0,16.0,3647,3647,3647,1.0,1.0,1.0,0.5443621277762545,0.36076,0.6206
part01,63,/Users/kimsangmin/ammt_project/raw_original/registered_xct/part01/L0063.csv,3684,3684,0,-6.0,3.0,11.0,16.0,3684,3684,3684,1.0,1.0,1.0,0.544125016286645,0.35974,0.62529
part01,64,/Users/kimsangmin/ammt_project/raw_original/registered_xct/part01/L0064.csv,3646,3646,0,-6.0,3.0,11.0,16.0,3646,3646,3646,1.0,1.0,1.0,0.5439027783872737,0.35712,0.63036
part01,65,/Users/kimsangmin/ammt_project/raw_original/registered_xct/part01/L0065.csv,3713,3713,0,-6.0,3.0,11.0,16.0,3713,3713,3713,1.0,1.0,1.0,0.5434379046593052,0.35131,0.62855
part01,66,/Users/kimsangmin/ammt_project/raw_original/registered_xct/part01/L0066.csv,3606,3606,0,-6.0,3.0,11.0,16.0,3606,3606,3606,1.0,1.0,1.0,0.5433324376039933,0.34534,0.62385
part01,67,/Users/kimsangmin/ammt_project/raw_original/registered_xct/part01/L0067.csv,3710,3710,0,-6.0,3.0,11.0,16.0,3710,3710,3710,1.0,1.0,1.0,0.543295641509434,0.34124,0.62449
part01,68,/Users/kimsangmin/ammt_project/raw_original/registered_xct/part01/L0068.csv,3604,3604,0,-6.0,3.0,11.0,16.0,3604,3604,3604,1.0,1.0,1.0,0.5430418091009989,0.33902,0.62851
part01,69,/Users/kimsangmin/ammt_project/raw_original/registered_xct/part01/L0069.csv,3680,3680,0,-6.0,3.0,11.0,16.0,3680,3680,3680,1.0,1.0,1.0,0.5425985,0.33856,0.63017
part01,70,/Users/kimsangmin/ammt_project/raw_original/registered_xct/part01/L0070.csv,3643,3643,0,-6.0,3.0,11.0,16.0,3643,3643,3643,1.0,1.0,1.0,0.5424975075487236,0.34006,0.62901
part01,71,/Users/kimsangmin/ammt_project/raw_original/registered_xct/part01/L0071.csv,3681,3681,0,-6.0,3.0,11.0,16.0,3681,3681,3681,1.0,1.0,1.0,0.5423587829394186,0.34309,0.62967
part01,72,/Users/kimsangmin/ammt_project/raw_original/registered_xct/part01/L0072.csv,3606,3606,0,-6.0,3.0,11.0,16.0,3606,3606,3606,1.0,1.0,1.0,0.5419721408763173,0.34612,0.63157
part01,73,/Users/kimsangmin/ammt_project/raw_original/registered_xct/part01/L0073.csv,3711,3711,0,-6.0,3.0,11.0,16.0,3711,3711,3711,1.0,1.0,1.0,0.5415472002155752,0.35009,0.63237
part01,74,/Users/kimsangmin/ammt_project/raw_original/registered_xct/part01/L0074.csv,3572,3572,0,-6.0,3.0,11.0,16.0,3572,3572,3572,1.0,1.0,1.0,0.5414374104143337,0.35548,0.62725
part01,75,/Users/kimsangmin/ammt_project/raw_original/registered_xct/part01/L0075.csv,3653,3653,0,-6.0,3.0,11.0,16.0,3653,3653,3653,1.0,1.0,1.0,0.5416744839857651,0.3588,0.62843
part01,76,/Users/kimsangmin/ammt_project/raw_original/registered_xct/part01/L0076.csv,3610,3610,0,-6.0,3.0,11.0,16.0,3610,3610,3610,1.0,1.0,1.0,0.541091324099723,0.35982,0.62929
part01,77,/Users/kimsangmin/ammt_project/raw_original/registered_xct/part01/L0077.csv,3679,3679,0,-6.0,3.0,11.0,16.0,3679,3679,3679,1.0,1.0,1.0,0.5414310111443327,0.3582,0.62894
part01,78,/Users/kimsangmin/ammt_project/raw_original/registered_xct/part01/L0078.csv,3607,3607,0,-6.0,3.0,11.0,16.0,3607,3607,3607,1.0,1.0,1.0,0.5412559689492653,0.35359,0.62473
part01,79,/Users/kimsangmin/ammt_project/raw_original/registered_xct/part01/L0079.csv,3681,3681,0,-6.0,3.0,11.0,16.0,3681,3681,3681,1.0,1.0,1.0,0.5414636674816625,0.3483,0.62472
part01,80,/Users/kimsangmin/ammt_project/raw_original/registered_xct/part01/L0080.csv,3570,3570,0,-6.0,3.0,11.0,16.0,3570,3570,3570,1.0,1.0,1.0,0.5406875602240896,0.34497,0.62625
part01,81,/Users/kimsangmin/ammt_project/raw_original/registered_xct/part01/L0081.csv,3646,3646,0,-6.0,3.0,11.0,16.0,3646,3646,3646,1.0,1.0,1.0,0.5404987931980252,0.34308,0.62864
part01,82,/Users/kimsangmin/ammt_project/raw_original/registered_xct/part01/L0082.csv,3568,3568,0,-6.0,3.0,11.0,16.0,3568,3568,3568,1.0,1.0,1.0,0.5401116619955157,0.34078,0.62897
part01,83,/Users/kimsangmin/ammt_project/raw_original/registered_xct/part01/L0083.csv,3648,3648,0,-6.0,3.0,11.0,16.0,3648,3648,3648,1.0,1.0,1.0,0.5403041995614035,0.33862,0.62236
part01,84,/Users/kimsangmin/ammt_project/raw_original/registered_xct/part01/L0084.csv,3569,3569,0,-6.0,3.0,11.0,16.0,3569,3569,3569,1.0,1.0,1.0,0.5395601933314653,0.33715,0.62924
part01,85,/Users/kimsangmin/ammt_project/raw_original/registered_xct/part01/L0085.csv,3679,3679,0,-6.0,3.0,11.0,16.0,3679,3679,3679,1.0,1.0,1.0,0.5393090160369666,0.33746,0.63154
part01,86,/Users/kimsangmin/ammt_project/raw_original/registered_xct/part01/L0086.csv,3610,3610,0,-6.0,3.0,11.0,16.0,3610,3610,3610,1.0,1.0,1.0,0.5390065041551246,0.34189,0.62891
part01,87,/Users/kimsangmin/ammt_project/raw_original/registered_xct/part01/L0087.csv,3684,3684,0,-6.0,3.0,11.0,16.0,3684,3684,3684,1.0,1.0,1.0,0.5392437785016287,0.3465,0.62312
part01,88,/Users/kimsangmin/ammt_project/raw_original/registered_xct/part01/L0088.csv,3575,3575,0,-6.0,3.0,11.0,16.0,3575,3575,3575,1.0,1.0,1.0,0.5387263636363636,0.348,0.62848
part01,89,/Users/kimsangmin/ammt_project/raw_original/registered_xct/part01/L0089.csv,3713,3713,0,-6.0,3.0,11.0,16.0,3713,3713,3713,1.0,1.0,1.0,0.5386743441960679,0.34758,0.6275
part01,90,/Users/kimsangmin/ammt_project/raw_original/registered_xct/part01/L0090.csv,3607,3607,0,-6.0,3.0,11.0,16.0,3607,3607,3607,1.0,1.0,1.0,0.5387317299695038,0.34399,0.62238
part01,91,/Users/kimsangmin/ammt_project/raw_original/registered_xct/part01/L0091.csv,3649,3649,0,-6.0,3.0,11.0,16.0,3649,3649,3649,1.0,1.0,1.0,0.5389270211016717,0.33787,0.6188
part01,92,/Users/kimsangmin/ammt_project/raw_original/registered_xct/part01/L0092.csv,3569,3569,0,-6.0,3.0,11.0,16.0,3569,3569,3569,1.0,1.0,1.0,0.5380682544130009,0.33321,0.62104
part01,93,/Users/kimsangmin/ammt_project/raw_original/registered_xct/part01/L0093.csv,3679,3679,0,-6.0,3.0,11.0,16.0,3679,3679,3679,1.0,1.0,1.0,0.5380402065778744,0.33048,0.61985
part01,94,/Users/kimsangmin/ammt_project/raw_original/registered_xct/part01/L0094.csv,3607,3607,0,-6.0,3.0,11.0,16.0,3607,3607,3607,1.0,1.0,1.0,0.5373656362628223,0.32841,0.61746
part01,95,/Users/kimsangmin/ammt_project/raw_original/registered_xct/part01/L0095.csv,3679,3679,0,-6.0,3.0,11.0,16.0,3679,3679,3679,1.0,1.0,1.0,0.5376987116064148,0.32745,0.61718
part01,96,/Users/kimsangmin/ammt_project/raw_original/registered_xct/part01/L0096.csv,3608,3608,0,-6.0,3.0,11.0,16.0,3608,3608,3608,1.0,1.0,1.0,0.5369708176274944,0.32806,0.61941
part01,97,/Users/kimsangmin/ammt_project/raw_original/registered_xct/part01/L0097.csv,3712,3712,0,-6.0,3.0,11.0,16.0,3712,3712,3712,1.0,1.0,1.0,0.5370475969827586,0.33065,0.62263
part01,98,/Users/kimsangmin/ammt_project/raw_original/registered_xct/part01/L0098.csv,3651,3651,0,-6.0,3.0,11.0,16.0,3651,3651,3651,1.0,1.0,1.0,0.5368519337167899,0.33373,0.62083
part01,99,/Users/kimsangmin/ammt_project/raw_original/registered_xct/part01/L0099.csv,3715,3715,0,-6.0,3.0,11.0,16.0,3715,3715,3715,1.0,1.0,1.0,0.5374900349932705,0.33628,0.61689
part01,100,/Users/kimsangmin/ammt_project/raw_original/registered_xct/part01/L0100.csv,3650,3650,0,-6.0,3.0,11.0,16.0,3650,3650,3650,1.0,1.0,1.0,0.5367988273972603,0.33783,0.6221
part01,101,/Users/kimsangmin/ammt_project/raw_original/registered_xct/part01/L0101.csv,3745,3745,0,-6.0,3.0,11.0,16.0,3745,3745,3745,1.0,1.0,1.0,0.5375010974632844,0.3371,0.62119
part01,102,/Users/kimsangmin/ammt_project/raw_original/registered_xct/part01/L0102.csv,3647,3647,0,-6.0,3.0,11.0,16.0,3647,3647,3647,1.0,1.0,1.0,0.5368833479572251,0.33384,0.6145
part01,103,/Users/kimsangmin/ammt_project/raw_original/registered_xct/part01/L0103.csv,3680,3680,0,-6.0,3.0,11.0,16.0,3680,3680,3680,1.0,1.0,1.0,0.5376514402173913,0.3303,0.61325
part01,104,/Users/kimsangmin/ammt_project/raw_original/registered_xct/part01/L0104.csv,3647,3647,0,-6.0,3.0,11.0,16.0,3647,3647,3647,1.0,1.0,1.0,0.5363384727173018,0.32676,0.61502
part01,105,/Users/kimsangmin/ammt_project/raw_original/registered_xct/part01/L0105.csv,3713,3713,0,-6.0,3.0,11.0,16.0,3713,3713,3713,1.0,1.0,1.0,0.5366426420684083,0.32525,0.61356
part01,106,/Users/kimsangmin/ammt_project/raw_original/registered_xct/part01/L0106.csv,3647,3647,0,-6.0,3.0,11.0,16.0,3647,3647,3647,1.0,1.0,1.0,0.535802783109405,0.3309,0.61008
part01,107,/Users/kimsangmin/ammt_project/raw_original/registered_xct/part01/L0107.csv,3713,3713,0,-6.0,3.0,11.0,16.0,3713,3713,3713,1.0,1.0,1.0,0.5363648747643415,0.34456,0.60991
part01,108,/Users/kimsangmin/ammt_project/raw_original/registered_xct/part01/L0108.csv,3645,3645,0,-6.0,3.0,11.0,16.0,3645,3645,3645,1.0,1.0,1.0,0.5355169657064471,0.35835,0.60946
part01,109,/Users/kimsangmin/ammt_project/raw_original/registered_xct/part01/L0109.csv,3743,3743,0,-6.0,3.0,11.0,16.0,3743,3743,3743,1.0,1.0,1.0,0.5357109003473149,0.37012,0.6109
part01,110,/Users/kimsangmin/ammt_project/raw_original/registered_xct/part01/L0110.csv,3651,3651,0,-6.0,3.0,11.0,16.0,3651,3651,3651,1.0,1.0,1.0,0.5352538181320187,0.37091,0.60877
part01,111,/Users/kimsangmin/ammt_project/raw_original/registered_xct/part01/L0111.csv,3748,3748,0,-6.0,3.0,11.0,16.0,3748,3748,3748,1.0,1.0,1.0,0.5357837193169691,0.3686,0.60304
part01,112,/Users/kimsangmin/ammt_project/raw_original/registered_xct/part01/L0112.csv,3650,3650,0,-6.0,3.0,11.0,16.0,3650,3650,3650,1.0,1.0,1.0,0.5351113342465754,0.36212,0.60754
part01,113,/Users/kimsangmin/ammt_project/raw_original/registered_xct/part01/L0113.csv,3775,3775,0,-6.0,3.0,11.0,16.0,3775,3775,3775,1.0,1.0,1.0,0.5353697854304635,0.35414,0.61052
part01,114,/Users/kimsangmin/ammt_project/raw_original/registered_xct/part01/L0114.csv,3685,3685,0,-6.0,3.0,11.0,16.0,3685,3685,3685,1.0,1.0,1.0,0.5350012455902307,0.35193,0.61022
part01,115,/Users/kimsangmin/ammt_project/raw_original/registered_xct/part01/L0115.csv,3776,3776,0,-6.0,3.0,11.0,16.0,3776,3776,3776,1.0,1.0,1.0,0.5353713850635593,0.35461,0.60579
part01,116,/Users/kimsangmin/ammt_project/raw_original/registered_xct/part01/L0116.csv,3685,3685,0,-6.0,3.0,11.0,16.0,3685,3685,3685,1.0,1.0,1.0,0.5345902279511533,0.35849,0.60774
part01,117,/Users/kimsangmin/ammt_project/raw_original/registered_xct/part01/L0117.csv,3807,3807,0,-6.0,3.0,11.0,16.0,3807,3807,3807,1.0,1.0,1.0,0.5348392461255582,0.36316,0.6103
part01,118,/Users/kimsangmin/ammt_project/raw_original/registered_xct/part01/L0118.csv,3723,3723,0,-6.0,3.0,11.0,16.0,3723,3723,3723,1.0,1.0,1.0,0.5345030647327423,0.36606,0.61058
part01,119,/Users/kimsangmin/ammt_project/raw_original/registered_xct/part01/L0119.csv,3808,3808,0,-6.0,3.0,11.0,16.0,3808,3808,3808,1.0,1.0,1.0,0.5350179096638655,0.36528,0.60372
part01,120,/Users/kimsangmin/ammt_project/raw_original/registered_xct/part01/L0120.csv,3723,3723,0,-6.0,3.0,11.0,16.0,3723,3723,3723,1.0,1.0,1.0,0.5343834219715283,0.36017,0.60853
part01,121,/Users/kimsangmin/ammt_project/raw_original/registered_xct/part01/L0121.csv,3839,3839,0,-6.0,3.0,11.0,16.0,3839,3839,3839,1.0,1.0,1.0,0.53501555613441,0.35242,0.61062
part01,122,/Users/kimsangmin/ammt_project/raw_original/registered_xct/part01/L0122.csv,3765,3765,0,-6.0,3.0,11.0,16.0,3765,3765,3765,1.0,1.0,1.0,0.5344436494023904,0.35004,0.61179
part01,123,/Users/kimsangmin/ammt_project/raw_original/registered_xct/part01/L0123.csv,3845,3845,0,-6.0,3.0,11.0,16.0,3845,3845,3845,1.0,1.0,1.0,0.5349613107932379,0.35566,0.60188
part01,124,/Users/kimsangmin/ammt_project/raw_original/registered_xct/part01/L0124.csv,3766,3766,0,-6.0,3.0,11.0,16.0,3766,3766,3766,1.0,1.0,1.0,0.5340569994689326,0.35492,0.60883
part01,125,/Users/kimsangmin/ammt_project/raw_original/registered_xct/part01/L0125.csv,3872,3872,0,-6.0,3.0,11.0,16.0,3872,3872,3872,1.0,1.0,1.0,0.534772590392562,0.35443,0.61074
part01,126,/Users/kimsangmin/ammt_project/raw_original/registered_xct/part01/L0126.csv,3798,3798,0,-6.0,3.0,11.0,16.0,3798,3798,3798,1.0,1.0,1.0,0.5342946182201158,0.35355,0.60867
part01,127,/Users/kimsangmin/ammt_project/raw_original/registered_xct/part01/L0127.csv,3872,3872,0,-6.0,3.0,11.0,16.0,3872,3872,3872,1.0,1.0,1.0,0.5350357257231405,0.35345,0.60531
part01,128,/Users/kimsangmin/ammt_project/raw_original/registered_xct/part01/L0128.csv,3799,3799,0,-6.0,3.0,11.0,16.0,3799,3799,3799,1.0,1.0,1.0,0.5341239062911293,0.35824,0.60782
part01,129,/Users/kimsangmin/ammt_project/raw_original/registered_xct/part01/L0129.csv,3904,3904,0,-6.0,3.0,11.0,16.0,3904,3904,3904,1.0,1.0,1.0,0.5348763319672132,0.36566,0.60716
part01,130,/Users/kimsangmin/ammt_project/raw_original/registered_xct/part01/L0130.csv,3798,3798,0,-6.0,3.0,11.0,16.0,3798,3798,3798,1.0,1.0,1.0,0.53431649552396,0.36946,0.60102
part01,131,/Users/kimsangmin/ammt_project/raw_original/registered_xct/part01/L0131.csv,3903,3903,0,-6.0,3.0,11.0,16.0,3903,3903,3903,1.0,1.0,1.0,0.5351152626184986,0.36583,0.59585
part01,132,/Users/kimsangmin/ammt_project/raw_original/registered_xct/part01/L0132.csv,3837,3837,0,-6.0,3.0,11.0,16.0,3837,3837,3837,1.0,1.0,1.0,0.534134798019286,0.36693,0.60127
part01,133,/Users/kimsangmin/ammt_project/raw_original/registered_xct/part01/L0133.csv,3936,3936,0,-6.0,3.0,11.0,16.0,3936,3936,3936,1.0,1.0,1.0,0.5347869690040651,0.36945,0.60159
part01,134,/Users/kimsangmin/ammt_project/raw_original/registered_xct/part01/L0134.csv,3842,3842,0,-6.0,3.0,11.0,16.0,3842,3842,3842,1.0,1.0,1.0,0.5343725117126497,0.37057,0.59948
part01,135,/Users/kimsangmin/ammt_project/raw_original/registered_xct/part01/L0135.csv,3939,3939,0,-6.0,3.0,11.0,16.0,3939,3939,3939,1.0,1.0,1.0,0.5352179741051029,0.37094,0.59722
part01,136,/Users/kimsangmin/ammt_project/raw_original/registered_xct/part01/L0136.csv,3879,3879,0,-6.0,3.0,11.0,16.0,3879,3879,3879,1.0,1.0,1.0,0.5344044418664604,0.37046,0.59977
part01,137,/Users/kimsangmin/ammt_project/raw_original/registered_xct/part01/L0137.csv,3968,3968,0,-6.0,3.0,11.0,16.0,3968,3968,3968,1.0,1.0,1.0,0.5349966129032258,0.36805,0.60055
part01,138,/Users/kimsangmin/ammt_project/raw_original/registered_xct/part01/L0138.csv,3875,3875,0,-6.0,3.0,11.0,16.0,3875,3875,3875,1.0,1.0,1.0,0.5345236722580644,0.36417,0.59869
part01,139,/Users/kimsangmin/ammt_project/raw_original/registered_xct/part01/L0139.csv,3967,3967,0,-6.0,3.0,11.0,16.0,3967,3967,3967,1.0,1.0,1.0,0.535159435341568,0.36298,0.59603
part01,140,/Users/kimsangmin/ammt_project/raw_original/registered_xct/part01/L0140.csv,3874,3874,0,-6.0,3.0,11.0,16.0,3874,3874,3874,1.0,1.0,1.0,0.5344693236964378,0.35985,0.59799
part01,141,/Users/kimsangmin/ammt_project/raw_original/registered_xct/part01/L0141.csv,3999,3999,0,-6.0,3.0,11.0,16.0,3999,3999,3999,1.0,1.0,1.0,0.5351994898724681,0.35588,0.59778
part01,142,/Users/kimsangmin/ammt_project/raw_original/registered_xct/part01/L0142.csv,3912,3912,0,-6.0,3.0,11.0,16.0,3912,3912,3912,1.0,1.0,1.0,0.5349595270961145,0.35862,0.59326
part01,143,/Users/kimsangmin/ammt_project/raw_original/registered_xct/part01/L0143.csv,3999,3999,0,-6.0,3.0,11.0,16.0,3999,3999,3999,1.0,1.0,1.0,0.5360152588147037,0.36562,0.59095
part01,144,/Users/kimsangmin/ammt_project/raw_original/registered_xct/part01/L0144.csv,3911,3911,0,-6.0,3.0,11.0,16.0,3911,3911,3911,1.0,1.0,1.0,0.5353768601380722,0.36797,0.5945
part01,145,/Users/kimsangmin/ammt_project/raw_original/registered_xct/part01/L0145.csv,4033,4033,0,-6.0,3.0,11.0,16.0,4033,4033,4033,1.0,1.0,1.0,0.5362932556409621,0.36269,0.60126
part01,146,/Users/kimsangmin/ammt_project/raw_original/registered_xct/part01/L0146.csv,3993,3993,0,-6.0,3.0,11.0,16.0,3993,3993,3993,1.0,1.0,1.0,0.5355511394941147,0.35877,0.60242
part01,147,/Users/kimsangmin/ammt_project/raw_original/registered_xct/part01/L0147.csv,4037,4037,0,-6.0,3.0,11.0,16.0,4037,4037,4037,1.0,1.0,1.0,0.5366756700520188,0.35718,0.60126
part01,148,/Users/kimsangmin/ammt_project/raw_original/registered_xct/part01/L0148.csv,3993,3993,0,-6.0,3.0,11.0,16.0,3993,3993,3993,1.0,1.0,1.0,0.535612206361132,0.35763,0.59835
part01,149,/Users/kimsangmin/ammt_project/raw_original/registered_xct/part01/L0149.csv,4064,4064,0,-6.0,3.0,11.0,16.0,4064,4064,4064,1.0,1.0,1.0,0.5365912401574803,0.35849,0.59639
part01,150,/Users/kimsangmin/ammt_project/raw_original/registered_xct/part01/L0150.csv,4065,4065,0,-6.0,3.0,11.0,16.0,4065,4065,4065,1.0,1.0,1.0,0.5357608610086101,0.3588,0.59548
part01,151,/Users/kimsangmin/ammt_project/raw_original/registered_xct/part01/L0151.csv,4129,4129,0,-6.0,3.0,11.0,16.0,4129,4129,4129,1.0,1.0,1.0,0.536459048195689,0.35821,0.59446
part01,152,/Users/kimsangmin/ammt_project/raw_original/registered_xct/part01/L0152.csv,4064,4064,0,-6.0,3.0,11.0,16.0,4064,4064,4064,1.0,1.0,1.0,0.5355398228346457,0.35722,0.59412
part01,153,/Users/kimsangmin/ammt_project/raw_original/registered_xct/part01/L0153.csv,4159,4159,0,-6.0,3.0,11.0,16.0,4159,4159,4159,1.0,1.0,1.0,0.5361918994950711,0.35669,0.59399
part01,154,/Users/kimsangmin/ammt_project/raw_original/registered_xct/part01/L0154.csv,4102,4102,0,-6.0,3.0,11.0,16.0,4102,4102,4102,1.0,1.0,1.0,0.535694553876158,0.35837,0.59147
part01,155,/Users/kimsangmin/ammt_project/raw_original/registered_xct/part01/L0155.csv,4160,4160,0,-6.0,3.0,11.0,16.0,4160,4160,4160,1.0,1.0,1.0,0.5364821850961538,0.36105,0.58874
part01,156,/Users/kimsangmin/ammt_project/raw_original/registered_xct/part01/L0156.csv,4102,4102,0,-6.0,3.0,11.0,16.0,4102,4102,4102,1.0,1.0,1.0,0.5358927279375914,0.36165,0.59088
part01,157,/Users/kimsangmin/ammt_project/raw_original/registered_xct/part01/L0157.csv,4191,4191,0,-6.0,3.0,11.0,16.0,4191,4191,4191,1.0,1.0,1.0,0.5368125316153662,0.36109,0.59256
part01,158,/Users/kimsangmin/ammt_project/raw_original/registered_xct/part01/L0158.csv,4143,4143,0,-6.0,3.0,11.0,16.0,4143,4143,4143,1.0,1.0,1.0,0.5363527516292541,0.36048,0.58706
part01,159,/Users/kimsangmin/ammt_project/raw_original/registered_xct/part01/L0159.csv,4195,4195,0,-6.0,3.0,11.0,16.0,4195,4195,4195,1.0,1.0,1.0,0.5374423623361144,0.35924,0.58648
part01,160,/Users/kimsangmin/ammt_project/raw_original/registered_xct/part01/L0160.csv,4143,4143,0,-6.0,3.0,11.0,16.0,4143,4143,4143,1.0,1.0,1.0,0.536427132512672,0.35826,0.58641
part01,161,/Users/kimsangmin/ammt_project/raw_original/registered_xct/part01/L0161.csv,4225,4225,0,-6.0,3.0,11.0,16.0,4225,4225,4225,1.0,1.0,1.0,0.5373921609467456,0.35851,0.59047
part01,162,/Users/kimsangmin/ammt_project/raw_original/registered_xct/part01/L0162.csv,4177,4177,0,-6.0,3.0,11.0,16.0,4177,4177,4177,1.0,1.0,1.0,0.5367708881972708,0.35811,0.58974
part01,163,/Users/kimsangmin/ammt_project/raw_original/registered_xct/part01/L0163.csv,4289,4289,0,-6.0,3.0,11.0,16.0,4289,4289,4289,1.0,1.0,1.0,0.5372923338773608,0.35419,0.58629
part01,164,/Users/kimsangmin/ammt_project/raw_original/registered_xct/part01/L0164.csv,4217,4217,0,-6.0,3.0,11.0,16.0,4217,4217,4217,1.0,1.0,1.0,0.536679290965141,0.35305,0.58582
part01,165,/Users/kimsangmin/ammt_project/raw_original/registered_xct/part01/L0165.csv,4320,4320,0,-6.0,3.0,11.0,16.0,4320,4320,4320,1.0,1.0,1.0,0.5373678449074073,0.35302,0.58917
part01,166,/Users/kimsangmin/ammt_project/raw_original/registered_xct/part01/L0166.csv,4252,4252,0,-6.0,3.0,11.0,16.0,4252,4252,4252,1.0,1.0,1.0,0.5371298189087489,0.35379,0.58788
part01,167,/Users/kimsangmin/ammt_project/raw_original/registered_xct/part01/L0167.csv,4319,4319,0,-6.0,3.0,11.0,16.0,4319,4319,4319,1.0,1.0,1.0,0.5380323894420005,0.35476,0.58524
part01,168,/Users/kimsangmin/ammt_project/raw_original/registered_xct/part01/L0168.csv,4253,4253,0,-6.0,3.0,11.0,16.0,4253,4253,4253,1.0,1.0,1.0,0.5372220667763931,0.35562,0.58537
part01,169,/Users/kimsangmin/ammt_project/raw_original/registered_xct/part01/L0169.csv,4352,4352,0,-6.0,3.0,11.0,16.0,4352,4352,4352,1.0,1.0,1.0,0.5381170220588235,0.35043,0.58645
part01,170,/Users/kimsangmin/ammt_project/raw_original/registered_xct/part01/L0170.csv,4294,4294,0,-6.0,3.0,11.0,16.0,4294,4294,4294,1.0,1.0,1.0,0.5374664415463437,0.34569,0.58742
part01,171,/Users/kimsangmin/ammt_project/raw_original/registered_xct/part01/L0171.csv,4354,4354,0,-6.0,3.0,11.0,16.0,4354,4354,4354,1.0,1.0,1.0,0.5385957441433165,0.34669,0.58477
part01,172,/Users/kimsangmin/ammt_project/raw_original/registered_xct/part01/L0172.csv,4334,4334,0,-6.0,3.0,11.0,16.0,4334,4334,4334,1.0,1.0,1.0,0.537690929856945,0.3525,0.58362
part01,173,/Users/kimsangmin/ammt_project/raw_original/registered_xct/part01/L0173.csv,4449,4449,0,-6.0,3.0,11.0,16.0,4449,4449,4449,1.0,1.0,1.0,0.5385616880197798,0.35803,0.58903
part01,174,/Users/kimsangmin/ammt_project/raw_original/registered_xct/part01/L0174.csv,4405,4405,0,-6.0,3.0,11.0,16.0,4405,4405,4405,1.0,1.0,1.0,0.5383032463110102,0.35847,0.59157
part01,175,/Users/kimsangmin/ammt_project/raw_original/registered_xct/part01/L0175.csv,4447,4447,0,-6.0,3.0,11.0,16.0,4447,4447,4447,1.0,1.0,1.0,0.5391351990105689,0.35934,0.58932
part01,176,/Users/kimsangmin/ammt_project/raw_original/registered_xct/part01/L0176.csv,4403,4403,0,-6.0,3.0,11.0,16.0,4403,4403,4403,1.0,1.0,1.0,0.5384519872813991,0.36009,0.58831
part01,177,/Users/kimsangmin/ammt_project/raw_original/registered_xct/part01/L0177.csv,4480,4480,0,-6.0,3.0,11.0,16.0,4480,4480,4480,1.0,1.0,1.0,0.5391519888392857,0.35842,0.58447
part01,178,/Users/kimsangmin/ammt_project/raw_original/registered_xct/part01/L0178.csv,4441,4441,0,-6.0,3.0,11.0,16.0,4441,4441,4441,1.0,1.0,1.0,0.5386909502364332,0.35793,0.58506
part01,179,/Users/kimsangmin/ammt_project/raw_original/registered_xct/part01/L0179.csv,4543,4543,0,-6.0,3.0,11.0,16.0,4543,4543,4543,1.0,1.0,1.0,0.5393123992956197,0.35823,0.58247
part01,180,/Users/kimsangmin/ammt_project/raw_original/registered_xct/part01/L0180.csv,4480,4480,0,-6.0,3.0,11.0,16.0,4480,4480,4480,1.0,1.0,1.0,0.5387942477678572,0.35888,0.58206
part01,181,/Users/kimsangmin/ammt_project/raw_original/registered_xct/part01/L0181.csv,4577,4577,0,-6.0,3.0,11.0,16.0,4577,4577,4577,1.0,1.0,1.0,0.5393168210618309,0.35798,0.58658
part01,182,/Users/kimsangmin/ammt_project/raw_original/registered_xct/part01/L0182.csv,4559,4559,0,-6.0,3.0,11.0,16.0,4559,4559,4559,1.0,1.0,1.0,0.5390021342399649,0.35705,0.585
part01,183,/Users/kimsangmin/ammt_project/raw_original/registered_xct/part01/L0183.csv,4580,4580,0,-6.0,3.0,11.0,16.0,4580,4580,4580,1.0,1.0,1.0,0.5397594475982533,0.35741,0.59045
part01,184,/Users/kimsangmin/ammt_project/raw_original/registered_xct/part01/L0184.csv,4558,4558,0,-6.0,3.0,11.0,16.0,4558,4558,4558,1.0,1.0,1.0,0.5391209499780606,0.35791,0.59259
part01,185,/Users/kimsangmin/ammt_project/raw_original/registered_xct/part01/L0185.csv,4670,4670,0,-6.0,3.0,11.0,16.0,4670,4670,4670,1.0,1.0,1.0,0.5396091948608137,0.35726,0.59365
part01,186,/Users/kimsangmin/ammt_project/raw_original/registered_xct/part01/L0186.csv,4594,4594,0,-6.0,3.0,11.0,16.0,4594,4594,4594,1.0,1.0,1.0,0.5393273726599913,0.35552,0.58802
part01,187,/Users/kimsangmin/ammt_project/raw_original/registered_xct/part01/L0187.csv,4673,4673,0,-6.0,3.0,11.0,16.0,4673,4673,4673,1.0,1.0,1.0,0.5401061994436122,0.35426,0.59498
part01,188,/Users/kimsangmin/ammt_project/raw_original/registered_xct/part01/L0188.csv,4668,4668,0,-6.0,3.0,11.0,16.0,4668,4668,4668,1.0,1.0,1.0,0.539612292202228,0.35336,0.59192
part01,189,/Users/kimsangmin/ammt_project/raw_original/registered_xct/part01/L0189.csv,4703,4703,0,-6.0,3.0,11.0,16.0,4703,4703,4703,1.0,1.0,1.0,0.5400940484796939,0.35303,0.5878
part01,190,/Users/kimsangmin/ammt_project/raw_original/registered_xct/part01/L0190.csv,4668,4668,0,-6.0,3.0,11.0,16.0,4668,4668,4668,1.0,1.0,1.0,0.5398601520994001,0.35399,0.58855
part01,191,/Users/kimsangmin/ammt_project/raw_original/registered_xct/part01/L0191.csv,4767,4767,0,-6.0,3.0,11.0,16.0,4767,4767,4767,1.0,1.0,1.0,0.5403561380323054,0.35562,0.59013
part01,192,/Users/kimsangmin/ammt_project/raw_original/registered_xct/part01/L0192.csv,4707,4707,0,-6.0,3.0,11.0,16.0,4707,4707,4707,1.0,1.0,1.0,0.5399090970894413,0.35749,0.58943
part01,193,/Users/kimsangmin/ammt_project/raw_original/registered_xct/part01/L0193.csv,4800,4800,0,-6.0,3.0,11.0,16.0,4800,4800,4800,1.0,1.0,1.0,0.5404758875,0.35886,0.5937
part01,194,/Users/kimsangmin/ammt_project/raw_original/registered_xct/part01/L0194.csv,4784,4784,0,-6.0,3.0,11.0,16.0,4784,4784,4784,1.0,1.0,1.0,0.5402064924749165,0.35883,0.59338
part01,195,/Users/kimsangmin/ammt_project/raw_original/registered_xct/part01/L0195.csv,4868,4868,0,-6.0,3.0,11.0,16.0,4868,4868,4868,1.0,1.0,1.0,0.5404237551355793,0.35088,0.59538
part01,196,/Users/kimsangmin/ammt_project/raw_original/registered_xct/part01/L0196.csv,4784,4784,0,-6.0,3.0,11.0,16.0,4784,4784,4784,1.0,1.0,1.0,0.5401703051839466,0.34373,0.59332
part01,197,/Users/kimsangmin/ammt_project/raw_original/registered_xct/part01/L0197.csv,4897,4897,0,-6.0,3.0,11.0,16.0,4897,4897,4897,1.0,1.0,1.0,0.5405563977945682,0.34439,0.5916
part01,198,/Users/kimsangmin/ammt_project/raw_original/registered_xct/part01/L0198.csv,4855,4855,0,-6.0,3.0,11.0,16.0,4855,4855,4855,1.0,1.0,1.0,0.5404978908341915,0.34793,0.59528
part01,199,/Users/kimsangmin/ammt_project/raw_original/registered_xct/part01/L0199.csv,4960,4960,0,-6.0,3.0,11.0,16.0,4960,4960,4960,1.0,1.0,1.0,0.540603754032258,0.34957,0.59737
part01,200,/Users/kimsangmin/ammt_project/raw_original/registered_xct/part01/L0200.csv,4892,4892,0,-6.0,3.0,11.0,16.0,4892,4892,4892,1.0,1.0,1.0,0.5406383278822567,0.35094,0.59662
part01,201,/Users/kimsangmin/ammt_project/raw_original/registered_xct/part01/L0201.csv,4993,4993,0,-6.0,3.0,11.0,16.0,4993,4993,4993,1.0,1.0,1.0,0.5406729601442019,0.35122,0.59676
part01,202,/Users/kimsangmin/ammt_project/raw_original/registered_xct/part01/L0202.csv,4966,4966,0,-6.0,3.0,11.0,16.0,4966,4966,4966,1.0,1.0,1.0,0.5408488461538462,0.34983,0.59598
part01,203,/Users/kimsangmin/ammt_project/raw_original/registered_xct/part01/L0203.csv,5055,5055,0,-6.0,3.0,11.0,16.0,5055,5055,5055,1.0,1.0,1.0,0.5409274856577645,0.34665,0.60045
part01,204,/Users/kimsangmin/ammt_project/raw_original/registered_xct/part01/L0204.csv,5003,5003,0,-6.0,3.0,11.0,16.0,5003,5003,5003,1.0,1.0,1.0,0.5411625044973017,0.3427,0.59705
part01,205,/Users/kimsangmin/ammt_project/raw_original/registered_xct/part01/L0205.csv,5089,5089,0,-6.0,3.0,11.0,16.0,5089,5089,5089,1.0,1.0,1.0,0.5412024032226371,0.34049,0.60191
part01,206,/Users/kimsangmin/ammt_project/raw_original/registered_xct/part01/L0206.csv,5082,5082,0,-6.0,3.0,11.0,16.0,5082,5082,5082,1.0,1.0,1.0,0.5412786973632427,0.341,0.60154
part01,207,/Users/kimsangmin/ammt_project/raw_original/registered_xct/part01/L0207.csv,5155,5155,0,-6.0,3.0,11.0,16.0,5155,5155,5155,1.0,1.0,1.0,0.5415450358874878,0.34617,0.60077
part01,208,/Users/kimsangmin/ammt_project/raw_original/registered_xct/part01/L0208.csv,5120,5120,0,-6.0,3.0,11.0,16.0,5120,5120,5120,1.0,1.0,1.0,0.54146357421875,0.35343,0.60536
part01,209,/Users/kimsangmin/ammt_project/raw_original/registered_xct/part01/L0209.csv,5248,5248,0,-6.0,3.0,11.0,16.0,5248,5248,5248,1.0,1.0,1.0,0.5411624847560975,0.35859,0.60316
part01,210,/Users/kimsangmin/ammt_project/raw_original/registered_xct/part01/L0210.csv,5226,5226,0,-6.0,3.0,11.0,16.0,5226,5226,5226,1.0,1.0,1.0,0.5416719823957137,0.36104,0.60421
part01,211,/Users/kimsangmin/ammt_project/raw_original/registered_xct/part01/L0211.csv,5312,5312,0,-6.0,3.0,11.0,16.0,5312,5312,5312,1.0,1.0,1.0,0.541204625376506,0.35658,0.60645
part01,212,/Users/kimsangmin/ammt_project/raw_original/registered_xct/part01/L0212.csv,5262,5262,0,-6.0,3.0,11.0,16.0,5262,5262,5262,1.0,1.0,1.0,0.5416258589889776,0.35219,0.60581
part01,213,/Users/kimsangmin/ammt_project/raw_original/registered_xct/part01/L0213.csv,5343,5343,0,-6.0,3.0,11.0,16.0,5343,5343,5343,1.0,1.0,1.0,0.5412387067190717,0.35736,0.60365
part01,214,/Users/kimsangmin/ammt_project/raw_original/registered_xct/part01/L0214.csv,5338,5338,0,-6.0,3.0,11.0,16.0,5338,5338,5338,1.0,1.0,1.0,0.5414899306856501,0.36711,0.60768
part01,215,/Users/kimsangmin/ammt_project/raw_original/registered_xct/part01/L0215.csv,5408,5408,0,-6.0,3.0,11.0,16.0,5408,5408,5408,1.0,1.0,1.0,0.541474474852071,0.36667,0.61118
part01,216,/Users/kimsangmin/ammt_project/raw_original/registered_xct/part01/L0216.csv,5411,5411,0,-6.0,3.0,11.0,16.0,5411,5411,5411,1.0,1.0,1.0,0.5415659101829605,0.34997,0.61058
part01,217,/Users/kimsangmin/ammt_project/raw_original/registered_xct/part01/L0217.csv,5504,5504,0,-6.0,3.0,11.0,16.0,5504,5504,5504,1.0,1.0,1.0,0.5411720148982558,0.33572,0.61019
part01,218,/Users/kimsangmin/ammt_project/raw_original/registered_xct/part01/L0218.csv,5490,5490,0,-6.0,3.0,11.0,16.0,5490,5490,5490,1.0,1.0,1.0,0.5414504207650274,0.33351,0.61244
part01,219,/Users/kimsangmin/ammt_project/raw_original/registered_xct/part01/L0219.csv,5636,5636,0,-6.0,3.0,11.0,16.0,5636,5636,5636,1.0,1.0,1.0,0.5407327271114265,0.33583,0.61659
part01,220,/Users/kimsangmin/ammt_project/raw_original/registered_xct/part01/L0220.csv,5600,5600,0,-6.0,3.0,11.0,16.0,5600,5600,5600,1.0,1.0,1.0,0.5411962196428571,0.33963,0.61482
part01,221,/Users/kimsangmin/ammt_project/raw_original/registered_xct/part01/L0221.csv,5726,5726,0,-6.0,3.0,11.0,16.0,5726,5726,5726,1.0,1.0,1.0,0.5405739835836535,0.34153,0.61164
part01,222,/Users/kimsangmin/ammt_project/raw_original/registered_xct/part01/L0222.csv,5707,5707,0,-6.0,3.0,11.0,16.0,5707,5707,5707,1.0,1.0,1.0,0.5410691904678465,0.34501,0.61607
part01,223,/Users/kimsangmin/ammt_project/raw_original/registered_xct/part01/L0223.csv,5856,5856,0,-6.0,3.0,11.0,16.0,5856,5856,5856,1.0,1.0,1.0,0.5403037073087431,0.34678,0.62202
part01,224,/Users/kimsangmin/ammt_project/raw_original/registered_xct/part01/L0224.csv,5818,5818,0,-6.0,3.0,11.0,16.0,5818,5818,5818,1.0,1.0,1.0,0.5409239309040907,0.34802,0.62033
part01,225,/Users/kimsangmin/ammt_project/raw_original/registered_xct/part01/L0225.csv,6015,6015,0,-6.0,3.0,11.0,16.0,6015,6015,6015,1.0,1.0,1.0,0.5400737722360764,0.3492,0.61743
part01,226,/Users/kimsangmin/ammt_project/raw_original/registered_xct/part01/L0226.csv,6119,6119,0,-6.0,3.0,11.0,16.0,6119,6119,6119,1.0,1.0,1.0,0.5401956741297598,0.35039,0.62189
part01,227,/Users/kimsangmin/ammt_project/raw_original/registered_xct/part01/L0227.csv,6171,6171,0,-6.0,3.0,11.0,16.0,6171,6171,6171,1.0,1.0,1.0,0.540270978771674,0.34978,0.62059
part01,228,/Users/kimsangmin/ammt_project/raw_original/registered_xct/part01/L0228.csv,6119,6119,0,-6.0,3.0,11.0,16.0,6119,6119,6119,1.0,1.0,1.0,0.5408868589638829,0.34745,0.61732
part01,229,/Users/kimsangmin/ammt_project/raw_original/registered_xct/part01/L0229.csv,6202,6202,0,-6.0,3.0,11.0,16.0,6202,6202,6202,1.0,1.0,1.0,0.5405116446307644,0.34865,0.61809
part01,230,/Users/kimsangmin/ammt_project/raw_original/registered_xct/part01/L0230.csv,6159,6159,0,-6.0,3.0,11.0,16.0,6159,6159,6159,1.0,1.0,1.0,0.541267934729664,0.34871,0.61862
part01,231,/Users/kimsangmin/ammt_project/raw_original/registered_xct/part01/L0231.csv,6207,6207,0,-6.0,3.0,11.0,16.0,6207,6207,6207,1.0,1.0,1.0,0.5413493152891896,0.35049,0.62382
part01,232,/Users/kimsangmin/ammt_project/raw_original/registered_xct/part01/L0232.csv,6160,6160,0,-6.0,3.0,11.0,16.0,6160,6160,6160,1.0,1.0,1.0,0.5420388311688312,0.35076,0.62136
part01,233,/Users/kimsangmin/ammt_project/raw_original/registered_xct/part01/L0233.csv,6235,6235,0,-6.0,3.0,11.0,16.0,6235,6235,6235,1.0,1.0,1.0,0.5418128019246191,0.35226,0.6151
part01,234,/Users/kimsangmin/ammt_project/raw_original/registered_xct/part01/L0234.csv,6192,6192,0,-6.0,3.0,11.0,16.0,6192,6192,6192,1.0,1.0,1.0,0.5427485222868217,0.35724,0.62418
part01,235,/Users/kimsangmin/ammt_project/raw_original/registered_xct/part01/L0235.csv,6235,6235,0,-6.0,3.0,11.0,16.0,6235,6235,6235,1.0,1.0,1.0,0.5427718732959101,0.36889,0.62982
part01,236,/Users/kimsangmin/ammt_project/raw_original/registered_xct/part01/L0236.csv,6193,6193,0,-6.0,3.0,11.0,16.0,6193,6193,6193,1.0,1.0,1.0,0.5436183626675278,0.36919,0.62862
part01,237,/Users/kimsangmin/ammt_project/raw_original/registered_xct/part01/L0237.csv,6267,6267,0,-6.0,3.0,11.0,16.0,6267,6267,6267,1.0,1.0,1.0,0.5432860842508378,0.377,0.62729
part01,238,/Users/kimsangmin/ammt_project/raw_original/registered_xct/part01/L0238.csv,6229,6229,0,-6.0,3.0,11.0,16.0,6229,6229,6229,1.0,1.0,1.0,0.544493424305667,0.38426,0.63499
part01,239,/Users/kimsangmin/ammt_project/raw_original/registered_xct/part01/L0239.csv,6266,6266,0,-6.0,3.0,11.0,16.0,6266,6266,6266,1.0,1.0,1.0,0.5447179428662624,0.39376,0.63912
part01,240,/Users/kimsangmin/ammt_project/raw_original/registered_xct/part01/L0240.csv,6230,6230,0,-6.0,3.0,11.0,16.0,6230,6230,6230,1.0,1.0,1.0,0.5460098459069022,0.40281,0.63545
part01,241,/Users/kimsangmin/ammt_project/raw_original/registered_xct/part01/L0241.csv,6299,6299,0,-6.0,3.0,11.0,16.0,6299,6299,6299,1.0,1.0,1.0,0.5460447007461502,0.40574,0.63589
part01,242,/Users/kimsangmin/ammt_project/raw_original/registered_xct/part01/L0242.csv,6271,6271,0,-6.0,3.0,11.0,16.0,6271,6271,6271,1.0,1.0,1.0,0.547691663211609,0.40535,0.63803
part01,243,/Users/kimsangmin/ammt_project/raw_original/registered_xct/part01/L0243.csv,6302,6302,0,-6.0,3.0,11.0,16.0,6302,6302,6302,1.0,1.0,1.0,0.5482939654078071,0.40315,0.64089
part01,244,/Users/kimsangmin/ammt_project/raw_original/registered_xct/part01/L0244.csv,6271,6271,0,-6.0,3.0,11.0,16.0,6271,6271,6271,1.0,1.0,1.0,0.5501387258810397,0.40352,0.63594
part01,245,/Users/kimsangmin/ammt_project/raw_original/registered_xct/part01/L0245.csv,6331,6331,0,-6.0,3.0,11.0,16.0,6331,6331,6331,1.0,1.0,1.0,0.5502941336281788,0.40628,0.64693
part01,246,/Users/kimsangmin/ammt_project/raw_original/registered_xct/part01/L0246.csv,6267,6267,0,-6.0,3.0,11.0,16.0,6267,6267,6267,1.0,1.0,1.0,0.5523075426838998,0.40372,0.63825
part01,247,/Users/kimsangmin/ammt_project/raw_original/registered_xct/part01/L0247.csv,6330,6330,0,-6.0,3.0,11.0,16.0,6330,6330,6330,1.0,1.0,1.0,0.5507154565560821,0.3623,0.64546
part01,248,/Users/kimsangmin/ammt_project/raw_original/registered_xct/part01/L0248.csv,6303,6303,0,-6.0,3.0,11.0,16.0,6303,6303,6303,1.0,1.0,1.0,0.5465734951610345,0.27753,0.63528
part01,249,/Users/kimsangmin/ammt_project/raw_original/registered_xct/part01/L0249.csv,6363,6363,0,-6.0,3.0,11.0,16.0,6363,6363,6363,1.0,1.0,1.0,0.5321344475876159,0.24236,0.64633
part01,250,/Users/kimsangmin/ammt_project/raw_original/registered_xct/part01/L0250.csv,6304,6304,0,-6.0,3.0,11.0,16.0,6304,6304,6304,1.0,1.0,1.0,0.515092557106599,0.23777,0.63052
part02,1,/Users/kimsangmin/ammt_project/raw_original/registered_xct/part02/L0001.csv,5921,5921,0,-2.0,7.0,2.0,7.0,0,0,0,0.0,0.0,0.0,,,
part02,2,/Users/kimsangmin/ammt_project/raw_original/registered_xct/part02/L0002.csv,5969,5969,0,-2.0,7.0,2.0,7.0,0,0,0,0.0,0.0,0.0,,,
part02,3,/Users/kimsangmin/ammt_project/raw_original/registered_xct/part02/L0003.csv,6052,6052,0,-2.0,7.0,2.0,7.0,0,0,0,0.0,0.0,0.0,,,
part02,4,/Users/kimsangmin/ammt_project/raw_original/registered_xct/part02/L0004.csv,6082,6082,0,-2.0,7.0,2.0,7.0,0,0,0,0.0,0.0,0.0,,,
part02,5,/Users/kimsangmin/ammt_project/raw_original/registered_xct/part02/L0005.csv,6173,6173,0,-2.0,7.0,2.0,7.0,0,0,0,0.0,0.0,0.0,,,
part02,6,/Users/kimsangmin/ammt_project/raw_original/registered_xct/part02/L0006.csv,6190,6190,0,-2.0,7.0,2.0,7.0,0,0,0,0.0,0.0,0.0,,,
part02,7,/Users/kimsangmin/ammt_project/raw_original/registered_xct/part02/L0007.csv,6299,6299,0,-2.0,7.0,2.0,7.0,0,0,0,0.0,0.0,0.0,,,
part02,8,/Users/kimsangmin/ammt_project/raw_original/registered_xct/part02/L0008.csv,6303,6303,0,-2.0,7.0,2.0,7.0,0,0,0,0.0,0.0,0.0,,,
part02,9,/Users/kimsangmin/ammt_project/raw_original/registered_xct/part02/L0009.csv,6362,6362,0,-2.0,7.0,2.0,7.0,0,0,0,0.0,0.0,0.0,,,
part02,10,/Users/kimsangmin/ammt_project/raw_original/registered_xct/part02/L0010.csv,6303,6303,0,-2.0,7.0,2.0,7.0,0,0,0,0.0,0.0,0.0,,,
part02,11,/Users/kimsangmin/ammt_project/raw_original/registered_xct/part02/L0011.csv,6362,6362,0,-2.0,7.0,2.0,7.0,0,0,0,0.0,0.0,0.0,,,
part02,12,/Users/kimsangmin/ammt_project/raw_original/registered_xct/part02/L0012.csv,6303,6303,0,-2.0,7.0,2.0,7.0,0,0,0,0.0,0.0,0.0,,,
part02,13,/Users/kimsangmin/ammt_project/raw_original/registered_xct/part02/L0013.csv,6362,6362,0,-2.0,7.0,2.0,7.0,0,0,0,0.0,0.0,0.0,,,
part02,14,/Users/kimsangmin/ammt_project/raw_original/registered_xct/part02/L0014.csv,6308,6308,0,-2.0,7.0,2.0,7.0,0,0,0,0.0,0.0,0.0,,,
part02,15,/Users/kimsangmin/ammt_project/raw_original/registered_xct/part02/L0015.csv,6367,6367,0,-2.0,7.0,2.0,7.0,0,0,0,0.0,0.0,0.0,,,
part02,16,/Users/kimsangmin/ammt_project/raw_original/registered_xct/part02/L0016.csv,6308,6308,0,-2.0,7.0,2.0,7.0,0,0,0,0.0,0.0,0.0,,,
part02,17,/Users/kimsangmin/ammt_project/raw_original/registered_xct/part02/L0017.csv,6362,6362,0,-2.0,7.0,2.0,7.0,0,0,0,0.0,0.0,0.0,,,
part02,18,/Users/kimsangmin/ammt_project/raw_original/registered_xct/part02/L0018.csv,6303,6303,0,-2.0,7.0,2.0,7.0,0,0,0,0.0,0.0,0.0,,,
part02,19,/Users/kimsangmin/ammt_project/raw_original/registered_xct/part02/L0019.csv,6362,6362,0,-2.0,7.0,2.0,7.0,0,0,0,0.0,0.0,0.0,,,
part02,20,/Users/kimsangmin/ammt_project/raw_original/registered_xct/part02/L0020.csv,6303,6303,0,-2.0,7.0,2.0,7.0,6303,6303,6303,1.0,1.0,1.0,0.4910988703791845,0.22094,0.56394
part02,21,/Users/kimsangmin/ammt_project/raw_original/registered_xct/part02/L0021.csv,6362,6362,0,-2.0,7.0,2.0,7.0,6362,6362,6362,1.0,1.0,1.0,0.5148171282615529,0.23224,0.57955
part02,22,/Users/kimsangmin/ammt_project/raw_original/registered_xct/part02/L0022.csv,6303,6303,0,-2.0,7.0,2.0,7.0,6303,6303,6303,1.0,1.0,1.0,0.5377900999524036,0.25549,0.58553
part02,23,/Users/kimsangmin/ammt_project/raw_original/registered_xct/part02/L0023.csv,6362,6362,0,-2.0,7.0,2.0,7.0,6362,6362,6362,1.0,1.0,1.0,0.5454536592266582,0.28492,0.58432
part02,24,/Users/kimsangmin/ammt_project/raw_original/registered_xct/part02/L0024.csv,6303,6303,0,-2.0,7.0,2.0,7.0,6303,6303,6303,1.0,1.0,1.0,0.5507268062827225,0.30799,0.59824
part02,25,/Users/kimsangmin/ammt_project/raw_original/registered_xct/part02/L0025.csv,6362,6362,0,-2.0,7.0,2.0,7.0,6362,6362,6362,1.0,1.0,1.0,0.5477020276642565,0.32251,0.61821
part02,26,/Users/kimsangmin/ammt_project/raw_original/registered_xct/part02/L0026.csv,6308,6308,0,-2.0,7.0,2.0,7.0,6308,6308,6308,1.0,1.0,1.0,0.5476549429296133,0.32866,0.62371
part02,27,/Users/kimsangmin/ammt_project/raw_original/registered_xct/part02/L0027.csv,6212,6212,0,-2.0,7.0,2.0,7.0,6212,6212,6212,1.0,1.0,1.0,0.5477383918222795,0.33704,0.63481
part02,28,/Users/kimsangmin/ammt_project/raw_original/registered_xct/part02/L0028.csv,6043,6043,0,-2.0,7.0,2.0,7.0,6043,6043,6043,1.0,1.0,1.0,0.5501342247228198,0.34754,0.63023
part02,29,/Users/kimsangmin/ammt_project/raw_original/registered_xct/part02/L0029.csv,6079,6079,0,-2.0,7.0,2.0,7.0,6079,6079,6079,1.0,1.0,1.0,0.5482439496627735,0.35651,0.6312
part02,30,/Users/kimsangmin/ammt_project/raw_original/registered_xct/part02/L0030.csv,5928,5928,0,-2.0,7.0,2.0,7.0,5928,5928,5928,1.0,1.0,1.0,0.5500124173414305,0.3614,0.63048
part02,31,/Users/kimsangmin/ammt_project/raw_original/registered_xct/part02/L0031.csv,5950,5950,0,-2.0,7.0,2.0,7.0,5950,5950,5950,1.0,1.0,1.0,0.5489478117647059,0.36147,0.64025
part02,32,/Users/kimsangmin/ammt_project/raw_original/registered_xct/part02/L0032.csv,5818,5818,0,-2.0,7.0,2.0,7.0,5818,5818,5818,1.0,1.0,1.0,0.5500578343073221,0.35881,0.6344
part02,33,/Users/kimsangmin/ammt_project/raw_original/registered_xct/part02/L0033.csv,5887,5887,0,-2.0,7.0,2.0,7.0,5887,5887,5887,1.0,1.0,1.0,0.5482769712926787,0.35578,0.63476
part02,34,/Users/kimsangmin/ammt_project/raw_original/registered_xct/part02/L0034.csv,5744,5744,0,-2.0,7.0,2.0,7.0,5744,5744,5744,1.0,1.0,1.0,0.5491970908774373,0.34894,0.6331
part02,35,/Users/kimsangmin/ammt_project/raw_original/registered_xct/part02/L0035.csv,5759,5759,0,-2.0,7.0,2.0,7.0,5759,5759,5759,1.0,1.0,1.0,0.5484572859871505,0.34602,0.64024
part02,36,/Users/kimsangmin/ammt_project/raw_original/registered_xct/part02/L0036.csv,5670,5670,0,-2.0,7.0,2.0,7.0,5670,5670,5670,1.0,1.0,1.0,0.5489953121693122,0.34795,0.63668
part02,37,/Users/kimsangmin/ammt_project/raw_original/registered_xct/part02/L0037.csv,5695,5695,0,-2.0,7.0,2.0,7.0,5695,5695,5695,1.0,1.0,1.0,0.5479762124670764,0.34612,0.63456
part02,38,/Users/kimsangmin/ammt_project/raw_original/registered_xct/part02/L0038.csv,5600,5600,0,-2.0,7.0,2.0,7.0,5600,5600,5600,1.0,1.0,1.0,0.5479485839285714,0.34437,0.63333
part02,39,/Users/kimsangmin/ammt_project/raw_original/registered_xct/part02/L0039.csv,5635,5635,0,-2.0,7.0,2.0,7.0,5635,5635,5635,1.0,1.0,1.0,0.5476652990239574,0.3442,0.6397
part02,40,/Users/kimsangmin/ammt_project/raw_original/registered_xct/part02/L0040.csv,5562,5562,0,-2.0,7.0,2.0,7.0,5562,5562,5562,1.0,1.0,1.0,0.5478780133045668,0.34596,0.63467
part02,41,/Users/kimsangmin/ammt_project/raw_original/registered_xct/part02/L0041.csv,5632,5632,0,-2.0,7.0,2.0,7.0,5632,5632,5632,1.0,1.0,1.0,0.547080935724432,0.34965,0.63626
part02,42,/Users/kimsangmin/ammt_project/raw_original/registered_xct/part02/L0042.csv,5521,5521,0,-2.0,7.0,2.0,7.0,5521,5521,5521,1.0,1.0,1.0,0.5473543723963049,0.35363,0.63407
part02,43,/Users/kimsangmin/ammt_project/raw_original/registered_xct/part02/L0043.csv,5567,5567,0,-2.0,7.0,2.0,7.0,5567,5567,5567,1.0,1.0,1.0,0.5469732405245196,0.35607,0.63633
part02,44,/Users/kimsangmin/ammt_project/raw_original/registered_xct/part02/L0044.csv,5448,5448,0,-2.0,7.0,2.0,7.0,5448,5448,5448,1.0,1.0,1.0,0.5470423292951542,0.35538,0.63305
part02,45,/Users/kimsangmin/ammt_project/raw_original/registered_xct/part02/L0045.csv,5503,5503,0,-2.0,7.0,2.0,7.0,5503,5503,5503,1.0,1.0,1.0,0.5463599018717064,0.35248,0.63199
part02,46,/Users/kimsangmin/ammt_project/raw_original/registered_xct/part02/L0046.csv,5410,5410,0,-2.0,7.0,2.0,7.0,5410,5410,5410,1.0,1.0,1.0,0.5459971386321626,0.34934,0.63132
part02,47,/Users/kimsangmin/ammt_project/raw_original/registered_xct/part02/L0047.csv,5440,5440,0,-2.0,7.0,2.0,7.0,5440,5440,5440,1.0,1.0,1.0,0.5450401709558824,0.34912,0.63147
part02,48,/Users/kimsangmin/ammt_project/raw_original/registered_xct/part02/L0048.csv,5372,5372,0,-2.0,7.0,2.0,7.0,5372,5372,5372,1.0,1.0,1.0,0.5430996146686522,0.35353,0.62886
part02,49,/Users/kimsangmin/ammt_project/raw_original/registered_xct/part02/L0049.csv,5439,5439,0,-2.0,7.0,2.0,7.0,5439,5439,5439,1.0,1.0,1.0,0.5388420996506711,0.36011,0.62893
part02,50,/Users/kimsangmin/ammt_project/raw_original/registered_xct/part02/L0050.csv,5340,5340,0,-2.0,7.0,2.0,7.0,5340,5340,5340,1.0,1.0,1.0,0.5339596441947566,0.36491,0.6256
part02,51,/Users/kimsangmin/ammt_project/raw_original/registered_xct/part02/L0051.csv,3781,3781,0,-2.0,7.0,2.0,7.0,3781,3781,3781,1.0,1.0,1.0,0.5464249880983867,0.36512,0.62873
part02,52,/Users/kimsangmin/ammt_project/raw_original/registered_xct/part02/L0052.csv,3684,3684,0,-2.0,7.0,2.0,7.0,3684,3684,3684,1.0,1.0,1.0,0.5469240553745928,0.36054,0.62038
part02,53,/Users/kimsangmin/ammt_project/raw_original/registered_xct/part02/L0053.csv,3808,3808,0,-2.0,7.0,2.0,7.0,3808,3808,3808,1.0,1.0,1.0,0.5457710766806723,0.35334,0.62126
part02,54,/Users/kimsangmin/ammt_project/raw_original/registered_xct/part02/L0054.csv,3678,3678,0,-2.0,7.0,2.0,7.0,3678,3678,3678,1.0,1.0,1.0,0.5465453153887982,0.34685,0.61641
part02,55,/Users/kimsangmin/ammt_project/raw_original/registered_xct/part02/L0055.csv,3745,3745,0,-2.0,7.0,2.0,7.0,3745,3745,3745,1.0,1.0,1.0,0.5460445313751668,0.3437,0.62388
part02,56,/Users/kimsangmin/ammt_project/raw_original/registered_xct/part02/L0056.csv,3640,3640,0,-2.0,7.0,2.0,7.0,3640,3640,3640,1.0,1.0,1.0,0.5461621648351648,0.34462,0.61989
part02,57,/Users/kimsangmin/ammt_project/raw_original/registered_xct/part02/L0057.csv,3776,3776,0,-2.0,7.0,2.0,7.0,3776,3776,3776,1.0,1.0,1.0,0.5451788585805085,0.34848,0.62076
part02,58,/Users/kimsangmin/ammt_project/raw_original/registered_xct/part02/L0058.csv,3678,3678,0,-2.0,7.0,2.0,7.0,3678,3678,3678,1.0,1.0,1.0,0.545547139749864,0.35334,0.61859
part02,59,/Users/kimsangmin/ammt_project/raw_original/registered_xct/part02/L0059.csv,3712,3712,0,-2.0,7.0,2.0,7.0,3712,3712,3712,1.0,1.0,1.0,0.545075072737069,0.35821,0.62583
part02,60,/Users/kimsangmin/ammt_project/raw_original/registered_xct/part02/L0060.csv,3605,3605,0,-2.0,7.0,2.0,7.0,3605,3605,3605,1.0,1.0,1.0,0.5448964327323161,0.36274,0.6259
part02,61,/Users/kimsangmin/ammt_project/raw_original/registered_xct/part02/L0061.csv,3743,3743,0,-2.0,7.0,2.0,7.0,3743,3743,3743,1.0,1.0,1.0,0.5439665348650815,0.36591,0.62248
part02,62,/Users/kimsangmin/ammt_project/raw_original/registered_xct/part02/L0062.csv,3647,3647,0,-2.0,7.0,2.0,7.0,3647,3647,3647,1.0,1.0,1.0,0.5442355442829723,0.36655,0.61827
part02,63,/Users/kimsangmin/ammt_project/raw_original/registered_xct/part02/L0063.csv,3684,3684,0,-2.0,7.0,2.0,7.0,3684,3684,3684,1.0,1.0,1.0,0.5439342155266015,0.36488,0.62171
part02,64,/Users/kimsangmin/ammt_project/raw_original/registered_xct/part02/L0064.csv,3646,3646,0,-2.0,7.0,2.0,7.0,3646,3646,3646,1.0,1.0,1.0,0.5438007323093802,0.36108,0.62553
part02,65,/Users/kimsangmin/ammt_project/raw_original/registered_xct/part02/L0065.csv,3713,3713,0,-2.0,7.0,2.0,7.0,3713,3713,3713,1.0,1.0,1.0,0.543286415297603,0.35543,0.62155
part02,66,/Users/kimsangmin/ammt_project/raw_original/registered_xct/part02/L0066.csv,3606,3606,0,-2.0,7.0,2.0,7.0,3606,3606,3606,1.0,1.0,1.0,0.5432270687742651,0.34957,0.61892
part02,67,/Users/kimsangmin/ammt_project/raw_original/registered_xct/part02/L0067.csv,3710,3710,0,-2.0,7.0,2.0,7.0,3710,3710,3710,1.0,1.0,1.0,0.5430881159029649,0.34539,0.62007
part02,68,/Users/kimsangmin/ammt_project/raw_original/registered_xct/part02/L0068.csv,3604,3604,0,-2.0,7.0,2.0,7.0,3604,3604,3604,1.0,1.0,1.0,0.5429562624861265,0.34343,0.62544
part02,69,/Users/kimsangmin/ammt_project/raw_original/registered_xct/part02/L0069.csv,3680,3680,0,-2.0,7.0,2.0,7.0,3680,3680,3680,1.0,1.0,1.0,0.5424327173913044,0.34347,0.6257
part02,70,/Users/kimsangmin/ammt_project/raw_original/registered_xct/part02/L0070.csv,3643,3643,0,-2.0,7.0,2.0,7.0,3643,3643,3643,1.0,1.0,1.0,0.5423698984353555,0.34532,0.62574
part02,71,/Users/kimsangmin/ammt_project/raw_original/registered_xct/part02/L0071.csv,3681,3681,0,-2.0,7.0,2.0,7.0,3681,3681,3681,1.0,1.0,1.0,0.5421675305623471,0.34837,0.62166
part02,72,/Users/kimsangmin/ammt_project/raw_original/registered_xct/part02/L0072.csv,3606,3606,0,-2.0,7.0,2.0,7.0,3606,3606,3606,1.0,1.0,1.0,0.5418714947310038,0.35197,0.62782
part02,73,/Users/kimsangmin/ammt_project/raw_original/registered_xct/part02/L0073.csv,3711,3711,0,-2.0,7.0,2.0,7.0,3711,3711,3711,1.0,1.0,1.0,0.5413927270277553,0.35616,0.62718
part02,74,/Users/kimsangmin/ammt_project/raw_original/registered_xct/part02/L0074.csv,3572,3572,0,-2.0,7.0,2.0,7.0,3572,3572,3572,1.0,1.0,1.0,0.5413530571108622,0.36047,0.62226
part02,75,/Users/kimsangmin/ammt_project/raw_original/registered_xct/part02/L0075.csv,3653,3653,0,-2.0,7.0,2.0,7.0,3653,3653,3653,1.0,1.0,1.0,0.5415091130577607,0.36364,0.62036
part02,76,/Users/kimsangmin/ammt_project/raw_original/registered_xct/part02/L0076.csv,3610,3610,0,-2.0,7.0,2.0,7.0,3610,3610,3610,1.0,1.0,1.0,0.5410257257617729,0.36452,0.62554
part02,77,/Users/kimsangmin/ammt_project/raw_original/registered_xct/part02/L0077.csv,3679,3679,0,-2.0,7.0,2.0,7.0,3679,3679,3679,1.0,1.0,1.0,0.5412510655069313,0.36282,0.62403
part02,78,/Users/kimsangmin/ammt_project/raw_original/registered_xct/part02/L0078.csv,3607,3607,0,-2.0,7.0,2.0,7.0,3607,3607,3607,1.0,1.0,1.0,0.541111652342667,0.3589,0.62181
part02,79,/Users/kimsangmin/ammt_project/raw_original/registered_xct/part02/L0079.csv,3681,3681,0,-2.0,7.0,2.0,7.0,3681,3681,3681,1.0,1.0,1.0,0.5412532409671286,0.35433,0.61736
part02,80,/Users/kimsangmin/ammt_project/raw_original/registered_xct/part02/L0080.csv,3570,3570,0,-2.0,7.0,2.0,7.0,3570,3570,3570,1.0,1.0,1.0,0.5405982352941177,0.35068,0.62296
part02,81,/Users/kimsangmin/ammt_project/raw_original/registered_xct/part02/L0081.csv,3646,3646,0,-2.0,7.0,2.0,7.0,3646,3646,3646,1.0,1.0,1.0,0.5403598272078991,0.34803,0.62526
part02,82,/Users/kimsangmin/ammt_project/raw_original/registered_xct/part02/L0082.csv,3568,3568,0,-2.0,7.0,2.0,7.0,3568,3568,3568,1.0,1.0,1.0,0.5400390639013453,0.34573,0.62296
part02,83,/Users/kimsangmin/ammt_project/raw_original/registered_xct/part02/L0083.csv,3648,3648,0,-2.0,7.0,2.0,7.0,3648,3648,3648,1.0,1.0,1.0,0.5401929934210526,0.34376,0.62327
part02,84,/Users/kimsangmin/ammt_project/raw_original/registered_xct/part02/L0084.csv,3569,3569,0,-2.0,7.0,2.0,7.0,3569,3569,3569,1.0,1.0,1.0,0.5395164583917064,0.34276,0.62541
part02,85,/Users/kimsangmin/ammt_project/raw_original/registered_xct/part02/L0085.csv,3679,3679,0,-2.0,7.0,2.0,7.0,3679,3679,3679,1.0,1.0,1.0,0.5391751889100299,0.34381,0.62678
part02,86,/Users/kimsangmin/ammt_project/raw_original/registered_xct/part02/L0086.csv,3610,3610,0,-2.0,7.0,2.0,7.0,3610,3610,3610,1.0,1.0,1.0,0.5389055124653739,0.34706,0.6197
part02,87,/Users/kimsangmin/ammt_project/raw_original/registered_xct/part02/L0087.csv,3684,3684,0,-2.0,7.0,2.0,7.0,3684,3684,3684,1.0,1.0,1.0,0.5390784201954397,0.35066,0.62064
part02,88,/Users/kimsangmin/ammt_project/raw_original/registered_xct/part02/L0088.csv,3575,3575,0,-2.0,7.0,2.0,7.0,3575,3575,3575,1.0,1.0,1.0,0.5386432195804196,0.35253,0.62453
part02,89,/Users/kimsangmin/ammt_project/raw_original/registered_xct/part02/L0089.csv,3713,3713,0,-2.0,7.0,2.0,7.0,3713,3713,3713,1.0,1.0,1.0,0.5384849798007002,0.35193,0.62268
part02,90,/Users/kimsangmin/ammt_project/raw_original/registered_xct/part02/L0090.csv,3607,3607,0,-2.0,7.0,2.0,7.0,3607,3607,3607,1.0,1.0,1.0,0.5385910285555863,0.34878,0.61453
part02,91,/Users/kimsangmin/ammt_project/raw_original/registered_xct/part02/L0091.csv,3649,3649,0,-2.0,7.0,2.0,7.0,3649,3649,3649,1.0,1.0,1.0,0.5387273965469992,0.34394,0.61714
part02,92,/Users/kimsangmin/ammt_project/raw_original/registered_xct/part02/L0092.csv,3569,3569,0,-2.0,7.0,2.0,7.0,3569,3569,3569,1.0,1.0,1.0,0.5380188512188289,0.33927,0.61788
part02,93,/Users/kimsangmin/ammt_project/raw_original/registered_xct/part02/L0093.csv,3679,3679,0,-2.0,7.0,2.0,7.0,3679,3679,3679,1.0,1.0,1.0,0.5378746316933949,0.33578,0.61607
part02,94,/Users/kimsangmin/ammt_project/raw_original/registered_xct/part02/L0094.csv,3607,3607,0,-2.0,7.0,2.0,7.0,3607,3607,3607,1.0,1.0,1.0,0.5373260964790685,0.33347,0.61506
part02,95,/Users/kimsangmin/ammt_project/raw_original/registered_xct/part02/L0095.csv,3679,3679,0,-2.0,7.0,2.0,7.0,3679,3679,3679,1.0,1.0,1.0,0.5375906115792335,0.33255,0.60942
part02,96,/Users/kimsangmin/ammt_project/raw_original/registered_xct/part02/L0096.csv,3608,3608,0,-2.0,7.0,2.0,7.0,3608,3608,3608,1.0,1.0,1.0,0.5369586141906874,0.33349,0.61611
part02,97,/Users/kimsangmin/ammt_project/raw_original/registered_xct/part02/L0097.csv,3712,3712,0,-2.0,7.0,2.0,7.0,3712,3712,3712,1.0,1.0,1.0,0.5369318723060345,0.33615,0.61826
part02,98,/Users/kimsangmin/ammt_project/raw_original/registered_xct/part02/L0098.csv,3651,3651,0,-2.0,7.0,2.0,7.0,3651,3651,3651,1.0,1.0,1.0,0.536784883593536,0.33948,0.61443
part02,99,/Users/kimsangmin/ammt_project/raw_original/registered_xct/part02/L0099.csv,3715,3715,0,-2.0,7.0,2.0,7.0,3715,3715,3715,1.0,1.0,1.0,0.5373344387617766,0.34226,0.61499
part02,100,/Users/kimsangmin/ammt_project/raw_original/registered_xct/part02/L0100.csv,3650,3650,0,-2.0,7.0,2.0,7.0,3650,3650,3650,1.0,1.0,1.0,0.5367201808219177,0.34362,0.61824
part02,101,/Users/kimsangmin/ammt_project/raw_original/registered_xct/part02/L0101.csv,3745,3745,0,-2.0,7.0,2.0,7.0,3745,3745,3745,1.0,1.0,1.0,0.5371789692923898,0.3428,0.61636
part02,102,/Users/kimsangmin/ammt_project/raw_original/registered_xct/part02/L0102.csv,3647,3647,0,-2.0,7.0,2.0,7.0,3647,3647,3647,1.0,1.0,1.0,0.5367650370167261,0.34002,0.60888
part02,103,/Users/kimsangmin/ammt_project/raw_original/registered_xct/part02/L0103.csv,3680,3680,0,-2.0,7.0,2.0,7.0,3680,3680,3680,1.0,1.0,1.0,0.5374417065217392,0.33634,0.61226
part02,104,/Users/kimsangmin/ammt_project/raw_original/registered_xct/part02/L0104.csv,3647,3647,0,-2.0,7.0,2.0,7.0,3647,3647,3647,1.0,1.0,1.0,0.5362840882917467,0.33323,0.6117
part02,105,/Users/kimsangmin/ammt_project/raw_original/registered_xct/part02/L0105.csv,3713,3713,0,-2.0,7.0,2.0,7.0,3713,3713,3713,1.0,1.0,1.0,0.5364949259359009,0.33293,0.60935
part02,106,/Users/kimsangmin/ammt_project/raw_original/registered_xct/part02/L0106.csv,3647,3647,0,-2.0,7.0,2.0,7.0,3647,3647,3647,1.0,1.0,1.0,0.5357406525911709,0.33849,0.60918
part02,107,/Users/kimsangmin/ammt_project/raw_original/registered_xct/part02/L0107.csv,3713,3713,0,-2.0,7.0,2.0,7.0,3713,3713,3713,1.0,1.0,1.0,0.5362222865607326,0.34959,0.60864
part02,108,/Users/kimsangmin/ammt_project/raw_original/registered_xct/part02/L0108.csv,3645,3645,0,-2.0,7.0,2.0,7.0,3645,3645,3645,1.0,1.0,1.0,0.535602353909465,0.3623,0.60647
part02,109,/Users/kimsangmin/ammt_project/raw_original/registered_xct/part02/L0109.csv,3743,3743,0,-2.0,7.0,2.0,7.0,3743,3743,3743,1.0,1.0,1.0,0.5355815442158697,0.36693,0.60536
part02,110,/Users/kimsangmin/ammt_project/raw_original/registered_xct/part02/L0110.csv,3651,3651,0,-2.0,7.0,2.0,7.0,3651,3651,3651,1.0,1.0,1.0,0.5351804902766365,0.37308,0.60826
part02,111,/Users/kimsangmin/ammt_project/raw_original/registered_xct/part02/L0111.csv,3748,3748,0,-2.0,7.0,2.0,7.0,3748,3748,3748,1.0,1.0,1.0,0.5356125426894344,0.37175,0.59974
part02,112,/Users/kimsangmin/ammt_project/raw_original/registered_xct/part02/L0112.csv,3650,3650,0,-2.0,7.0,2.0,7.0,3650,3650,3650,1.0,1.0,1.0,0.5350502109589041,0.36693,0.60616
part02,113,/Users/kimsangmin/ammt_project/raw_original/registered_xct/part02/L0113.csv,3775,3775,0,-2.0,7.0,2.0,7.0,3775,3775,3775,1.0,1.0,1.0,0.5352206251655629,0.36057,0.60643
part02,114,/Users/kimsangmin/ammt_project/raw_original/registered_xct/part02/L0114.csv,3685,3685,0,-2.0,7.0,2.0,7.0,3685,3685,3685,1.0,1.0,1.0,0.534911487109905,0.35821,0.60719
part02,115,/Users/kimsangmin/ammt_project/raw_original/registered_xct/part02/L0115.csv,3776,3776,0,-2.0,7.0,2.0,7.0,3776,3776,3776,1.0,1.0,1.0,0.535186967690678,0.3597,0.60632
part02,116,/Users/kimsangmin/ammt_project/raw_original/registered_xct/part02/L0116.csv,3685,3685,0,-2.0,7.0,2.0,7.0,3685,3685,3685,1.0,1.0,1.0,0.534557750339213,0.36293,0.60411
part02,117,/Users/kimsangmin/ammt_project/raw_original/registered_xct/part02/L0117.csv,3807,3807,0,-2.0,7.0,2.0,7.0,3807,3807,3807,1.0,1.0,1.0,0.5347151352771211,0.36627,0.60727
part02,118,/Users/kimsangmin/ammt_project/raw_original/registered_xct/part02/L0118.csv,3723,3723,0,-2.0,7.0,2.0,7.0,3723,3723,3723,1.0,1.0,1.0,0.5344339269406393,0.36816,0.60494
part02,119,/Users/kimsangmin/ammt_project/raw_original/registered_xct/part02/L0119.csv,3808,3808,0,-2.0,7.0,2.0,7.0,3808,3808,3808,1.0,1.0,1.0,0.5348166649159665,0.3681,0.60432
part02,120,/Users/kimsangmin/ammt_project/raw_original/registered_xct/part02/L0120.csv,3723,3723,0,-2.0,7.0,2.0,7.0,3723,3723,3723,1.0,1.0,1.0,0.5343226994359388,0.36463,0.60489
part02,121,/Users/kimsangmin/ammt_project/raw_original/registered_xct/part02/L0121.csv,3839,3839,0,-2.0,7.0,2.0,7.0,3839,3839,3839,1.0,1.0,1.0,0.5346743839541547,0.35863,0.60842
part02,122,/Users/kimsangmin/ammt_project/raw_original/registered_xct/part02/L0122.csv,3765,3765,0,-2.0,7.0,2.0,7.0,3765,3765,3765,1.0,1.0,1.0,0.5343489694555114,0.35712,0.60529
part02,123,/Users/kimsangmin/ammt_project/raw_original/registered_xct/part02/L0123.csv,3845,3845,0,-2.0,7.0,2.0,7.0,3845,3845,3845,1.0,1.0,1.0,0.5347629752925878,0.3621,0.60282
part02,124,/Users/kimsangmin/ammt_project/raw_original/registered_xct/part02/L0124.csv,3766,3766,0,-2.0,7.0,2.0,7.0,3766,3766,3766,1.0,1.0,1.0,0.5340020844397239,0.36058,0.60446
part02,125,/Users/kimsangmin/ammt_project/raw_original/registered_xct/part02/L0125.csv,3872,3872,0,-2.0,7.0,2.0,7.0,3872,3872,3872,1.0,1.0,1.0,0.5346393465909091,0.35909,0.60664
part02,126,/Users/kimsangmin/ammt_project/raw_original/registered_xct/part02/L0126.csv,3798,3798,0,-2.0,7.0,2.0,7.0,3798,3798,3798,1.0,1.0,1.0,0.5342061348077936,0.35824,0.60244
part02,127,/Users/kimsangmin/ammt_project/raw_original/registered_xct/part02/L0127.csv,3872,3872,0,-2.0,7.0,2.0,7.0,3872,3872,3872,1.0,1.0,1.0,0.5348319369834712,0.359,0.59322
part02,128,/Users/kimsangmin/ammt_project/raw_original/registered_xct/part02/L0128.csv,3799,3799,0,-2.0,7.0,2.0,7.0,3799,3799,3799,1.0,1.0,1.0,0.5340535272440116,0.36268,0.59971
part02,129,/Users/kimsangmin/ammt_project/raw_original/registered_xct/part02/L0129.csv,3904,3904,0,-2.0,7.0,2.0,7.0,3904,3904,3904,1.0,1.0,1.0,0.5346966214139344,0.36279,0.59885
part02,130,/Users/kimsangmin/ammt_project/raw_original/registered_xct/part02/L0130.csv,3798,3798,0,-2.0,7.0,2.0,7.0,3798,3798,3798,1.0,1.0,1.0,0.5342143575566087,0.36505,0.59964
part02,131,/Users/kimsangmin/ammt_project/raw_original/registered_xct/part02/L0131.csv,3903,3903,0,-2.0,7.0,2.0,7.0,3903,3903,3903,1.0,1.0,1.0,0.5347555982577504,0.36952,0.59212
part02,132,/Users/kimsangmin/ammt_project/raw_original/registered_xct/part02/L0132.csv,3837,3837,0,-2.0,7.0,2.0,7.0,3837,3837,3837,1.0,1.0,1.0,0.5340626922074537,0.37127,0.59544
part02,133,/Users/kimsangmin/ammt_project/raw_original/registered_xct/part02/L0133.csv,3936,3936,0,-2.0,7.0,2.0,7.0,3936,3936,3936,1.0,1.0,1.0,0.5346319435975609,0.3736,0.59675
part02,134,/Users/kimsangmin/ammt_project/raw_original/registered_xct/part02/L0134.csv,3842,3842,0,-2.0,7.0,2.0,7.0,3842,3842,3842,1.0,1.0,1.0,0.5342644846434149,0.37528,0.59593
part02,135,/Users/kimsangmin/ammt_project/raw_original/registered_xct/part02/L0135.csv,3939,3939,0,-2.0,7.0,2.0,7.0,3939,3939,3939,1.0,1.0,1.0,0.5349976846915461,0.37563,0.59169
part02,136,/Users/kimsangmin/ammt_project/raw_original/registered_xct/part02/L0136.csv,3879,3879,0,-2.0,7.0,2.0,7.0,3879,3879,3879,1.0,1.0,1.0,0.5343138540861047,0.37457,0.59633
part02,137,/Users/kimsangmin/ammt_project/raw_original/registered_xct/part02/L0137.csv,3968,3968,0,-2.0,7.0,2.0,7.0,3968,3968,3968,1.0,1.0,1.0,0.5348412172379033,0.37188,0.59747
part02,138,/Users/kimsangmin/ammt_project/raw_original/registered_xct/part02/L0138.csv,3875,3875,0,-2.0,7.0,2.0,7.0,3875,3875,3875,1.0,1.0,1.0,0.5344139638709678,0.36874,0.59438
part02,139,/Users/kimsangmin/ammt_project/raw_original/registered_xct/part02/L0139.csv,3967,3967,0,-2.0,7.0,2.0,7.0,3967,3967,3967,1.0,1.0,1.0,0.5349792992185531,0.36704,0.58983
part02,140,/Users/kimsangmin/ammt_project/raw_original/registered_xct/part02/L0140.csv,3874,3874,0,-2.0,7.0,2.0,7.0,3874,3874,3874,1.0,1.0,1.0,0.5344131466184822,0.35639,0.59253
part02,141,/Users/kimsangmin/ammt_project/raw_original/registered_xct/part02/L0141.csv,3999,3999,0,-2.0,7.0,2.0,7.0,3999,3999,3999,1.0,1.0,1.0,0.5350577544386097,0.35154,0.59266
part02,142,/Users/kimsangmin/ammt_project/raw_original/registered_xct/part02/L0142.csv,3912,3912,0,-2.0,7.0,2.0,7.0,3912,3912,3912,1.0,1.0,1.0,0.5348586963190184,0.35287,0.59144
part02,143,/Users/kimsangmin/ammt_project/raw_original/registered_xct/part02/L0143.csv,3999,3999,0,-2.0,7.0,2.0,7.0,3999,3999,3999,1.0,1.0,1.0,0.5357951712928232,0.35806,0.58767
part02,144,/Users/kimsangmin/ammt_project/raw_original/registered_xct/part02/L0144.csv,3911,3911,0,-2.0,7.0,2.0,7.0,3911,3911,3911,1.0,1.0,1.0,0.5352873075939656,0.3646,0.58859
part02,145,/Users/kimsangmin/ammt_project/raw_original/registered_xct/part02/L0145.csv,4033,4033,0,-2.0,7.0,2.0,7.0,4033,4033,4033,1.0,1.0,1.0,0.5361156112075379,0.36526,0.59278
part02,146,/Users/kimsangmin/ammt_project/raw_original/registered_xct/part02/L0146.csv,3993,3993,0,-2.0,7.0,2.0,7.0,3993,3993,3993,1.0,1.0,1.0,0.5354128575006262,0.36211,0.59373
part02,147,/Users/kimsangmin/ammt_project/raw_original/registered_xct/part02/L0147.csv,4037,4037,0,-2.0,7.0,2.0,7.0,4037,4037,4037,1.0,1.0,1.0,0.5364426901164231,0.36097,0.59312
part02,148,/Users/kimsangmin/ammt_project/raw_original/registered_xct/part02/L0148.csv,3993,3993,0,-2.0,7.0,2.0,7.0,3993,3993,3993,1.0,1.0,1.0,0.5355132682193838,0.36128,0.59304
part02,149,/Users/kimsangmin/ammt_project/raw_original/registered_xct/part02/L0149.csv,4064,4064,0,-2.0,7.0,2.0,7.0,4064,4064,4064,1.0,1.0,1.0,0.5364296948818899,0.36198,0.59435
part02,150,/Users/kimsangmin/ammt_project/raw_original/registered_xct/part02/L0150.csv,4065,4065,0,-2.0,7.0,2.0,7.0,4065,4065,4065,1.0,1.0,1.0,0.5356196482164821,0.36111,0.58949
part02,151,/Users/kimsangmin/ammt_project/raw_original/registered_xct/part02/L0151.csv,4129,4129,0,-2.0,7.0,2.0,7.0,4129,4129,4129,1.0,1.0,1.0,0.5362456236376847,0.35835,0.58709
part02,152,/Users/kimsangmin/ammt_project/raw_original/registered_xct/part02/L0152.csv,4064,4064,0,-2.0,7.0,2.0,7.0,4064,4064,4064,1.0,1.0,1.0,0.5354488361220471,0.35618,0.59082
part02,153,/Users/kimsangmin/ammt_project/raw_original/registered_xct/part02/L0153.csv,4159,4159,0,-2.0,7.0,2.0,7.0,4159,4159,4159,1.0,1.0,1.0,0.5360608583794181,0.35446,0.59138
part02,154,/Users/kimsangmin/ammt_project/raw_original/registered_xct/part02/L0154.csv,4102,4102,0,-2.0,7.0,2.0,7.0,4102,4102,4102,1.0,1.0,1.0,0.5355836738176498,0.35398,0.58655
part02,155,/Users/kimsangmin/ammt_project/raw_original/registered_xct/part02/L0155.csv,4160,4160,0,-2.0,7.0,2.0,7.0,4160,4160,4160,1.0,1.0,1.0,0.5363281634615384,0.35513,0.58499
part02,156,/Users/kimsangmin/ammt_project/raw_original/registered_xct/part02/L0156.csv,4102,4102,0,-2.0,7.0,2.0,7.0,4102,4102,4102,1.0,1.0,1.0,0.535784709897611,0.35687,0.58737
part02,157,/Users/kimsangmin/ammt_project/raw_original/registered_xct/part02/L0157.csv,4191,4191,0,-2.0,7.0,2.0,7.0,4191,4191,4191,1.0,1.0,1.0,0.5366767907420663,0.35804,0.58881
part02,158,/Users/kimsangmin/ammt_project/raw_original/registered_xct/part02/L0158.csv,4143,4143,0,-2.0,7.0,2.0,7.0,4143,4143,4143,1.0,1.0,1.0,0.5361925681873039,0.35812,0.58495
part02,159,/Users/kimsangmin/ammt_project/raw_original/registered_xct/part02/L0159.csv,4195,4195,0,-2.0,7.0,2.0,7.0,4195,4195,4195,1.0,1.0,1.0,0.5372124910607866,0.35719,0.58463
part02,160,/Users/kimsangmin/ammt_project/raw_original/registered_xct/part02/L0160.csv,4143,4143,0,-2.0,7.0,2.0,7.0,4143,4143,4143,1.0,1.0,1.0,0.5363105696355298,0.35659,0.58499
part02,161,/Users/kimsangmin/ammt_project/raw_original/registered_xct/part02/L0161.csv,4225,4225,0,-2.0,7.0,2.0,7.0,4225,4225,4225,1.0,1.0,1.0,0.5372421065088757,0.35799,0.5878
part02,162,/Users/kimsangmin/ammt_project/raw_original/registered_xct/part02/L0162.csv,4177,4177,0,-2.0,7.0,2.0,7.0,4177,4177,4177,1.0,1.0,1.0,0.5366297677759158,0.36056,0.58668
part02,163,/Users/kimsangmin/ammt_project/raw_original/registered_xct/part02/L0163.csv,4289,4289,0,-2.0,7.0,2.0,7.0,4289,4289,4289,1.0,1.0,1.0,0.537136246211238,0.35782,0.58438
part02,164,/Users/kimsangmin/ammt_project/raw_original/registered_xct/part02/L0164.csv,4217,4217,0,-2.0,7.0,2.0,7.0,4217,4217,4217,1.0,1.0,1.0,0.5365646431112164,0.35647,0.58365
part02,165,/Users/kimsangmin/ammt_project/raw_original/registered_xct/part02/L0165.csv,4320,4320,0,-2.0,7.0,2.0,7.0,4320,4320,4320,1.0,1.0,1.0,0.5372307013888888,0.35634,0.58611
part02,166,/Users/kimsangmin/ammt_project/raw_original/registered_xct/part02/L0166.csv,4252,4252,0,-2.0,7.0,2.0,7.0,4252,4252,4252,1.0,1.0,1.0,0.5369733207902163,0.35683,0.58516
part02,167,/Users/kimsangmin/ammt_project/raw_original/registered_xct/part02/L0167.csv,4319,4319,0,-2.0,7.0,2.0,7.0,4319,4319,4319,1.0,1.0,1.0,0.5378449849502199,0.35578,0.58386
part02,168,/Users/kimsangmin/ammt_project/raw_original/registered_xct/part02/L0168.csv,4253,4253,0,-2.0,7.0,2.0,7.0,4253,4253,4253,1.0,1.0,1.0,0.5370928379967082,0.35055,0.58312
part02,169,/Users/kimsangmin/ammt_project/raw_original/registered_xct/part02/L0169.csv,4352,4352,0,-2.0,7.0,2.0,7.0,4352,4352,4352,1.0,1.0,1.0,0.5379706571691177,0.34531,0.58424
part02,170,/Users/kimsangmin/ammt_project/raw_original/registered_xct/part02/L0170.csv,4294,4294,0,-2.0,7.0,2.0,7.0,4294,4294,4294,1.0,1.0,1.0,0.5373245877969259,0.342,0.58543
part02,171,/Users/kimsangmin/ammt_project/raw_original/registered_xct/part02/L0171.csv,4354,4354,0,-2.0,7.0,2.0,7.0,4354,4354,4354,1.0,1.0,1.0,0.5384048553054662,0.34227,0.58377
part02,172,/Users/kimsangmin/ammt_project/raw_original/registered_xct/part02/L0172.csv,4334,4334,0,-2.0,7.0,2.0,7.0,4334,4334,4334,1.0,1.0,1.0,0.5375582464236272,0.34624,0.583
part02,173,/Users/kimsangmin/ammt_project/raw_original/registered_xct/part02/L0173.csv,4449,4449,0,-2.0,7.0,2.0,7.0,4449,4449,4449,1.0,1.0,1.0,0.5384088154641493,0.35296,0.58661
part02,174,/Users/kimsangmin/ammt_project/raw_original/registered_xct/part02/L0174.csv,4405,4405,0,-2.0,7.0,2.0,7.0,4405,4405,4405,1.0,1.0,1.0,0.538138154370034,0.36042,0.58822
part02,175,/Users/kimsangmin/ammt_project/raw_original/registered_xct/part02/L0175.csv,4447,4447,0,-2.0,7.0,2.0,7.0,4447,4447,4447,1.0,1.0,1.0,0.5389550011243536,0.36121,0.58703
part02,176,/Users/kimsangmin/ammt_project/raw_original/registered_xct/part02/L0176.csv,4403,4403,0,-2.0,7.0,2.0,7.0,4403,4403,4403,1.0,1.0,1.0,0.5383016784010901,0.36111,0.58701
part02,177,/Users/kimsangmin/ammt_project/raw_original/registered_xct/part02/L0177.csv,4480,4480,0,-2.0,7.0,2.0,7.0,4480,4480,4480,1.0,1.0,1.0,0.539012919642857,0.35993,0.58331
part02,178,/Users/kimsangmin/ammt_project/raw_original/registered_xct/part02/L0178.csv,4441,4441,0,-2.0,7.0,2.0,7.0,4441,4441,4441,1.0,1.0,1.0,0.5385130893942806,0.35954,0.58286
part02,179,/Users/kimsangmin/ammt_project/raw_original/registered_xct/part02/L0179.csv,4543,4543,0,-2.0,7.0,2.0,7.0,4543,4543,4543,1.0,1.0,1.0,0.5391393242350869,0.36005,0.58164
part02,180,/Users/kimsangmin/ammt_project/raw_original/registered_xct/part02/L0180.csv,4480,4480,0,-2.0,7.0,2.0,7.0,4480,4480,4480,1.0,1.0,1.0,0.5386480513392857,0.36035,0.58149
part02,181,/Users/kimsangmin/ammt_project/raw_original/registered_xct/part02/L0181.csv,4577,4577,0,-2.0,7.0,2.0,7.0,4577,4577,4577,1.0,1.0,1.0,0.5391792025344111,0.35834,0.58383
part02,182,/Users/kimsangmin/ammt_project/raw_original/registered_xct/part02/L0182.csv,4559,4559,0,-2.0,7.0,2.0,7.0,4559,4559,4559,1.0,1.0,1.0,0.5388258740951963,0.35808,0.58258
part02,183,/Users/kimsangmin/ammt_project/raw_original/registered_xct/part02/L0183.csv,4580,4580,0,-2.0,7.0,2.0,7.0,4580,4580,4580,1.0,1.0,1.0,0.5395710633187774,0.35958,0.58683
part02,184,/Users/kimsangmin/ammt_project/raw_original/registered_xct/part02/L0184.csv,4558,4558,0,-2.0,7.0,2.0,7.0,4558,4558,4558,1.0,1.0,1.0,0.5389487275120667,0.35999,0.58687
part02,185,/Users/kimsangmin/ammt_project/raw_original/registered_xct/part02/L0185.csv,4670,4670,0,-2.0,7.0,2.0,7.0,4670,4670,4670,1.0,1.0,1.0,0.5394594218415417,0.35837,0.59105
part02,186,/Users/kimsangmin/ammt_project/raw_original/registered_xct/part02/L0186.csv,4594,4594,0,-2.0,7.0,2.0,7.0,4594,4594,4594,1.0,1.0,1.0,0.5391321723987811,0.35679,0.58441
part02,187,/Users/kimsangmin/ammt_project/raw_original/registered_xct/part02/L0187.csv,4673,4673,0,-2.0,7.0,2.0,7.0,4673,4673,4673,1.0,1.0,1.0,0.5399268050502888,0.35566,0.5907
part02,188,/Users/kimsangmin/ammt_project/raw_original/registered_xct/part02/L0188.csv,4668,4668,0,-2.0,7.0,2.0,7.0,4668,4668,4668,1.0,1.0,1.0,0.539431647386461,0.35505,0.59016
part02,189,/Users/kimsangmin/ammt_project/raw_original/registered_xct/part02/L0189.csv,4703,4703,0,-2.0,7.0,2.0,7.0,4703,4703,4703,1.0,1.0,1.0,0.5399617478205401,0.35515,0.58774
part02,190,/Users/kimsangmin/ammt_project/raw_original/registered_xct/part02/L0190.csv,4668,4668,0,-2.0,7.0,2.0,7.0,4668,4668,4668,1.0,1.0,1.0,0.5396547986289632,0.35607,0.58625
part02,191,/Users/kimsangmin/ammt_project/raw_original/registered_xct/part02/L0191.csv,4767,4767,0,-2.0,7.0,2.0,7.0,4767,4767,4767,1.0,1.0,1.0,0.5401679358086847,0.35755,0.58907
part02,192,/Users/kimsangmin/ammt_project/raw_original/registered_xct/part02/L0192.csv,4707,4707,0,-2.0,7.0,2.0,7.0,4707,4707,4707,1.0,1.0,1.0,0.5396932079881027,0.35917,0.58888
part02,193,/Users/kimsangmin/ammt_project/raw_original/registered_xct/part02/L0193.csv,4800,4800,0,-2.0,7.0,2.0,7.0,4800,4800,4800,1.0,1.0,1.0,0.5403026645833334,0.36061,0.5931
part02,194,/Users/kimsangmin/ammt_project/raw_original/registered_xct/part02/L0194.csv,4784,4784,0,-2.0,7.0,2.0,7.0,4784,4784,4784,1.0,1.0,1.0,0.53997558319398,0.36064,0.59066
part02,195,/Users/kimsangmin/ammt_project/raw_original/registered_xct/part02/L0195.csv,4868,4868,0,-2.0,7.0,2.0,7.0,4868,4868,4868,1.0,1.0,1.0,0.5402162736236648,0.35406,0.59392
part02,196,/Users/kimsangmin/ammt_project/raw_original/registered_xct/part02/L0196.csv,4784,4784,0,-2.0,7.0,2.0,7.0,4784,4784,4784,1.0,1.0,1.0,0.5399623348662208,0.34846,0.59046
part02,197,/Users/kimsangmin/ammt_project/raw_original/registered_xct/part02/L0197.csv,4897,4897,0,-2.0,7.0,2.0,7.0,4897,4897,4897,1.0,1.0,1.0,0.5403215785174598,0.34848,0.5922
part02,198,/Users/kimsangmin/ammt_project/raw_original/registered_xct/part02/L0198.csv,4855,4855,0,-2.0,7.0,2.0,7.0,4855,4855,4855,1.0,1.0,1.0,0.5402512420185376,0.3508,0.59195
part02,199,/Users/kimsangmin/ammt_project/raw_original/registered_xct/part02/L0199.csv,4960,4960,0,-2.0,7.0,2.0,7.0,4960,4960,4960,1.0,1.0,1.0,0.5404222520161291,0.35187,0.59498
part02,200,/Users/kimsangmin/ammt_project/raw_original/registered_xct/part02/L0200.csv,4892,4892,0,-2.0,7.0,2.0,7.0,4892,4892,4892,1.0,1.0,1.0,0.5404010118560916,0.35246,0.59404
part02,201,/Users/kimsangmin/ammt_project/raw_original/registered_xct/part02/L0201.csv,4993,4993,0,-2.0,7.0,2.0,7.0,4993,4993,4993,1.0,1.0,1.0,0.5405126697376328,0.35227,0.59658
part02,202,/Users/kimsangmin/ammt_project/raw_original/registered_xct/part02/L0202.csv,4966,4966,0,-2.0,7.0,2.0,7.0,4966,4966,4966,1.0,1.0,1.0,0.5405941884816754,0.35111,0.59554
part02,203,/Users/kimsangmin/ammt_project/raw_original/registered_xct/part02/L0203.csv,5055,5055,0,-2.0,7.0,2.0,7.0,5055,5055,5055,1.0,1.0,1.0,0.540728609297725,0.34882,0.59752
part02,204,/Users/kimsangmin/ammt_project/raw_original/registered_xct/part02/L0204.csv,5003,5003,0,-2.0,7.0,2.0,7.0,5003,5003,5003,1.0,1.0,1.0,0.5408995822506496,0.34654,0.59709
part02,205,/Users/kimsangmin/ammt_project/raw_original/registered_xct/part02/L0205.csv,5089,5089,0,-2.0,7.0,2.0,7.0,5089,5089,5089,1.0,1.0,1.0,0.541021216348988,0.34527,0.60146
part02,206,/Users/kimsangmin/ammt_project/raw_original/registered_xct/part02/L0206.csv,5082,5082,0,-2.0,7.0,2.0,7.0,5082,5082,5082,1.0,1.0,1.0,0.5409992463597009,0.3459,0.60101
part02,207,/Users/kimsangmin/ammt_project/raw_original/registered_xct/part02/L0207.csv,5155,5155,0,-2.0,7.0,2.0,7.0,5155,5155,5155,1.0,1.0,1.0,0.541319185257032,0.34926,0.59852
part02,208,/Users/kimsangmin/ammt_project/raw_original/registered_xct/part02/L0208.csv,5120,5120,0,-2.0,7.0,2.0,7.0,5120,5120,5120,1.0,1.0,1.0,0.5411910839843751,0.35377,0.60042
part02,209,/Users/kimsangmin/ammt_project/raw_original/registered_xct/part02/L0209.csv,5248,5248,0,-2.0,7.0,2.0,7.0,5248,5248,5248,1.0,1.0,1.0,0.5409686185213415,0.357,0.60269
part02,210,/Users/kimsangmin/ammt_project/raw_original/registered_xct/part02/L0210.csv,5226,5226,0,-2.0,7.0,2.0,7.0,5226,5226,5226,1.0,1.0,1.0,0.5413560447761194,0.35874,0.60145
part02,211,/Users/kimsangmin/ammt_project/raw_original/registered_xct/part02/L0211.csv,5312,5312,0,-2.0,7.0,2.0,7.0,5312,5312,5312,1.0,1.0,1.0,0.5409888968373494,0.35585,0.60493
part02,212,/Users/kimsangmin/ammt_project/raw_original/registered_xct/part02/L0212.csv,5262,5262,0,-2.0,7.0,2.0,7.0,5262,5262,5262,1.0,1.0,1.0,0.5413400399087799,0.35353,0.60298
part02,213,/Users/kimsangmin/ammt_project/raw_original/registered_xct/part02/L0213.csv,5343,5343,0,-2.0,7.0,2.0,7.0,5343,5343,5343,1.0,1.0,1.0,0.5410619820325661,0.35795,0.60309
part02,214,/Users/kimsangmin/ammt_project/raw_original/registered_xct/part02/L0214.csv,5338,5338,0,-2.0,7.0,2.0,7.0,5338,5338,5338,1.0,1.0,1.0,0.5411982071937055,0.36529,0.60357
part02,215,/Users/kimsangmin/ammt_project/raw_original/registered_xct/part02/L0215.csv,5408,5408,0,-2.0,7.0,2.0,7.0,5408,5408,5408,1.0,1.0,1.0,0.5412580288461538,0.36455,0.6078
part02,216,/Users/kimsangmin/ammt_project/raw_original/registered_xct/part02/L0216.csv,5411,5411,0,-2.0,7.0,2.0,7.0,5411,5411,5411,1.0,1.0,1.0,0.5412699963038256,0.35301,0.60767
part02,217,/Users/kimsangmin/ammt_project/raw_original/registered_xct/part02/L0217.csv,5504,5504,0,-2.0,7.0,2.0,7.0,5504,5504,5504,1.0,1.0,1.0,0.5409881795058139,0.34201,0.60963
part02,218,/Users/kimsangmin/ammt_project/raw_original/registered_xct/part02/L0218.csv,5490,5490,0,-2.0,7.0,2.0,7.0,5490,5490,5490,1.0,1.0,1.0,0.5411525227686703,0.33899,0.61126
part02,219,/Users/kimsangmin/ammt_project/raw_original/registered_xct/part02/L0219.csv,5636,5636,0,-2.0,7.0,2.0,7.0,5636,5636,5636,1.0,1.0,1.0,0.540518218594748,0.34071,0.61424
part02,220,/Users/kimsangmin/ammt_project/raw_original/registered_xct/part02/L0220.csv,5600,5600,0,-2.0,7.0,2.0,7.0,5600,5600,5600,1.0,1.0,1.0,0.5408940607142857,0.34223,0.61222
part02,221,/Users/kimsangmin/ammt_project/raw_original/registered_xct/part02/L0221.csv,5726,5726,0,-2.0,7.0,2.0,7.0,5726,5726,5726,1.0,1.0,1.0,0.5403982343695424,0.34424,0.61174
part02,222,/Users/kimsangmin/ammt_project/raw_original/registered_xct/part02/L0222.csv,5707,5707,0,-2.0,7.0,2.0,7.0,5707,5707,5707,1.0,1.0,1.0,0.5407811354476958,0.3468,0.61518
part02,223,/Users/kimsangmin/ammt_project/raw_original/registered_xct/part02/L0223.csv,5856,5856,0,-2.0,7.0,2.0,7.0,5856,5856,5856,1.0,1.0,1.0,0.540102194330601,0.34867,0.61919
part02,224,/Users/kimsangmin/ammt_project/raw_original/registered_xct/part02/L0224.csv,5818,5818,0,-2.0,7.0,2.0,7.0,5818,5818,5818,1.0,1.0,1.0,0.5406516861464421,0.34871,0.61611
part02,225,/Users/kimsangmin/ammt_project/raw_original/registered_xct/part02/L0225.csv,6015,6015,0,-2.0,7.0,2.0,7.0,6015,6015,6015,1.0,1.0,1.0,0.5399060814630091,0.34909,0.6161
part02,226,/Users/kimsangmin/ammt_project/raw_original/registered_xct/part02/L0226.csv,6119,6119,0,-2.0,7.0,2.0,7.0,6119,6119,6119,1.0,1.0,1.0,0.5399380846543553,0.34986,0.61745
part02,227,/Users/kimsangmin/ammt_project/raw_original/registered_xct/part02/L0227.csv,6171,6171,0,-2.0,7.0,2.0,7.0,6171,6171,6171,1.0,1.0,1.0,0.5400787425052666,0.3493,0.61725
part02,228,/Users/kimsangmin/ammt_project/raw_original/registered_xct/part02/L0228.csv,6119,6119,0,-2.0,7.0,2.0,7.0,6119,6119,6119,1.0,1.0,1.0,0.540619110965844,0.34805,0.61716
part02,229,/Users/kimsangmin/ammt_project/raw_original/registered_xct/part02/L0229.csv,6202,6202,0,-2.0,7.0,2.0,7.0,6202,6202,6202,1.0,1.0,1.0,0.540342823282812,0.34845,0.61683
part02,230,/Users/kimsangmin/ammt_project/raw_original/registered_xct/part02/L0230.csv,6159,6159,0,-2.0,7.0,2.0,7.0,6159,6159,6159,1.0,1.0,1.0,0.5410080467608378,0.34867,0.61784
part02,231,/Users/kimsangmin/ammt_project/raw_original/registered_xct/part02/L0231.csv,6207,6207,0,-2.0,7.0,2.0,7.0,6207,6207,6207,1.0,1.0,1.0,0.5411447091992911,0.35011,0.61912
part02,232,/Users/kimsangmin/ammt_project/raw_original/registered_xct/part02/L0232.csv,6160,6160,0,-2.0,7.0,2.0,7.0,6160,6160,6160,1.0,1.0,1.0,0.541776323051948,0.3497,0.61642
part02,233,/Users/kimsangmin/ammt_project/raw_original/registered_xct/part02/L0233.csv,6235,6235,0,-2.0,7.0,2.0,7.0,6235,6235,6235,1.0,1.0,1.0,0.5416169863672815,0.352,0.61541
part02,234,/Users/kimsangmin/ammt_project/raw_original/registered_xct/part02/L0234.csv,6192,6192,0,-2.0,7.0,2.0,7.0,6192,6192,6192,1.0,1.0,1.0,0.5424651857235142,0.3554,0.61872
part02,235,/Users/kimsangmin/ammt_project/raw_original/registered_xct/part02/L0235.csv,6235,6235,0,-2.0,7.0,2.0,7.0,6235,6235,6235,1.0,1.0,1.0,0.542560511627907,0.36434,0.62536
part02,236,/Users/kimsangmin/ammt_project/raw_original/registered_xct/part02/L0236.csv,6193,6193,0,-2.0,7.0,2.0,7.0,6193,6193,6193,1.0,1.0,1.0,0.5433601776198934,0.36363,0.6266
part02,237,/Users/kimsangmin/ammt_project/raw_original/registered_xct/part02/L0237.csv,6267,6267,0,-2.0,7.0,2.0,7.0,6267,6267,6267,1.0,1.0,1.0,0.5431162422211584,0.37377,0.6215
part02,238,/Users/kimsangmin/ammt_project/raw_original/registered_xct/part02/L0238.csv,6229,6229,0,-2.0,7.0,2.0,7.0,6229,6229,6229,1.0,1.0,1.0,0.5442358291860652,0.38014,0.6314
part02,239,/Users/kimsangmin/ammt_project/raw_original/registered_xct/part02/L0239.csv,6266,6266,0,-2.0,7.0,2.0,7.0,6266,6266,6266,1.0,1.0,1.0,0.5445228008298756,0.38527,0.63698
part02,240,/Users/kimsangmin/ammt_project/raw_original/registered_xct/part02/L0240.csv,6230,6230,0,-2.0,7.0,2.0,7.0,6230,6230,6230,1.0,1.0,1.0,0.5457516500802568,0.39156,0.63288
part02,241,/Users/kimsangmin/ammt_project/raw_original/registered_xct/part02/L0241.csv,6299,6299,0,-2.0,7.0,2.0,7.0,6299,6299,6299,1.0,1.0,1.0,0.5458643959358629,0.39548,0.63092
part02,242,/Users/kimsangmin/ammt_project/raw_original/registered_xct/part02/L0242.csv,6271,6271,0,-2.0,7.0,2.0,7.0,6271,6271,6271,1.0,1.0,1.0,0.5474281868920428,0.39885,0.63526
part02,243,/Users/kimsangmin/ammt_project/raw_original/registered_xct/part02/L0243.csv,6302,6302,0,-2.0,7.0,2.0,7.0,6302,6302,6302,1.0,1.0,1.0,0.5480728070453824,0.40646,0.63921
part02,244,/Users/kimsangmin/ammt_project/raw_original/registered_xct/part02/L0244.csv,6271,6271,0,-2.0,7.0,2.0,7.0,6271,6271,6271,1.0,1.0,1.0,0.5498420586828258,0.40699,0.63343
part02,245,/Users/kimsangmin/ammt_project/raw_original/registered_xct/part02/L0245.csv,6331,6331,0,-2.0,7.0,2.0,7.0,6331,6331,6331,1.0,1.0,1.0,0.5499919917864475,0.40847,0.64385
part02,246,/Users/kimsangmin/ammt_project/raw_original/registered_xct/part02/L0246.csv,6267,6267,0,-2.0,7.0,2.0,7.0,6267,6267,6267,1.0,1.0,1.0,0.5516639476623585,0.40305,0.63676
part02,247,/Users/kimsangmin/ammt_project/raw_original/registered_xct/part02/L0247.csv,6330,6330,0,-2.0,7.0,2.0,7.0,6330,6330,6330,1.0,1.0,1.0,0.5493089383886256,0.36662,0.64134
part02,248,/Users/kimsangmin/ammt_project/raw_original/registered_xct/part02/L0248.csv,6303,6303,0,-2.0,7.0,2.0,7.0,6303,6303,6303,1.0,1.0,1.0,0.5443178153260352,0.28603,0.63386
part02,249,/Users/kimsangmin/ammt_project/raw_original/registered_xct/part02/L0249.csv,6363,6363,0,-2.0,7.0,2.0,7.0,6363,6363,6363,1.0,1.0,1.0,0.5304394766619519,0.24889,0.6433
part02,250,/Users/kimsangmin/ammt_project/raw_original/registered_xct/part02/L0250.csv,6304,6304,0,-2.0,7.0,2.0,7.0,6304,6304,6304,1.0,1.0,1.0,0.5139748112309644,0.24198,0.62906
part03,1,/Users/kimsangmin/ammt_project/raw_original/registered_xct/part03/L0001.csv,5921,5921,0,2.0,11.0,-7.0,-2.0,0,0,0,0.0,0.0,0.0,,,
part03,2,/Users/kimsangmin/ammt_project/raw_original/registered_xct/part03/L0002.csv,5969,5969,0,2.0,11.0,-7.0,-2.0,0,0,0,0.0,0.0,0.0,,,
part03,3,/Users/kimsangmin/ammt_project/raw_original/registered_xct/part03/L0003.csv,6052,6052,0,2.0,11.0,-7.0,-2.0,0,0,0,0.0,0.0,0.0,,,
part03,4,/Users/kimsangmin/ammt_project/raw_original/registered_xct/part03/L0004.csv,6082,6082,0,2.0,11.0,-7.0,-2.0,0,0,0,0.0,0.0,0.0,,,
part03,5,/Users/kimsangmin/ammt_project/raw_original/registered_xct/part03/L0005.csv,6173,6173,0,2.0,11.0,-7.0,-2.0,0,0,0,0.0,0.0,0.0,,,
part03,6,/Users/kimsangmin/ammt_project/raw_original/registered_xct/part03/L0006.csv,6190,6190,0,2.0,11.0,-7.0,-2.0,0,0,0,0.0,0.0,0.0,,,
part03,7,/Users/kimsangmin/ammt_project/raw_original/registered_xct/part03/L0007.csv,6299,6299,0,2.0,11.0,-7.0,-2.0,0,0,0,0.0,0.0,0.0,,,
part03,8,/Users/kimsangmin/ammt_project/raw_original/registered_xct/part03/L0008.csv,6303,6303,0,2.0,11.0,-7.0,-2.0,0,0,0,0.0,0.0,0.0,,,
part03,9,/Users/kimsangmin/ammt_project/raw_original/registered_xct/part03/L0009.csv,6362,6362,0,2.0,11.0,-7.0,-2.0,0,0,0,0.0,0.0,0.0,,,
part03,10,/Users/kimsangmin/ammt_project/raw_original/registered_xct/part03/L0010.csv,6303,6303,0,2.0,11.0,-7.0,-2.0,0,0,0,0.0,0.0,0.0,,,
part03,11,/Users/kimsangmin/ammt_project/raw_original/registered_xct/part03/L0011.csv,6362,6362,0,2.0,11.0,-7.0,-2.0,0,0,0,0.0,0.0,0.0,,,
part03,12,/Users/kimsangmin/ammt_project/raw_original/registered_xct/part03/L0012.csv,6303,6303,0,2.0,11.0,-7.0,-2.0,0,0,0,0.0,0.0,0.0,,,
part03,13,/Users/kimsangmin/ammt_project/raw_original/registered_xct/part03/L0013.csv,6362,6362,0,2.0,11.0,-7.0,-2.0,0,0,0,0.0,0.0,0.0,,,
part03,14,/Users/kimsangmin/ammt_project/raw_original/registered_xct/part03/L0014.csv,6308,6308,0,2.0,11.0,-7.0,-2.0,0,0,0,0.0,0.0,0.0,,,
part03,15,/Users/kimsangmin/ammt_project/raw_original/registered_xct/part03/L0015.csv,6367,6367,0,2.0,11.0,-7.0,-2.0,0,0,0,0.0,0.0,0.0,,,
part03,16,/Users/kimsangmin/ammt_project/raw_original/registered_xct/part03/L0016.csv,6308,6308,0,2.0,11.0,-7.0,-2.0,0,0,0,0.0,0.0,0.0,,,
part03,17,/Users/kimsangmin/ammt_project/raw_original/registered_xct/part03/L0017.csv,6362,6362,0,2.0,11.0,-7.0,-2.0,0,0,0,0.0,0.0,0.0,,,
part03,18,/Users/kimsangmin/ammt_project/raw_original/registered_xct/part03/L0018.csv,6303,6303,0,2.0,11.0,-7.0,-2.0,0,0,0,0.0,0.0,0.0,,,
part03,19,/Users/kimsangmin/ammt_project/raw_original/registered_xct/part03/L0019.csv,6362,6362,0,2.0,11.0,-7.0,-2.0,0,0,0,0.0,0.0,0.0,,,
part03,20,/Users/kimsangmin/ammt_project/raw_original/registered_xct/part03/L0020.csv,6303,6303,0,2.0,11.0,-7.0,-2.0,0,0,0,0.0,0.0,0.0,,,
part03,21,/Users/kimsangmin/ammt_project/raw_original/registered_xct/part03/L0021.csv,6362,6362,0,2.0,11.0,-7.0,-2.0,6362,6362,6362,1.0,1.0,1.0,0.5083464115058158,0.24593,0.57257
part03,22,/Users/kimsangmin/ammt_project/raw_original/registered_xct/part03/L0022.csv,6303,6303,0,2.0,11.0,-7.0,-2.0,6303,6303,6303,1.0,1.0,1.0,0.5289355116611137,0.26425,0.58067
part03,23,/Users/kimsangmin/ammt_project/raw_original/registered_xct/part03/L0023.csv,6362,6362,0,2.0,11.0,-7.0,-2.0,6362,6362,6362,1.0,1.0,1.0,0.5382824489154354,0.2767,0.58191
part03,24,/Users/kimsangmin/ammt_project/raw_original/registered_xct/part03/L0024.csv,6303,6303,0,2.0,11.0,-7.0,-2.0,6303,6303,6303,1.0,1.0,1.0,0.5459364001269237,0.29139,0.58873
part03,25,/Users/kimsangmin/ammt_project/raw_original/registered_xct/part03/L0025.csv,6362,6362,0,2.0,11.0,-7.0,-2.0,6362,6362,6362,1.0,1.0,1.0,0.5442816928638793,0.30501,0.60951
part03,26,/Users/kimsangmin/ammt_project/raw_original/registered_xct/part03/L0026.csv,6308,6308,0,2.0,11.0,-7.0,-2.0,6308,6308,6308,1.0,1.0,1.0,0.5444769816106532,0.31618,0.61917
part03,27,/Users/kimsangmin/ammt_project/raw_original/registered_xct/part03/L0027.csv,6212,6212,0,2.0,11.0,-7.0,-2.0,6212,6212,6212,1.0,1.0,1.0,0.5447245428203478,0.32349,0.62721
part03,28,/Users/kimsangmin/ammt_project/raw_original/registered_xct/part03/L0028.csv,6043,6043,0,2.0,11.0,-7.0,-2.0,6043,6043,6043,1.0,1.0,1.0,0.5472592305146451,0.33026,0.62815
part03,29,/Users/kimsangmin/ammt_project/raw_original/registered_xct/part03/L0029.csv,6079,6079,0,2.0,11.0,-7.0,-2.0,6079,6079,6079,1.0,1.0,1.0,0.5452126780720514,0.33306,0.63014
part03,30,/Users/kimsangmin/ammt_project/raw_original/registered_xct/part03/L0030.csv,5928,5928,0,2.0,11.0,-7.0,-2.0,5928,5928,5928,1.0,1.0,1.0,0.5467644854925776,0.33504,0.62905
part03,31,/Users/kimsangmin/ammt_project/raw_original/registered_xct/part03/L0031.csv,5950,5950,0,2.0,11.0,-7.0,-2.0,5950,5950,5950,1.0,1.0,1.0,0.5458875008403361,0.33691,0.63471
part03,32,/Users/kimsangmin/ammt_project/raw_original/registered_xct/part03/L0032.csv,5818,5818,0,2.0,11.0,-7.0,-2.0,5818,5818,5818,1.0,1.0,1.0,0.5473035630800962,0.33823,0.63303
part03,33,/Users/kimsangmin/ammt_project/raw_original/registered_xct/part03/L0033.csv,5887,5887,0,2.0,11.0,-7.0,-2.0,5887,5887,5887,1.0,1.0,1.0,0.5451558518770172,0.33901,0.63238
part03,34,/Users/kimsangmin/ammt_project/raw_original/registered_xct/part03/L0034.csv,5744,5744,0,2.0,11.0,-7.0,-2.0,5744,5744,5744,1.0,1.0,1.0,0.5460628429665738,0.33956,0.63172
part03,35,/Users/kimsangmin/ammt_project/raw_original/registered_xct/part03/L0035.csv,5759,5759,0,2.0,11.0,-7.0,-2.0,5759,5759,5759,1.0,1.0,1.0,0.5455223354749088,0.33949,0.63807
part03,36,/Users/kimsangmin/ammt_project/raw_original/registered_xct/part03/L0036.csv,5670,5670,0,2.0,11.0,-7.0,-2.0,5670,5670,5670,1.0,1.0,1.0,0.5462733104056436,0.33949,0.63487
part03,37,/Users/kimsangmin/ammt_project/raw_original/registered_xct/part03/L0037.csv,5695,5695,0,2.0,11.0,-7.0,-2.0,5695,5695,5695,1.0,1.0,1.0,0.5448872800702371,0.33907,0.63321
part03,38,/Users/kimsangmin/ammt_project/raw_original/registered_xct/part03/L0038.csv,5600,5600,0,2.0,11.0,-7.0,-2.0,5600,5600,5600,1.0,1.0,1.0,0.5448361517857143,0.33658,0.63173
part03,39,/Users/kimsangmin/ammt_project/raw_original/registered_xct/part03/L0039.csv,5635,5635,0,2.0,11.0,-7.0,-2.0,5635,5635,5635,1.0,1.0,1.0,0.5446266690328305,0.33627,0.63783
part03,40,/Users/kimsangmin/ammt_project/raw_original/registered_xct/part03/L0040.csv,5562,5562,0,2.0,11.0,-7.0,-2.0,5562,5562,5562,1.0,1.0,1.0,0.5451345433297374,0.33643,0.63318
part03,41,/Users/kimsangmin/ammt_project/raw_original/registered_xct/part03/L0041.csv,5632,5632,0,2.0,11.0,-7.0,-2.0,5632,5632,5632,1.0,1.0,1.0,0.5437596661931817,0.3377,0.63353
part03,42,/Users/kimsangmin/ammt_project/raw_original/registered_xct/part03/L0042.csv,5521,5521,0,2.0,11.0,-7.0,-2.0,5521,5521,5521,1.0,1.0,1.0,0.5442276163738453,0.33822,0.63104
part03,43,/Users/kimsangmin/ammt_project/raw_original/registered_xct/part03/L0043.csv,5567,5567,0,2.0,11.0,-7.0,-2.0,5567,5567,5567,1.0,1.0,1.0,0.5437586940901743,0.33901,0.63443
part03,44,/Users/kimsangmin/ammt_project/raw_original/registered_xct/part03/L0044.csv,5448,5448,0,2.0,11.0,-7.0,-2.0,5448,5448,5448,1.0,1.0,1.0,0.5443155194566813,0.3398,0.63013
part03,45,/Users/kimsangmin/ammt_project/raw_original/registered_xct/part03/L0045.csv,5503,5503,0,2.0,11.0,-7.0,-2.0,5503,5503,5503,1.0,1.0,1.0,0.5430265237143376,0.3404,0.62922
part03,46,/Users/kimsangmin/ammt_project/raw_original/registered_xct/part03/L0046.csv,5410,5410,0,2.0,11.0,-7.0,-2.0,5410,5410,5410,1.0,1.0,1.0,0.542652955637708,0.3409,0.62798
part03,47,/Users/kimsangmin/ammt_project/raw_original/registered_xct/part03/L0047.csv,5440,5440,0,2.0,11.0,-7.0,-2.0,5440,5440,5440,1.0,1.0,1.0,0.5413127665441176,0.34137,0.62844
part03,48,/Users/kimsangmin/ammt_project/raw_original/registered_xct/part03/L0048.csv,5372,5372,0,2.0,11.0,-7.0,-2.0,5372,5372,5372,1.0,1.0,1.0,0.5395884028294863,0.34179,0.62419
part03,49,/Users/kimsangmin/ammt_project/raw_original/registered_xct/part03/L0049.csv,5439,5439,0,2.0,11.0,-7.0,-2.0,5439,5439,5439,1.0,1.0,1.0,0.5348766703438131,0.34219,0.62479
part03,50,/Users/kimsangmin/ammt_project/raw_original/registered_xct/part03/L0050.csv,5340,5340,0,2.0,11.0,-7.0,-2.0,5340,5340,5340,1.0,1.0,1.0,0.5306333520599251,0.34232,0.62265
part03,51,/Users/kimsangmin/ammt_project/raw_original/registered_xct/part03/L0051.csv,3781,3781,0,2.0,11.0,-7.0,-2.0,3781,3781,3781,1.0,1.0,1.0,0.5422507511240413,0.34204,0.62287
part03,52,/Users/kimsangmin/ammt_project/raw_original/registered_xct/part03/L0052.csv,3684,3684,0,2.0,11.0,-7.0,-2.0,3684,3684,3684,1.0,1.0,1.0,0.5434201818675353,0.34145,0.6216
part03,53,/Users/kimsangmin/ammt_project/raw_original/registered_xct/part03/L0053.csv,3808,3808,0,2.0,11.0,-7.0,-2.0,3808,3808,3808,1.0,1.0,1.0,0.541259193802521,0.34079,0.62137
part03,54,/Users/kimsangmin/ammt_project/raw_original/registered_xct/part03/L0054.csv,3678,3678,0,2.0,11.0,-7.0,-2.0,3678,3678,3678,1.0,1.0,1.0,0.5425503833605221,0.34037,0.6214
part03,55,/Users/kimsangmin/ammt_project/raw_original/registered_xct/part03/L0055.csv,3745,3745,0,2.0,11.0,-7.0,-2.0,3745,3745,3745,1.0,1.0,1.0,0.5418967930574099,0.34047,0.61946
part03,56,/Users/kimsangmin/ammt_project/raw_original/registered_xct/part03/L0056.csv,3640,3640,0,2.0,11.0,-7.0,-2.0,3640,3640,3640,1.0,1.0,1.0,0.5428650494505495,0.34113,0.62226
part03,57,/Users/kimsangmin/ammt_project/raw_original/registered_xct/part03/L0057.csv,3776,3776,0,2.0,11.0,-7.0,-2.0,3776,3776,3776,1.0,1.0,1.0,0.5406706594279661,0.34215,0.6226
part03,58,/Users/kimsangmin/ammt_project/raw_original/registered_xct/part03/L0058.csv,3678,3678,0,2.0,11.0,-7.0,-2.0,3678,3678,3678,1.0,1.0,1.0,0.5415927542142468,0.34329,0.62371
part03,59,/Users/kimsangmin/ammt_project/raw_original/registered_xct/part03/L0059.csv,3712,3712,0,2.0,11.0,-7.0,-2.0,3712,3712,3712,1.0,1.0,1.0,0.5410147979525862,0.34433,0.62083
part03,60,/Users/kimsangmin/ammt_project/raw_original/registered_xct/part03/L0060.csv,3605,3605,0,2.0,11.0,-7.0,-2.0,3605,3605,3605,1.0,1.0,1.0,0.5416490540915395,0.345,0.62338
part03,61,/Users/kimsangmin/ammt_project/raw_original/registered_xct/part03/L0061.csv,3743,3743,0,2.0,11.0,-7.0,-2.0,3743,3743,3743,1.0,1.0,1.0,0.5397735532994924,0.34521,0.62482
part03,62,/Users/kimsangmin/ammt_project/raw_original/registered_xct/part03/L0062.csv,3647,3647,0,2.0,11.0,-7.0,-2.0,3647,3647,3647,1.0,1.0,1.0,0.5403331669865643,0.34501,0.62483
part03,63,/Users/kimsangmin/ammt_project/raw_original/registered_xct/part03/L0063.csv,3684,3684,0,2.0,11.0,-7.0,-2.0,3684,3684,3684,1.0,1.0,1.0,0.5398456188925082,0.34433,0.62156
part03,64,/Users/kimsangmin/ammt_project/raw_original/registered_xct/part03/L0064.csv,3646,3646,0,2.0,11.0,-7.0,-2.0,3646,3646,3646,1.0,1.0,1.0,0.5406905375754252,0.34328,0.62278
part03,65,/Users/kimsangmin/ammt_project/raw_original/registered_xct/part03/L0065.csv,3713,3713,0,2.0,11.0,-7.0,-2.0,3713,3713,3713,1.0,1.0,1.0,0.5389974656611904,0.34216,0.62368
part03,66,/Users/kimsangmin/ammt_project/raw_original/registered_xct/part03/L0066.csv,3606,3606,0,2.0,11.0,-7.0,-2.0,3606,3606,3606,1.0,1.0,1.0,0.5396142484747642,0.34112,0.62412
part03,67,/Users/kimsangmin/ammt_project/raw_original/registered_xct/part03/L0067.csv,3710,3710,0,2.0,11.0,-7.0,-2.0,3710,3710,3710,1.0,1.0,1.0,0.5390260997304582,0.34037,0.61821
part03,68,/Users/kimsangmin/ammt_project/raw_original/registered_xct/part03/L0068.csv,3604,3604,0,2.0,11.0,-7.0,-2.0,3604,3604,3604,1.0,1.0,1.0,0.5400102524972253,0.34018,0.62082
part03,69,/Users/kimsangmin/ammt_project/raw_original/registered_xct/part03/L0069.csv,3680,3680,0,2.0,11.0,-7.0,-2.0,3680,3680,3680,1.0,1.0,1.0,0.5383029266304348,0.34058,0.62317
part03,70,/Users/kimsangmin/ammt_project/raw_original/registered_xct/part03/L0070.csv,3643,3643,0,2.0,11.0,-7.0,-2.0,3643,3643,3643,1.0,1.0,1.0,0.5387027230304694,0.3414,0.62385
part03,71,/Users/kimsangmin/ammt_project/raw_original/registered_xct/part03/L0071.csv,3681,3681,0,2.0,11.0,-7.0,-2.0,3681,3681,3681,1.0,1.0,1.0,0.538377394729693,0.34247,0.61994
part03,72,/Users/kimsangmin/ammt_project/raw_original/registered_xct/part03/L0072.csv,3606,3606,0,2.0,11.0,-7.0,-2.0,3606,3606,3606,1.0,1.0,1.0,0.5387472795341098,0.34359,0.62068
part03,73,/Users/kimsangmin/ammt_project/raw_original/registered_xct/part03/L0073.csv,3711,3711,0,2.0,11.0,-7.0,-2.0,3711,3711,3711,1.0,1.0,1.0,0.5371931689571544,0.34456,0.62445
part03,74,/Users/kimsangmin/ammt_project/raw_original/registered_xct/part03/L0074.csv,3572,3572,0,2.0,11.0,-7.0,-2.0,3572,3572,3572,1.0,1.0,1.0,0.5377471276595744,0.34524,0.62393
part03,75,/Users/kimsangmin/ammt_project/raw_original/registered_xct/part03/L0075.csv,3653,3653,0,2.0,11.0,-7.0,-2.0,3653,3653,3653,1.0,1.0,1.0,0.537713955652888,0.34555,0.62076
part03,76,/Users/kimsangmin/ammt_project/raw_original/registered_xct/part03/L0076.csv,3610,3610,0,2.0,11.0,-7.0,-2.0,3610,3610,3610,1.0,1.0,1.0,0.5381856343490304,0.34552,0.61962
part03,77,/Users/kimsangmin/ammt_project/raw_original/registered_xct/part03/L0077.csv,3679,3679,0,2.0,11.0,-7.0,-2.0,3679,3679,3679,1.0,1.0,1.0,0.537038630062517,0.34508,0.62224
part03,78,/Users/kimsangmin/ammt_project/raw_original/registered_xct/part03/L0078.csv,3607,3607,0,2.0,11.0,-7.0,-2.0,3607,3607,3607,1.0,1.0,1.0,0.5374392431383421,0.34436,0.6219
part03,79,/Users/kimsangmin/ammt_project/raw_original/registered_xct/part03/L0079.csv,3681,3681,0,2.0,11.0,-7.0,-2.0,3681,3681,3681,1.0,1.0,1.0,0.5372188807389296,0.34359,0.61759
part03,80,/Users/kimsangmin/ammt_project/raw_original/registered_xct/part03/L0080.csv,3570,3570,0,2.0,11.0,-7.0,-2.0,3570,3570,3570,1.0,1.0,1.0,0.5375242072829132,0.3429,0.61782
part03,81,/Users/kimsangmin/ammt_project/raw_original/registered_xct/part03/L0081.csv,3646,3646,0,2.0,11.0,-7.0,-2.0,3646,3646,3646,1.0,1.0,1.0,0.5363859133296763,0.3424,0.62091
part03,82,/Users/kimsangmin/ammt_project/raw_original/registered_xct/part03/L0082.csv,3568,3568,0,2.0,11.0,-7.0,-2.0,3568,3568,3568,1.0,1.0,1.0,0.5366280184977579,0.34214,0.62129
part03,83,/Users/kimsangmin/ammt_project/raw_original/registered_xct/part03/L0083.csv,3648,3648,0,2.0,11.0,-7.0,-2.0,3648,3648,3648,1.0,1.0,1.0,0.5364864830043861,0.34203,0.61695
part03,84,/Users/kimsangmin/ammt_project/raw_original/registered_xct/part03/L0084.csv,3569,3569,0,2.0,11.0,-7.0,-2.0,3569,3569,3569,1.0,1.0,1.0,0.5367503670495938,0.34198,0.61777
part03,85,/Users/kimsangmin/ammt_project/raw_original/registered_xct/part03/L0085.csv,3679,3679,0,2.0,11.0,-7.0,-2.0,3679,3679,3679,1.0,1.0,1.0,0.535359518891003,0.34202,0.62148
part03,86,/Users/kimsangmin/ammt_project/raw_original/registered_xct/part03/L0086.csv,3610,3610,0,2.0,11.0,-7.0,-2.0,3610,3610,3610,1.0,1.0,1.0,0.5355446592797783,0.34065,0.62113
part03,87,/Users/kimsangmin/ammt_project/raw_original/registered_xct/part03/L0087.csv,3684,3684,0,2.0,11.0,-7.0,-2.0,3684,3684,3684,1.0,1.0,1.0,0.5353606623235614,0.3408,0.61519
part03,88,/Users/kimsangmin/ammt_project/raw_original/registered_xct/part03/L0088.csv,3575,3575,0,2.0,11.0,-7.0,-2.0,3575,3575,3575,1.0,1.0,1.0,0.5357430097902098,0.34066,0.61591
part03,89,/Users/kimsangmin/ammt_project/raw_original/registered_xct/part03/L0089.csv,3713,3713,0,2.0,11.0,-7.0,-2.0,3713,3713,3713,1.0,1.0,1.0,0.5343652976030164,0.34073,0.61923
part03,90,/Users/kimsangmin/ammt_project/raw_original/registered_xct/part03/L0090.csv,3607,3607,0,2.0,11.0,-7.0,-2.0,3607,3607,3607,1.0,1.0,1.0,0.5353361186581647,0.33979,0.61713
part03,91,/Users/kimsangmin/ammt_project/raw_original/registered_xct/part03/L0091.csv,3649,3649,0,2.0,11.0,-7.0,-2.0,3649,3649,3649,1.0,1.0,1.0,0.5351288517402027,0.33886,0.61162
part03,92,/Users/kimsangmin/ammt_project/raw_original/registered_xct/part03/L0092.csv,3569,3569,0,2.0,11.0,-7.0,-2.0,3569,3569,3569,1.0,1.0,1.0,0.5353418996917905,0.33809,0.6116
part03,93,/Users/kimsangmin/ammt_project/raw_original/registered_xct/part03/L0093.csv,3679,3679,0,2.0,11.0,-7.0,-2.0,3679,3679,3679,1.0,1.0,1.0,0.5340686055993477,0.33766,0.61359
part03,94,/Users/kimsangmin/ammt_project/raw_original/registered_xct/part03/L0094.csv,3607,3607,0,2.0,11.0,-7.0,-2.0,3607,3607,3607,1.0,1.0,1.0,0.5343255142777933,0.33695,0.61262
part03,95,/Users/kimsangmin/ammt_project/raw_original/registered_xct/part03/L0095.csv,3679,3679,0,2.0,11.0,-7.0,-2.0,3679,3679,3679,1.0,1.0,1.0,0.5342426121228595,0.33664,0.60993
part03,96,/Users/kimsangmin/ammt_project/raw_original/registered_xct/part03/L0096.csv,3608,3608,0,2.0,11.0,-7.0,-2.0,3608,3608,3608,1.0,1.0,1.0,0.5344827411308204,0.33792,0.60958
part03,97,/Users/kimsangmin/ammt_project/raw_original/registered_xct/part03/L0097.csv,3712,3712,0,2.0,11.0,-7.0,-2.0,3712,3712,3712,1.0,1.0,1.0,0.5332905765086207,0.33803,0.61351
part03,98,/Users/kimsangmin/ammt_project/raw_original/registered_xct/part03/L0098.csv,3651,3651,0,2.0,11.0,-7.0,-2.0,3651,3651,3651,1.0,1.0,1.0,0.5336554971240757,0.33505,0.61364
part03,99,/Users/kimsangmin/ammt_project/raw_original/registered_xct/part03/L0099.csv,3715,3715,0,2.0,11.0,-7.0,-2.0,3715,3715,3715,1.0,1.0,1.0,0.5338516931359354,0.33563,0.6085
part03,100,/Users/kimsangmin/ammt_project/raw_original/registered_xct/part03/L0100.csv,3650,3650,0,2.0,11.0,-7.0,-2.0,3650,3650,3650,1.0,1.0,1.0,0.5342656246575342,0.33549,0.60956
part03,101,/Users/kimsangmin/ammt_project/raw_original/registered_xct/part03/L0101.csv,3745,3745,0,2.0,11.0,-7.0,-2.0,3745,3745,3745,1.0,1.0,1.0,0.5333673724966622,0.33673,0.61317
part03,102,/Users/kimsangmin/ammt_project/raw_original/registered_xct/part03/L0102.csv,3647,3647,0,2.0,11.0,-7.0,-2.0,3647,3647,3647,1.0,1.0,1.0,0.5337132931176309,0.33633,0.611
part03,103,/Users/kimsangmin/ammt_project/raw_original/registered_xct/part03/L0103.csv,3680,3680,0,2.0,11.0,-7.0,-2.0,3680,3680,3680,1.0,1.0,1.0,0.534066866847826,0.33609,0.60564
part03,104,/Users/kimsangmin/ammt_project/raw_original/registered_xct/part03/L0104.csv,3647,3647,0,2.0,11.0,-7.0,-2.0,3647,3647,3647,1.0,1.0,1.0,0.5337601864546202,0.3362,0.60617
part03,105,/Users/kimsangmin/ammt_project/raw_original/registered_xct/part03/L0105.csv,3713,3713,0,2.0,11.0,-7.0,-2.0,3713,3713,3713,1.0,1.0,1.0,0.5329294748182063,0.33699,0.60843
part03,106,/Users/kimsangmin/ammt_project/raw_original/registered_xct/part03/L0106.csv,3647,3647,0,2.0,11.0,-7.0,-2.0,3647,3647,3647,1.0,1.0,1.0,0.5328852125034275,0.33846,0.60744
part03,107,/Users/kimsangmin/ammt_project/raw_original/registered_xct/part03/L0107.csv,3713,3713,0,2.0,11.0,-7.0,-2.0,3713,3713,3713,1.0,1.0,1.0,0.5330153810934554,0.34051,0.60322
part03,108,/Users/kimsangmin/ammt_project/raw_original/registered_xct/part03/L0108.csv,3645,3645,0,2.0,11.0,-7.0,-2.0,3645,3645,3645,1.0,1.0,1.0,0.5332346913580247,0.34294,0.60336
part03,109,/Users/kimsangmin/ammt_project/raw_original/registered_xct/part03/L0109.csv,3743,3743,0,2.0,11.0,-7.0,-2.0,3743,3743,3743,1.0,1.0,1.0,0.5320190542345712,0.34505,0.60197
part03,110,/Users/kimsangmin/ammt_project/raw_original/registered_xct/part03/L0110.csv,3651,3651,0,2.0,11.0,-7.0,-2.0,3651,3651,3651,1.0,1.0,1.0,0.532339723363462,0.34642,0.60497
part03,111,/Users/kimsangmin/ammt_project/raw_original/registered_xct/part03/L0111.csv,3748,3748,0,2.0,11.0,-7.0,-2.0,3748,3748,3748,1.0,1.0,1.0,0.5322312593383137,0.34703,0.60221
part03,112,/Users/kimsangmin/ammt_project/raw_original/registered_xct/part03/L0112.csv,3650,3650,0,2.0,11.0,-7.0,-2.0,3650,3650,3650,1.0,1.0,1.0,0.5327037506849315,0.34696,0.60184
part03,113,/Users/kimsangmin/ammt_project/raw_original/registered_xct/part03/L0113.csv,3775,3775,0,2.0,11.0,-7.0,-2.0,3775,3775,3775,1.0,1.0,1.0,0.5318994092715232,0.34663,0.60184
part03,114,/Users/kimsangmin/ammt_project/raw_original/registered_xct/part03/L0114.csv,3685,3685,0,2.0,11.0,-7.0,-2.0,3685,3685,3685,1.0,1.0,1.0,0.5322437666214384,0.34646,0.60432
part03,115,/Users/kimsangmin/ammt_project/raw_original/registered_xct/part03/L0115.csv,3776,3776,0,2.0,11.0,-7.0,-2.0,3776,3776,3776,1.0,1.0,1.0,0.5319958342161017,0.34662,0.60043
part03,116,/Users/kimsangmin/ammt_project/raw_original/registered_xct/part03/L0116.csv,3685,3685,0,2.0,11.0,-7.0,-2.0,3685,3685,3685,1.0,1.0,1.0,0.5324152645861601,0.34711,0.60031
part03,117,/Users/kimsangmin/ammt_project/raw_original/registered_xct/part03/L0117.csv,3807,3807,0,2.0,11.0,-7.0,-2.0,3807,3807,3807,1.0,1.0,1.0,0.5314531573417389,0.3477,0.60123
part03,118,/Users/kimsangmin/ammt_project/raw_original/registered_xct/part03/L0118.csv,3723,3723,0,2.0,11.0,-7.0,-2.0,3723,3723,3723,1.0,1.0,1.0,0.5318095165189364,0.34819,0.60274
part03,119,/Users/kimsangmin/ammt_project/raw_original/registered_xct/part03/L0119.csv,3808,3808,0,2.0,11.0,-7.0,-2.0,3808,3808,3808,1.0,1.0,1.0,0.5317402258403362,0.34854,0.59877
part03,120,/Users/kimsangmin/ammt_project/raw_original/registered_xct/part03/L0120.csv,3723,3723,0,2.0,11.0,-7.0,-2.0,3723,3723,3723,1.0,1.0,1.0,0.532215769540693,0.34862,0.5989
part03,121,/Users/kimsangmin/ammt_project/raw_original/registered_xct/part03/L0121.csv,3839,3839,0,2.0,11.0,-7.0,-2.0,3839,3839,3839,1.0,1.0,1.0,0.5312424824172961,0.34844,0.60058
part03,122,/Users/kimsangmin/ammt_project/raw_original/registered_xct/part03/L0122.csv,3765,3765,0,2.0,11.0,-7.0,-2.0,3765,3765,3765,1.0,1.0,1.0,0.5314992350597609,0.34794,0.6017
part03,123,/Users/kimsangmin/ammt_project/raw_original/registered_xct/part03/L0123.csv,3845,3845,0,2.0,11.0,-7.0,-2.0,3845,3845,3845,1.0,1.0,1.0,0.5314269076723017,0.34753,0.59677
part03,124,/Users/kimsangmin/ammt_project/raw_original/registered_xct/part03/L0124.csv,3766,3766,0,2.0,11.0,-7.0,-2.0,3766,3766,3766,1.0,1.0,1.0,0.531776736590547,0.34703,0.59706
part03,125,/Users/kimsangmin/ammt_project/raw_original/registered_xct/part03/L0125.csv,3872,3872,0,2.0,11.0,-7.0,-2.0,3872,3872,3872,1.0,1.0,1.0,0.5311277763429753,0.3471,0.59883
part03,126,/Users/kimsangmin/ammt_project/raw_original/registered_xct/part03/L0126.csv,3798,3798,0,2.0,11.0,-7.0,-2.0,3798,3798,3798,1.0,1.0,1.0,0.5314991337546077,0.34708,0.60048
part03,127,/Users/kimsangmin/ammt_project/raw_original/registered_xct/part03/L0127.csv,3872,3872,0,2.0,11.0,-7.0,-2.0,3872,3872,3872,1.0,1.0,1.0,0.531555826446281,0.34741,0.59678
part03,128,/Users/kimsangmin/ammt_project/raw_original/registered_xct/part03/L0128.csv,3799,3799,0,2.0,11.0,-7.0,-2.0,3799,3799,3799,1.0,1.0,1.0,0.5318912029481443,0.34814,0.59615
part03,129,/Users/kimsangmin/ammt_project/raw_original/registered_xct/part03/L0129.csv,3904,3904,0,2.0,11.0,-7.0,-2.0,3904,3904,3904,1.0,1.0,1.0,0.5311765112704918,0.34933,0.59566
part03,130,/Users/kimsangmin/ammt_project/raw_original/registered_xct/part03/L0130.csv,3798,3798,0,2.0,11.0,-7.0,-2.0,3798,3798,3798,1.0,1.0,1.0,0.5315259241706161,0.35099,0.59796
part03,131,/Users/kimsangmin/ammt_project/raw_original/registered_xct/part03/L0131.csv,3903,3903,0,2.0,11.0,-7.0,-2.0,3903,3903,3903,1.0,1.0,1.0,0.5316836510376634,0.35283,0.59295
part03,132,/Users/kimsangmin/ammt_project/raw_original/registered_xct/part03/L0132.csv,3837,3837,0,2.0,11.0,-7.0,-2.0,3837,3837,3837,1.0,1.0,1.0,0.5320659682043263,0.35456,0.59336
part03,133,/Users/kimsangmin/ammt_project/raw_original/registered_xct/part03/L0133.csv,3936,3936,0,2.0,11.0,-7.0,-2.0,3936,3936,3936,1.0,1.0,1.0,0.531374049796748,0.35596,0.59335
part03,134,/Users/kimsangmin/ammt_project/raw_original/registered_xct/part03/L0134.csv,3842,3842,0,2.0,11.0,-7.0,-2.0,3842,3842,3842,1.0,1.0,1.0,0.5316506715252471,0.35685,0.59505
part03,135,/Users/kimsangmin/ammt_project/raw_original/registered_xct/part03/L0135.csv,3939,3939,0,2.0,11.0,-7.0,-2.0,3939,3939,3939,1.0,1.0,1.0,0.5319009697892867,0.35734,0.59129
part03,136,/Users/kimsangmin/ammt_project/raw_original/registered_xct/part03/L0136.csv,3879,3879,0,2.0,11.0,-7.0,-2.0,3879,3879,3879,1.0,1.0,1.0,0.5321557360144368,0.35786,0.59141
part03,137,/Users/kimsangmin/ammt_project/raw_original/registered_xct/part03/L0137.csv,3968,3968,0,2.0,11.0,-7.0,-2.0,3968,3968,3968,1.0,1.0,1.0,0.5315100453629032,0.35879,0.5936
part03,138,/Users/kimsangmin/ammt_project/raw_original/registered_xct/part03/L0138.csv,3875,3875,0,2.0,11.0,-7.0,-2.0,3875,3875,3875,1.0,1.0,1.0,0.5319103406451613,0.35455,0.59312
part03,139,/Users/kimsangmin/ammt_project/raw_original/registered_xct/part03/L0139.csv,3967,3967,0,2.0,11.0,-7.0,-2.0,3967,3967,3967,1.0,1.0,1.0,0.5321191504915553,0.34975,0.5894
part03,140,/Users/kimsangmin/ammt_project/raw_original/registered_xct/part03/L0140.csv,3874,3874,0,2.0,11.0,-7.0,-2.0,3874,3874,3874,1.0,1.0,1.0,0.5323921992772329,0.34692,0.58866
part03,141,/Users/kimsangmin/ammt_project/raw_original/registered_xct/part03/L0141.csv,3999,3999,0,2.0,11.0,-7.0,-2.0,3999,3999,3999,1.0,1.0,1.0,0.5318689672418104,0.34635,0.58909
part03,142,/Users/kimsangmin/ammt_project/raw_original/registered_xct/part03/L0142.csv,3912,3912,0,2.0,11.0,-7.0,-2.0,3912,3912,3912,1.0,1.0,1.0,0.5323580904907976,0.34748,0.59007
part03,143,/Users/kimsangmin/ammt_project/raw_original/registered_xct/part03/L0143.csv,3999,3999,0,2.0,11.0,-7.0,-2.0,3999,3999,3999,1.0,1.0,1.0,0.5328102700675169,0.3491,0.58793
part03,144,/Users/kimsangmin/ammt_project/raw_original/registered_xct/part03/L0144.csv,3911,3911,0,2.0,11.0,-7.0,-2.0,3911,3911,3911,1.0,1.0,1.0,0.5331594937356174,0.35032,0.59124
part03,145,/Users/kimsangmin/ammt_project/raw_original/registered_xct/part03/L0145.csv,4033,4033,0,2.0,11.0,-7.0,-2.0,4033,4033,4033,1.0,1.0,1.0,0.5328666526159187,0.35085,0.58964
part03,146,/Users/kimsangmin/ammt_project/raw_original/registered_xct/part03/L0146.csv,3993,3993,0,2.0,11.0,-7.0,-2.0,3993,3993,3993,1.0,1.0,1.0,0.5327471149511646,0.35039,0.58842
part03,147,/Users/kimsangmin/ammt_project/raw_original/registered_xct/part03/L0147.csv,4037,4037,0,2.0,11.0,-7.0,-2.0,4037,4037,4037,1.0,1.0,1.0,0.5334153158285857,0.34919,0.58755
part03,148,/Users/kimsangmin/ammt_project/raw_original/registered_xct/part03/L0148.csv,3993,3993,0,2.0,11.0,-7.0,-2.0,3993,3993,3993,1.0,1.0,1.0,0.5333057450538443,0.34779,0.58881
part03,149,/Users/kimsangmin/ammt_project/raw_original/registered_xct/part03/L0149.csv,4064,4064,0,2.0,11.0,-7.0,-2.0,4064,4064,4064,1.0,1.0,1.0,0.533283156988189,0.34639,0.58866
part03,150,/Users/kimsangmin/ammt_project/raw_original/registered_xct/part03/L0150.csv,4065,4065,0,2.0,11.0,-7.0,-2.0,4065,4065,4065,1.0,1.0,1.0,0.5330312792127921,0.3452,0.58762
part03,151,/Users/kimsangmin/ammt_project/raw_original/registered_xct/part03/L0151.csv,4129,4129,0,2.0,11.0,-7.0,-2.0,4129,4129,4129,1.0,1.0,1.0,0.5332710099297652,0.3444,0.58569
part03,152,/Users/kimsangmin/ammt_project/raw_original/registered_xct/part03/L0152.csv,4064,4064,0,2.0,11.0,-7.0,-2.0,4064,4064,4064,1.0,1.0,1.0,0.5333872391732283,0.344,0.58321
part03,153,/Users/kimsangmin/ammt_project/raw_original/registered_xct/part03/L0153.csv,4159,4159,0,2.0,11.0,-7.0,-2.0,4159,4159,4159,1.0,1.0,1.0,0.5329334840105794,0.34423,0.58659
part03,154,/Users/kimsangmin/ammt_project/raw_original/registered_xct/part03/L0154.csv,4102,4102,0,2.0,11.0,-7.0,-2.0,4102,4102,4102,1.0,1.0,1.0,0.5330358020477816,0.34498,0.58511
part03,155,/Users/kimsangmin/ammt_project/raw_original/registered_xct/part03/L0155.csv,4160,4160,0,2.0,11.0,-7.0,-2.0,4160,4160,4160,1.0,1.0,1.0,0.5334496682692309,0.34598,0.5841
part03,156,/Users/kimsangmin/ammt_project/raw_original/registered_xct/part03/L0156.csv,4102,4102,0,2.0,11.0,-7.0,-2.0,4102,4102,4102,1.0,1.0,1.0,0.5336817137981472,0.34694,0.58341
part03,157,/Users/kimsangmin/ammt_project/raw_original/registered_xct/part03/L0157.csv,4191,4191,0,2.0,11.0,-7.0,-2.0,4191,4191,4191,1.0,1.0,1.0,0.5335215581006919,0.34729,0.58447
part03,158,/Users/kimsangmin/ammt_project/raw_original/registered_xct/part03/L0158.csv,4143,4143,0,2.0,11.0,-7.0,-2.0,4143,4143,4143,1.0,1.0,1.0,0.5335710041033067,0.34687,0.58285
part03,159,/Users/kimsangmin/ammt_project/raw_original/registered_xct/part03/L0159.csv,4195,4195,0,2.0,11.0,-7.0,-2.0,4195,4195,4195,1.0,1.0,1.0,0.5342388081048868,0.34618,0.58229
part03,160,/Users/kimsangmin/ammt_project/raw_original/registered_xct/part03/L0160.csv,4143,4143,0,2.0,11.0,-7.0,-2.0,4143,4143,4143,1.0,1.0,1.0,0.5341749481052377,0.34559,0.58153
part03,161,/Users/kimsangmin/ammt_project/raw_original/registered_xct/part03/L0161.csv,4225,4225,0,2.0,11.0,-7.0,-2.0,4225,4225,4225,1.0,1.0,1.0,0.534110899408284,0.34514,0.583
part03,162,/Users/kimsangmin/ammt_project/raw_original/registered_xct/part03/L0162.csv,4177,4177,0,2.0,11.0,-7.0,-2.0,4177,4177,4177,1.0,1.0,1.0,0.5340952669379938,0.34498,0.57961
part03,163,/Users/kimsangmin/ammt_project/raw_original/registered_xct/part03/L0163.csv,4289,4289,0,2.0,11.0,-7.0,-2.0,4289,4289,4289,1.0,1.0,1.0,0.5342579715551411,0.34496,0.58123
part03,164,/Users/kimsangmin/ammt_project/raw_original/registered_xct/part03/L0164.csv,4217,4217,0,2.0,11.0,-7.0,-2.0,4217,4217,4217,1.0,1.0,1.0,0.5345627958264167,0.34451,0.58007
part03,165,/Users/kimsangmin/ammt_project/raw_original/registered_xct/part03/L0165.csv,4320,4320,0,2.0,11.0,-7.0,-2.0,4320,4320,4320,1.0,1.0,1.0,0.5341919907407408,0.34361,0.58128
part03,166,/Users/kimsangmin/ammt_project/raw_original/registered_xct/part03/L0166.csv,4252,4252,0,2.0,11.0,-7.0,-2.0,4252,4252,4252,1.0,1.0,1.0,0.5344956326434619,0.34252,0.5794
part03,167,/Users/kimsangmin/ammt_project/raw_original/registered_xct/part03/L0167.csv,4319,4319,0,2.0,11.0,-7.0,-2.0,4319,4319,4319,1.0,1.0,1.0,0.535012662653392,0.34121,0.58009
part03,168,/Users/kimsangmin/ammt_project/raw_original/registered_xct/part03/L0168.csv,4253,4253,0,2.0,11.0,-7.0,-2.0,4253,4253,4253,1.0,1.0,1.0,0.5350535457324241,0.34003,0.57991
part03,169,/Users/kimsangmin/ammt_project/raw_original/registered_xct/part03/L0169.csv,4352,4352,0,2.0,11.0,-7.0,-2.0,4352,4352,4352,1.0,1.0,1.0,0.5349498759191176,0.33962,0.57872
part03,170,/Users/kimsangmin/ammt_project/raw_original/registered_xct/part03/L0170.csv,4294,4294,0,2.0,11.0,-7.0,-2.0,4294,4294,4294,1.0,1.0,1.0,0.534809073125291,0.34009,0.58076
part03,171,/Users/kimsangmin/ammt_project/raw_original/registered_xct/part03/L0171.csv,4354,4354,0,2.0,11.0,-7.0,-2.0,4354,4354,4354,1.0,1.0,1.0,0.5355553422140561,0.34156,0.5807
part03,172,/Users/kimsangmin/ammt_project/raw_original/registered_xct/part03/L0172.csv,4334,4334,0,2.0,11.0,-7.0,-2.0,4334,4334,4334,1.0,1.0,1.0,0.535464035532995,0.34393,0.57844
part03,173,/Users/kimsangmin/ammt_project/raw_original/registered_xct/part03/L0173.csv,4449,4449,0,2.0,11.0,-7.0,-2.0,4449,4449,4449,1.0,1.0,1.0,0.5353062935491121,0.34667,0.58118
part03,174,/Users/kimsangmin/ammt_project/raw_original/registered_xct/part03/L0174.csv,4405,4405,0,2.0,11.0,-7.0,-2.0,4405,4405,4405,1.0,1.0,1.0,0.5356341770715097,0.34904,0.58225
part03,175,/Users/kimsangmin/ammt_project/raw_original/registered_xct/part03/L0175.csv,4447,4447,0,2.0,11.0,-7.0,-2.0,4447,4447,4447,1.0,1.0,1.0,0.5361089453564201,0.35042,0.58344
part03,176,/Users/kimsangmin/ammt_project/raw_original/registered_xct/part03/L0176.csv,4403,4403,0,2.0,11.0,-7.0,-2.0,4403,4403,4403,1.0,1.0,1.0,0.5362360458778106,0.35042,0.57912
part03,177,/Users/kimsangmin/ammt_project/raw_original/registered_xct/part03/L0177.csv,4480,4480,0,2.0,11.0,-7.0,-2.0,4480,4480,4480,1.0,1.0,1.0,0.5360347924107143,0.34907,0.57969
part03,178,/Users/kimsangmin/ammt_project/raw_original/registered_xct/part03/L0178.csv,4441,4441,0,2.0,11.0,-7.0,-2.0,4441,4441,4441,1.0,1.0,1.0,0.5360283292051339,0.34697,0.57858
part03,179,/Users/kimsangmin/ammt_project/raw_original/registered_xct/part03/L0179.csv,4543,4543,0,2.0,11.0,-7.0,-2.0,4543,4543,4543,1.0,1.0,1.0,0.5363336539731456,0.345,0.57865
part03,180,/Users/kimsangmin/ammt_project/raw_original/registered_xct/part03/L0180.csv,4480,4480,0,2.0,11.0,-7.0,-2.0,4480,4480,4480,1.0,1.0,1.0,0.5366085245535714,0.34381,0.5813
part03,181,/Users/kimsangmin/ammt_project/raw_original/registered_xct/part03/L0181.csv,4577,4577,0,2.0,11.0,-7.0,-2.0,4577,4577,4577,1.0,1.0,1.0,0.5362191107712476,0.34376,0.58432
part03,182,/Users/kimsangmin/ammt_project/raw_original/registered_xct/part03/L0182.csv,4559,4559,0,2.0,11.0,-7.0,-2.0,4559,4559,4559,1.0,1.0,1.0,0.536358699276157,0.34473,0.58103
part03,183,/Users/kimsangmin/ammt_project/raw_original/registered_xct/part03/L0183.csv,4580,4580,0,2.0,11.0,-7.0,-2.0,4580,4580,4580,1.0,1.0,1.0,0.5368290982532752,0.34622,0.58414
part03,184,/Users/kimsangmin/ammt_project/raw_original/registered_xct/part03/L0184.csv,4558,4558,0,2.0,11.0,-7.0,-2.0,4558,4558,4558,1.0,1.0,1.0,0.5368872334357174,0.34784,0.58855
part03,185,/Users/kimsangmin/ammt_project/raw_original/registered_xct/part03/L0185.csv,4670,4670,0,2.0,11.0,-7.0,-2.0,4670,4670,4670,1.0,1.0,1.0,0.5364985460385439,0.3494,0.58889
part03,186,/Users/kimsangmin/ammt_project/raw_original/registered_xct/part03/L0186.csv,4594,4594,0,2.0,11.0,-7.0,-2.0,4594,4594,4594,1.0,1.0,1.0,0.5366866173269481,0.35059,0.58793
part03,187,/Users/kimsangmin/ammt_project/raw_original/registered_xct/part03/L0187.csv,4673,4673,0,2.0,11.0,-7.0,-2.0,4673,4673,4673,1.0,1.0,1.0,0.537198508452814,0.35131,0.58901
part03,188,/Users/kimsangmin/ammt_project/raw_original/registered_xct/part03/L0188.csv,4668,4668,0,2.0,11.0,-7.0,-2.0,4668,4668,4668,1.0,1.0,1.0,0.5374252870608398,0.35156,0.58874
part03,189,/Users/kimsangmin/ammt_project/raw_original/registered_xct/part03/L0189.csv,4703,4703,0,2.0,11.0,-7.0,-2.0,4703,4703,4703,1.0,1.0,1.0,0.5371298554114395,0.3511,0.58733
part03,190,/Users/kimsangmin/ammt_project/raw_original/registered_xct/part03/L0190.csv,4668,4668,0,2.0,11.0,-7.0,-2.0,4668,4668,4668,1.0,1.0,1.0,0.5372530077120822,0.35,0.58518
part03,191,/Users/kimsangmin/ammt_project/raw_original/registered_xct/part03/L0191.csv,4767,4767,0,2.0,11.0,-7.0,-2.0,4767,4767,4767,1.0,1.0,1.0,0.5374983847283407,0.34871,0.58708
part03,192,/Users/kimsangmin/ammt_project/raw_original/registered_xct/part03/L0192.csv,4707,4707,0,2.0,11.0,-7.0,-2.0,4707,4707,4707,1.0,1.0,1.0,0.537708398130444,0.34729,0.59089
part03,193,/Users/kimsangmin/ammt_project/raw_original/registered_xct/part03/L0193.csv,4800,4800,0,2.0,11.0,-7.0,-2.0,4800,4800,4800,1.0,1.0,1.0,0.53750055,0.34606,0.59231
part03,194,/Users/kimsangmin/ammt_project/raw_original/registered_xct/part03/L0194.csv,4784,4784,0,2.0,11.0,-7.0,-2.0,4784,4784,4784,1.0,1.0,1.0,0.5376006626254181,0.34532,0.58812
part03,195,/Users/kimsangmin/ammt_project/raw_original/registered_xct/part03/L0195.csv,4868,4868,0,2.0,11.0,-7.0,-2.0,4868,4868,4868,1.0,1.0,1.0,0.5375874876746096,0.34516,0.5908
part03,196,/Users/kimsangmin/ammt_project/raw_original/registered_xct/part03/L0196.csv,4784,4784,0,2.0,11.0,-7.0,-2.0,4784,4784,4784,1.0,1.0,1.0,0.5380414569397994,0.34573,0.59423
part03,197,/Users/kimsangmin/ammt_project/raw_original/registered_xct/part03/L0197.csv,4897,4897,0,2.0,11.0,-7.0,-2.0,4897,4897,4897,1.0,1.0,1.0,0.5376504390443129,0.34705,0.59442
part03,198,/Users/kimsangmin/ammt_project/raw_original/registered_xct/part03/L0198.csv,4855,4855,0,2.0,11.0,-7.0,-2.0,4855,4855,4855,1.0,1.0,1.0,0.5379316210092687,0.34889,0.59132
part03,199,/Users/kimsangmin/ammt_project/raw_original/registered_xct/part03/L0199.csv,4960,4960,0,2.0,11.0,-7.0,-2.0,4960,4960,4960,1.0,1.0,1.0,0.5378955181451612,0.35103,0.59287
part03,200,/Users/kimsangmin/ammt_project/raw_original/registered_xct/part03/L0200.csv,4892,4892,0,2.0,11.0,-7.0,-2.0,4892,4892,4892,1.0,1.0,1.0,0.5385051369582992,0.35279,0.59552
part03,201,/Users/kimsangmin/ammt_project/raw_original/registered_xct/part03/L0201.csv,4993,4993,0,2.0,11.0,-7.0,-2.0,4993,4993,4993,1.0,1.0,1.0,0.5379325736030441,0.35356,0.5977
part03,202,/Users/kimsangmin/ammt_project/raw_original/registered_xct/part03/L0202.csv,4966,4966,0,2.0,11.0,-7.0,-2.0,4966,4966,4966,1.0,1.0,1.0,0.5383303141361256,0.35361,0.59397
part03,203,/Users/kimsangmin/ammt_project/raw_original/registered_xct/part03/L0203.csv,5055,5055,0,2.0,11.0,-7.0,-2.0,5055,5055,5055,1.0,1.0,1.0,0.5382409040553908,0.35322,0.59494
part03,204,/Users/kimsangmin/ammt_project/raw_original/registered_xct/part03/L0204.csv,5003,5003,0,2.0,11.0,-7.0,-2.0,5003,5003,5003,1.0,1.0,1.0,0.5389880711573056,0.35158,0.59856
part03,205,/Users/kimsangmin/ammt_project/raw_original/registered_xct/part03/L0205.csv,5089,5089,0,2.0,11.0,-7.0,-2.0,5089,5089,5089,1.0,1.0,1.0,0.5384295912752997,0.35206,0.60044
part03,206,/Users/kimsangmin/ammt_project/raw_original/registered_xct/part03/L0206.csv,5082,5082,0,2.0,11.0,-7.0,-2.0,5082,5082,5082,1.0,1.0,1.0,0.53870922274695,0.35259,0.59602
part03,207,/Users/kimsangmin/ammt_project/raw_original/registered_xct/part03/L0207.csv,5155,5155,0,2.0,11.0,-7.0,-2.0,5155,5155,5155,1.0,1.0,1.0,0.5387877458777885,0.35283,0.59848
part03,208,/Users/kimsangmin/ammt_project/raw_original/registered_xct/part03/L0208.csv,5120,5120,0,2.0,11.0,-7.0,-2.0,5120,5120,5120,1.0,1.0,1.0,0.53925052734375,0.35271,0.60198
part03,209,/Users/kimsangmin/ammt_project/raw_original/registered_xct/part03/L0209.csv,5248,5248,0,2.0,11.0,-7.0,-2.0,5248,5248,5248,1.0,1.0,1.0,0.5383435461128049,0.35198,0.60192
part03,210,/Users/kimsangmin/ammt_project/raw_original/registered_xct/part03/L0210.csv,5226,5226,0,2.0,11.0,-7.0,-2.0,5226,5226,5226,1.0,1.0,1.0,0.5390836528893992,0.3506,0.59958
part03,211,/Users/kimsangmin/ammt_project/raw_original/registered_xct/part03/L0211.csv,5312,5312,0,2.0,11.0,-7.0,-2.0,5312,5312,5312,1.0,1.0,1.0,0.538544640436747,0.34899,0.59957
part03,212,/Users/kimsangmin/ammt_project/raw_original/registered_xct/part03/L0212.csv,5262,5262,0,2.0,11.0,-7.0,-2.0,5262,5262,5262,1.0,1.0,1.0,0.5394587305207146,0.34757,0.60132
part03,213,/Users/kimsangmin/ammt_project/raw_original/registered_xct/part03/L0213.csv,5343,5343,0,2.0,11.0,-7.0,-2.0,5343,5343,5343,1.0,1.0,1.0,0.5386223844282239,0.34701,0.60505
part03,214,/Users/kimsangmin/ammt_project/raw_original/registered_xct/part03/L0214.csv,5338,5338,0,2.0,11.0,-7.0,-2.0,5338,5338,5338,1.0,1.0,1.0,0.5390037148744848,0.3473,0.6025
part03,215,/Users/kimsangmin/ammt_project/raw_original/registered_xct/part03/L0215.csv,5408,5408,0,2.0,11.0,-7.0,-2.0,5408,5408,5408,1.0,1.0,1.0,0.5389294674556213,0.34821,0.604
part03,216,/Users/kimsangmin/ammt_project/raw_original/registered_xct/part03/L0216.csv,5411,5411,0,2.0,11.0,-7.0,-2.0,5411,5411,5411,1.0,1.0,1.0,0.5393888689706154,0.34977,0.60444
part03,217,/Users/kimsangmin/ammt_project/raw_original/registered_xct/part03/L0217.csv,5504,5504,0,2.0,11.0,-7.0,-2.0,5504,5504,5504,1.0,1.0,1.0,0.5385404505813953,0.35166,0.61179
part03,218,/Users/kimsangmin/ammt_project/raw_original/registered_xct/part03/L0218.csv,5490,5490,0,2.0,11.0,-7.0,-2.0,5490,5490,5490,1.0,1.0,1.0,0.5389062112932604,0.34642,0.60806
part03,219,/Users/kimsangmin/ammt_project/raw_original/registered_xct/part03/L0219.csv,5636,5636,0,2.0,11.0,-7.0,-2.0,5636,5636,5636,1.0,1.0,1.0,0.5381234510290986,0.34563,0.61045
part03,220,/Users/kimsangmin/ammt_project/raw_original/registered_xct/part03/L0220.csv,5600,5600,0,2.0,11.0,-7.0,-2.0,5600,5600,5600,1.0,1.0,1.0,0.5390140303571429,0.34763,0.60831
part03,221,/Users/kimsangmin/ammt_project/raw_original/registered_xct/part03/L0221.csv,5726,5726,0,2.0,11.0,-7.0,-2.0,5726,5726,5726,1.0,1.0,1.0,0.5379786622424031,0.34988,0.61386
part03,222,/Users/kimsangmin/ammt_project/raw_original/registered_xct/part03/L0222.csv,5707,5707,0,2.0,11.0,-7.0,-2.0,5707,5707,5707,1.0,1.0,1.0,0.5385802645873489,0.35275,0.61094
part03,223,/Users/kimsangmin/ammt_project/raw_original/registered_xct/part03/L0223.csv,5856,5856,0,2.0,11.0,-7.0,-2.0,5856,5856,5856,1.0,1.0,1.0,0.5378097148224045,0.35462,0.61365
part03,224,/Users/kimsangmin/ammt_project/raw_original/registered_xct/part03/L0224.csv,5818,5818,0,2.0,11.0,-7.0,-2.0,5818,5818,5818,1.0,1.0,1.0,0.5387272035063596,0.35171,0.61085
part03,225,/Users/kimsangmin/ammt_project/raw_original/registered_xct/part03/L0225.csv,6015,6015,0,2.0,11.0,-7.0,-2.0,6015,6015,6015,1.0,1.0,1.0,0.5375037622610142,0.3487,0.61962
part03,226,/Users/kimsangmin/ammt_project/raw_original/registered_xct/part03/L0226.csv,6119,6119,0,2.0,11.0,-7.0,-2.0,6119,6119,6119,1.0,1.0,1.0,0.5376986811570519,0.34629,0.61358
part03,227,/Users/kimsangmin/ammt_project/raw_original/registered_xct/part03/L0227.csv,6171,6171,0,2.0,11.0,-7.0,-2.0,6171,6171,6171,1.0,1.0,1.0,0.5377523529411764,0.34506,0.61609
part03,228,/Users/kimsangmin/ammt_project/raw_original/registered_xct/part03/L0228.csv,6119,6119,0,2.0,11.0,-7.0,-2.0,6119,6119,6119,1.0,1.0,1.0,0.5386392678542246,0.34566,0.61766
part03,229,/Users/kimsangmin/ammt_project/raw_original/registered_xct/part03/L0229.csv,6202,6202,0,2.0,11.0,-7.0,-2.0,6202,6202,6202,1.0,1.0,1.0,0.5378896339890358,0.34806,0.62103
part03,230,/Users/kimsangmin/ammt_project/raw_original/registered_xct/part03/L0230.csv,6159,6159,0,2.0,11.0,-7.0,-2.0,6159,6159,6159,1.0,1.0,1.0,0.5386820116902095,0.35203,0.61429
part03,231,/Users/kimsangmin/ammt_project/raw_original/registered_xct/part03/L0231.csv,6207,6207,0,2.0,11.0,-7.0,-2.0,6207,6207,6207,1.0,1.0,1.0,0.5386994135653295,0.35666,0.61496
part03,232,/Users/kimsangmin/ammt_project/raw_original/registered_xct/part03/L0232.csv,6160,6160,0,2.0,11.0,-7.0,-2.0,6160,6160,6160,1.0,1.0,1.0,0.5396959464285714,0.35886,0.62066
part03,233,/Users/kimsangmin/ammt_project/raw_original/registered_xct/part03/L0233.csv,6235,6235,0,2.0,11.0,-7.0,-2.0,6235,6235,6235,1.0,1.0,1.0,0.539024915797915,0.36119,0.62164
part03,234,/Users/kimsangmin/ammt_project/raw_original/registered_xct/part03/L0234.csv,6192,6192,0,2.0,11.0,-7.0,-2.0,6192,6192,6192,1.0,1.0,1.0,0.5400423110465117,0.36457,0.62044
part03,235,/Users/kimsangmin/ammt_project/raw_original/registered_xct/part03/L0235.csv,6235,6235,0,2.0,11.0,-7.0,-2.0,6235,6235,6235,1.0,1.0,1.0,0.5400904282277466,0.36367,0.61699
part03,236,/Users/kimsangmin/ammt_project/raw_original/registered_xct/part03/L0236.csv,6193,6193,0,2.0,11.0,-7.0,-2.0,6193,6193,6193,1.0,1.0,1.0,0.5412483723558857,0.36189,0.62544
part03,237,/Users/kimsangmin/ammt_project/raw_original/registered_xct/part03/L0237.csv,6267,6267,0,2.0,11.0,-7.0,-2.0,6267,6267,6267,1.0,1.0,1.0,0.5405350917504388,0.36021,0.62631
part03,238,/Users/kimsangmin/ammt_project/raw_original/registered_xct/part03/L0238.csv,6229,6229,0,2.0,11.0,-7.0,-2.0,6229,6229,6229,1.0,1.0,1.0,0.541802390431851,0.35921,0.6283
part03,239,/Users/kimsangmin/ammt_project/raw_original/registered_xct/part03/L0239.csv,6266,6266,0,2.0,11.0,-7.0,-2.0,6266,6266,6266,1.0,1.0,1.0,0.5420299058410468,0.3594,0.62168
part03,240,/Users/kimsangmin/ammt_project/raw_original/registered_xct/part03/L0240.csv,6230,6230,0,2.0,11.0,-7.0,-2.0,6230,6230,6230,1.0,1.0,1.0,0.5435660722311396,0.3609,0.62873
part03,241,/Users/kimsangmin/ammt_project/raw_original/registered_xct/part03/L0241.csv,6299,6299,0,2.0,11.0,-7.0,-2.0,6299,6299,6299,1.0,1.0,1.0,0.5431365661216065,0.36311,0.62699
part03,242,/Users/kimsangmin/ammt_project/raw_original/registered_xct/part03/L0242.csv,6271,6271,0,2.0,11.0,-7.0,-2.0,6271,6271,6271,1.0,1.0,1.0,0.5448271073194068,0.36502,0.62776
part03,243,/Users/kimsangmin/ammt_project/raw_original/registered_xct/part03/L0243.csv,6302,6302,0,2.0,11.0,-7.0,-2.0,6302,6302,6302,1.0,1.0,1.0,0.5452885369723897,0.36589,0.6171
part03,244,/Users/kimsangmin/ammt_project/raw_original/registered_xct/part03/L0244.csv,6271,6271,0,2.0,11.0,-7.0,-2.0,6271,6271,6271,1.0,1.0,1.0,0.5473121336309998,0.36581,0.62629
part03,245,/Users/kimsangmin/ammt_project/raw_original/registered_xct/part03/L0245.csv,6331,6331,0,2.0,11.0,-7.0,-2.0,6331,6331,6331,1.0,1.0,1.0,0.5467029805717896,0.35995,0.62814
part03,246,/Users/kimsangmin/ammt_project/raw_original/registered_xct/part03/L0246.csv,6267,6267,0,2.0,11.0,-7.0,-2.0,6267,6267,6267,1.0,1.0,1.0,0.5477445236955482,0.35301,0.62808
part03,247,/Users/kimsangmin/ammt_project/raw_original/registered_xct/part03/L0247.csv,6330,6330,0,2.0,11.0,-7.0,-2.0,6330,6330,6330,1.0,1.0,1.0,0.5437364992101106,0.34361,0.63165
part03,248,/Users/kimsangmin/ammt_project/raw_original/registered_xct/part03/L0248.csv,6303,6303,0,2.0,11.0,-7.0,-2.0,6303,6303,6303,1.0,1.0,1.0,0.5379795716325559,0.31373,0.63135
part03,249,/Users/kimsangmin/ammt_project/raw_original/registered_xct/part03/L0249.csv,6363,6363,0,2.0,11.0,-7.0,-2.0,6363,6363,6363,1.0,1.0,1.0,0.5241134747760491,0.26587,0.62499
part03,250,/Users/kimsangmin/ammt_project/raw_original/registered_xct/part03/L0250.csv,6304,6304,0,2.0,11.0,-7.0,-2.0,6304,6304,6304,1.0,1.0,1.0,0.5093756583121828,0.2502,0.62244
part04,1,/Users/kimsangmin/ammt_project/raw_original/registered_xct/part04/L0001.csv,5921,5921,0,6.0,15.0,-16.0,-11.0,0,0,0,0.0,0.0,0.0,,,
part04,2,/Users/kimsangmin/ammt_project/raw_original/registered_xct/part04/L0002.csv,5969,5969,0,6.0,15.0,-16.0,-11.0,0,0,0,0.0,0.0,0.0,,,
part04,3,/Users/kimsangmin/ammt_project/raw_original/registered_xct/part04/L0003.csv,6052,6052,0,6.0,15.0,-16.0,-11.0,0,0,0,0.0,0.0,0.0,,,
part04,4,/Users/kimsangmin/ammt_project/raw_original/registered_xct/part04/L0004.csv,6082,6082,0,6.0,15.0,-16.0,-11.0,0,0,0,0.0,0.0,0.0,,,
part04,5,/Users/kimsangmin/ammt_project/raw_original/registered_xct/part04/L0005.csv,6173,6173,0,6.0,15.0,-16.0,-11.0,0,0,0,0.0,0.0,0.0,,,
part04,6,/Users/kimsangmin/ammt_project/raw_original/registered_xct/part04/L0006.csv,6190,6190,0,6.0,15.0,-16.0,-11.0,0,0,0,0.0,0.0,0.0,,,
part04,7,/Users/kimsangmin/ammt_project/raw_original/registered_xct/part04/L0007.csv,6299,6299,0,6.0,15.0,-16.0,-11.0,0,0,0,0.0,0.0,0.0,,,
part04,8,/Users/kimsangmin/ammt_project/raw_original/registered_xct/part04/L0008.csv,6303,6303,0,6.0,15.0,-16.0,-11.0,0,0,0,0.0,0.0,0.0,,,
part04,9,/Users/kimsangmin/ammt_project/raw_original/registered_xct/part04/L0009.csv,6362,6362,0,6.0,15.0,-16.0,-11.0,0,0,0,0.0,0.0,0.0,,,
part04,10,/Users/kimsangmin/ammt_project/raw_original/registered_xct/part04/L0010.csv,6303,6303,0,6.0,15.0,-16.0,-11.0,0,0,0,0.0,0.0,0.0,,,
part04,11,/Users/kimsangmin/ammt_project/raw_original/registered_xct/part04/L0011.csv,6362,6362,0,6.0,15.0,-16.0,-11.0,0,0,0,0.0,0.0,0.0,,,
part04,12,/Users/kimsangmin/ammt_project/raw_original/registered_xct/part04/L0012.csv,6303,6303,0,6.0,15.0,-16.0,-11.0,0,0,0,0.0,0.0,0.0,,,
part04,13,/Users/kimsangmin/ammt_project/raw_original/registered_xct/part04/L0013.csv,6362,6362,0,6.0,15.0,-16.0,-11.0,0,0,0,0.0,0.0,0.0,,,
part04,14,/Users/kimsangmin/ammt_project/raw_original/registered_xct/part04/L0014.csv,6308,6308,0,6.0,15.0,-16.0,-11.0,0,0,0,0.0,0.0,0.0,,,
part04,15,/Users/kimsangmin/ammt_project/raw_original/registered_xct/part04/L0015.csv,6367,6367,0,6.0,15.0,-16.0,-11.0,0,0,0,0.0,0.0,0.0,,,
part04,16,/Users/kimsangmin/ammt_project/raw_original/registered_xct/part04/L0016.csv,6308,6308,0,6.0,15.0,-16.0,-11.0,0,0,0,0.0,0.0,0.0,,,
part04,17,/Users/kimsangmin/ammt_project/raw_original/registered_xct/part04/L0017.csv,6362,6362,0,6.0,15.0,-16.0,-11.0,0,0,0,0.0,0.0,0.0,,,
part04,18,/Users/kimsangmin/ammt_project/raw_original/registered_xct/part04/L0018.csv,6303,6303,0,6.0,15.0,-16.0,-11.0,0,0,0,0.0,0.0,0.0,,,
part04,19,/Users/kimsangmin/ammt_project/raw_original/registered_xct/part04/L0019.csv,6362,6362,0,6.0,15.0,-16.0,-11.0,0,0,0,0.0,0.0,0.0,,,
part04,20,/Users/kimsangmin/ammt_project/raw_original/registered_xct/part04/L0020.csv,6303,6303,0,6.0,15.0,-16.0,-11.0,0,0,0,0.0,0.0,0.0,,,
part04,21,/Users/kimsangmin/ammt_project/raw_original/registered_xct/part04/L0021.csv,6362,6362,0,6.0,15.0,-16.0,-11.0,6362,6362,6362,1.0,1.0,1.0,0.5105610939955989,0.23065,0.58031
part04,22,/Users/kimsangmin/ammt_project/raw_original/registered_xct/part04/L0022.csv,6303,6303,0,6.0,15.0,-16.0,-11.0,6303,6303,6303,1.0,1.0,1.0,0.5328334507377439,0.26002,0.58634
part04,23,/Users/kimsangmin/ammt_project/raw_original/registered_xct/part04/L0023.csv,6362,6362,0,6.0,15.0,-16.0,-11.0,6362,6362,6362,1.0,1.0,1.0,0.5406482065388243,0.27448,0.58429
part04,24,/Users/kimsangmin/ammt_project/raw_original/registered_xct/part04/L0024.csv,6303,6303,0,6.0,15.0,-16.0,-11.0,6303,6303,6303,1.0,1.0,1.0,0.5460560193558622,0.2915,0.59992
part04,25,/Users/kimsangmin/ammt_project/raw_original/registered_xct/part04/L0025.csv,6362,6362,0,6.0,15.0,-16.0,-11.0,6362,6362,6362,1.0,1.0,1.0,0.5429733857277586,0.30496,0.62
part04,26,/Users/kimsangmin/ammt_project/raw_original/registered_xct/part04/L0026.csv,6308,6308,0,6.0,15.0,-16.0,-11.0,6308,6308,6308,1.0,1.0,1.0,0.5428862175015853,0.31478,0.62367
part04,27,/Users/kimsangmin/ammt_project/raw_original/registered_xct/part04/L0027.csv,6212,6212,0,6.0,15.0,-16.0,-11.0,6212,6212,6212,1.0,1.0,1.0,0.5431329459111397,0.32034,0.63012
part04,28,/Users/kimsangmin/ammt_project/raw_original/registered_xct/part04/L0028.csv,6043,6043,0,6.0,15.0,-16.0,-11.0,6043,6043,6043,1.0,1.0,1.0,0.545746658944233,0.32507,0.63259
part04,29,/Users/kimsangmin/ammt_project/raw_original/registered_xct/part04/L0029.csv,6079,6079,0,6.0,15.0,-16.0,-11.0,6079,6079,6079,1.0,1.0,1.0,0.5436356209902945,0.32695,0.63887
part04,30,/Users/kimsangmin/ammt_project/raw_original/registered_xct/part04/L0030.csv,5928,5928,0,6.0,15.0,-16.0,-11.0,5928,5928,5928,1.0,1.0,1.0,0.5454247925101214,0.32792,0.63496
part04,31,/Users/kimsangmin/ammt_project/raw_original/registered_xct/part04/L0031.csv,5950,5950,0,6.0,15.0,-16.0,-11.0,5950,5950,5950,1.0,1.0,1.0,0.5444477058823529,0.32803,0.6369
part04,32,/Users/kimsangmin/ammt_project/raw_original/registered_xct/part04/L0032.csv,5818,5818,0,6.0,15.0,-16.0,-11.0,5818,5818,5818,1.0,1.0,1.0,0.5459458336198006,0.327,0.63539
part04,33,/Users/kimsangmin/ammt_project/raw_original/registered_xct/part04/L0033.csv,5887,5887,0,6.0,15.0,-16.0,-11.0,5887,5887,5887,1.0,1.0,1.0,0.5437521063359946,0.32543,0.63852
part04,34,/Users/kimsangmin/ammt_project/raw_original/registered_xct/part04/L0034.csv,5744,5744,0,6.0,15.0,-16.0,-11.0,5744,5744,5744,1.0,1.0,1.0,0.5447293158077995,0.32418,0.63426
part04,35,/Users/kimsangmin/ammt_project/raw_original/registered_xct/part04/L0035.csv,5759,5759,0,6.0,15.0,-16.0,-11.0,5759,5759,5759,1.0,1.0,1.0,0.544177296405626,0.3238,0.6411
part04,36,/Users/kimsangmin/ammt_project/raw_original/registered_xct/part04/L0036.csv,5670,5670,0,6.0,15.0,-16.0,-11.0,5670,5670,5670,1.0,1.0,1.0,0.5450294814814814,0.32451,0.63831
part04,37,/Users/kimsangmin/ammt_project/raw_original/registered_xct/part04/L0037.csv,5695,5695,0,6.0,15.0,-16.0,-11.0,5695,5695,5695,1.0,1.0,1.0,0.5436487568042142,0.32586,0.63652
part04,38,/Users/kimsangmin/ammt_project/raw_original/registered_xct/part04/L0038.csv,5600,5600,0,6.0,15.0,-16.0,-11.0,5600,5600,5600,1.0,1.0,1.0,0.5435462375000001,0.32704,0.63518
part04,39,/Users/kimsangmin/ammt_project/raw_original/registered_xct/part04/L0039.csv,5635,5635,0,6.0,15.0,-16.0,-11.0,5635,5635,5635,1.0,1.0,1.0,0.5433789210292813,0.32767,0.64142
part04,40,/Users/kimsangmin/ammt_project/raw_original/registered_xct/part04/L0040.csv,5562,5562,0,6.0,15.0,-16.0,-11.0,5562,5562,5562,1.0,1.0,1.0,0.5439951492268968,0.32767,0.63673
part04,41,/Users/kimsangmin/ammt_project/raw_original/registered_xct/part04/L0041.csv,5632,5632,0,6.0,15.0,-16.0,-11.0,5632,5632,5632,1.0,1.0,1.0,0.5426524893465909,0.32758,0.63744
part04,42,/Users/kimsangmin/ammt_project/raw_original/registered_xct/part04/L0042.csv,5521,5521,0,6.0,15.0,-16.0,-11.0,5521,5521,5521,1.0,1.0,1.0,0.5430840662923383,0.32814,0.6351
part04,43,/Users/kimsangmin/ammt_project/raw_original/registered_xct/part04/L0043.csv,5567,5567,0,6.0,15.0,-16.0,-11.0,5567,5567,5567,1.0,1.0,1.0,0.542661119094665,0.32967,0.63839
part04,44,/Users/kimsangmin/ammt_project/raw_original/registered_xct/part04/L0044.csv,5448,5448,0,6.0,15.0,-16.0,-11.0,5448,5448,5448,1.0,1.0,1.0,0.5432798806901615,0.33167,0.63232
part04,45,/Users/kimsangmin/ammt_project/raw_original/registered_xct/part04/L0045.csv,5503,5503,0,6.0,15.0,-16.0,-11.0,5503,5503,5503,1.0,1.0,1.0,0.542200708704343,0.33348,0.63259
part04,46,/Users/kimsangmin/ammt_project/raw_original/registered_xct/part04/L0046.csv,5410,5410,0,6.0,15.0,-16.0,-11.0,5410,5410,5410,1.0,1.0,1.0,0.5418580573012939,0.33484,0.63062
part04,47,/Users/kimsangmin/ammt_project/raw_original/registered_xct/part04/L0047.csv,5440,5440,0,6.0,15.0,-16.0,-11.0,5440,5440,5440,1.0,1.0,1.0,0.5410659981617646,0.33569,0.63053
part04,48,/Users/kimsangmin/ammt_project/raw_original/registered_xct/part04/L0048.csv,5372,5372,0,6.0,15.0,-16.0,-11.0,5372,5372,5372,1.0,1.0,1.0,0.5395304970215934,0.33593,0.62701
part04,49,/Users/kimsangmin/ammt_project/raw_original/registered_xct/part04/L0049.csv,5439,5439,0,6.0,15.0,-16.0,-11.0,5439,5439,5439,1.0,1.0,1.0,0.5348024066924066,0.33597,0.62794
part04,50,/Users/kimsangmin/ammt_project/raw_original/registered_xct/part04/L0050.csv,5340,5340,0,6.0,15.0,-16.0,-11.0,5340,5340,5340,1.0,1.0,1.0,0.530079754681648,0.33612,0.62778
part04,51,/Users/kimsangmin/ammt_project/raw_original/registered_xct/part04/L0051.csv,3781,3781,0,6.0,15.0,-16.0,-11.0,3781,3781,3781,1.0,1.0,1.0,0.541312382967469,0.33604,0.62302
part04,52,/Users/kimsangmin/ammt_project/raw_original/registered_xct/part04/L0052.csv,3684,3684,0,6.0,15.0,-16.0,-11.0,3684,3684,3684,1.0,1.0,1.0,0.5425416883821932,0.33573,0.62351
part04,53,/Users/kimsangmin/ammt_project/raw_original/registered_xct/part04/L0053.csv,3808,3808,0,6.0,15.0,-16.0,-11.0,3808,3808,3808,1.0,1.0,1.0,0.5403438287815125,0.33607,0.6242
part04,54,/Users/kimsangmin/ammt_project/raw_original/registered_xct/part04/L0054.csv,3678,3678,0,6.0,15.0,-16.0,-11.0,3678,3678,3678,1.0,1.0,1.0,0.5415572131593257,0.3377,0.62582
part04,55,/Users/kimsangmin/ammt_project/raw_original/registered_xct/part04/L0055.csv,3745,3745,0,6.0,15.0,-16.0,-11.0,3745,3745,3745,1.0,1.0,1.0,0.5409474045393858,0.33844,0.62345
part04,56,/Users/kimsangmin/ammt_project/raw_original/registered_xct/part04/L0056.csv,3640,3640,0,6.0,15.0,-16.0,-11.0,3640,3640,3640,1.0,1.0,1.0,0.5419060384615385,0.33693,0.6226
part04,57,/Users/kimsangmin/ammt_project/raw_original/registered_xct/part04/L0057.csv,3776,3776,0,6.0,15.0,-16.0,-11.0,3776,3776,3776,1.0,1.0,1.0,0.5397931329449153,0.33872,0.62485
part04,58,/Users/kimsangmin/ammt_project/raw_original/registered_xct/part04/L0058.csv,3678,3678,0,6.0,15.0,-16.0,-11.0,3678,3678,3678,1.0,1.0,1.0,0.5407481729200653,0.34278,0.62823
part04,59,/Users/kimsangmin/ammt_project/raw_original/registered_xct/part04/L0059.csv,3712,3712,0,6.0,15.0,-16.0,-11.0,3712,3712,3712,1.0,1.0,1.0,0.5401554391163793,0.34352,0.62573
part04,60,/Users/kimsangmin/ammt_project/raw_original/registered_xct/part04/L0060.csv,3605,3605,0,6.0,15.0,-16.0,-11.0,3605,3605,3605,1.0,1.0,1.0,0.5406921747572816,0.34399,0.62339
part04,61,/Users/kimsangmin/ammt_project/raw_original/registered_xct/part04/L0061.csv,3743,3743,0,6.0,15.0,-16.0,-11.0,3743,3743,3743,1.0,1.0,1.0,0.5387211327811915,0.34373,0.62721
part04,62,/Users/kimsangmin/ammt_project/raw_original/registered_xct/part04/L0062.csv,3647,3647,0,6.0,15.0,-16.0,-11.0,3647,3647,3647,1.0,1.0,1.0,0.5394491061146148,0.3417,0.62814
part04,63,/Users/kimsangmin/ammt_project/raw_original/registered_xct/part04/L0063.csv,3684,3684,0,6.0,15.0,-16.0,-11.0,3684,3684,3684,1.0,1.0,1.0,0.5389702497285559,0.34129,0.62189
part04,64,/Users/kimsangmin/ammt_project/raw_original/registered_xct/part04/L0064.csv,3646,3646,0,6.0,15.0,-16.0,-11.0,3646,3646,3646,1.0,1.0,1.0,0.5398059983543609,0.34148,0.6227
part04,65,/Users/kimsangmin/ammt_project/raw_original/registered_xct/part04/L0065.csv,3713,3713,0,6.0,15.0,-16.0,-11.0,3713,3713,3713,1.0,1.0,1.0,0.5380901723673579,0.3418,0.62567
part04,66,/Users/kimsangmin/ammt_project/raw_original/registered_xct/part04/L0066.csv,3606,3606,0,6.0,15.0,-16.0,-11.0,3606,3606,3606,1.0,1.0,1.0,0.5385954353854687,0.34104,0.62639
part04,67,/Users/kimsangmin/ammt_project/raw_original/registered_xct/part04/L0067.csv,3710,3710,0,6.0,15.0,-16.0,-11.0,3710,3710,3710,1.0,1.0,1.0,0.5381461940700808,0.34057,0.62171
part04,68,/Users/kimsangmin/ammt_project/raw_original/registered_xct/part04/L0068.csv,3604,3604,0,6.0,15.0,-16.0,-11.0,3604,3604,3604,1.0,1.0,1.0,0.5390527663706992,0.34045,0.62044
part04,69,/Users/kimsangmin/ammt_project/raw_original/registered_xct/part04/L0069.csv,3680,3680,0,6.0,15.0,-16.0,-11.0,3680,3680,3680,1.0,1.0,1.0,0.5373905625,0.33934,0.6239
part04,70,/Users/kimsangmin/ammt_project/raw_original/registered_xct/part04/L0070.csv,3643,3643,0,6.0,15.0,-16.0,-11.0,3643,3643,3643,1.0,1.0,1.0,0.5379374855888005,0.33851,0.62564
part04,71,/Users/kimsangmin/ammt_project/raw_original/registered_xct/part04/L0071.csv,3681,3681,0,6.0,15.0,-16.0,-11.0,3681,3681,3681,1.0,1.0,1.0,0.5373885493072534,0.33905,0.62733
part04,72,/Users/kimsangmin/ammt_project/raw_original/registered_xct/part04/L0072.csv,3606,3606,0,6.0,15.0,-16.0,-11.0,3606,3606,3606,1.0,1.0,1.0,0.5380274348308375,0.34109,0.62069
part04,73,/Users/kimsangmin/ammt_project/raw_original/registered_xct/part04/L0073.csv,3711,3711,0,6.0,15.0,-16.0,-11.0,3711,3711,3711,1.0,1.0,1.0,0.5362864969011049,0.344,0.62634
part04,74,/Users/kimsangmin/ammt_project/raw_original/registered_xct/part04/L0074.csv,3572,3572,0,6.0,15.0,-16.0,-11.0,3572,3572,3572,1.0,1.0,1.0,0.5368662653975363,0.34182,0.62675
part04,75,/Users/kimsangmin/ammt_project/raw_original/registered_xct/part04/L0075.csv,3653,3653,0,6.0,15.0,-16.0,-11.0,3653,3653,3653,1.0,1.0,1.0,0.5367585792499315,0.34236,0.62378
part04,76,/Users/kimsangmin/ammt_project/raw_original/registered_xct/part04/L0076.csv,3610,3610,0,6.0,15.0,-16.0,-11.0,3610,3610,3610,1.0,1.0,1.0,0.537305191135734,0.34246,0.61933
part04,77,/Users/kimsangmin/ammt_project/raw_original/registered_xct/part04/L0077.csv,3679,3679,0,6.0,15.0,-16.0,-11.0,3679,3679,3679,1.0,1.0,1.0,0.5361971921717857,0.34378,0.6232
part04,78,/Users/kimsangmin/ammt_project/raw_original/registered_xct/part04/L0078.csv,3607,3607,0,6.0,15.0,-16.0,-11.0,3607,3607,3607,1.0,1.0,1.0,0.5368146382034932,0.34346,0.62354
part04,79,/Users/kimsangmin/ammt_project/raw_original/registered_xct/part04/L0079.csv,3681,3681,0,6.0,15.0,-16.0,-11.0,3681,3681,3681,1.0,1.0,1.0,0.536451206193969,0.34312,0.62388
part04,80,/Users/kimsangmin/ammt_project/raw_original/registered_xct/part04/L0080.csv,3570,3570,0,6.0,15.0,-16.0,-11.0,3570,3570,3570,1.0,1.0,1.0,0.5369066162464986,0.34279,0.61758
part04,81,/Users/kimsangmin/ammt_project/raw_original/registered_xct/part04/L0081.csv,3646,3646,0,6.0,15.0,-16.0,-11.0,3646,3646,3646,1.0,1.0,1.0,0.5355564509051014,0.34188,0.62087
part04,82,/Users/kimsangmin/ammt_project/raw_original/registered_xct/part04/L0082.csv,3568,3568,0,6.0,15.0,-16.0,-11.0,3568,3568,3568,1.0,1.0,1.0,0.5357835454035874,0.33875,0.62308
part04,83,/Users/kimsangmin/ammt_project/raw_original/registered_xct/part04/L0083.csv,3648,3648,0,6.0,15.0,-16.0,-11.0,3648,3648,3648,1.0,1.0,1.0,0.5356824451754386,0.33681,0.61968
part04,84,/Users/kimsangmin/ammt_project/raw_original/registered_xct/part04/L0084.csv,3569,3569,0,6.0,15.0,-16.0,-11.0,3569,3569,3569,1.0,1.0,1.0,0.5359117511908097,0.3363,0.61754
part04,85,/Users/kimsangmin/ammt_project/raw_original/registered_xct/part04/L0085.csv,3679,3679,0,6.0,15.0,-16.0,-11.0,3679,3679,3679,1.0,1.0,1.0,0.5345400081543897,0.33694,0.62215
part04,86,/Users/kimsangmin/ammt_project/raw_original/registered_xct/part04/L0086.csv,3610,3610,0,6.0,15.0,-16.0,-11.0,3610,3610,3610,1.0,1.0,1.0,0.5347928310249308,0.3373,0.62403
part04,87,/Users/kimsangmin/ammt_project/raw_original/registered_xct/part04/L0087.csv,3684,3684,0,6.0,15.0,-16.0,-11.0,3684,3684,3684,1.0,1.0,1.0,0.5345140635179153,0.33785,0.61853
part04,88,/Users/kimsangmin/ammt_project/raw_original/registered_xct/part04/L0088.csv,3575,3575,0,6.0,15.0,-16.0,-11.0,3575,3575,3575,1.0,1.0,1.0,0.5350444699300699,0.33742,0.61633
part04,89,/Users/kimsangmin/ammt_project/raw_original/registered_xct/part04/L0089.csv,3713,3713,0,6.0,15.0,-16.0,-11.0,3713,3713,3713,1.0,1.0,1.0,0.5336363345004039,0.33894,0.62109
part04,90,/Users/kimsangmin/ammt_project/raw_original/registered_xct/part04/L0090.csv,3607,3607,0,6.0,15.0,-16.0,-11.0,3607,3607,3607,1.0,1.0,1.0,0.5345479706126975,0.3372,0.6204
part04,91,/Users/kimsangmin/ammt_project/raw_original/registered_xct/part04/L0091.csv,3649,3649,0,6.0,15.0,-16.0,-11.0,3649,3649,3649,1.0,1.0,1.0,0.5344642751438751,0.33497,0.61403
part04,92,/Users/kimsangmin/ammt_project/raw_original/registered_xct/part04/L0092.csv,3569,3569,0,6.0,15.0,-16.0,-11.0,3569,3569,3569,1.0,1.0,1.0,0.5345834323339871,0.33265,0.61187
part04,93,/Users/kimsangmin/ammt_project/raw_original/registered_xct/part04/L0093.csv,3679,3679,0,6.0,15.0,-16.0,-11.0,3679,3679,3679,1.0,1.0,1.0,0.5333605626528948,0.33059,0.61473
part04,94,/Users/kimsangmin/ammt_project/raw_original/registered_xct/part04/L0094.csv,3607,3607,0,6.0,15.0,-16.0,-11.0,3607,3607,3607,1.0,1.0,1.0,0.5335282284446908,0.32905,0.61417
part04,95,/Users/kimsangmin/ammt_project/raw_original/registered_xct/part04/L0095.csv,3679,3679,0,6.0,15.0,-16.0,-11.0,3679,3679,3679,1.0,1.0,1.0,0.5333656455558576,0.3284,0.61683
part04,96,/Users/kimsangmin/ammt_project/raw_original/registered_xct/part04/L0096.csv,3608,3608,0,6.0,15.0,-16.0,-11.0,3608,3608,3608,1.0,1.0,1.0,0.5336764634146342,0.32894,0.60922
part04,97,/Users/kimsangmin/ammt_project/raw_original/registered_xct/part04/L0097.csv,3712,3712,0,6.0,15.0,-16.0,-11.0,3712,3712,3712,1.0,1.0,1.0,0.5324961476293104,0.33074,0.61468
part04,98,/Users/kimsangmin/ammt_project/raw_original/registered_xct/part04/L0098.csv,3651,3651,0,6.0,15.0,-16.0,-11.0,3651,3651,3651,1.0,1.0,1.0,0.5328747658175843,0.33151,0.61688
part04,99,/Users/kimsangmin/ammt_project/raw_original/registered_xct/part04/L0099.csv,3715,3715,0,6.0,15.0,-16.0,-11.0,3715,3715,3715,1.0,1.0,1.0,0.5330755854643338,0.33147,0.61143
part04,100,/Users/kimsangmin/ammt_project/raw_original/registered_xct/part04/L0100.csv,3650,3650,0,6.0,15.0,-16.0,-11.0,3650,3650,3650,1.0,1.0,1.0,0.5334463589041096,0.33118,0.61051
part04,101,/Users/kimsangmin/ammt_project/raw_original/registered_xct/part04/L0101.csv,3745,3745,0,6.0,15.0,-16.0,-11.0,3745,3745,3745,1.0,1.0,1.0,0.5325944459279038,0.33602,0.61554
part04,102,/Users/kimsangmin/ammt_project/raw_original/registered_xct/part04/L0102.csv,3647,3647,0,6.0,15.0,-16.0,-11.0,3647,3647,3647,1.0,1.0,1.0,0.5329019797093502,0.33361,0.614
part04,103,/Users/kimsangmin/ammt_project/raw_original/registered_xct/part04/L0103.csv,3680,3680,0,6.0,15.0,-16.0,-11.0,3680,3680,3680,1.0,1.0,1.0,0.5333367173913044,0.33038,0.60826
part04,104,/Users/kimsangmin/ammt_project/raw_original/registered_xct/part04/L0104.csv,3647,3647,0,6.0,15.0,-16.0,-11.0,3647,3647,3647,1.0,1.0,1.0,0.5330105812996984,0.32814,0.60695
part04,105,/Users/kimsangmin/ammt_project/raw_original/registered_xct/part04/L0105.csv,3713,3713,0,6.0,15.0,-16.0,-11.0,3713,3713,3713,1.0,1.0,1.0,0.5321349878804202,0.329,0.61093
part04,106,/Users/kimsangmin/ammt_project/raw_original/registered_xct/part04/L0106.csv,3647,3647,0,6.0,15.0,-16.0,-11.0,3647,3647,3647,1.0,1.0,1.0,0.5320072497943515,0.33462,0.60994
part04,107,/Users/kimsangmin/ammt_project/raw_original/registered_xct/part04/L0107.csv,3713,3713,0,6.0,15.0,-16.0,-11.0,3713,3713,3713,1.0,1.0,1.0,0.5322477188257474,0.33948,0.60532
part04,108,/Users/kimsangmin/ammt_project/raw_original/registered_xct/part04/L0108.csv,3645,3645,0,6.0,15.0,-16.0,-11.0,3645,3645,3645,1.0,1.0,1.0,0.5323906721536351,0.34127,0.6038
part04,109,/Users/kimsangmin/ammt_project/raw_original/registered_xct/part04/L0109.csv,3743,3743,0,6.0,15.0,-16.0,-11.0,3743,3743,3743,1.0,1.0,1.0,0.5313357200106866,0.34295,0.60104
part04,110,/Users/kimsangmin/ammt_project/raw_original/registered_xct/part04/L0110.csv,3651,3651,0,6.0,15.0,-16.0,-11.0,3651,3651,3651,1.0,1.0,1.0,0.5315393399068749,0.34403,0.60619
part04,111,/Users/kimsangmin/ammt_project/raw_original/registered_xct/part04/L0111.csv,3748,3748,0,6.0,15.0,-16.0,-11.0,3748,3748,3748,1.0,1.0,1.0,0.5315925853788688,0.3443,0.60973
part04,112,/Users/kimsangmin/ammt_project/raw_original/registered_xct/part04/L0112.csv,3650,3650,0,6.0,15.0,-16.0,-11.0,3650,3650,3650,1.0,1.0,1.0,0.5319650684931506,0.34391,0.60221
part04,113,/Users/kimsangmin/ammt_project/raw_original/registered_xct/part04/L0113.csv,3775,3775,0,6.0,15.0,-16.0,-11.0,3775,3775,3775,1.0,1.0,1.0,0.5311062993377483,0.34484,0.60019
part04,114,/Users/kimsangmin/ammt_project/raw_original/registered_xct/part04/L0114.csv,3685,3685,0,6.0,15.0,-16.0,-11.0,3685,3685,3685,1.0,1.0,1.0,0.5315317449118047,0.34159,0.60531
part04,115,/Users/kimsangmin/ammt_project/raw_original/registered_xct/part04/L0115.csv,3776,3776,0,6.0,15.0,-16.0,-11.0,3776,3776,3776,1.0,1.0,1.0,0.5313512685381355,0.34224,0.603
part04,116,/Users/kimsangmin/ammt_project/raw_original/registered_xct/part04/L0116.csv,3685,3685,0,6.0,15.0,-16.0,-11.0,3685,3685,3685,1.0,1.0,1.0,0.5316379945725915,0.34348,0.60012
part04,117,/Users/kimsangmin/ammt_project/raw_original/registered_xct/part04/L0117.csv,3807,3807,0,6.0,15.0,-16.0,-11.0,3807,3807,3807,1.0,1.0,1.0,0.5305958129760966,0.34303,0.59888
part04,118,/Users/kimsangmin/ammt_project/raw_original/registered_xct/part04/L0118.csv,3723,3723,0,6.0,15.0,-16.0,-11.0,3723,3723,3723,1.0,1.0,1.0,0.5310420118184259,0.34654,0.60363
part04,119,/Users/kimsangmin/ammt_project/raw_original/registered_xct/part04/L0119.csv,3808,3808,0,6.0,15.0,-16.0,-11.0,3808,3808,3808,1.0,1.0,1.0,0.5310424737394959,0.34673,0.6011
part04,120,/Users/kimsangmin/ammt_project/raw_original/registered_xct/part04/L0120.csv,3723,3723,0,6.0,15.0,-16.0,-11.0,3723,3723,3723,1.0,1.0,1.0,0.5314636825141016,0.34639,0.59888
part04,121,/Users/kimsangmin/ammt_project/raw_original/registered_xct/part04/L0121.csv,3839,3839,0,6.0,15.0,-16.0,-11.0,3839,3839,3839,1.0,1.0,1.0,0.530560651211253,0.34481,0.59882
part04,122,/Users/kimsangmin/ammt_project/raw_original/registered_xct/part04/L0122.csv,3765,3765,0,6.0,15.0,-16.0,-11.0,3765,3765,3765,1.0,1.0,1.0,0.5307445365205844,0.34283,0.60371
part04,123,/Users/kimsangmin/ammt_project/raw_original/registered_xct/part04/L0123.csv,3845,3845,0,6.0,15.0,-16.0,-11.0,3845,3845,3845,1.0,1.0,1.0,0.5306358231469441,0.34282,0.59902
part04,124,/Users/kimsangmin/ammt_project/raw_original/registered_xct/part04/L0124.csv,3766,3766,0,6.0,15.0,-16.0,-11.0,3766,3766,3766,1.0,1.0,1.0,0.5309658417419013,0.34179,0.59694
part04,125,/Users/kimsangmin/ammt_project/raw_original/registered_xct/part04/L0125.csv,3872,3872,0,6.0,15.0,-16.0,-11.0,3872,3872,3872,1.0,1.0,1.0,0.530340382231405,0.34195,0.59792
part04,126,/Users/kimsangmin/ammt_project/raw_original/registered_xct/part04/L0126.csv,3798,3798,0,6.0,15.0,-16.0,-11.0,3798,3798,3798,1.0,1.0,1.0,0.5307111453396525,0.34311,0.6036
part04,127,/Users/kimsangmin/ammt_project/raw_original/registered_xct/part04/L0127.csv,3872,3872,0,6.0,15.0,-16.0,-11.0,3872,3872,3872,1.0,1.0,1.0,0.5307653202479338,0.34452,0.60432
part04,128,/Users/kimsangmin/ammt_project/raw_original/registered_xct/part04/L0128.csv,3799,3799,0,6.0,15.0,-16.0,-11.0,3799,3799,3799,1.0,1.0,1.0,0.5310885206633325,0.34515,0.59726
part04,129,/Users/kimsangmin/ammt_project/raw_original/registered_xct/part04/L0129.csv,3904,3904,0,6.0,15.0,-16.0,-11.0,3904,3904,3904,1.0,1.0,1.0,0.5304164164959015,0.34646,0.59479
part04,130,/Users/kimsangmin/ammt_project/raw_original/registered_xct/part04/L0130.csv,3798,3798,0,6.0,15.0,-16.0,-11.0,3798,3798,3798,1.0,1.0,1.0,0.5307322485518694,0.34767,0.60103
part04,131,/Users/kimsangmin/ammt_project/raw_original/registered_xct/part04/L0131.csv,3903,3903,0,6.0,15.0,-16.0,-11.0,3903,3903,3903,1.0,1.0,1.0,0.530958762490392,0.34934,0.60033
part04,132,/Users/kimsangmin/ammt_project/raw_original/registered_xct/part04/L0132.csv,3837,3837,0,6.0,15.0,-16.0,-11.0,3837,3837,3837,1.0,1.0,1.0,0.5312552697419859,0.35122,0.59812
part04,133,/Users/kimsangmin/ammt_project/raw_original/registered_xct/part04/L0133.csv,3936,3936,0,6.0,15.0,-16.0,-11.0,3936,3936,3936,1.0,1.0,1.0,0.5306679471544716,0.35293,0.59372
part04,134,/Users/kimsangmin/ammt_project/raw_original/registered_xct/part04/L0134.csv,3842,3842,0,6.0,15.0,-16.0,-11.0,3842,3842,3842,1.0,1.0,1.0,0.5308706116605934,0.35423,0.59787
part04,135,/Users/kimsangmin/ammt_project/raw_original/registered_xct/part04/L0135.csv,3939,3939,0,6.0,15.0,-16.0,-11.0,3939,3939,3939,1.0,1.0,1.0,0.5310832800203097,0.35433,0.59774
part04,136,/Users/kimsangmin/ammt_project/raw_original/registered_xct/part04/L0136.csv,3879,3879,0,6.0,15.0,-16.0,-11.0,3879,3879,3879,1.0,1.0,1.0,0.5313768445475638,0.35392,0.59191
part04,137,/Users/kimsangmin/ammt_project/raw_original/registered_xct/part04/L0137.csv,3968,3968,0,6.0,15.0,-16.0,-11.0,3968,3968,3968,1.0,1.0,1.0,0.5307952772177419,0.34801,0.59538
part04,138,/Users/kimsangmin/ammt_project/raw_original/registered_xct/part04/L0138.csv,3875,3875,0,6.0,15.0,-16.0,-11.0,3875,3875,3875,1.0,1.0,1.0,0.531076286451613,0.34171,0.59602
part04,139,/Users/kimsangmin/ammt_project/raw_original/registered_xct/part04/L0139.csv,3967,3967,0,6.0,15.0,-16.0,-11.0,3967,3967,3967,1.0,1.0,1.0,0.5311924149231158,0.33701,0.59647
part04,140,/Users/kimsangmin/ammt_project/raw_original/registered_xct/part04/L0140.csv,3874,3874,0,6.0,15.0,-16.0,-11.0,3874,3874,3874,1.0,1.0,1.0,0.531458541559112,0.3351,0.58926
part04,141,/Users/kimsangmin/ammt_project/raw_original/registered_xct/part04/L0141.csv,3999,3999,0,6.0,15.0,-16.0,-11.0,3999,3999,3999,1.0,1.0,1.0,0.5309919479869968,0.33431,0.5907
part04,142,/Users/kimsangmin/ammt_project/raw_original/registered_xct/part04/L0142.csv,3912,3912,0,6.0,15.0,-16.0,-11.0,3912,3912,3912,1.0,1.0,1.0,0.531383913599182,0.33564,0.59254
part04,143,/Users/kimsangmin/ammt_project/raw_original/registered_xct/part04/L0143.csv,3999,3999,0,6.0,15.0,-16.0,-11.0,3999,3999,3999,1.0,1.0,1.0,0.5319140560140035,0.33849,0.59324
part04,144,/Users/kimsangmin/ammt_project/raw_original/registered_xct/part04/L0144.csv,3911,3911,0,6.0,15.0,-16.0,-11.0,3911,3911,3911,1.0,1.0,1.0,0.5321931219636921,0.33973,0.59863
part04,145,/Users/kimsangmin/ammt_project/raw_original/registered_xct/part04/L0145.csv,4033,4033,0,6.0,15.0,-16.0,-11.0,4033,4033,4033,1.0,1.0,1.0,0.5319403744111083,0.33995,0.60031
part04,146,/Users/kimsangmin/ammt_project/raw_original/registered_xct/part04/L0146.csv,3993,3993,0,6.0,15.0,-16.0,-11.0,3993,3993,3993,1.0,1.0,1.0,0.5317824818432255,0.33919,0.5992
part04,147,/Users/kimsangmin/ammt_project/raw_original/registered_xct/part04/L0147.csv,4037,4037,0,6.0,15.0,-16.0,-11.0,4037,4037,4037,1.0,1.0,1.0,0.5324673817190984,0.33778,0.59898
part04,148,/Users/kimsangmin/ammt_project/raw_original/registered_xct/part04/L0148.csv,3993,3993,0,6.0,15.0,-16.0,-11.0,3993,3993,3993,1.0,1.0,1.0,0.5323220260455797,0.33614,0.5945
part04,149,/Users/kimsangmin/ammt_project/raw_original/registered_xct/part04/L0149.csv,4064,4064,0,6.0,15.0,-16.0,-11.0,4064,4064,4064,1.0,1.0,1.0,0.5323700787401575,0.33472,0.59083
part04,150,/Users/kimsangmin/ammt_project/raw_original/registered_xct/part04/L0150.csv,4065,4065,0,6.0,15.0,-16.0,-11.0,4065,4065,4065,1.0,1.0,1.0,0.5320402558425583,0.33366,0.59106
part04,151,/Users/kimsangmin/ammt_project/raw_original/registered_xct/part04/L0151.csv,4129,4129,0,6.0,15.0,-16.0,-11.0,4129,4129,4129,1.0,1.0,1.0,0.5322579365463792,0.33281,0.59132
part04,152,/Users/kimsangmin/ammt_project/raw_original/registered_xct/part04/L0152.csv,4064,4064,0,6.0,15.0,-16.0,-11.0,4064,4064,4064,1.0,1.0,1.0,0.5323346284448819,0.33232,0.58892
part04,153,/Users/kimsangmin/ammt_project/raw_original/registered_xct/part04/L0153.csv,4159,4159,0,6.0,15.0,-16.0,-11.0,4159,4159,4159,1.0,1.0,1.0,0.5319293628276027,0.33251,0.58935
part04,154,/Users/kimsangmin/ammt_project/raw_original/registered_xct/part04/L0154.csv,4102,4102,0,6.0,15.0,-16.0,-11.0,4102,4102,4102,1.0,1.0,1.0,0.532000987323257,0.33368,0.58843
part04,155,/Users/kimsangmin/ammt_project/raw_original/registered_xct/part04/L0155.csv,4160,4160,0,6.0,15.0,-16.0,-11.0,4160,4160,4160,1.0,1.0,1.0,0.5324161177884615,0.33527,0.58899
part04,156,/Users/kimsangmin/ammt_project/raw_original/registered_xct/part04/L0156.csv,4102,4102,0,6.0,15.0,-16.0,-11.0,4102,4102,4102,1.0,1.0,1.0,0.5326268283764017,0.33636,0.58944
part04,157,/Users/kimsangmin/ammt_project/raw_original/registered_xct/part04/L0157.csv,4191,4191,0,6.0,15.0,-16.0,-11.0,4191,4191,4191,1.0,1.0,1.0,0.5325055595323313,0.33643,0.58498
part04,158,/Users/kimsangmin/ammt_project/raw_original/registered_xct/part04/L0158.csv,4143,4143,0,6.0,15.0,-16.0,-11.0,4143,4143,4143,1.0,1.0,1.0,0.5325370142408882,0.33556,0.58605
part04,159,/Users/kimsangmin/ammt_project/raw_original/registered_xct/part04/L0159.csv,4195,4195,0,6.0,15.0,-16.0,-11.0,4195,4195,4195,1.0,1.0,1.0,0.5332562526817639,0.33418,0.58691
part04,160,/Users/kimsangmin/ammt_project/raw_original/registered_xct/part04/L0160.csv,4143,4143,0,6.0,15.0,-16.0,-11.0,4143,4143,4143,1.0,1.0,1.0,0.5330996644943278,0.33316,0.58718
part04,161,/Users/kimsangmin/ammt_project/raw_original/registered_xct/part04/L0161.csv,4225,4225,0,6.0,15.0,-16.0,-11.0,4225,4225,4225,1.0,1.0,1.0,0.533071275739645,0.333,0.58499
part04,162,/Users/kimsangmin/ammt_project/raw_original/registered_xct/part04/L0162.csv,4177,4177,0,6.0,15.0,-16.0,-11.0,4177,4177,4177,1.0,1.0,1.0,0.5329995618865213,0.33312,0.58158
part04,163,/Users/kimsangmin/ammt_project/raw_original/registered_xct/part04/L0163.csv,4289,4289,0,6.0,15.0,-16.0,-11.0,4289,4289,4289,1.0,1.0,1.0,0.5331092235952437,0.33303,0.58535
part04,164,/Users/kimsangmin/ammt_project/raw_original/registered_xct/part04/L0164.csv,4217,4217,0,6.0,15.0,-16.0,-11.0,4217,4217,4217,1.0,1.0,1.0,0.5334170618923405,0.33277,0.58585
part04,165,/Users/kimsangmin/ammt_project/raw_original/registered_xct/part04/L0165.csv,4320,4320,0,6.0,15.0,-16.0,-11.0,4320,4320,4320,1.0,1.0,1.0,0.5330560509259259,0.33226,0.58334
part04,166,/Users/kimsangmin/ammt_project/raw_original/registered_xct/part04/L0166.csv,4252,4252,0,6.0,15.0,-16.0,-11.0,4252,4252,4252,1.0,1.0,1.0,0.5333857478833489,0.33146,0.58133
part04,167,/Users/kimsangmin/ammt_project/raw_original/registered_xct/part04/L0167.csv,4319,4319,0,6.0,15.0,-16.0,-11.0,4319,4319,4319,1.0,1.0,1.0,0.5338989534614493,0.33077,0.58506
part04,168,/Users/kimsangmin/ammt_project/raw_original/registered_xct/part04/L0168.csv,4253,4253,0,6.0,15.0,-16.0,-11.0,4253,4253,4253,1.0,1.0,1.0,0.5339199247589937,0.33032,0.58296
part04,169,/Users/kimsangmin/ammt_project/raw_original/registered_xct/part04/L0169.csv,4352,4352,0,6.0,15.0,-16.0,-11.0,4352,4352,4352,1.0,1.0,1.0,0.5338738579963236,0.33001,0.58274
part04,170,/Users/kimsangmin/ammt_project/raw_original/registered_xct/part04/L0170.csv,4294,4294,0,6.0,15.0,-16.0,-11.0,4294,4294,4294,1.0,1.0,1.0,0.533675575221239,0.33024,0.58344
part04,171,/Users/kimsangmin/ammt_project/raw_original/registered_xct/part04/L0171.csv,4354,4354,0,6.0,15.0,-16.0,-11.0,4354,4354,4354,1.0,1.0,1.0,0.534461295360588,0.33113,0.58478
part04,172,/Users/kimsangmin/ammt_project/raw_original/registered_xct/part04/L0172.csv,4334,4334,0,6.0,15.0,-16.0,-11.0,4334,4334,4334,1.0,1.0,1.0,0.5343257775726812,0.33254,0.58308
part04,173,/Users/kimsangmin/ammt_project/raw_original/registered_xct/part04/L0173.csv,4449,4449,0,6.0,15.0,-16.0,-11.0,4449,4449,4449,1.0,1.0,1.0,0.5341798314227916,0.33426,0.5827
part04,174,/Users/kimsangmin/ammt_project/raw_original/registered_xct/part04/L0174.csv,4405,4405,0,6.0,15.0,-16.0,-11.0,4405,4405,4405,1.0,1.0,1.0,0.5345279250851306,0.33596,0.58178
part04,175,/Users/kimsangmin/ammt_project/raw_original/registered_xct/part04/L0175.csv,4447,4447,0,6.0,15.0,-16.0,-11.0,4447,4447,4447,1.0,1.0,1.0,0.5350026152462333,0.33697,0.59097
part04,176,/Users/kimsangmin/ammt_project/raw_original/registered_xct/part04/L0176.csv,4403,4403,0,6.0,15.0,-16.0,-11.0,4403,4403,4403,1.0,1.0,1.0,0.5351175493981375,0.33669,0.58106
part04,177,/Users/kimsangmin/ammt_project/raw_original/registered_xct/part04/L0177.csv,4480,4480,0,6.0,15.0,-16.0,-11.0,4480,4480,4480,1.0,1.0,1.0,0.5349687321428571,0.33515,0.58265
part04,178,/Users/kimsangmin/ammt_project/raw_original/registered_xct/part04/L0178.csv,4441,4441,0,6.0,15.0,-16.0,-11.0,4441,4441,4441,1.0,1.0,1.0,0.5349318441792389,0.33303,0.58077
part04,179,/Users/kimsangmin/ammt_project/raw_original/registered_xct/part04/L0179.csv,4543,4543,0,6.0,15.0,-16.0,-11.0,4543,4543,4543,1.0,1.0,1.0,0.5351911160026414,0.33124,0.58175
part04,180,/Users/kimsangmin/ammt_project/raw_original/registered_xct/part04/L0180.csv,4480,4480,0,6.0,15.0,-16.0,-11.0,4480,4480,4480,1.0,1.0,1.0,0.5354847589285714,0.33038,0.58491
part04,181,/Users/kimsangmin/ammt_project/raw_original/registered_xct/part04/L0181.csv,4577,4577,0,6.0,15.0,-16.0,-11.0,4577,4577,4577,1.0,1.0,1.0,0.5351140375792004,0.33052,0.58727
part04,182,/Users/kimsangmin/ammt_project/raw_original/registered_xct/part04/L0182.csv,4559,4559,0,6.0,15.0,-16.0,-11.0,4559,4559,4559,1.0,1.0,1.0,0.535260723842948,0.33127,0.58727
part04,183,/Users/kimsangmin/ammt_project/raw_original/registered_xct/part04/L0183.csv,4580,4580,0,6.0,15.0,-16.0,-11.0,4580,4580,4580,1.0,1.0,1.0,0.5357247663755459,0.33216,0.58941
part04,184,/Users/kimsangmin/ammt_project/raw_original/registered_xct/part04/L0184.csv,4558,4558,0,6.0,15.0,-16.0,-11.0,4558,4558,4558,1.0,1.0,1.0,0.5357544076349275,0.33297,0.59044
part04,185,/Users/kimsangmin/ammt_project/raw_original/registered_xct/part04/L0185.csv,4670,4670,0,6.0,15.0,-16.0,-11.0,4670,4670,4670,1.0,1.0,1.0,0.535368164882227,0.33375,0.59112
part04,186,/Users/kimsangmin/ammt_project/raw_original/registered_xct/part04/L0186.csv,4594,4594,0,6.0,15.0,-16.0,-11.0,4594,4594,4594,1.0,1.0,1.0,0.5355582128863736,0.33454,0.59075
part04,187,/Users/kimsangmin/ammt_project/raw_original/registered_xct/part04/L0187.csv,4673,4673,0,6.0,15.0,-16.0,-11.0,4673,4673,4673,1.0,1.0,1.0,0.5360852428846565,0.33491,0.59136
part04,188,/Users/kimsangmin/ammt_project/raw_original/registered_xct/part04/L0188.csv,4668,4668,0,6.0,15.0,-16.0,-11.0,4668,4668,4668,1.0,1.0,1.0,0.5362850814053127,0.33466,0.59019
part04,189,/Users/kimsangmin/ammt_project/raw_original/registered_xct/part04/L0189.csv,4703,4703,0,6.0,15.0,-16.0,-11.0,4703,4703,4703,1.0,1.0,1.0,0.5360486136508612,0.33391,0.58864
part04,190,/Users/kimsangmin/ammt_project/raw_original/registered_xct/part04/L0190.csv,4668,4668,0,6.0,15.0,-16.0,-11.0,4668,4668,4668,1.0,1.0,1.0,0.5361164053127677,0.3327,0.589
part04,191,/Users/kimsangmin/ammt_project/raw_original/registered_xct/part04/L0191.csv,4767,4767,0,6.0,15.0,-16.0,-11.0,4767,4767,4767,1.0,1.0,1.0,0.5363592217327459,0.33115,0.59218
part04,192,/Users/kimsangmin/ammt_project/raw_original/registered_xct/part04/L0192.csv,4707,4707,0,6.0,15.0,-16.0,-11.0,4707,4707,4707,1.0,1.0,1.0,0.5365591629487997,0.32979,0.59506
part04,193,/Users/kimsangmin/ammt_project/raw_original/registered_xct/part04/L0193.csv,4800,4800,0,6.0,15.0,-16.0,-11.0,4800,4800,4800,1.0,1.0,1.0,0.5364268479166666,0.32885,0.59338
part04,194,/Users/kimsangmin/ammt_project/raw_original/registered_xct/part04/L0194.csv,4784,4784,0,6.0,15.0,-16.0,-11.0,4784,4784,4784,1.0,1.0,1.0,0.5364779682274247,0.32831,0.59289
part04,195,/Users/kimsangmin/ammt_project/raw_original/registered_xct/part04/L0195.csv,4868,4868,0,6.0,15.0,-16.0,-11.0,4868,4868,4868,1.0,1.0,1.0,0.5364338290879211,0.32815,0.59482
part04,196,/Users/kimsangmin/ammt_project/raw_original/registered_xct/part04/L0196.csv,4784,4784,0,6.0,15.0,-16.0,-11.0,4784,4784,4784,1.0,1.0,1.0,0.5368536036789298,0.32855,0.59713
part04,197,/Users/kimsangmin/ammt_project/raw_original/registered_xct/part04/L0197.csv,4897,4897,0,6.0,15.0,-16.0,-11.0,4897,4897,4897,1.0,1.0,1.0,0.5365485174596692,0.32972,0.59629
part04,198,/Users/kimsangmin/ammt_project/raw_original/registered_xct/part04/L0198.csv,4855,4855,0,6.0,15.0,-16.0,-11.0,4855,4855,4855,1.0,1.0,1.0,0.5367904304840371,0.33144,0.59614
part04,199,/Users/kimsangmin/ammt_project/raw_original/registered_xct/part04/L0199.csv,4960,4960,0,6.0,15.0,-16.0,-11.0,4960,4960,4960,1.0,1.0,1.0,0.5367638790322581,0.33311,0.59649
part04,200,/Users/kimsangmin/ammt_project/raw_original/registered_xct/part04/L0200.csv,4892,4892,0,6.0,15.0,-16.0,-11.0,4892,4892,4892,1.0,1.0,1.0,0.5373461488143909,0.33447,0.5993
part04,201,/Users/kimsangmin/ammt_project/raw_original/registered_xct/part04/L0201.csv,4993,4993,0,6.0,15.0,-16.0,-11.0,4993,4993,4993,1.0,1.0,1.0,0.5368313278590026,0.33514,0.59903
part04,202,/Users/kimsangmin/ammt_project/raw_original/registered_xct/part04/L0202.csv,4966,4966,0,6.0,15.0,-16.0,-11.0,4966,4966,4966,1.0,1.0,1.0,0.5372169412001612,0.3345,0.59684
part04,203,/Users/kimsangmin/ammt_project/raw_original/registered_xct/part04/L0203.csv,5055,5055,0,6.0,15.0,-16.0,-11.0,5055,5055,5055,1.0,1.0,1.0,0.5371121681503462,0.33309,0.59748
part04,204,/Users/kimsangmin/ammt_project/raw_original/registered_xct/part04/L0204.csv,5003,5003,0,6.0,15.0,-16.0,-11.0,5003,5003,5003,1.0,1.0,1.0,0.5378698560863482,0.33207,0.60401
part04,205,/Users/kimsangmin/ammt_project/raw_original/registered_xct/part04/L0205.csv,5089,5089,0,6.0,15.0,-16.0,-11.0,5089,5089,5089,1.0,1.0,1.0,0.5373500176852034,0.33138,0.6014
part04,206,/Users/kimsangmin/ammt_project/raw_original/registered_xct/part04/L0206.csv,5082,5082,0,6.0,15.0,-16.0,-11.0,5082,5082,5082,1.0,1.0,1.0,0.5376284632034632,0.33093,0.60144
part04,207,/Users/kimsangmin/ammt_project/raw_original/registered_xct/part04/L0207.csv,5155,5155,0,6.0,15.0,-16.0,-11.0,5155,5155,5155,1.0,1.0,1.0,0.537714193986421,0.33063,0.60446
part04,208,/Users/kimsangmin/ammt_project/raw_original/registered_xct/part04/L0208.csv,5120,5120,0,6.0,15.0,-16.0,-11.0,5120,5120,5120,1.0,1.0,1.0,0.53815323046875,0.33,0.60293
part04,209,/Users/kimsangmin/ammt_project/raw_original/registered_xct/part04/L0209.csv,5248,5248,0,6.0,15.0,-16.0,-11.0,5248,5248,5248,1.0,1.0,1.0,0.5372193178353658,0.32838,0.60315
part04,210,/Users/kimsangmin/ammt_project/raw_original/registered_xct/part04/L0210.csv,5226,5226,0,6.0,15.0,-16.0,-11.0,5226,5226,5226,1.0,1.0,1.0,0.5379824014542671,0.32613,0.60221
part04,211,/Users/kimsangmin/ammt_project/raw_original/registered_xct/part04/L0211.csv,5312,5312,0,6.0,15.0,-16.0,-11.0,5312,5312,5312,1.0,1.0,1.0,0.5374214006024096,0.32409,0.60182
part04,212,/Users/kimsangmin/ammt_project/raw_original/registered_xct/part04/L0212.csv,5262,5262,0,6.0,15.0,-16.0,-11.0,5262,5262,5262,1.0,1.0,1.0,0.5383163378943367,0.32284,0.60462
part04,213,/Users/kimsangmin/ammt_project/raw_original/registered_xct/part04/L0213.csv,5343,5343,0,6.0,15.0,-16.0,-11.0,5343,5343,5343,1.0,1.0,1.0,0.5375186674153098,0.32234,0.607
part04,214,/Users/kimsangmin/ammt_project/raw_original/registered_xct/part04/L0214.csv,5338,5338,0,6.0,15.0,-16.0,-11.0,5338,5338,5338,1.0,1.0,1.0,0.537889057699513,0.32267,0.60398
part04,215,/Users/kimsangmin/ammt_project/raw_original/registered_xct/part04/L0215.csv,5408,5408,0,6.0,15.0,-16.0,-11.0,5408,5408,5408,1.0,1.0,1.0,0.5378473816568048,0.32347,0.60588
part04,216,/Users/kimsangmin/ammt_project/raw_original/registered_xct/part04/L0216.csv,5411,5411,0,6.0,15.0,-16.0,-11.0,5411,5411,5411,1.0,1.0,1.0,0.5382849085196821,0.32416,0.61142
part04,217,/Users/kimsangmin/ammt_project/raw_original/registered_xct/part04/L0217.csv,5504,5504,0,6.0,15.0,-16.0,-11.0,5504,5504,5504,1.0,1.0,1.0,0.5374740170784883,0.32475,0.61437
part04,218,/Users/kimsangmin/ammt_project/raw_original/registered_xct/part04/L0218.csv,5490,5490,0,6.0,15.0,-16.0,-11.0,5490,5490,5490,1.0,1.0,1.0,0.5378578834244081,0.32569,0.60982
part04,219,/Users/kimsangmin/ammt_project/raw_original/registered_xct/part04/L0219.csv,5636,5636,0,6.0,15.0,-16.0,-11.0,5636,5636,5636,1.0,1.0,1.0,0.5370332416607523,0.32668,0.61242
part04,220,/Users/kimsangmin/ammt_project/raw_original/registered_xct/part04/L0220.csv,5600,5600,0,6.0,15.0,-16.0,-11.0,5600,5600,5600,1.0,1.0,1.0,0.5378983285714285,0.32768,0.61518
part04,221,/Users/kimsangmin/ammt_project/raw_original/registered_xct/part04/L0221.csv,5726,5726,0,6.0,15.0,-16.0,-11.0,5726,5726,5726,1.0,1.0,1.0,0.5368289818372336,0.32856,0.61774
part04,222,/Users/kimsangmin/ammt_project/raw_original/registered_xct/part04/L0222.csv,5707,5707,0,6.0,15.0,-16.0,-11.0,5707,5707,5707,1.0,1.0,1.0,0.5374839618012967,0.32879,0.61204
part04,223,/Users/kimsangmin/ammt_project/raw_original/registered_xct/part04/L0223.csv,5856,5856,0,6.0,15.0,-16.0,-11.0,5856,5856,5856,1.0,1.0,1.0,0.5366724607240437,0.32805,0.6156
part04,224,/Users/kimsangmin/ammt_project/raw_original/registered_xct/part04/L0224.csv,5818,5818,0,6.0,15.0,-16.0,-11.0,5818,5818,5818,1.0,1.0,1.0,0.5376311344104503,0.32663,0.61926
part04,225,/Users/kimsangmin/ammt_project/raw_original/registered_xct/part04/L0225.csv,6015,6015,0,6.0,15.0,-16.0,-11.0,6015,6015,6015,1.0,1.0,1.0,0.5364011255195344,0.32461,0.62229
part04,226,/Users/kimsangmin/ammt_project/raw_original/registered_xct/part04/L0226.csv,6119,6119,0,6.0,15.0,-16.0,-11.0,6119,6119,6119,1.0,1.0,1.0,0.5366500768099363,0.3226,0.61489
part04,227,/Users/kimsangmin/ammt_project/raw_original/registered_xct/part04/L0227.csv,6171,6171,0,6.0,15.0,-16.0,-11.0,6171,6171,6171,1.0,1.0,1.0,0.5366562372386972,0.32152,0.618
part04,228,/Users/kimsangmin/ammt_project/raw_original/registered_xct/part04/L0228.csv,6119,6119,0,6.0,15.0,-16.0,-11.0,6119,6119,6119,1.0,1.0,1.0,0.537576950482105,0.322,0.6234
part04,229,/Users/kimsangmin/ammt_project/raw_original/registered_xct/part04/L0229.csv,6202,6202,0,6.0,15.0,-16.0,-11.0,6202,6202,6202,1.0,1.0,1.0,0.5367535359561432,0.3242,0.62384
part04,230,/Users/kimsangmin/ammt_project/raw_original/registered_xct/part04/L0230.csv,6159,6159,0,6.0,15.0,-16.0,-11.0,6159,6159,6159,1.0,1.0,1.0,0.5376064848189641,0.32794,0.62056
part04,231,/Users/kimsangmin/ammt_project/raw_original/registered_xct/part04/L0231.csv,6207,6207,0,6.0,15.0,-16.0,-11.0,6207,6207,6207,1.0,1.0,1.0,0.5375632914451426,0.33296,0.61706
part04,232,/Users/kimsangmin/ammt_project/raw_original/registered_xct/part04/L0232.csv,6160,6160,0,6.0,15.0,-16.0,-11.0,6160,6160,6160,1.0,1.0,1.0,0.5386093311688311,0.33791,0.62447
part04,233,/Users/kimsangmin/ammt_project/raw_original/registered_xct/part04/L0233.csv,6235,6235,0,6.0,15.0,-16.0,-11.0,6235,6235,6235,1.0,1.0,1.0,0.5378844827586207,0.34087,0.62441
part04,234,/Users/kimsangmin/ammt_project/raw_original/registered_xct/part04/L0234.csv,6192,6192,0,6.0,15.0,-16.0,-11.0,6192,6192,6192,1.0,1.0,1.0,0.5389584043927649,0.34155,0.62424
part04,235,/Users/kimsangmin/ammt_project/raw_original/registered_xct/part04/L0235.csv,6235,6235,0,6.0,15.0,-16.0,-11.0,6235,6235,6235,1.0,1.0,1.0,0.53895467361668,0.34063,0.61964
part04,236,/Users/kimsangmin/ammt_project/raw_original/registered_xct/part04/L0236.csv,6193,6193,0,6.0,15.0,-16.0,-11.0,6193,6193,6193,1.0,1.0,1.0,0.5401151186823834,0.33825,0.62817
part04,237,/Users/kimsangmin/ammt_project/raw_original/registered_xct/part04/L0237.csv,6267,6267,0,6.0,15.0,-16.0,-11.0,6267,6267,6267,1.0,1.0,1.0,0.5393510595181107,0.33538,0.62936
part04,238,/Users/kimsangmin/ammt_project/raw_original/registered_xct/part04/L0238.csv,6229,6229,0,6.0,15.0,-16.0,-11.0,6229,6229,6229,1.0,1.0,1.0,0.5406496291539573,0.33359,0.63265
part04,239,/Users/kimsangmin/ammt_project/raw_original/registered_xct/part04/L0239.csv,6266,6266,0,6.0,15.0,-16.0,-11.0,6266,6266,6266,1.0,1.0,1.0,0.5408536833705713,0.33361,0.62555
part04,240,/Users/kimsangmin/ammt_project/raw_original/registered_xct/part04/L0240.csv,6230,6230,0,6.0,15.0,-16.0,-11.0,6230,6230,6230,1.0,1.0,1.0,0.5423871524879615,0.335,0.63178
part04,241,/Users/kimsangmin/ammt_project/raw_original/registered_xct/part04/L0241.csv,6299,6299,0,6.0,15.0,-16.0,-11.0,6299,6299,6299,1.0,1.0,1.0,0.5419736688363233,0.3375,0.6305
part04,242,/Users/kimsangmin/ammt_project/raw_original/registered_xct/part04/L0242.csv,6271,6271,0,6.0,15.0,-16.0,-11.0,6271,6271,6271,1.0,1.0,1.0,0.5436720267899856,0.34048,0.63162
part04,243,/Users/kimsangmin/ammt_project/raw_original/registered_xct/part04/L0243.csv,6302,6302,0,6.0,15.0,-16.0,-11.0,6302,6302,6302,1.0,1.0,1.0,0.5442074738178356,0.34248,0.61973
part04,244,/Users/kimsangmin/ammt_project/raw_original/registered_xct/part04/L0244.csv,6271,6271,0,6.0,15.0,-16.0,-11.0,6271,6271,6271,1.0,1.0,1.0,0.5462122883112741,0.34248,0.62917
part04,245,/Users/kimsangmin/ammt_project/raw_original/registered_xct/part04/L0245.csv,6331,6331,0,6.0,15.0,-16.0,-11.0,6331,6331,6331,1.0,1.0,1.0,0.5459163307534355,0.34164,0.63329
part04,246,/Users/kimsangmin/ammt_project/raw_original/registered_xct/part04/L0246.csv,6267,6267,0,6.0,15.0,-16.0,-11.0,6267,6267,6267,1.0,1.0,1.0,0.5477378570288813,0.34105,0.63149
part04,247,/Users/kimsangmin/ammt_project/raw_original/registered_xct/part04/L0247.csv,6330,6330,0,6.0,15.0,-16.0,-11.0,6330,6330,6330,1.0,1.0,1.0,0.5454339826224328,0.33996,0.63934
part04,248,/Users/kimsangmin/ammt_project/raw_original/registered_xct/part04/L0248.csv,6303,6303,0,6.0,15.0,-16.0,-11.0,6303,6303,6303,1.0,1.0,1.0,0.5405522877994606,0.27443,0.64162
part04,249,/Users/kimsangmin/ammt_project/raw_original/registered_xct/part04/L0249.csv,6363,6363,0,6.0,15.0,-16.0,-11.0,6363,6363,6363,1.0,1.0,1.0,0.5266034040546912,0.24837,0.63116
part04,250,/Users/kimsangmin/ammt_project/raw_original/registered_xct/part04/L0250.csv,6304,6304,0,6.0,15.0,-16.0,-11.0,6304,6304,6304,1.0,1.0,1.0,0.510419336928934,0.24297,0.62738
