source_candidate_index,image_lattice_col_index_0_to_49,image_lattice_row_index_0_to_49,raw_x_px,raw_y_px,detector_response,projective_cell_residual_px,correspondence_source,full_refined_fit_inlier,full_refined_fit_residual_px,heldout_block,train_only_prediction_x_px,train_only_prediction_y_px,train_only_residual_px
1448,0,0,1524.7837051293236,788.5587858789179,0.1501106470823288,1.6369200944121114,projective_2d_nearest_cell_reassignment,True,1.6369200944121114,True,1525.0155381064633,786.7941719356131,1.779777766518911
1555,2,0,1524.4353611309277,820.7065816681285,0.14777477085590363,1.6259659116666216,projective_2d_nearest_cell_reassignment,True,1.6259659116666216,True,1524.9502140394304,819.013871640553,1.7692769016884236
1615,3,0,1524.3297234605095,835.4240862636875,0.1461765468120575,0.5319429904625455,projective_2d_nearest_cell_reassignment,True,0.5319429904625455,True,1524.9175455035272,835.1269286562897,0.6586633418461171
1609,9,0,1524.5838388889576,931.5997572916549,0.14654536545276642,0.3471897597757373,projective_2d_nearest_cell_reassignment,True,0.3471897597757373,False,1524.7214432003032,931.8501978634944,0.2857541364952688
1487,12,0,1524.4074891532343,979.7228678165559,0.14937300980091095,0.6136164176498694,projective_2d_nearest_cell_reassignment,True,0.6136164176498694,False,1524.6233334533638,980.2407333599035,0.5610467742399933
609,13,0,1524.58622117343,995.6805153155882,0.16904351115226746,0.7736581584356307,projective_2d_nearest_cell_reassignment,True,0.7736581584356307,False,1524.5906215178302,996.375196315634,0.6946949365407956
1556,15,0,1524.0801588214194,1027.6500496170595,0.14777475595474243,1.1317881844807038,projective_2d_nearest_cell_reassignment,True,1.1317881844807038,False,1524.5251846117403,1028.650551473386,1.0950122915125475
1444,23,0,1525.1765129721296,1158.1270109782636,0.1501106470823288,1.0073476973860802,projective_2d_nearest_cell_reassignment,True,1.0073476973860802,False,1524.2632630600428,1157.8377580462839,0.9579627657614105
1607,34,0,1524.2102218979098,1335.7843533461676,0.14654536545276642,0.36548805261679734,projective_2d_nearest_cell_reassignment,True,0.36548805261679734,False,1523.9026659067654,1335.6945958211993,0.32038586263640917
1533,37,0,1523.5238907021646,1383.6708922536254,0.14838947355747223,0.6317727251679854,projective_2d_nearest_cell_reassignment,True,0.6317727251679854,False,1523.8042296554381,1384.246172627556,0.6399511210648697
1449,0,1,1510.7989772944325,786.8707954417284,0.1501106321811676,0.686947185213834,projective_2d_nearest_cell_reassignment,True,0.686947185213834,True,1511.0182663309076,786.0674367896178,0.8327501458656533
1575,6,1,1510.3744981618584,883.0927936497682,0.14728301763534546,0.3784965506241385,projective_2d_nearest_cell_reassignment,True,0.3784965506241385,False,1510.816378835044,882.8904991024991,0.48598519852944594
944,10,1,1510.3668547594875,947.2738142564704,0.16179001331329346,0.3804058493495184,projective_2d_nearest_cell_reassignment,True,0.3804058493495184,False,1510.6816976860782,947.4821233778769,0.37751656716672055
1406,12,1,1510.2795123175426,979.406258474209,0.15109416842460632,0.5320765762133852,projective_2d_nearest_cell_reassignment,True,0.5320765762133852,False,1510.614330244657,979.790820608963,0.5098932043120851
1595,14,1,1510.5699001206735,1011.5175557054632,0.14691418409347534,0.6664290188930693,projective_2d_nearest_cell_reassignment,True,0.6664290188930693,False,1510.546944882414,1012.1081124725033,0.5910027394694455
1462,17,1,1510.5270007926454,1059.7223427524907,0.14986476302146912,0.9483142801119953,projective_2d_nearest_cell_reassignment,True,0.9483142801119953,False,1510.4458332218635,1060.6001727071177,0.8815745026866005
1416,30,1,1509.7946601139015,1270.4914686405343,0.1507253646850586,0.5153115483182439,projective_2d_nearest_cell_reassignment,True,0.5153115483182439,False,1510.0072159758795,1270.9562661233904,0.5110936259928627
936,37,1,1509.5537060607014,1383.618344191581,0.1619129478931427,0.7893469720329821,projective_2d_nearest_cell_reassignment,True,0.7893469720329821,False,1509.7707228411775,1384.3758190278281,0.7879494974653617
1603,39,1,1508.695256719408,1417.2380807201118,0.14666830003261566,1.0580900962536588,projective_2d_nearest_cell_reassignment,True,1.0580900962536588,False,1509.7031128639994,1416.8008337880901,1.0986168066041346
1499,40,1,1509.1869179269584,1433.6827067236684,0.14912712574005127,0.7931057206257387,projective_2d_nearest_cell_reassignment,True,0.7931057206257387,False,1509.6693011192256,1433.0165813613983,0.8224454647217668
1244,41,1,1509.1706429982723,1448.5517589692079,0.15490533411502838,0.8117903114188527,projective_2d_nearest_cell_reassignment,True,0.8117903114188527,False,1509.6354848691285,1449.2344896391533,0.825953468777226
1514,45,1,1509.339972562581,1513.367645452085,0.1488812267780304,0.7751034629516707,projective_2d_nearest_cell_reassignment,True,0.7751034629516707,False,1509.5001747974914,1514.1277384341877,0.7767921842500332
1537,0,2,1497.3349738967258,786.2223176810713,0.14838945865631104,0.872063092426054,projective_2d_nearest_cell_reassignment,True,0.872063092426054,True,1496.9808248414436,785.3386160412728,0.952024233693669
1424,3,2,1496.8279453678444,835.3501205016988,0.15060240030288696,1.4287378935680937,projective_2d_nearest_cell_reassignment,True,1.4287378935680937,True,1496.8769537648893,833.809816380789,1.5410835823772338
1549,10,2,1496.3816691342358,947.1197281224839,0.14789772033691406,0.1934499745234313,projective_2d_nearest_cell_reassignment,True,0.1934499745234313,False,1496.6344265480657,946.9845874952432,0.28661699073322094
1319,11,2,1496.3463064505117,963.0265016075591,0.15318416059017181,0.2838107668034083,projective_2d_nearest_cell_reassignment,True,0.2838107668034083,False,1496.5997613468362,963.1610243757806,0.2869420841229269
1341,12,2,1496.3726116341006,980.5137801082227,0.1525694578886032,1.1070778313739067,projective_2d_nearest_cell_reassignment,True,1.1070778313739067,False,1496.5650915288497,979.3396156556144,1.1898364054153412
1217,14,2,1496.2026592389007,1011.347290418926,0.15564298629760742,0.48204672677741955,projective_2d_nearest_cell_reassignment,True,0.48204672677741955,False,1496.4957380389142,1011.7032631349543,0.46109842503952636
1541,15,2,1496.5437791764805,1027.478176408916,0.14814358949661255,0.4953835972813122,projective_2d_nearest_cell_reassignment,True,0.4953835972813122,False,1496.4610543651202,1027.8883201956396,0.4184032985083034
1219,34,2,1495.823271306872,1335.4232077784998,0.15564297139644623,0.4130208356376626,projective_2d_nearest_cell_reassignment,True,0.4130208356376626,False,1495.8011856240412,1335.814559218555,0.3919741407533472
1548,35,2,1495.7701359920047,1351.569524275701,0.14789772033691406,0.49059311031647995,projective_2d_nearest_cell_reassignment,True,0.49059311031647995,False,1495.7664093655637,1352.0428207098596,0.47331110522766606
926,37,2,1495.4373946806386,1383.613208823831,0.16215883195400238,0.9321228202711738,projective_2d_nearest_cell_reassignment,True,0.9321228202711738,False,1495.6968429307951,1384.505838408756,0.9295703149266474
981,40,2,1495.335078702025,1432.5004804301932,0.16092944145202637,0.7590721463162402,projective_2d_nearest_cell_reassignment,True,0.7590721463162402,False,1495.5924584701777,1433.2166082472477,0.7609752922490911
1587,49,2,1494.641322445263,1578.3710192977958,0.14703713357448578,1.2592891984025572,projective_2d_nearest_cell_reassignment,True,1.2592891984025572,False,1495.2790542331616,1579.4659787515427,1.2671377346784154
1504,0,3,1482.5077336935917,785.0488760324237,0.14912712574005127,0.4546265801977353,projective_2d_nearest_cell_reassignment,True,0.4546265801977353,True,1482.9030404695443,784.6077006997081,0.5923707633828181
1590,1,3,1482.5265980761365,801.2701785934285,0.14703713357448578,0.4558915037382711,projective_2d_nearest_cell_reassignment,True,0.4558915037382711,True,1482.8674335261626,800.7857842737891,0.5922893388314527
473,3,3,1483.3446662394506,834.0791710481249,0.1722399741411209,1.0281986691511924,projective_2d_nearest_cell_reassignment,True,1.0281986691511924,True,1482.7962054009458,833.1484206908816,1.080326579734935
1496,9,3,1482.7312345621312,930.3304576761169,0.1492500603199005,0.2149124442091148,projective_2d_nearest_cell_reassignment,True,0.2149124442091148,False,1482.5824070493156,930.2881151490861,0.15473370080959528
1291,10,3,1482.6720873703473,947.4432484762251,0.15379886329174042,0.8979216014931333,projective_2d_nearest_cell_reassignment,True,0.8979216014931333,False,1482.5467573592393,946.4856207667415,0.965794202537574
1263,11,3,1482.5771846209407,964.2856514138678,0.15453651547431946,1.5300283845346545,projective_2d_nearest_cell_reassignment,True,1.5300283845346545,False,1482.5111029147783,962.6852865479308,1.601728596240565
1596,13,3,1482.5199219542203,996.3569936879487,0.14691418409347534,1.2054602838289699,projective_2d_nearest_cell_reassignment,True,1.2054602838289699,False,1482.4397797589006,995.0911003296694,1.2684276747242247
1238,15,3,1482.207574480218,1028.5810240662145,0.15502828359603882,1.0192789516984804,projective_2d_nearest_cell_reassignment,True,1.0192789516984804,False,1482.36843757407,1027.5055599529726,1.0874281557117986
974,17,3,1482.167776093919,1059.3521583038375,0.16117531061172485,0.6362143308380273,projective_2d_nearest_cell_reassignment,True,0.6362143308380273,False,1482.2970763526698,1059.9286688783552,0.5908324630923129
1579,18,3,1482.2334842641058,1075.4473229496825,0.14716008305549622,0.7487315876072165,projective_2d_nearest_cell_reassignment,True,0.7487315876072165,False,1482.2613886008749,1076.1434679112426,0.6967039970575941
1461,33,3,1481.8163042515216,1320.6085969601977,0.14986476302146912,0.9733552385575353,projective_2d_nearest_cell_reassignment,True,0.9733552385575353,False,1481.7255003496653,1319.6253310282452,0.9874498678569492
1598,34,3,1481.7342767577954,1336.6799276076492,0.1467912495136261,0.7923436807683305,projective_2d_nearest_cell_reassignment,True,0.7923436807683305,False,1481.68973629134,1335.8748000808343,0.8063585973914563
1481,35,3,1481.3434035112873,1353.3412209362696,0.149495929479599,1.2304492713535178,projective_2d_nearest_cell_reassignment,True,1.2304492713535178,False,1481.6539674557325,1352.1264397007124,1.2538514321287348
1511,38,3,1481.258264731182,1400.5370442927622,0.1488812416791916,0.44961420529133117,projective_2d_nearest_cell_reassignment,True,0.44961420529133117,False,1481.5466322756452,1400.894386314045,0.45918314524192394
1362,42,3,1480.6487242922065,1465.368911280963,0.1519547700881958,0.9352766258677523,projective_2d_nearest_cell_reassignment,True,0.9352766258677523,False,1481.403451762144,1465.9487294734136,0.9517366706053486
1552,1,4,1468.3431645130302,799.5403247932747,0.14789770543575287,0.7328593709832599,projective_2d_nearest_cell_reassignment,True,0.7328593709832599,True,1468.7481387002892,800.0759988758891,0.6715287150456876
1149,3,4,1468.7950094565883,834.4156598516117,0.1573641449213028,1.8351501939046417,projective_2d_nearest_cell_reassignment,True,1.8351501939046417,True,1468.6749233443168,832.4851210673944,1.9342700617359092
1522,6,4,1468.573175686699,882.4617428687787,0.14875829219818115,1.2566494741109786,projective_2d_nearest_cell_reassignment,True,1.2566494741109786,False,1468.5650636537791,881.1150305620222,1.3467367382854238
1248,8,4,1469.2535811102618,913.884168912624,0.15490533411502838,0.8581199395040798,projective_2d_nearest_cell_reassignment,True,0.8581199395040798,False,1468.4917994109467,913.5457927522588,0.8335525078332062
1453,9,4,1469.0816547731372,930.0965961050179,0.14998771250247955,0.7282519472303776,projective_2d_nearest_cell_reassignment,True,0.7282519472303776,False,1468.4551599518502,929.7644219062211,0.7091089193105083
1340,13,4,1468.593552056165,995.5180271554034,0.1525694578886032,0.8605878912762973,projective_2d_nearest_cell_reassignment,True,0.8605878912762973,False,1468.308553174724,994.6606023709982,0.9035494581565255
1608,17,4,1468.160399723333,1059.397689387207,0.14654536545276642,0.25147000370860695,projective_2d_nearest_cell_reassignment,True,0.25147000370860695,False,1468.1618680453341,1059.5914658344395,0.19378201018553423
1187,19,4,1468.0468106509657,1091.5222651485249,0.15638062357902527,0.5951213977630744,projective_2d_nearest_cell_reassignment,True,0.5951213977630744,False,1468.0884960789087,1092.069912380533,0.5492314317561731
1515,21,4,1467.9467101945038,1123.5811441029377,0.1488812267780304,1.018266995096978,projective_2d_nearest_cell_reassignment,True,1.018266995096978,False,1468.0151045008517,1124.5570401078567,0.9782897288418865
1313,29,4,1467.6571345502089,1256.272890008664,0.153184175491333,1.6560409563065657,projective_2d_nearest_cell_reassignment,True,1.6560409563065657,True,1467.7213419149602,1254.5924324786167,1.6816837086625445
1606,35,4,1467.473413470045,1351.671342603032,0.14654536545276642,0.5546940550689402,projective_2d_nearest_cell_reassignment,True,0.5546940550689402,False,1467.5008136676483,1352.2102999174422,0.5396533679919143
1321,37,4,1467.3451275125256,1384.491412501738,0.15306122601032257,0.2940116954930929,projective_2d_nearest_cell_reassignment,True,0.2940116954930929,False,1467.4272649130764,1384.767002569341,0.2875698835598878
1458,38,4,1467.2833887078716,1402.4040177473769,0.14986476302146912,1.3451213023961255,projective_2d_nearest_cell_reassignment,True,1.3451213023961255,False,1467.3904831553245,1401.0486208934306,1.359621216502178
1574,39,4,1467.1331893815686,1418.3712098642445,0.14728301763534546,1.045117518029504,projective_2d_nearest_cell_reassignment,True,1.045117518029504,False,1467.3536964759448,1417.3324177991396,1.061938008169538
1026,42,4,1466.9292578677248,1467.3021232936821,0.15994590520858765,1.1331683034438196,projective_2d_nearest_cell_reassignment,True,1.1331683034438196,False,1467.2433068981602,1466.1968843794782,1.1489907967377775
1485,47,4,1467.2014894979477,1547.205964879066,0.14937300980091095,0.510095241569497,projective_2d_nearest_cell_reassignment,True,0.510095241569497,False,1467.059225743714,1547.68127448261,0.49614332101705677
1565,48,4,1466.736968333953,1562.723184867762,0.1474059522151947,1.2981054515090484,projective_2d_nearest_cell_reassignment,True,1.2981054515090484,False,1467.0223947252,1563.9846983150378,1.2934003256833944
1360,0,5,1454.4926508759381,784.7135844381753,0.15207770466804504,1.4618376517745224,projective_2d_nearest_cell_reassignment,True,1.4618376517745224,False,1454.625745413212,783.1395500143004,1.579651392996329
1345,2,5,1454.488872776954,815.4761984183878,0.15244652330875397,0.21992513439538705,projective_2d_nearest_cell_reassignment,True,0.21992513439538705,False,1454.5505417099894,815.5909538512902,0.1302761170835449
768,3,5,1454.2716798546132,831.5230452194115,0.16547822952270508,0.4382051671128931,projective_2d_nearest_cell_reassignment,True,0.4382051671128931,False,1454.5129323186172,831.8199092773102,0.3825323780545549
1356,4,5,1454.4319942434447,847.5949317171047,0.1522006392478943,0.5529183818012806,projective_2d_nearest_cell_reassignment,True,0.5529183818012806,False,1454.4753178993947,848.0510342882787,0.4581555353768308
1466,6,5,1454.5138914309118,882.2259859124686,0.14974182844161987,1.6263378921703262,projective_2d_nearest_cell_reassignment,True,1.6263378921703262,False,1454.4000739733624,880.5197948055525,1.7099831890877124
1534,9,5,1454.1300563222649,930.4493237322954,0.14838945865631104,1.137823040318926,projective_2d_nearest_cell_reassignment,True,1.137823040318926,False,1454.2871703502155,929.2392183497057,1.2202622073765792
1563,12,5,1454.126028713071,978.7590353520686,0.14752888679504395,0.7141501624477257,projective_2d_nearest_cell_reassignment,True,0.7141501624477257,False,1454.174221421924,977.9781916698796,0.7823294658908594
1435,14,5,1454.0386015676092,1009.6501279019247,0.15035653114318848,0.8918729480344272,projective_2d_nearest_cell_reassignment,True,0.8918729480344272,False,1454.0988969534028,1010.4817073484082,0.8337625017724037
1586,15,5,1454.459562333287,1026.2902606769417,0.14716006815433502,0.671436412422805,projective_2d_nearest_cell_reassignment,True,0.671436412422805,True,1454.0612271612117,1026.7367265356236,0.5983332451743493
1376,20,5,1454.4585391187811,1107.9646364198138,0.15170888602733612,0.6386944251947007,projective_2d_nearest_cell_reassignment,True,0.6386944251947007,False,1453.872802580498,1108.044453409754,0.5911497645799576
1491,29,5,1452.8538199250954,1254.6434813056844,0.14937299489974976,0.6524809442087206,projective_2d_nearest_cell_reassignment,True,0.6524809442087206,False,1453.5333204132437,1254.5355493655104,0.6880190528637089
1512,30,5,1453.411772908928,1272.2653253504939,0.1488812416791916,1.4205864092376657,projective_2d_nearest_cell_reassignment,True,1.4205864092376657,False,1453.4955749151925,1270.8232366441093,1.4445215863170002
1490,31,5,1453.660058016431,1288.4878953287632,0.14937299489974976,1.3736974794505525,projective_2d_nearest_cell_reassignment,True,1.3736974794505525,False,1453.4578243619717,1287.1131052961448,1.3895848605907322
1385,32,5,1453.4482626881193,1304.5980026739694,0.15158593654632568,1.1747248125577723,projective_2d_nearest_cell_reassignment,True,1.1747248125577723,False,1453.420068752565,1303.4051557598661,1.1931800612177959
1226,36,5,1453.1500596886588,1370.2594807194807,0.15539708733558655,1.6520317038305818,projective_2d_nearest_cell_reassignment,True,1.6520317038305818,False,1453.2689957327618,1368.595184500701,1.6685405857909381
1208,37,5,1452.9671360080677,1384.511649769737,0.15576592087745667,0.466522376660162,projective_2d_nearest_cell_reassignment,True,0.466522376660162,False,1453.2312148271837,1384.8981506006976,0.4681031030007958
1486,38,5,1452.8734159564713,1400.5752114092036,0.14937300980091095,0.7063509346509734,projective_2d_nearest_cell_reassignment,True,0.7063509346509734,False,1453.1934288593213,1401.2033011443411,0.7049148695946923
1500,39,5,1453.4181111052214,1417.2410521946688,0.14912712574005127,0.4012227422680186,projective_2d_nearest_cell_reassignment,True,0.4012227422680186,False,1453.155637828156,1417.5106365707031,0.37625517534691155
1454,40,5,1452.562679968527,1433.3660732451983,0.14998769760131836,0.7081116034253514,projective_2d_nearest_cell_reassignment,True,0.7081116034253514,True,1453.1178417326705,1433.820157318973,0.7172147031558231
1229,45,5,1453.240898400876,1515.0907105130634,0.1552741527557373,0.4592534796289502,projective_2d_nearest_cell_reassignment,True,0.4592534796289502,False,1452.9287852547986,1515.4005562688105,0.4397942795316679
658,0,6,1440.1861398945223,782.8194800824433,0.16793707013130188,0.3585942300473474,projective_2d_nearest_cell_reassignment,True,0.3585942300473474,False,1440.425883378997,782.4022964284571,0.4811643580953795
1035,2,6,1440.2286108646283,815.1852815666945,0.15970003604888916,0.1953930665317035,projective_2d_nearest_cell_reassignment,True,0.1953930665317035,False,1440.34867031821,814.900441571627,0.3091085491933009
1613,6,6,1440.211944922255,881.2744385073031,0.14629948139190674,1.2681316522814028,projective_2d_nearest_cell_reassignment,True,1.2681316522814028,False,1440.1941821650696,879.922840275573,1.3517149461180127
1546,7,6,1440.192144799068,896.8848542187362,0.1480206549167633,0.6253081939819206,projective_2d_nearest_cell_reassignment,True,0.6253081939819206,False,1440.1555471974848,896.1838817544466,0.7019271900517384
1545,8,6,1440.2592305170722,911.7255836628373,0.1480206549167633,0.8215179458825841,projective_2d_nearest_cell_reassignment,True,0.8215179458825841,False,1440.1169070561025,912.4471008289612,0.7354202802166253
1530,9,6,1440.277753836579,930.2003435437766,0.14851242303848267,1.4348892232701624,projective_2d_nearest_cell_reassignment,True,1.4348892232701624,False,1440.0782617398831,928.7124979365649,1.5011601005700137
1516,14,6,1440.1225970547139,1009.4572058150213,0.1488812267780304,0.7285461445856349,projective_2d_nearest_cell_reassignment,True,0.7285461445856349,False,1439.8849574998367,1010.0721692898037,0.6592819073496893
1528,17,6,1438.936132787077,1058.828244182815,0.14851242303848267,0.8049739224664386,projective_2d_nearest_cell_reassignment,True,0.8049739224664386,True,1439.7689127911867,1058.914136521048,0.8371977239649759
1540,20,6,1439.8714242635185,1107.420260061955,0.14814358949661255,0.47177372983474153,projective_2d_nearest_cell_reassignment,True,0.47177372983474153,False,1439.6528214247037,1107.7757415315878,0.41731795598810756
1198,21,6,1439.8505271989468,1123.4101817685607,0.15601179003715515,0.7473740943086243,projective_2d_nearest_cell_reassignment,True,0.7473740943086243,False,1439.6141139292713,1124.0673091998972,0.6983607198958838
1519,23,6,1439.6152310361067,1155.727626010283,0.14875830709934235,0.9704188634895918,projective_2d_nearest_cell_reassignment,True,0.9704188634895918,False,1439.536683372242,1156.6569961673804,0.9326835607008938
1475,25,6,1439.5024186701476,1190.4931719173994,0.14961887896060944,1.2096259288043645,projective_2d_nearest_cell_reassignment,True,1.2096259288043645,False,1439.4592320533702,1189.2554215705522,1.238503534508071
1260,31,6,1438.6433213909395,1287.1219729016723,0.15453651547431946,0.5570014341047366,projective_2d_nearest_cell_reassignment,True,0.5570014341047366,False,1439.226753442163,1287.1031635545457,0.5837351710615437
1558,36,6,1439.0195935973804,1370.3349805193627,0.1476518213748932,1.6166816791909584,projective_2d_nearest_cell_reassignment,True,1.6166816791909584,False,1439.0328783082075,1368.703118001434,1.6319165913007234
1399,38,6,1438.4238378977427,1401.1900595407233,0.15121710300445557,0.5428567320794763,projective_2d_nearest_cell_reassignment,True,0.5428567320794763,False,1438.9552918335903,1401.3584290012698,0.5574868260081293
1602,42,6,1438.740954725636,1466.3329199456746,0.14666830003261566,0.3768520864681416,projective_2d_nearest_cell_reassignment,True,0.3768520864681416,True,1438.800056402205,1466.6953490648887,0.3672163866544794
1524,43,6,1438.354758308363,1483.0566300053256,0.1486353576183319,0.39110123793859386,projective_2d_nearest_cell_reassignment,True,0.39110123793859386,True,1438.7612345211285,1483.035060418056,0.407048103593606
1057,44,6,1438.6541288766853,1498.518379941113,0.15908531844615936,0.8719718266065327,projective_2d_nearest_cell_reassignment,True,0.8719718266065327,True,1438.7224074286619,1499.3769651890962,0.8612958775673116
1526,45,6,1438.3428457113084,1516.501484052891,0.14851242303848267,0.8353547083958086,projective_2d_nearest_cell_reassignment,True,0.8353547083958086,False,1438.6835751237559,1515.7210638197,0.8515587313161675
1258,47,6,1438.1148601150219,1547.595807144946,0.15453651547431946,0.9602339070639645,projective_2d_nearest_cell_reassignment,True,0.9602339070639645,False,1438.6058948724267,1548.4158444269572,0.9558118417699694
1297,0,7,1425.9995062289943,781.4660644694184,0.15367592871189117,0.331877688421091,projective_2d_nearest_cell_reassignment,True,0.331877688421091,False,1426.18497574823,781.6629117646382,0.27045849996057497
1239,2,7,1426.1572868217988,814.7470593803082,0.15502828359603882,0.452651133991084,projective_2d_nearest_cell_reassignment,True,0.452651133991084,False,1426.105742018574,814.2079330551118,0.5415847683043808
1578,5,7,1426.0721619403416,863.0591620086643,0.14728300273418427,0.14730851148981167,projective_2d_nearest_cell_reassignment,True,0.14730851148981167,False,1425.9868515849034,863.0418288191374,0.08705341006626958
216,8,7,1425.9903359910318,911.531247983402,0.17973937094211578,0.4687863068193618,projective_2d_nearest_cell_reassignment,True,0.4687863068193618,False,1425.867913318565,911.8953717108814,0.38415283371001285
1053,9,7,1425.9011062902864,927.5022650060343,0.1592082530260086,0.7618528964164195,projective_2d_nearest_cell_reassignment,True,0.7618528964164195,False,1425.828256595314,928.1842540859747,0.6858689256814222
1571,11,7,1425.5139432616975,960.3079191010478,0.1474059522151947,0.5602670843052447,projective_2d_nearest_cell_reassignment,True,0.5602670843052447,False,1425.748927190686,960.7685735895438,0.5171266814373432
1290,13,7,1425.9732205399541,994.4823484770338,0.15379886329174042,1.1160127345637945,projective_2d_nearest_cell_reassignment,True,1.1160127345637945,False,1425.66957650142,993.3616356954343,1.1611187884871845
1494,15,7,1426.194751112814,1025.8903539980267,0.1492500603199005,0.6532216336915634,projective_2d_nearest_cell_reassignment,True,0.6532216336915634,True,1425.590204518949,1025.9634439226704,0.6089488658649883
1471,18,7,1425.6921427333216,1076.2242664201522,0.14961889386177063,1.3219760209901545,projective_2d_nearest_cell_reassignment,True,1.3219760209901545,True,1425.4711066017305,1074.8825629435635,1.3597886565782649
1096,19,7,1425.6233985110403,1090.6346900882409,0.15834768116474152,0.6414510985983793,projective_2d_nearest_cell_reassignment,True,0.6414510985983793,True,1425.4313966400991,1091.1933128267249,0.5906979620722183
817,20,7,1425.6839782999036,1108.5111927844398,0.1643717736005783,1.0182952625870023,projective_2d_nearest_cell_reassignment,True,1.0182952625870023,False,1425.3916813487342,1107.5062518822963,1.0465867018379142
1375,21,7,1424.5393922253998,1123.1496393691534,0.15170888602733612,1.055173960312734,projective_2d_nearest_cell_reassignment,True,1.055173960312734,False,1425.3519607265625,1123.821380551042,1.054278798291524
1050,22,7,1425.2568260682265,1141.2930552835671,0.1592082679271698,1.1193549505392135,projective_2d_nearest_cell_reassignment,True,1.1193549505392135,False,1425.3122347725107,1140.1386992738446,1.1556850443321143
1518,24,7,1424.675505109258,1173.2966569344762,0.14875830709934235,0.717732705872389,projective_2d_nearest_cell_reassignment,True,0.717732705872389,False,1425.2327668644718,1172.7799086457428,0.7599799061376246
877,26,7,1425.618969998121,1206.576335050151,0.1631423532962799,1.2224651108965547,projective_2d_nearest_cell_reassignment,True,1.2224651108965547,False,1425.1532776160254,1205.4298835274203,1.237424942658566
1415,33,7,1424.3167691993344,1319.3915774038205,0.1507253646850586,0.6700858503426977,projective_2d_nearest_cell_reassignment,True,0.6700858503426977,False,1424.8748970665833,1319.7738750034307,0.6765043760889715
1275,34,7,1425.2915563199824,1337.0006926620167,0.15416769683361053,0.9884322542067056,projective_2d_nearest_cell_reassignment,True,0.9884322542067056,False,1424.8351070461426,1336.1175088068883,0.9941627942889382
1460,35,7,1424.8157719056724,1351.7211998250857,0.14986476302146912,0.7594426422156111,projective_2d_nearest_cell_reassignment,True,0.7594426422156111,False,1424.7953116798421,1352.463338406663,0.7424205648462915
1351,36,7,1425.2407088909993,1369.3526114834615,0.15232357382774353,0.727883778423082,projective_2d_nearest_cell_reassignment,True,0.727883778423082,False,1424.755510966604,1368.811364245299,0.7268876107458662
1384,37,7,1424.8198919053948,1384.5910918534664,0.15158593654632568,0.5978345186049479,projective_2d_nearest_cell_reassignment,True,0.5978345186049479,False,1424.7157049053503,1385.161586765458,0.5799304920303026
1459,38,7,1424.3136541571537,1402.6323524351812,0.14986476302146912,1.1569239143269598,projective_2d_nearest_cell_reassignment,True,1.1569239143269598,False,1424.6758934950037,1401.5140064099216,1.1755488803533343
904,41,7,1424.4733440785437,1449.7296789177767,0.16265060007572174,0.8707601715293863,projective_2d_nearest_cell_reassignment,True,0.8707601715293863,True,1424.5564271586197,1450.584452518738,0.8588019021260949
1573,43,7,1424.5890189056597,1482.542679844405,0.14728301763534546,0.7892850572543111,projective_2d_nearest_cell_reassignment,True,0.7892850572543111,True,1424.4767561691217,1483.3090770024871,0.7745757070366477
1409,45,7,1424.3041228178192,1515.4962683887527,0.15097123384475708,0.5655086161634398,projective_2d_nearest_cell_reassignment,True,0.5655086161634398,False,1424.3970637573543,1516.0425006203284,0.554082727626316
760,47,7,1424.2461562681724,1547.7058296011583,0.16560116410255432,1.0945049728900627,projective_2d_nearest_cell_reassignment,True,1.0945049728900627,False,1424.317349914676,1548.7847269216606,1.0812437114220472
1547,49,7,1424.0518826019631,1580.5248725726785,0.14789772033691406,1.0411797070125655,projective_2d_nearest_cell_reassignment,True,1.0411797070125655,False,1424.2376146324411,1581.535759457793,1.0278077065490854
1469,0,8,1411.853685360867,781.1198607943242,0.14974182844161987,0.09673267755695897,projective_2d_nearest_cell_reassignment,True,0.09673267755695897,False,1411.9028442959989,780.9213867694467,0.20447136585435077
1538,1,8,1411.921051796347,798.5581592508029,0.14826655387878418,1.248361643881761,projective_2d_nearest_cell_reassignment,True,1.248361643881761,False,1411.8622141318322,797.2163094152842,1.34313917813722
868,2,8,1411.896359037957,814.6082249838366,0.16326531767845154,1.0080297835896277,projective_2d_nearest_cell_reassignment,True,1.0080297835896277,False,1411.8215785131204,813.5134196326806,1.097356315794841
1421,3,8,1411.8275254175473,829.3682211388322,0.15060241520404816,0.5415359918408923,projective_2d_nearest_cell_reassignment,True,0.5415359918408923,False,1411.780937438765,829.8127178621827,0.44693151246738977
1604,4,8,1411.7853326164045,846.9411517832785,0.14666830003261566,0.7460660752774181,projective_2d_nearest_cell_reassignment,True,0.7460660752774181,False,1411.7402909076673,846.1142045444568,0.8281729839356363
879,8,8,1411.8705447949783,911.1491027595831,0.1631423532962799,0.4235458533344529,projective_2d_nearest_cell_reassignment,True,0.4235458533344529,False,1411.5776501938662,911.342044618727,0.3507332438912272
1047,9,8,1411.6606496543611,927.2498689616673,0.1594541370868683,0.49938227003741936,projective_2d_nearest_cell_reassignment,True,0.49938227003741936,False,1411.5369763625645,927.6544801789884,0.42309020348604387
799,10,8,1411.793078959245,943.3562850138919,0.16474059224128723,0.7551741256445966,projective_2d_nearest_cell_reassignment,True,0.7551741256445966,False,1411.4962970679217,943.9691068385026,0.6809038696736791
1398,11,8,1411.7560866842036,959.6331447634511,0.151340052485466,0.7895972764092031,projective_2d_nearest_cell_reassignment,True,0.7895972764092031,False,1411.4556123088369,960.285925038764,0.718614596351665
1151,13,8,1411.325543711104,991.7276796492911,0.15724122524261475,1.254357966477636,projective_2d_nearest_cell_reassignment,True,1.254357966477636,False,1411.374226392936,992.9261378281022,1.1994465431480146
1133,15,8,1411.6708539352198,1026.6253423251462,0.15761002898216248,1.0808446609513478,projective_2d_nearest_cell_reassignment,True,1.0808446609513478,True,1411.2928186060497,1025.5751220813358,1.116186933542017
1387,17,8,1411.3390247586815,1057.6137950932525,0.15146300196647644,0.6826906205092356,projective_2d_nearest_cell_reassignment,True,0.6826906205092356,True,1411.2113889393604,1058.2328813346967,0.632106539057482
1569,18,8,1410.645506942544,1074.6819958959243,0.1474059522151947,0.5010569508407537,projective_2d_nearest_cell_reassignment,True,0.5010569508407537,True,1411.170665898333,1074.5650526920176,0.5380219714708566
1417,20,8,1411.1640218124671,1106.5955850431812,0.1507253497838974,0.6861598787013976,projective_2d_nearest_cell_reassignment,True,0.6861598787013976,False,1411.0892033953967,1107.2359810801647,0.6447517969863034
1363,23,8,1411.3769398172306,1156.8866274476243,0.1519547700881958,0.7380538966181178,projective_2d_nearest_cell_reassignment,True,0.7380538966181178,False,1410.9669685722308,1156.2588444863934,0.7497918832172257
1476,24,8,1411.4168084160679,1173.0893453670722,0.14961887896060944,0.6874753271514775,projective_2d_nearest_cell_reassignment,True,0.6874753271514775,False,1410.9262126750887,1172.6041929464368,0.6899688777874454
1253,25,8,1411.0602481459944,1190.4272265124114,0.15478239953517914,1.460740811047785,projective_2d_nearest_cell_reassignment,True,1.460740811047785,False,1410.885451298062,1188.9517391406296,1.4858051427878052
1374,26,8,1410.8766892397691,1204.657317794214,0.15183180570602417,0.6730974632942707,projective_2d_nearest_cell_reassignment,True,0.6730974632942707,False,1410.8446844400448,1205.301483512251,0.644960292963592
1483,27,8,1411.2424588985796,1221.9334972049298,0.149495929479599,0.5265703584460052,projective_2d_nearest_cell_reassignment,True,0.5265703584460052,False,1410.8039120999322,1221.6534265046978,0.5203488173642234
1205,31,8,1410.4476865545832,1287.0057908081471,0.1558888554573059,0.1995696531124847,projective_2d_nearest_cell_reassignment,True,0.1995696531124847,False,1410.6407678964026,1287.0831935548706,0.20801824381315404
1492,37,8,1411.1851603581574,1385.1309336959553,0.1492500603199005,0.8227487060263934,projective_2d_nearest_cell_reassignment,True,0.8227487060263934,False,1410.3958869401026,1385.2938782073848,0.8059177639516865
1388,38,8,1410.2538152889304,1400.9515297065188,0.15146298706531525,0.7386517518279123,projective_2d_nearest_cell_reassignment,True,0.7386517518279123,False,1410.3550542238843,1401.6700353272956,0.7256029555055946
1422,40,8,1410.5646850154449,1434.1775069578662,0.15060240030288696,0.4028701810808176,projective_2d_nearest_cell_reassignment,True,0.4028701810808176,True,1410.2733723041802,1434.4289618648017,0.3848280992422147
1597,41,8,1410.0767427768674,1452.270827049231,0.1467912495136261,1.452177745618772,projective_2d_nearest_cell_reassignment,True,1.452177745618772,True,1410.2325230984752,1450.811732172419,1.4673872590899242
1325,42,8,1410.0348574177704,1468.3765642960625,0.15293827652931213,1.1749244957872458,projective_2d_nearest_cell_reassignment,True,1.1749244957872458,True,1410.1916683940556,1467.19670776616,1.1902315377425987
1231,43,8,1409.564119479025,1483.9896582075105,0.1552741527557373,0.6978803406858538,projective_2d_nearest_cell_reassignment,True,0.6978803406858538,True,1410.1508081898103,1483.5838890913358,0.7133387827701713
814,46,8,1409.8465628414422,1531.8562143771412,0.1643717736005783,0.9340988265916705,projective_2d_nearest_cell_reassignment,True,0.9340988265916705,False,1410.0281945670138,1532.7586719103747,0.9205540087490603
1068,49,8,1409.8242897831205,1580.9310588850858,0.15896236896514893,1.0419568724548212,projective_2d_nearest_cell_reassignment,True,1.0419568724548212,False,1409.905531405787,1581.9533223550204,1.0254866177655615
916,0,9,1397.544109727153,779.7393828231035,0.162281796336174,0.5360965546258526,projective_2d_nearest_cell_reassignment,True,0.5360965546258526,False,1397.579309764063,780.1777121358358,0.43974041092314725
781,2,9,1397.4678589855073,811.7470048738005,0.1649864912033081,1.1597339107620204,projective_2d_nearest_cell_reassignment,True,1.1597339107620204,False,1397.4960004699992,812.8168925850003,1.0702577529389083
1419,3,9,1397.70713741504,829.14918614705,0.1507253497838974,0.30016119585526857,projective_2d_nearest_cell_reassignment,True,0.30016119585526857,False,1397.4543374221216,829.1397741196258,0.25297514241480434
1006,4,9,1397.741865216427,846.5133199133487,0.16056060791015625,1.0331533686146783,projective_2d_nearest_cell_reassignment,True,1.0331533686146783,False,1397.4126687721741,845.4648504510186,1.098935172040409
1316,6,9,1396.7645956917106,878.4228382726542,0.153184175491333,0.575905040876496,projective_2d_nearest_cell_reassignment,True,0.575905040876496,False,1397.32931466155,878.121589275037,0.6400456807617303
1033,7,9,1397.3486901268407,893.6181538181688,0.15970003604888916,0.9117860752988005,projective_2d_nearest_cell_reassignment,True,0.9117860752988005,False,1397.2876291986115,894.4532526534252,0.8373281922895172
1183,8,9,1397.3719019070877,909.8178715220489,0.1565035581588745,1.0497884769696217,projective_2d_nearest_cell_reassignment,True,1.0497884769696217,False,1397.245938129082,910.7871126001068,0.9773920097709945
1247,9,9,1397.4440254845651,928.4454587897394,0.15490533411502838,1.2863390200858527,projective_2d_nearest_cell_reassignment,True,1.2863390200858527,False,1397.2042414518298,927.1231695582607,1.3438546030130902
1430,10,9,1396.687349620287,943.0917616954212,0.15047946572303772,0.6187372876990965,projective_2d_nearest_cell_reassignment,True,0.6187372876990965,False,1397.1625391657233,943.4614239711856,0.6020426083054635
1308,11,9,1396.6231409907384,960.6391961764589,0.1534300446510315,0.9074443328310713,projective_2d_nearest_cell_reassignment,True,0.9074443328310713,False,1397.1208312696306,959.8018762822993,0.9740637652942197
508,12,9,1397.5025412239127,975.3564686184359,0.17125645279884338,0.9583716267441159,projective_2d_nearest_cell_reassignment,True,0.9583716267441159,False,1397.0791177624199,976.1445269351389,0.8946079243262212
1506,13,9,1397.0685567955525,991.5847298362985,0.14912711083889008,0.9598252939495293,projective_2d_nearest_cell_reassignment,True,0.9598252939495293,False,1397.0373986429586,992.4893763733608,0.9051829580210887
1452,14,9,1397.0637520856703,1008.4012819719986,0.14998771250247955,0.49524177582132217,projective_2d_nearest_cell_reassignment,True,0.49524177582132217,False,1396.995673910114,1008.836425040741,0.44043629307950605
1049,15,9,1396.938346560955,1024.5038875373261,0.15933120250701904,0.7298054011273106,projective_2d_nearest_cell_reassignment,True,0.7298054011273106,True,1396.953943562753,1025.1856733811746,0.6819642243822602
1370,17,9,1396.56704243211,1058.8435883926134,0.15183182060718536,0.9510754744195459,projective_2d_nearest_cell_reassignment,True,0.9510754744195459,True,1396.8704660199492,1057.8907708573806,0.9999635638883043
1211,18,9,1396.4782495951174,1073.425013122235,0.15576592087745667,0.9214191185530274,projective_2d_nearest_cell_reassignment,True,0.9214191185530274,True,1396.8287188222387,1074.2466208815415,0.8932345656722273
1311,19,9,1396.5754932648915,1090.6846334845131,0.15330711007118225,0.19118497085524458,projective_2d_nearest_cell_reassignment,True,0.19118497085524458,True,1396.7869660054764,1090.6046723555319,0.22608516571956971
1273,22,9,1396.6899300186517,1139.3156739449712,0.15429063141345978,0.41188907529662927,projective_2d_nearest_cell_reassignment,True,0.41188907529662927,False,1396.6616738295352,1139.6920399220096,0.3774251725779042
774,23,9,1396.6746991640155,1155.449990993098,0.1652323603630066,0.6440399781560121,projective_2d_nearest_cell_reassignment,True,0.6440399781560121,False,1396.6198985252192,1156.0589016414458,0.6113716444878516
1288,24,9,1396.8741651222047,1173.5216832622043,0.1537988781929016,1.111038917728141,projective_2d_nearest_cell_reassignment,True,1.111038917728141,False,1396.5781175961763,1172.427967034374,1.133075162858543
1146,26,9,1396.7151150615346,1204.5494980846263,0.1573641449213028,0.6918738331963028,projective_2d_nearest_cell_reassignment,True,0.6918738331963028,False,1396.4945388593644,1205.1727106211931,0.661095852882064
1557,27,9,1396.2559571546008,1222.5801965466271,0.14765183627605438,1.0231339376400534,projective_2d_nearest_cell_reassignment,True,1.0231339376400534,False,1396.4527410493224,1221.5483897056272,1.050404330891721
1257,29,9,1397.1569666935843,1254.5129676165907,0.1546594500541687,0.8257931508159452,projective_2d_nearest_cell_reassignment,True,0.8257931508159452,False,1396.3691285402815,1254.3063646838027,0.8144775795785657
1508,30,9,1397.0473948371862,1270.8441397553372,0.14900417625904083,0.748543498779196,projective_2d_nearest_cell_reassignment,True,0.748543498779196,False,1396.327313839008,1270.688661468807,0.7366750582989332
920,31,9,1396.285976232793,1288.3732805857774,0.16215884685516357,1.2805429097459953,projective_2d_nearest_cell_reassignment,True,1.2805429097459953,False,1396.285493505048,1287.0731650454643,1.300115629930518
891,33,9,1396.1994180983047,1319.4786210669768,0.16289648413658142,0.388300134433433,projective_2d_nearest_cell_reassignment,True,0.388300134433433,False,1396.2018359345175,1319.8487943575856,0.37018118673443196
1551,34,9,1396.1449542016555,1338.2276309506788,0.14789770543575287,1.9704583505817943,projective_2d_nearest_cell_reassignment,True,1.9704583505817943,False,1396.1599986956692,1336.2399209852738,1.9877668986504355
1423,35,9,1396.216594094884,1351.800567406078,0.15060240030288696,0.8565274251894306,projective_2d_nearest_cell_reassignment,True,0.8565274251894306,False,1396.1181558195801,1352.6332561890629,0.8384871515733533
1474,36,9,1395.956597916322,1370.3319511026505,0.14961887896060944,1.2915434560422936,projective_2d_nearest_cell_reassignment,True,1.2915434560422936,False,1396.076307305111,1369.028800415366,1.3086374790346202
1577,37,9,1395.6093860359124,1385.7786494026468,0.14728300273418427,0.5336615467408097,projective_2d_nearest_cell_reassignment,True,0.5336615467408097,False,1396.034453151122,1385.4265541107159,0.5519539356075067
1176,38,9,1396.4031790901204,1402.0355493328086,0.15662652254104614,0.46296528114659025,projective_2d_nearest_cell_reassignment,True,0.46296528114659025,False,1395.9925933564732,1401.8265177217659,0.4607329585450867
1510,39,9,1396.0162535752904,1420.1483356333679,0.1488812416791916,1.9058626432402805,projective_2d_nearest_cell_reassignment,True,1.9058626432402805,False,1395.950727920024,1418.2286916952892,1.9207619478999503
1328,40,9,1395.7019165185286,1436.3163015947694,0.15293827652931213,1.679850354338653,projective_2d_nearest_cell_reassignment,True,1.679850354338653,True,1395.9088568406341,1434.6330764781808,1.6958983135871564
1002,41,9,1394.9175813909364,1451.4613633648412,0.16056060791015625,1.025780878237096,projective_2d_nearest_cell_reassignment,True,1.025780878237096,True,1395.866980117162,1451.0396725174546,1.038836422218802
1489,42,9,1395.7662295704458,1466.7020129895743,0.14937299489974976,0.7635014646668813,projective_2d_nearest_cell_reassignment,True,0.7635014646668813,True,1395.825097748467,1467.4484802602462,0.7487849147571876
792,43,9,1395.8395919501095,1483.4097541025797,0.16474059224128723,0.46938355424777284,projective_2d_nearest_cell_reassignment,True,0.46938355424777284,True,1395.783209733407,1483.8595001538108,0.4532664392587595
1347,44,9,1396.2082203586497,1500.0752174642666,0.15232358872890472,0.5181151493018243,projective_2d_nearest_cell_reassignment,True,0.5181151493018243,True,1395.7413160708404,1500.2727326455254,0.5069633722492538
1292,49,9,1395.6080010545975,1581.5631071367568,0.15367592871189117,0.8314685676403268,projective_2d_nearest_cell_reassignment,True,0.8314685676403268,False,1395.5317630054185,1582.3720997429562,0.8125769360668808
1484,0,10,1383.2948315809099,780.6413206109945,0.14937302470207214,1.1218190330422368,projective_2d_nearest_cell_reassignment,True,1.1218190330422368,False,1383.2141918533553,779.4318785027195,1.212127459852589
1599,1,10,1383.5448421298256,796.9011648810641,0.1467912346124649,1.1147101735315788,projective_2d_nearest_cell_reassignment,True,1.1147101735315788,False,1383.171512557797,795.7740106826708,1.1873717009878186
1535,3,10,1383.1548898544588,827.7170593758058,0.14838945865631104,0.8362368548519834,projective_2d_nearest_cell_reassignment,True,0.8362368548519834,False,1383.0861367266966,828.4648763254139,0.7509708267957567
1418,4,10,1382.6819223307446,845.3613257066874,0.1507253497838974,0.5731396330066054,projective_2d_nearest_cell_reassignment,True,0.5731396330066054,False,1383.0434401888326,844.8136106771119,0.656267411456191
956,5,10,1382.608936316999,861.5196286231104,0.16154412925243378,0.4563002049361902,projective_2d_nearest_cell_reassignment,True,0.4563002049361902,True,1383.0007379012116,861.1645466418313,0.5287643093293646
897,7,10,1382.9623928988856,893.4735001217441,0.16289648413658142,0.4742259796615738,projective_2d_nearest_cell_reassignment,True,0.4742259796615738,True,1382.9153160720512,893.8730251894633,0.4022890843172692
1572,9,10,1383.049230392675,928.1965481076027,0.1474059373140335,1.5639129247724264,projective_2d_nearest_cell_reassignment,True,1.5639129247724264,True,1382.8298712299195,926.5903155277675,1.6211420489299142
1393,10,10,1383.3889075079412,943.3027325598058,0.15146298706531525,0.6937069677805678,projective_2d_nearest_cell_reassignment,True,0.6937069677805678,False,1382.7871401760833,942.9522662312766,0.6963839236542934
1330,11,10,1382.4945024011668,960.3547629735023,0.1528153270483017,1.0071235434742931,projective_2d_nearest_cell_reassignment,True,1.0071235434742931,False,1382.7444033655158,959.3164212181193,1.067990680181389
1315,12,10,1382.7769557493857,975.2747447720484,0.153184175491333,0.4724728382272838,projective_2d_nearest_cell_reassignment,True,0.4724728382272838,False,1382.7016607970538,975.6827809337677,0.4149251006113159
1529,13,10,1382.3734021111238,991.32132994497,0.14851242303848267,0.822846030472785,projective_2d_nearest_cell_reassignment,True,0.822846030472785,False,1382.6589124695338,992.0513458238136,0.7838618169825229
838,14,10,1382.3301530320653,1007.5961059461897,0.16388002038002014,0.9122890404775561,projective_2d_nearest_cell_reassignment,True,0.9122890404775561,False,1382.6161583817914,1008.422116333969,0.8741236873528238
1612,16,10,1383.2241233178413,1040.9186992338864,0.14629948139190674,0.775054193905238,projective_2d_nearest_cell_reassignment,True,0.775054193905238,False,1382.5306329209825,1041.1702759980567,0.7377125448342196
865,17,10,1382.3220757037382,1058.5227491976564,0.1633882373571396,0.9451010940229542,projective_2d_nearest_cell_reassignment,True,0.9451010940229542,False,1382.4878615455864,1057.547666044014,0.9890763882908252
1570,18,10,1382.264153709537,1073.3941926612008,0.1474059522151947,0.5934902424282933,projective_2d_nearest_cell_reassignment,True,0.5934902424282933,False,1382.445084405309,1073.9272634941303,0.5629390993639943
1070,20,10,1382.4470419493282,1105.7154829345236,0.15896236896514893,1.0179420474929612,projective_2d_nearest_cell_reassignment,True,1.0179420474929612,False,1382.3595128254467,1106.6930823922125,0.9815100851245337
1405,21,10,1382.374909690978,1124.2715655163997,0.15109416842460632,1.1621518050742567,projective_2d_nearest_cell_reassignment,True,1.1621518050742567,False,1382.3167183835296,1123.0793047331654,1.1936800255936109
1562,22,10,1382.162201845627,1139.1787102799292,0.14752888679504395,0.33314887145636746,projective_2d_nearest_cell_reassignment,True,0.33314887145636746,False,1382.2739181720674,1139.4677362642517,0.30986538562245775
1400,23,10,1382.183459683169,1155.4230371517401,0.15121710300445557,0.465510538944955,projective_2d_nearest_cell_reassignment,True,0.465510538944955,False,1382.2311121898924,1155.8583774322656,0.4379405453312107
1568,24,10,1381.7075489839722,1172.0431679476271,0.1474059522151947,0.519865319507484,projective_2d_nearest_cell_reassignment,True,0.519865319507484,False,1382.1883004358376,1172.2512286841222,0.5238427517314864
976,25,10,1382.5563334210249,1188.2446877775594,0.1610523760318756,0.6047581960664672,projective_2d_nearest_cell_reassignment,True,0.6047581960664672,False,1382.1454829087356,1188.6462904668576,0.5745283835459246
1544,26,10,1382.5497042045245,1204.4936776612703,0.1480206549167633,0.7379372264089598,projective_2d_nearest_cell_reassignment,True,0.7379372264089598,False,1382.1026596074184,1205.0435632276276,0.7086769418357879
1104,29,10,1381.55642627314,1254.193959469149,0.15822473168373108,0.4111088281028517,projective_2d_nearest_cell_reassignment,True,0.4111088281028517,False,1381.9741550464946,1254.248651851516,0.42129394106410106
1559,30,10,1382.0297387548956,1272.2594903820523,0.1476518213748932,1.588397911460132,projective_2d_nearest_cell_reassignment,True,1.588397911460132,True,1381.9313086366335,1270.6547729983988,1.6077333017576827
1411,31,10,1381.8718280374062,1288.4288333954619,0.15097123384475708,1.3463851551549892,projective_2d_nearest_cell_reassignment,True,1.3463851551549892,True,1381.8884564467132,1287.063107360907,1.3658272604751616
1397,32,10,1381.7726861696715,1303.3689399396187,0.151340052485466,0.13774723329343577,projective_2d_nearest_cell_reassignment,True,0.13774723329343577,True,1381.8455984755649,1303.4736553869209,0.12759909582119142
1354,33,10,1381.733696669889,1319.4513858776788,0.1522006392478943,0.4566599979024561,projective_2d_nearest_cell_reassignment,True,0.4566599979024561,True,1381.8027347220177,1319.8864175244419,0.4404756364738951
396,34,10,1381.6816904056172,1335.6493613595312,0.17408409714698792,0.6728106718961527,projective_2d_nearest_cell_reassignment,True,0.6728106718961527,True,1381.759865184902,1336.3013942215925,0.6567024815882195
1410,35,10,1381.9180384040894,1351.7354827795298,0.15097123384475708,1.0218167261799207,projective_2d_nearest_cell_reassignment,True,1.0218167261799207,False,1381.716989863047,1352.7185859266153,1.0034502048755576
1236,36,10,1382.2279075805104,1370.0147535784388,0.15515121817588806,1.027764725560585,projective_2d_nearest_cell_reassignment,True,1.027764725560585,False,1381.6741087552816,1369.137993087875,1.037015957754985
1336,37,10,1381.3944948376677,1386.619372899572,0.15269239246845245,1.0683839981915622,projective_2d_nearest_cell_reassignment,True,1.0683839981915622,False,1381.6312218604346,1385.559616153856,1.0858747825594621
1323,39,10,1381.7203338128363,1417.6658332381671,0.15293829143047333,0.7809456422800756,projective_2d_nearest_cell_reassignment,True,0.7809456422800756,False,1381.5454307048092,1418.4095117945287,0.7639691697900041
1588,40,10,1381.4372840777762,1436.3719353339093,0.14703713357448578,1.5193343334719827,projective_2d_nearest_cell_reassignment,True,1.5193343334719827,False,1381.5025264416868,1434.8377852667966,1.5355367121858583
1521,41,10,1381.5851211410506,1452.427367097507,0.14875829219818115,1.1503727389565512,projective_2d_nearest_cell_reassignment,True,1.1503727389565512,False,1381.459616386794,1451.2682764389374,1.1658656003691705
1326,42,10,1380.7436953942988,1468.7006097880308,0.15293827652931213,1.1892294901477674,projective_2d_nearest_cell_reassignment,True,1.1892294901477674,False,1381.416700538959,1467.7009857600424,1.205066023946759
1425,43,10,1381.301178788402,1483.5393681082505,0.15047946572303772,0.617143897955811,projective_2d_nearest_cell_reassignment,True,0.617143897955811,False,1381.373778897008,1484.1359136793235,0.6009470809783178
1543,45,10,1380.6614598877877,1517.2927224862012,0.1480206549167633,0.6775537123561975,projective_2d_nearest_cell_reassignment,True,0.6775537123561975,False,1381.2879182260642,1517.012427109869,0.686305724578665
153,0,11,1369.2471790012453,778.9808121967505,0.18268993496894836,0.514410889624165,projective_2d_nearest_cell_reassignment,True,0.514410889624165,False,1368.8073092164157,778.683876454579,0.5307129757081581
1036,1,11,1369.329852190157,794.9901052032192,0.15970003604888916,0.6138483449738834,projective_2d_nearest_cell_reassignment,True,0.6138483449738834,False,1368.7635966695834,795.0497161312967,0.5693845601404343
1468,2,11,1368.7720495466056,811.3301474035444,0.14974182844161987,0.18823151225864693,projective_2d_nearest_cell_reassignment,True,0.18823151225864693,False,1368.719878228805,811.4177624830241,0.10197180273624017
1019,4,11,1368.3331860034416,843.4944773159672,0.16019177436828613,0.7890006442190127,projective_2d_nearest_cell_reassignment,True,0.7890006442190127,False,1368.6324236606395,844.1604769969597,0.730136117835158
836,5,11,1369.2308297304075,861.1512663979689,0.16400295495986938,0.8630036058181834,projective_2d_nearest_cell_reassignment,True,0.8630036058181834,True,1368.5886875308672,860.5351460521949,0.8899162235329563
901,8,11,1369.0808602983993,909.8427854693726,0.16277354955673218,0.6576540091930868,projective_2d_nearest_cell_reassignment,True,0.6576540091930868,True,1368.4574437444737,909.6724057716643,0.6462796926251488
1282,9,11,1368.5564412922054,926.7706237047909,0.1540447473526001,0.6767021453360385,projective_2d_nearest_cell_reassignment,True,0.6767021453360385,True,1368.4136840126712,926.0559113525261,0.7288301498564939
1166,10,11,1368.234417970565,942.8832530491853,0.15699532628059387,0.4013328346819242,projective_2d_nearest_cell_reassignment,True,0.4013328346819242,False,1368.3699183773763,942.4416271824344,0.4619456314649163
1513,11,11,1368.2864282302837,959.069837067124,0.1488812416791916,0.18765837374762928,projective_2d_nearest_cell_reassignment,True,0.18765837374762928,False,1368.3261468373935,958.8295537086861,0.2435439592618111
819,12,11,1369.1653422700401,974.8763023977511,0.16437175869941711,0.9874590741335181,projective_2d_nearest_cell_reassignment,True,0.9874590741335181,False,1368.2823693915286,975.2196913786994,0.9473948999353844
1437,13,11,1369.3523004929848,991.0960357298225,0.15035651624202728,1.2678689829291552,projective_2d_nearest_cell_reassignment,True,1.2678689829291552,False,1368.238586038586,991.6120406400125,1.2274448880814237
787,14,11,1368.0582281033862,1007.3920354511738,0.16486354172229767,0.6702231016834921,projective_2d_nearest_cell_reassignment,True,0.6702231016834921,False,1368.1947967773694,1008.0066019402852,0.6295577592662137
1150,15,11,1369.0812554070392,1024.839489126432,0.15724122524261475,1.0285858057701156,projective_2d_nearest_cell_reassignment,True,1.0285858057701156,False,1368.1510016066838,1024.4033757272973,1.0274079180054743
770,16,11,1368.3185977820472,1039.7390835991127,0.16535529494285583,1.1281681476824066,projective_2d_nearest_cell_reassignment,True,1.1281681476824066,False,1368.1072005253322,1040.8023624489506,1.0840898083918507
1312,17,11,1368.5060339016866,1056.479555654517,0.15330711007118225,0.8915985395535101,projective_2d_nearest_cell_reassignment,True,0.8915985395535101,False,1368.0633935321182,1057.203562553266,0.8485967748039638
1281,18,11,1368.2041550815857,1073.2215436660952,0.1540447473526001,0.4683613659491696,projective_2d_nearest_cell_reassignment,True,0.4683613659491696,False,1368.0195806258448,1073.6069764883875,0.4273478562158802
554,20,11,1368.0208205949116,1105.6167560275878,0.17014998197555542,0.8432393445889654,projective_2d_nearest_cell_reassignment,True,0.8432393445889654,False,1367.93193706933,1106.4204476442242,0.8085916743148929
786,21,11,1367.473552669662,1123.5983634346994,0.16486354172229767,0.8375526650775142,projective_2d_nearest_cell_reassignment,True,0.8375526650775142,False,1367.8881064166928,1122.83050576183,0.8726168775366485
1339,22,11,1367.560982187288,1139.4320561681016,0.1525694727897644,0.31188529428521783,projective_2d_nearest_cell_reassignment,True,0.31188529428521783,False,1367.8442698462056,1139.242779504024,0.3407015604006671
1299,23,11,1367.8039580988311,1156.6097480891424,0.15355299413204193,0.9247685562867541,projective_2d_nearest_cell_reassignment,True,0.9247685562867541,False,1367.8004273566692,1155.6572693195537,0.9524853136176568
1479,24,11,1367.7041473515392,1171.6027804004239,0.1494959443807602,0.4990991325545459,projective_2d_nearest_cell_reassignment,True,0.4990991325545459,False,1367.7565789468845,1172.073975657289,0.474103408849556
1433,25,11,1367.652771581633,1187.634671180115,0.15035653114318848,0.8845200623295156,projective_2d_nearest_cell_reassignment,True,0.8845200623295156,False,1367.7127246156524,1188.4928989662208,0.8603193006855899
1358,26,11,1367.6150826428936,1203.7723733951939,0.15207770466804504,1.1661949442897375,projective_2d_nearest_cell_reassignment,True,1.1661949442897375,False,1367.6688643617736,1204.9140396954606,1.1429323752743852
1493,27,11,1367.7752048832626,1222.5172078097205,0.1492500603199005,1.1684752979041046,projective_2d_nearest_cell_reassignment,True,1.1684752979041046,False,1367.624998184048,1221.3373982942421,1.1893328151960938
1024,28,11,1367.596505913131,1237.3874283555301,0.1600688397884369,0.3980275500935181,projective_2d_nearest_cell_reassignment,True,0.3980275500935181,False,1367.5811260812754,1237.7629752119199,0.3758616508399444
1427,29,11,1367.5992376887289,1256.1367634543442,0.15047946572303772,1.9267292160386322,projective_2d_nearest_cell_reassignment,True,1.9267292160386322,False,1367.5372480522553,1254.1907708979695,1.9469796466567824
1391,30,11,1367.4483584682205,1269.7705842771957,0.15146298706531525,0.8706862199908632,projective_2d_nearest_cell_reassignment,True,0.8706862199908632,True,1367.4933640957872,1270.6207858019893,0.8513918834908631
1527,34,11,1367.2179972014303,1338.3197903913594,0.14851242303848267,1.9415802373164106,projective_2d_nearest_cell_reassignment,True,1.9415802373164106,True,1367.3177689714016,1336.3630465939686,1.9592857613708565
837,35,11,1367.048783405238,1352.4922229946658,0.16388002038002014,0.3950136261137064,projective_2d_nearest_cell_reassignment,True,0.3950136261137064,False,1367.2738553596673,1352.804164336053,0.38466191017183543
1396,38,11,1366.6879445640723,1402.5641011562807,0.151340052485466,0.6063725786259229,projective_2d_nearest_cell_reassignment,True,0.6063725786259229,False,1367.1420789116892,1402.1408508728668,0.6207888595128944
1465,39,11,1367.1288804971534,1418.4009870435546,0.14974182844161987,0.2093811555550175,projective_2d_nearest_cell_reassignment,True,0.2093811555550175,False,1367.0981415540934,1418.5908589905598,0.19234406380237667
859,40,11,1366.63988509578,1435.069764825123,0.16338825225830078,0.4114950905972686,projective_2d_nearest_cell_reassignment,True,0.4114950905972686,False,1367.0541982570232,1435.043090828886,0.4151709258300221
1268,41,11,1366.8685486175193,1450.8121927693533,0.15429063141345978,0.7161645586357179,projective_2d_nearest_cell_reassignment,True,0.7161645586357179,False,1367.0102490192733,1451.4975468387813,0.6998494154736652
1394,42,11,1367.40966449837,1467.4978740596412,0.151340052485466,0.6499696375206933,projective_2d_nearest_cell_reassignment,True,0.6499696375206933,False,1366.9662938396393,1467.9542274713037,0.63626722166027
1193,43,11,1367.3349329476714,1485.0522794173662,0.15613475441932678,0.7462167766654912,projective_2d_nearest_cell_reassignment,True,0.7462167766654912,False,1366.9223327169166,1484.413133177633,0.7607541430607375
1235,44,11,1366.8905533711084,1500.4706234897697,0.15515121817588806,0.42233631835491164,projective_2d_nearest_cell_reassignment,True,0.42233631835491164,False,1366.8783656498995,1500.8742644090714,0.40382487823690416
1539,45,11,1366.7487160381554,1516.6978739604924,0.14826653897762299,0.6645541209249164,projective_2d_nearest_cell_reassignment,True,0.6645541209249164,False,1366.8343926373816,1517.3376216170425,0.6454591727725874
1037,46,11,1366.4920519866855,1533.3553726891917,0.15970002114772797,0.5555106617653366,projective_2d_nearest_cell_reassignment,True,0.5555106617653366,False,1366.7904136781578,1533.8032052530923,0.5381205294616265
1407,49,11,1366.2457714643867,1584.3575374902262,0.15097123384475708,1.195972084871696,projective_2d_nearest_cell_reassignment,True,1.195972084871696,False,1366.6584411081833,1583.213319247011,1.2163599890729626
124,0,12,1354.5662539699877,777.4727074931624,0.1846570074558258,0.5944800351918312,projective_2d_nearest_cell_reassignment,True,0.5944800351918312,False,1354.3584794497604,777.9336965210671,0.5056492214017624
1115,1,12,1354.3331810875525,794.6764616404222,0.1579788625240326,0.2753014080759138,projective_2d_nearest_cell_reassignment,True,0.2753014080759138,False,1354.3137278111533,794.3233125790111,0.353684449104234
958,2,12,1354.634708517457,810.4199744063645,0.16154411435127258,0.5406257699553602,projective_2d_nearest_cell_reassignment,True,0.5406257699553602,False,1354.2689701297088,810.7151417354171,0.4699875747429
1536,3,12,1354.1535944018797,826.6242016729333,0.14838945865631104,0.5614615526894634,projective_2d_nearest_cell_reassignment,True,0.5614615526894634,False,1354.2242064042032,827.1091844385688,0.49009625364375403
1114,4,12,1354.0807882461252,843.2559538136408,0.1579788625240326,0.32928095724608447,projective_2d_nearest_cell_reassignment,True,0.32928095724608447,False,1354.1794366334118,843.5054411368717,0.26828236760396906
1034,5,12,1354.1156531439626,860.774769345289,0.15970003604888916,0.8028968206953068,projective_2d_nearest_cell_reassignment,True,0.8028968206953068,True,1354.13466081611,859.9039122788516,0.871064476238303
1446,6,12,1354.0370729501276,875.58480092371,0.1501106470823288,0.7851825723256095,projective_2d_nearest_cell_reassignment,True,0.7851825723256095,True,1354.089878951073,876.3045983131565,0.7217317753777043
1148,7,12,1354.0590482928467,893.0188559334134,0.1573641449213028,0.2521981806131908,projective_2d_nearest_cell_reassignment,True,0.2521981806131908,True,1354.045091037075,892.7074996885542,0.311668920814226
1561,8,12,1354.0358251856528,910.4115118616932,0.14752890169620514,1.2414148307744113,projective_2d_nearest_cell_reassignment,True,1.2414148307744113,True,1354.000297072891,909.1126168539353,1.2993808094530208
913,9,12,1354.4144843245774,925.572394685146,0.1625276505947113,0.4797832756056848,projective_2d_nearest_cell_reassignment,True,0.4797832756056848,True,1353.9554970572942,925.5199502583105,0.46197373240716055
1322,12,12,1353.5575243408007,974.2447419019412,0.15306121110916138,0.6097337481602298,projective_2d_nearest_cell_reassignment,True,0.6097337481602298,False,1353.8210606897644,974.755252397333,0.5745192539248266
1355,13,12,1352.9453419372883,990.9585523643062,0.1522006392478943,0.8528246722204041,projective_2d_nearest_cell_reassignment,True,0.8528246722204041,False,1353.776236456251,991.1714552502236,0.8577373376938225
1147,14,12,1353.943600617596,1008.4443017075988,0.1573641449213028,0.8431653805967615,projective_2d_nearest_cell_reassignment,True,0.8431653805967615,False,1353.7314061651905,1007.5898765889849,0.880379900355573
1011,15,12,1353.8197628112148,1024.646245050552,0.160437673330307,0.6134609568465565,projective_2d_nearest_cell_reassignment,True,0.6134609568465565,False,1353.686569815354,1024.0105168633563,0.649531140239905
910,16,12,1353.6927982675697,1039.5268935942076,0.1625276654958725,0.9476227908034474,projective_2d_nearest_cell_reassignment,True,0.9476227908034474,False,1353.6417274055138,1040.4333765231993,0.9079204444797946
1005,17,12,1352.8926940422652,1057.1663287813376,0.16056060791015625,0.7401107536411172,projective_2d_nearest_cell_reassignment,True,0.7401107536411172,False,1353.5968789344413,1056.858456018497,0.7685453795763039
1429,18,12,1353.6593619067535,1072.6230264297012,0.15047946572303772,0.7081111163025678,projective_2d_nearest_cell_reassignment,True,0.7081111163025678,False,1353.5520244009072,1073.2857557993536,0.6713654426325564
1434,19,12,1353.344185185773,1088.828270232641,0.15035653114318848,0.9318622352440898,projective_2d_nearest_cell_reassignment,True,0.9318622352440898,False,1353.5071638036818,1089.7152763159954,0.9018546566954194
1553,20,12,1353.2231463134353,1107.3109084317084,0.14777478575706482,1.1549682792868894,projective_2d_nearest_cell_reassignment,True,1.1549682792868894,False,1353.4622971415365,1106.1470180187703,1.1882062160714366
999,21,12,1352.6974482321016,1122.5917435764684,0.1606835424900055,0.7072999087321421,projective_2d_nearest_cell_reassignment,True,0.7072999087321421,False,1353.41742441324,1122.5809813581484,0.720056613572775
983,22,12,1352.6285673944785,1138.8977915825797,0.16092944145202637,0.7463971295131892,projective_2d_nearest_cell_reassignment,True,0.7463971295131892,False,1353.3725456175632,1139.017166784721,0.7534945489587461
1095,23,12,1353.4317174546943,1156.405035438373,0.15834768116474152,0.9301394235296607,projective_2d_nearest_cell_reassignment,True,0.9301394235296607,False,1353.3276607532744,1155.4555747492013,0.9551457466757638
1594,24,12,1353.628679752352,1171.2985129098133,0.14691418409347534,0.7178865397522679,projective_2d_nearest_cell_reassignment,True,0.7178865397522679,False,1353.2827698191434,1171.8962057024253,0.6905724844160851
1302,25,12,1353.5086425333095,1188.9168402881216,0.15355297923088074,0.6210578966776553,projective_2d_nearest_cell_reassignment,True,0.6210578966776553,False,1353.2378728139383,1188.3390600953499,0.6380800828170078
1144,27,12,1352.650603529939,1221.04246181751,0.157364159822464,0.5319907833190404,projective_2d_nearest_cell_reassignment,True,0.5319907833190404,False,1353.1480605853797,1221.2314410047395,0.5321434536040517
1216,29,12,1353.3839850713769,1254.4093547829768,0.15564298629760742,0.4207537018895168,projective_2d_nearest_cell_reassignment,True,0.4207537018895168,False,1353.058224057741,1254.1327210874692,0.42737154736279415
1077,30,12,1352.454430145538,1270.7544936272163,0.15871649980545044,0.5714427528122348,projective_2d_nearest_cell_reassignment,True,0.5714427528122348,True,1353.013296678685,1270.5866994475268,0.5835123722847994
1600,31,12,1352.9439608437012,1286.5864767879098,0.14666831493377686,0.4754659900618881,projective_2d_nearest_cell_reassignment,True,0.4754659900618881,True,1352.96836322116,1287.0429039555913,0.45707902535935324
512,32,12,1352.4875873364147,1304.6745486328248,0.17113350331783295,1.2325135228564748,projective_2d_nearest_cell_reassignment,True,1.2325135228564748,True,1352.9234236839327,1303.5013350634756,1.2515523964752282
580,33,12,1352.5230618400767,1319.461743003713,0.16965822875499725,0.6253457671386867,projective_2d_nearest_cell_reassignment,True,0.6253457671386867,True,1352.8784780657684,1319.9619932231133,0.6136537912331729
1567,34,12,1352.8456235310903,1336.3647608523297,0.1474059522151947,0.07930167557391544,projective_2d_nearest_cell_reassignment,True,0.07930167557391544,True,1352.8335263654337,1336.4248788865614,0.06132307442391743
1441,35,12,1352.9454985760865,1352.5250502521976,0.1501106470823288,0.41458758417316083,projective_2d_nearest_cell_reassignment,True,0.41458758417316083,False,1352.7885685816932,1352.8899925059986,0.3972529065339189
1295,36,12,1353.2517783488113,1369.1876078431897,0.15367592871189117,0.5443806384408412,projective_2d_nearest_cell_reassignment,True,0.5443806384408412,False,1352.7436047133122,1369.3573345337265,0.5357682272186469
860,37,12,1353.251636847815,1386.822143258758,0.16338825225830078,1.1248646963309137,projective_2d_nearest_cell_reassignment,True,1.1248646963309137,False,1352.6986347590553,1385.826905422169,1.1385559545103674
1332,38,12,1352.7290412956634,1402.1838319736119,0.15269240736961365,0.15298654721198912,projective_2d_nearest_cell_reassignment,True,0.15298654721198912,False,1352.6536587176868,1402.298705623872,0.13739901231983587
1367,39,12,1352.593303952324,1420.3134077471911,0.15183182060718536,1.5233500084262075,projective_2d_nearest_cell_reassignment,True,1.5233500084262075,False,1352.6086765879706,1418.7727355915044,1.5407488469036892
1353,40,12,1353.0295931302746,1435.686491502911,0.1522006392478943,0.627542435301286,projective_2d_nearest_cell_reassignment,True,0.627542435301286,False,1352.5636883686707,1435.2489957778582,0.6391163871507552
1161,41,12,1352.305521070994,1451.435703379659,0.15699532628059387,0.3761763516719479,projective_2d_nearest_cell_reassignment,True,0.3761763516719479,False,1352.5186940585502,1451.7274866358466,0.3613588122837649
1016,42,12,1352.4405799767994,1467.6557694695007,0.16019178926944733,0.5720293831683455,projective_2d_nearest_cell_reassignment,True,0.5720293831683455,False,1352.473693656372,1468.2082086185062,0.5534306904471247
1451,43,12,1352.9865253647727,1485.2025691587266,0.14998771250247955,0.7428908702732777,projective_2d_nearest_cell_reassignment,True,0.7428908702732777,False,1352.4286871608988,1484.6911621789968,0.7567830340445075
1472,44,12,1352.3107771541477,1500.5370673481239,0.14961887896060944,0.6634265334215989,projective_2d_nearest_cell_reassignment,True,0.6634265334215989,False,1352.3836745708932,1501.1763477706002,0.643423260326861
1480,45,12,1353.0585035395093,1517.2065580612093,0.149495929479599,0.8617934815592043,projective_2d_nearest_cell_reassignment,True,0.8617934815592043,False,1352.3386558851169,1517.6637658467214,0.8527717189653615
1379,46,12,1352.167073226129,1535.241116138414,0.15158593654632568,1.0739664248504635,projective_2d_nearest_cell_reassignment,True,1.0739664248504635,False,1352.2936311023316,1534.1534168608875,1.095037266197213
1583,47,12,1352.9909483115887,1550.725707284548,0.14716006815433502,0.7405956348935012,projective_2d_nearest_cell_reassignment,True,0.7405956348935012,False,1352.2486002212984,1550.6453012667496,0.7466899054198209
1031,48,12,1351.9581807259517,1568.2915357466547,0.1598229557275772,1.15573513263065,projective_2d_nearest_cell_reassignment,True,1.15573513263065,False,1352.2035632407787,1567.1394195180806,1.1779577168671427
1202,49,12,1352.073260614959,1582.6679882979522,0.1558888554573059,0.996880059439805,projective_2d_nearest_cell_reassignment,True,0.996880059439805,False,1352.1585201595333,1583.6357720687772,0.9715320977781828
1102,0,13,1339.8620495701152,777.2761059756175,0.15834766626358032,0.02203803050763406,projective_2d_nearest_cell_reassignment,True,0.02203803050763406,False,1339.8675190861838,777.1813291766088,0.09493448918263687
1189,1,13,1340.9762801850072,794.1426507883033,0.15638060867786407,1.267201742973741,projective_2d_nearest_cell_reassignment,True,1.267201742973741,False,1339.821722477349,793.5947908009,1.2779491641338034
1601,2,13,1340.0379918794706,812.2289066774795,0.14666831493377686,2.1629982373288965,projective_2d_nearest_cell_reassignment,True,2.1629982373288965,False,1339.7759196755576,810.0104719751936,2.2338608659381887
1467,3,13,1339.8151428033198,826.7571384243347,0.14974182844161987,0.278906530534009,projective_2d_nearest_cell_reassignment,True,0.278906530534009,False,1339.7301106795528,826.428373149736,0.33958366841513804
1199,4,13,1340.0128921017763,844.2989547100378,0.15601179003715515,1.4262714827412504,projective_2d_nearest_cell_reassignment,True,1.4262714827412504,False,1339.6842954880779,842.8484947748952,1.487215437651158
1576,5,13,1338.913698127416,858.9847834537524,0.14728301763534546,0.787371754983969,projective_2d_nearest_cell_reassignment,True,0.787371754983969,True,1339.638474099876,859.2708373011616,0.7791835559565227
835,6,13,1339.7742860356282,876.6028503862572,0.16400295495986938,0.8695928864626148,projective_2d_nearest_cell_reassignment,True,0.8695928864626148,True,1339.59264651369,875.695401179147,0.9254496093331246
1364,7,13,1339.723208780736,891.4256348337781,0.15183183550834656,0.7796907689773773,projective_2d_nearest_cell_reassignment,True,0.7796907689773773,True,1339.546812728262,892.1221868595851,0.7185403899463788
1277,8,13,1339.9002520464544,907.6353257053808,0.15416769683361053,1.0571984538411188,projective_2d_nearest_cell_reassignment,True,1.0571984538411188,True,1339.5009727423344,908.551194793332,0.99911968700612
754,9,13,1338.9467393016375,925.2052261693719,0.1656011939048767,0.5197319722649832,projective_2d_nearest_cell_reassignment,True,0.5197319722649832,True,1339.4551265546486,924.9824254313653,0.5550655527777112
597,11,13,1339.7370603608488,958.5932774225007,0.16928941011428833,0.795966755671837,projective_2d_nearest_cell_reassignment,True,0.795966755671837,False,1339.3634155689679,957.8515566248129,0.830518014387597
928,12,13,1338.8402038564832,974.284651261123,0.16215883195400238,0.4646458503225668,projective_2d_nearest_cell_reassignment,True,0.4646458503225668,False,1339.3175507684548,974.289458082793,0.4773711133943873
1509,13,13,1339.1941574041034,990.3137409126657,0.14900417625904083,0.4630034594105161,projective_2d_nearest_cell_reassignment,True,0.4630034594105161,False,1339.2716797611463,990.7295840501916,0.4230073650291464
964,14,13,1338.7002727384183,1006.8730683131192,0.16142119467258453,0.6138065435450952,projective_2d_nearest_cell_reassignment,True,0.6138065435450952,False,1339.2258025457836,1007.171934978597,0.6045683271254055
1112,15,13,1339.1142111029485,1022.6837937904121,0.1579788625240326,0.9726511503788121,projective_2d_nearest_cell_reassignment,True,0.9726511503788121,False,1339.1799191211057,1023.61651131972,0.935029161645946
1463,16,13,1339.2052807579812,1041.1780535176997,0.14986476302146912,1.0815135029238592,projective_2d_nearest_cell_reassignment,True,1.0815135029238592,False,1339.1340294858517,1040.0633135253934,1.1170147690282417
297,17,13,1339.147519221147,1055.601146134509,0.1770346760749817,0.9484987939508416,projective_2d_nearest_cell_reassignment,True,0.9484987939508416,False,1339.088133638761,1056.5123420475722,0.9131290376384142
1225,18,13,1339.067632466106,1074.3009214510842,0.15539710223674774,1.305087861474195,projective_2d_nearest_cell_reassignment,True,1.305087861474195,False,1339.042231578572,1072.9635973383347,1.3375653208829235
1156,19,13,1339.1295502921319,1088.5556447722836,0.15724119544029236,0.9040791803778967,projective_2d_nearest_cell_reassignment,True,0.9040791803778967,False,1338.996323304023,1089.4170798498799,0.8716764441430624
1300,21,13,1339.373910631806,1122.4425106742592,0.15355299413204193,0.48661354765591686,projective_2d_nearest_cell_reassignment,True,0.48661354765591686,False,1338.9044881067964,1122.3307283447332,0.48254823197337604
1141,22,13,1338.99299745851,1140.2864887499202,0.15748707950115204,1.4761106882965802,projective_2d_nearest_cell_reassignment,True,1.4761106882965802,False,1338.858561181594,1138.7908952330533,1.501623481517643
797,23,13,1338.8594161201083,1154.5901683467173,0.16474059224128723,0.6905408033680109,projective_2d_nearest_cell_reassignment,True,0.6905408033680109,False,1338.8126280369809,1155.2532911521816,0.6647713741201998
367,24,13,1339.2805712678478,1171.199349267262,0.17482173442840576,0.7528608794721703,projective_2d_nearest_cell_reassignment,True,0.7528608794721703,False,1338.7666886716943,1171.717916554931,0.7300598293768665
844,25,13,1338.7063411402282,1187.5432005215105,0.1637570559978485,0.6644761542775113,projective_2d_nearest_cell_reassignment,True,0.6644761542775113,False,1338.72074308447,1188.1847718942365,0.6417329992290651
1296,26,13,1338.8465290076133,1205.5972267355755,0.15367592871189117,0.9386540427808514,projective_2d_nearest_cell_reassignment,True,0.9386540427808514,False,1338.6747912740445,1204.6538576231562,0.958873887118698
1276,27,13,1339.1329380967359,1221.601487422333,0.15416769683361053,0.6839692066395957,projective_2d_nearest_cell_reassignment,True,0.6839692066395957,False,1338.6288332391528,1221.1251741948709,0.6935387502471587
942,28,13,1339.1824388295681,1237.8986205644185,0.16179001331329346,0.6667394962668266,projective_2d_nearest_cell_reassignment,True,0.6667394962668266,False,1338.5828689785299,1237.5987220626844,0.6703902726147004
1010,30,13,1339.2420491558264,1270.7552411347738,0.160437673330307,0.7776082116889096,projective_2d_nearest_cell_reassignment,True,0.7776082116889096,True,1338.4909217750312,1270.552513500435,0.7780043932426389
1215,31,13,1338.3856208054046,1287.1242790816937,0.15564298629760742,0.09181811769917801,projective_2d_nearest_cell_reassignment,True,0.09181811769917801,True,1338.4449388296237,1287.0327579775937,0.10906301157089802
634,32,13,1338.344507991462,1302.785287331584,0.16842880845069885,0.7496799825850012,projective_2d_nearest_cell_reassignment,True,0.7496799825850012,True,1338.3989496534227,1303.5152355652942,0.73197562695338
1038,33,13,1339.1611140683265,1320.86111727291,0.15970002114772797,1.1699591684110933,projective_2d_nearest_cell_reassignment,True,1.1699591684110933,True,1338.3529542451615,1319.999946717454,1.180989849813487
889,34,13,1338.2182763638918,1338.2259531801044,0.16289648413658142,1.7237373354985546,projective_2d_nearest_cell_reassignment,True,1.7237373354985546,True,1338.3069526035738,1336.4868918881143,1.7413206633995784
1204,35,13,1338.1752973213652,1354.3843377591631,0.1558888554573059,1.3933950337872512,projective_2d_nearest_cell_reassignment,True,1.3933950337872512,False,1338.2609447273917,1352.9760715314392,1.4108682597276658
997,38,13,1338.1285709427232,1404.2759067112192,0.1606835424900055,1.8011072733282754,projective_2d_nearest_cell_reassignment,True,1.8011072733282754,False,1338.1228836786042,1402.4570218408917,1.8188937617353254
1343,39,13,1338.0337701640108,1418.6174195963647,0.15244652330875397,0.3585601786352825,projective_2d_nearest_cell_reassignment,True,0.3585601786352825,False,1338.0768508513672,1418.9551439189806,0.3404609576875156
1059,40,13,1338.0072706442695,1434.7862743056119,0.15908531844615936,0.6882310772578987,projective_2d_nearest_cell_reassignment,True,0.6882310772578987,False,1338.0308117831948,1435.4555027424028,0.669642356658802
1044,41,13,1337.6004733892637,1451.9969928728126,0.1594541370868683,0.3870421328558256,projective_2d_nearest_cell_reassignment,True,0.3870421328558256,False,1337.984766472818,1451.9580987660615,0.38625629523357585
1306,42,13,1338.421123946709,1468.2177717456973,0.1534300446510315,0.5478471894490836,projective_2d_nearest_cell_reassignment,True,0.5478471894490836,False,1337.9387149189668,1468.4629324449838,0.5411305189341268
1324,43,13,1337.858063069103,1486.3253518722756,0.15293827652931213,1.3354413899256694,projective_2d_nearest_cell_reassignment,True,1.3354413899256694,False,1337.8926571203717,1484.97000423432,1.3557890573740454
929,45,13,1338.2692656055194,1517.9572815984764,0.16203589737415314,0.46742572457976367,projective_2d_nearest_cell_reassignment,True,0.46742572457976367,False,1337.8005227838678,1517.990863965452,0.469944260760382
1197,47,13,1337.767173145512,1552.2962683701494,0.15601179003715515,1.2522746163505605,projective_2d_nearest_cell_reassignment,True,1.2522746163505605,False,1337.7083634531398,1551.0206816031293,1.276941729333648
1153,48,13,1337.6805970193445,1566.6525186017798,0.15724121034145355,0.9121942882003669,projective_2d_nearest_cell_reassignment,True,0.9121942882003669,False,1337.6622744117628,1567.5389507761104,0.8866215188213383
807,49,13,1338.091383807158,1583.902527785518,0.16449472308158875,0.5029797453470108,projective_2d_nearest_cell_reassignment,True,0.5029797453470108,False,1337.616179118015,1584.059460793001,0.5004472653749423
500,0,14,1325.4548799935076,775.7087766368622,0.17150232195854187,0.8070451134495324,projective_2d_nearest_cell_reassignment,True,0.8070451134495324,False,1325.3342435869931,776.4267648399971,0.7280523349440695
1488,1,14,1325.6174784611271,793.4343520301255,0.14937300980091095,0.6068319566471466,projective_2d_nearest_cell_reassignment,True,0.6068319566471466,False,1325.2873960912339,792.8641415181702,0.658858405773745
966,2,14,1325.6517123671024,810.5240441742706,0.16142117977142334,1.2275920168505765,projective_2d_nearest_cell_reassignment,True,1.2275920168505765,False,1325.2405422511583,809.3037442261382,1.2877083628125343
1039,3,14,1325.6443207846128,825.3730807948958,0.15970000624656677,0.6419135423833918,projective_2d_nearest_cell_reassignment,True,0.6419135423833918,False,1325.1936820654769,825.7455734161213,0.5846588817864947
988,4,14,1325.1560685373781,844.1595520147756,0.16080650687217712,1.9063164949642994,projective_2d_nearest_cell_reassignment,True,1.9063164949642994,False,1325.1468155329012,842.1896295404624,1.9699442055286909
746,5,14,1325.2871147366477,860.2387910883774,0.165847048163414,1.5554649088979557,projective_2d_nearest_cell_reassignment,True,1.5554649088979557,True,1325.0999426521414,858.6359130516267,1.613769311244983
335,6,14,1324.6103337553645,875.3678504643372,0.17592820525169373,0.4830290709169124,projective_2d_nearest_cell_reassignment,True,0.4830290709169124,True,1325.0530634219072,875.0844244022026,0.5256804070288917
650,7,14,1325.5310414049302,891.1501941170108,0.16818293929100037,0.6964891124826315,projective_2d_nearest_cell_reassignment,True,0.6964891124826315,True,1325.0061778409088,891.5351640449002,0.6509098295589371
1589,8,14,1325.5643173936803,908.6974081238185,0.14703713357448578,0.9029898524392915,projective_2d_nearest_cell_reassignment,True,0.9029898524392915,True,1324.9592859078555,907.9881324325532,0.9322741576699456
448,9,14,1324.5028227426928,924.9474180056701,0.17285467684268951,0.6025065725506314,projective_2d_nearest_cell_reassignment,True,0.6025065725506314,True,1324.9123876214562,924.4433300181172,0.6494983364964063
677,10,14,1325.334615947227,941.2266701500537,0.16756822168827057,0.5571975942467678,projective_2d_nearest_cell_reassignment,True,0.5571975942467678,False,1324.8654829804198,940.9007572546714,0.5712310880210841
1232,11,14,1324.4114672874257,958.4624297805284,0.1552741527557373,1.1283836258955748,projective_2d_nearest_cell_reassignment,True,1.1283836258955748,False,1324.8185719834544,957.3604145954168,1.17480709128991
360,12,14,1324.287439009183,973.1678922549785,0.17506760358810425,0.8416848614895146,projective_2d_nearest_cell_reassignment,True,0.8416848614895146,False,1324.7716546292684,973.8223024936782,0.8140746447653173
867,13,14,1324.8295929862993,989.5475785508713,0.16326531767845154,0.7877684480438856,projective_2d_nearest_cell_reassignment,True,0.7877684480438856,False,1324.724730916569,990.2864214029025,0.7462471532044606
1344,14,14,1325.3000210010475,1006.696866497899,0.15244652330875397,0.6402412294297399,projective_2d_nearest_cell_reassignment,True,0.6402412294297399,False,1324.6778008440638,1006.75277177666,0.6247265993618606
1464,15,14,1324.717031259337,1022.5072918128267,0.14986476302146912,0.7564230209594239,projective_2d_nearest_cell_reassignment,True,0.7564230209594239,False,1324.6308644104595,1023.2213540686437,0.719242400743975
931,16,14,1324.3493295617227,1039.1721158867367,0.16203589737415314,0.5981041996091891,projective_2d_nearest_cell_reassignment,True,0.5981041996091891,False,1324.5839216144627,1039.6921687326699,0.570515901419013
808,17,14,1324.5852914581271,1055.3683705153792,0.16449472308158875,0.8313105643710055,projective_2d_nearest_cell_reassignment,True,0.8313105643710055,False,1324.5369724547802,1056.1652162226776,0.7983093431273084
242,18,14,1324.2575571924808,1071.5474384240756,0.17875584959983826,1.1458616960102852,projective_2d_nearest_cell_reassignment,True,1.1458616960102852,False,1324.4900169301172,1072.640496992729,1.1175037199617746
1262,19,14,1324.3076486670811,1088.9611758379506,0.15453651547431946,0.22532003937013384,projective_2d_nearest_cell_reassignment,True,0.22532003937013384,False,1324.4430550391796,1089.1180114970093,0.2072011330984077
1261,20,14,1324.2048877707562,1105.2229247357543,0.15453651547431946,0.4423790789707377,projective_2d_nearest_cell_reassignment,True,0.4423790789707377,False,1324.3960867806725,1105.5977601898273,0.42078341105979844
1064,21,14,1324.5916287207472,1121.901832014492,0.15896238386631012,0.3225126626162685,projective_2d_nearest_cell_reassignment,True,0.3225126626162685,False,1324.349112153301,1122.0797435256147,0.3007769792985019
1030,22,14,1324.3478062058493,1137.6853515206346,0.1598229706287384,0.9051244776988704,projective_2d_nearest_cell_reassignment,True,0.9051244776988704,False,1324.302131155769,1138.5639619589263,0.8797968586411415
1128,23,14,1324.1506924895593,1156.2986699563003,0.15773296356201172,1.2283845891227907,projective_2d_nearest_cell_reassignment,True,1.2283845891227907,False,1324.255143786781,1155.0504159444404,1.2526165221709398
1194,24,14,1324.0192082633407,1171.2659528494628,0.1561347395181656,0.34818625318235197,projective_2d_nearest_cell_reassignment,True,0.34818625318235197,False,1324.2081500450413,1171.5391059369588,0.33213191066318476
757,25,14,1324.0442745995877,1187.4647834921454,0.16560117900371552,0.5976037905315225,projective_2d_nearest_cell_reassignment,True,0.5976037905315225,False,1324.1611499292521,1188.0300323914062,0.5772054753721939
1061,26,14,1323.9844873854506,1203.6018327379654,0.15908531844615936,0.9505518472574012,projective_2d_nearest_cell_reassignment,True,0.9505518472574012,False,1324.1141434381177,1204.5231957628312,0.9304410328349446
1503,27,14,1323.5654032857726,1220.5016120173284,0.14912712574005127,0.7324452657875863,projective_2d_nearest_cell_reassignment,True,0.7324452657875863,False,1324.0671305703404,1221.0185965064052,0.7204187879461026
1373,28,14,1324.0019697339155,1236.8063033848152,0.15183180570602417,0.7295260192139006,projective_2d_nearest_cell_reassignment,True,0.7295260192139006,False,1324.0201113246221,1237.5162350774242,0.7101634498367192
1470,29,14,1323.9513016537571,1253.5552352497807,0.14961889386177063,0.4801320465009191,projective_2d_nearest_cell_reassignment,True,0.4801320465009191,False,1323.9730856996655,1254.0161119313066,0.4613912225329249
1525,30,14,1323.8972515193657,1269.7006659385431,0.1486353576183319,0.8363960247355853,projective_2d_nearest_cell_reassignment,True,0.8363960247355853,True,1323.926053694172,1270.5182275235952,0.8180687688858789
1120,31,14,1323.917083602704,1288.4011627143036,0.15785592794418335,1.3611119785171308,projective_2d_nearest_cell_reassignment,True,1.3611119785171308,True,1323.879015306843,1287.0225823099559,1.379105915584944
1209,32,14,1323.8433318035843,1302.8565864547213,0.15576592087745667,0.6904819505597967,projective_2d_nearest_cell_reassignment,True,0.6904819505597967,True,1323.8319705363795,1303.5291767461786,0.6726862407951082
1482,33,14,1323.947001558244,1319.4576695612582,0.149495929479599,0.6196355831841254,projective_2d_nearest_cell_reassignment,True,0.6196355831841254,True,1323.7849193814818,1320.0380112881764,0.602550538981131
558,34,14,1323.7463095166204,1335.8299377733442,0.17002704739570618,0.7367649741014074,projective_2d_nearest_cell_reassignment,True,0.7367649741014074,True,1323.7378618408507,1336.5490863919872,0.7191982333974483
1585,35,14,1323.8951232409945,1354.4886623759523,0.14716006815433502,1.4232719686868869,projective_2d_nearest_cell_reassignment,True,1.4232719686868869,False,1323.6907979131854,1353.0624025137713,1.4408213053855705
1254,38,14,1323.5008475059499,1401.8467205864667,0.15478238463401794,0.7891234869011016,projective_2d_nearest_cell_reassignment,True,0.7891234869011016,False,1323.5495677949814,1402.615801550434,0.770622602640375
1107,39,14,1323.7370380387765,1420.5089538903862,0.15810179710388184,1.3717088103643695,projective_2d_nearest_cell_reassignment,True,1.3717088103643695,False,1323.5024783061735,1419.1380863082006,1.3907897742096755
1605,40,14,1323.6619838027757,1436.7557959440703,0.14654536545276642,1.092800760010314,projective_2d_nearest_cell_reassignment,True,1.092800760010314,False,1323.4553824238258,1435.6626143666044,1.1125331865139172
579,41,14,1322.8231854601165,1452.9254119085601,0.16965822875499725,0.9272495235993052,projective_2d_nearest_cell_reassignment,True,0.9272495235993052,False,1323.4082801466366,1452.18938618255,0.9402497867816064
1119,43,14,1323.2822618110285,1484.5498008172199,0.15785592794418335,0.7225271786106063,projective_2d_nearest_cell_reassignment,True,0.7225271786106063,False,1323.3140564025223,1485.2496629153056,0.7005839367165471
1106,44,14,1323.4822116562314,1501.3526945850167,0.15810179710388184,0.49922796489137333,projective_2d_nearest_cell_reassignment,True,0.49922796489137333,False,1323.2669349329913,1501.7831687465457,0.4813024738281328
1523,45,14,1323.2587295852406,1520.139951986495,0.1486353576183319,1.7975562999111752,projective_2d_nearest_cell_reassignment,True,1.7975562999111752,False,1323.219807063406,1518.3189201641878,1.821447737532153
1301,46,14,1323.1601743905762,1536.258544938371,0.15355297923088074,1.3768115194366763,projective_2d_nearest_cell_reassignment,True,1.3768115194366763,False,1323.1726727924627,1534.8569176257568,1.4016830360376935
1377,47,14,1323.1337622191948,1550.707895911328,0.15170887112617493,0.71550556592263,projective_2d_nearest_cell_reassignment,True,0.71550556592263,False,1323.125532118857,1551.3971615889036,0.689314811124269
1055,48,14,1323.1548933628478,1566.8565851848018,0.15908533334732056,1.1128037230076857,projective_2d_nearest_cell_reassignment,True,1.1128037230076857,False,1323.0783850412843,1567.9396525114014,1.085766253489223
1564,49,14,1323.030880206858,1583.536141234587,0.1474059522151947,0.9774136575249371,projective_2d_nearest_cell_reassignment,True,0.9774136575249371,False,1323.0312315584397,1584.4843908511493,0.9482496816549352
246,0,15,1310.8951493610214,776.6917760002107,0.17863288521766663,0.9612715567844764,projective_2d_nearest_cell_reassignment,True,0.9612715567844764,False,1310.7584673341748,775.6699938739873,1.030883451187558
1052,1,15,1310.7999195910397,791.5850333428737,0.1592082679271698,0.6244320510705771,projective_2d_nearest_cell_reassignment,True,0.6244320510705771,False,1310.7105629962518,792.1313553977556,0.5535814201022884
1218,2,15,1310.4503545956882,808.8081568147275,0.15564298629760742,0.24651742364815546,projective_2d_nearest_cell_reassignment,True,0.24651742364815546,False,1310.6626521614025,808.5949494595286,0.30087810275780896
1022,3,15,1311.2121263447232,825.009545079965,0.16006885468959808,0.6219168730444207,projective_2d_nearest_cell_reassignment,True,0.6219168730444207,False,1310.6147348283048,825.0607765135118,0.5995842590261252
416,4,15,1310.3087447633318,841.2681973288715,0.17383819818496704,0.40333571757897607,projective_2d_nearest_cell_reassignment,True,0.40333571757897607,False,1310.566810995637,841.5288370140344,0.36678498570425
1227,5,15,1310.701923242484,857.5224854940799,0.15539708733558655,0.5685985020756946,projective_2d_nearest_cell_reassignment,True,0.5685985020756946,False,1310.518880662076,857.9991314155485,0.5105839017194881
734,6,15,1310.3267931037587,873.5424337156868,0.16597001254558563,0.9923471845677055,projective_2d_nearest_cell_reassignment,True,0.9923471845677055,False,1310.4709438262996,874.4716601726301,0.9403410227637891
1359,7,15,1310.1804650838646,889.7791936767023,0.15207770466804504,1.2405067469795157,projective_2d_nearest_cell_reassignment,True,1.2405067469795157,False,1310.4230004869842,890.9464237399775,1.1921616678872338
1098,8,15,1310.206819105918,908.4772022185547,0.15834768116474152,1.016911935028553,projective_2d_nearest_cell_reassignment,True,1.016911935028553,False,1310.375050642806,907.4234225724136,1.0671238881333485
971,9,15,1310.2789746912117,924.5469180686518,0.1612982451915741,0.5988682338569552,projective_2d_nearest_cell_reassignment,True,0.5988682338569552,False,1310.3270942924414,923.9026571248837,0.646055461773607
845,10,15,1310.1273277198306,939.5089191453604,0.1637570559978485,0.9302075615196403,projective_2d_nearest_cell_reassignment,True,0.9302075615196403,False,1310.2791314345664,940.3841278524574,0.8882762232469364
1113,11,15,1310.1772629222394,956.7037314709015,0.1579788625240326,0.2106653240091129,projective_2d_nearest_cell_reassignment,True,0.2106653240091129,False,1310.2311620678552,956.8678352103271,0.17272855928185712
1285,12,15,1310.134986499856,972.5453612940319,0.15392181277275085,0.8490145715880313,projective_2d_nearest_cell_reassignment,True,0.8490145715880313,False,1310.183186190984,973.3537796538093,0.8098539711886663
932,13,15,1309.9913770901724,989.2799866157704,0.16203589737415314,0.6146315429955547,projective_2d_nearest_cell_reassignment,True,0.6146315429955547,False,1310.1352038026268,989.8419616383436,0.5800879667874296
1495,15,15,1310.4756572873405,1022.2778851730766,0.1492500603199005,0.7312308433944512,projective_2d_nearest_cell_reassignment,True,0.7312308433944512,False,1310.0392194861515,1022.8250400529467,0.6998974331088704
616,16,15,1311.1258930101878,1038.8695204657292,0.16879764199256897,1.2395457137691035,projective_2d_nearest_cell_reassignment,True,1.2395457137691035,False,1309.9912175553811,1039.3199373945138,1.2208045697311707
1043,17,15,1309.94235603794,1054.7355123758387,0.15957708656787872,1.1118993617644093,projective_2d_nearest_cell_reassignment,True,1.1118993617644093,False,1309.9432091078197,1055.8170741001293,1.0815620607152994
783,18,15,1309.952133371832,1071.5584161098157,0.1649864763021469,0.7893104071692929,projective_2d_nearest_cell_reassignment,True,0.7893104071692929,False,1309.8951941421399,1072.3164506258515,0.7601699832140633
1191,19,15,1310.0945736643557,1087.729501908119,0.15625768899917603,1.1441724554754262,projective_2d_nearest_cell_reassignment,True,1.1441724554754262,False,1309.8471726570144,1088.8180674278633,1.1163252882605041
1428,20,15,1309.3921067286562,1105.9346708706094,0.15047946572303772,0.7112969398616281,projective_2d_nearest_cell_reassignment,True,0.7112969398616281,True,1309.7991446511155,1105.3219249624706,0.7356204308342522
775,21,15,1308.8978857497234,1121.8650564450056,0.1652323603630066,0.8487729606018323,projective_2d_nearest_cell_reassignment,True,0.8487729606018323,True,1309.7511101231146,1121.8280236861033,0.8540276673391209
1436,22,15,1308.8255868026752,1138.445204452425,0.15035651624202728,0.8776192120949456,projective_2d_nearest_cell_reassignment,True,0.8776192120949456,True,1309.7030690716833,1138.336364055316,0.8842066299607795
1169,23,15,1309.7788465244478,1156.3003281672457,0.15687239170074463,1.4365837305793794,projective_2d_nearest_cell_reassignment,True,1.4365837305793794,True,1309.6550214954925,1154.8469465267865,1.458646917735583
895,24,15,1309.3241531454316,1170.645326271269,0.16289648413658142,0.7873501877123097,projective_2d_nearest_cell_reassignment,True,0.7873501877123097,True,1309.6069673932132,1171.3597715573171,0.768385297558929
218,25,15,1309.788505426227,1187.4432242514868,0.1797393560409546,0.5083268920707531,projective_2d_nearest_cell_reassignment,True,0.5083268920707531,False,1309.5589067635149,1187.874839603834,0.48888378813483396
762,26,15,1309.4442233064012,1203.5803647553696,0.16547824442386627,0.8342000327159337,projective_2d_nearest_cell_reassignment,True,0.8342000327159337,False,1309.5108396050684,1204.3921511233875,0.8145150941190992
717,27,15,1309.3550910258864,1219.747723712017,0.1664617657661438,1.1880028452509035,projective_2d_nearest_cell_reassignment,True,1.1880028452509035,False,1309.462765916543,1220.9117065731527,1.1689525153297384
1517,28,15,1309.7575782163058,1237.2352237502969,0.14875830709934235,0.40655510196889816,projective_2d_nearest_cell_reassignment,True,0.40655510196889816,False,1309.4146856966074,1237.433506410428,0.3960950559824626
1505,29,15,1308.7114858756643,1254.2997321250466,0.14912711083889008,0.7304633163846336,projective_2d_nearest_cell_reassignment,True,0.7304633163846336,False,1309.3665989439312,1253.9575510926363,0.7390947105449169
1531,30,15,1309.2294779861109,1269.627102150631,0.14851240813732147,0.879216795808863,projective_2d_nearest_cell_reassignment,True,0.879216795808863,False,1309.3185056571824,1270.4838410773257,0.8613521432785574
1171,31,15,1309.7047772920562,1288.4724459572133,0.15674945712089539,1.5061555711319436,projective_2d_nearest_cell_reassignment,True,1.5061555711319436,False,1309.2704058350294,1287.0123768221674,1.5233123257536918
862,32,15,1308.5930682789692,1303.1618605135122,0.16338825225830078,0.7459950695542241,projective_2d_nearest_cell_reassignment,True,0.7459950695542241,False,1309.2222994761396,1303.5431587849578,0.7357447052475633
748,33,15,1309.5439430683894,1319.4338475922332,0.16572412848472595,0.755609103478928,projective_2d_nearest_cell_reassignment,True,0.755609103478928,False,1309.1741865791807,1320.0761874236173,0.7411614670869233
1289,34,15,1309.0394791166889,1335.7359059433218,0.15379886329174042,0.8975968909181739,projective_2d_nearest_cell_reassignment,True,0.8975968909181739,False,1309.12606714282,1336.6114631961914,0.8798283862901056
1338,35,15,1309.4363896682241,1353.1499426873356,0.1525694727897644,0.35613008344825997,projective_2d_nearest_cell_reassignment,True,0.35613008344825997,False,1309.0779411657234,1353.148986560849,0.3584497776856736
340,36,15,1309.483760297253,1369.4178207783082,0.1755593866109848,0.5354342331540483,projective_2d_nearest_cell_reassignment,True,0.5354342331540483,False,1309.0298086465582,1369.6887579758848,0.5286577968772932
1554,37,15,1308.9540734389939,1388.237739544594,0.14777477085590363,1.9887185019409082,projective_2d_nearest_cell_reassignment,True,1.9887185019409082,False,1308.9816695839893,1386.2307778997174,2.007151362310358
1294,38,15,1308.9084242737213,1402.6093307742817,0.15367592871189117,0.18701736342239883,projective_2d_nearest_cell_reassignment,True,0.18701736342239883,False,1308.933523976683,1402.77504679089,0.16760606566971303
1111,39,15,1309.4684020246689,1419.2043680409488,0.1579788625240326,0.5942016980361005,projective_2d_nearest_cell_reassignment,True,0.5942016980361005,False,1308.8853718233045,1419.3215651080714,0.5946926670517747
1404,40,15,1309.2737531776104,1435.4088138266538,0.15109416842460632,0.6466008110486497,projective_2d_nearest_cell_reassignment,True,0.6466008110486497,False,1308.8372131225183,1435.8703333100536,0.6352695910063993
804,41,15,1308.7566862732929,1451.8471039690326,0.164617657661438,0.596545480252296,projective_2d_nearest_cell_reassignment,True,0.596545480252296,False,1308.7890478729894,1452.421351855755,0.5751590289128585
1478,42,15,1308.2930078671732,1470.447789206282,0.1494959443807602,1.52060661951822,projective_2d_nearest_cell_reassignment,True,1.52060661951822,False,1308.7408760733813,1468.974621204217,1.539743450202092
1309,43,15,1308.9050162268697,1484.7964909815603,0.15330711007118225,0.7840417095750639,projective_2d_nearest_cell_reassignment,True,0.7840417095750639,False,1308.6926977223584,1485.530141814608,0.7637556495303525
1023,44,15,1308.6542995926034,1501.022798960421,0.1600688397884369,1.0892181177752818,projective_2d_nearest_cell_reassignment,True,1.0892181177752818,False,1308.6445128185837,1502.0879141462194,1.0651601475666903
1331,45,15,1308.2425354384418,1520.2296469572118,0.15269240736961365,1.5978598722542618,projective_2d_nearest_cell_reassignment,True,1.5978598722542618,True,1308.5963213607204,1518.647938658469,1.620791664932398
1184,46,15,1308.7490208771255,1534.6687137825172,0.15638062357902527,0.5998660509715232,projective_2d_nearest_cell_reassignment,True,0.5998660509715232,True,1308.548123347431,1535.210215810898,0.5775675407931662
1182,47,15,1309.2736252602328,1551.2179578712582,0.1565035581588745,0.9627916169772038,projective_2d_nearest_cell_reassignment,True,0.9627916169772038,True,1308.499918777378,1551.7747460631747,0.953223380047451
1350,48,15,1307.7394152371933,1567.9001369881157,0.15232357382774353,0.8617935909771925,projective_2d_nearest_cell_reassignment,True,0.8617935909771925,True,1308.4517076492234,1568.3415298750904,0.8379666824567259
726,49,15,1308.4010902023376,1583.713578544531,0.1662158966064453,1.228267928656823,projective_2d_nearest_cell_reassignment,True,1.228267928656823,True,1308.4034899616288,1584.9105677065631,1.1969915675839968
371,0,16,1297.2302640958108,774.9169319009889,0.17469879984855652,1.1042488689858738,projective_2d_nearest_cell_reassignment,True,1.1042488689858738,False,1296.1400036224916,774.9110065848862,1.0902765745686145
882,1,16,1296.2636527187503,791.275913064024,0.1631423532962799,0.2616667208855118,projective_2d_nearest_cell_reassignment,True,0.2616667208855118,False,1296.0910364483243,791.3964230519197,0.21052086357032404
812,2,16,1296.1364134603239,807.454949550912,0.16449470818042755,0.5024550551521828,projective_2d_nearest_cell_reassignment,True,0.5024550551521828,False,1296.04206262336,807.884078593751,0.43937889781340156
1188,3,16,1296.1468550795705,823.6870995700895,0.15638062357902527,0.763929890750565,projective_2d_nearest_cell_reassignment,True,0.763929890750565,False,1295.9930821462426,824.3739736665833,0.7038765086707419
1200,4,16,1295.8965230651288,839.7176807229763,0.15601179003715515,1.2052497222491574,projective_2d_nearest_cell_reassignment,True,1.2052497222491574,False,1295.9440950156177,840.8661087267433,1.149412880695848
1134,5,16,1295.980960889225,857.2982048499822,0.15761002898216248,0.15017876164897384,projective_2d_nearest_cell_reassignment,True,0.15017876164897384,False,1295.8951012301288,857.3604842306818,0.10606885650564205
873,6,16,1295.9304856396186,873.3970990049141,0.16326530277729034,0.5193291014212821,projective_2d_nearest_cell_reassignment,True,0.5193291014212821,False,1295.8461007884198,873.8571006349737,0.46767756282430123
949,7,16,1295.94922628962,889.5879983796685,0.1616670787334442,0.8319170909697613,projective_2d_nearest_cell_reassignment,True,0.8319170909697613,False,1295.7970936891343,890.3559583963178,0.7828837176122646
923,8,16,1295.3933989878974,906.332020508661,0.16215884685516357,0.6676299932804799,projective_2d_nearest_cell_reassignment,True,0.6676299932804799,False,1295.7480799309158,906.8570579715372,0.633611007451621
364,9,16,1295.9526961945237,924.3494351027907,0.174944669008255,0.9811415701851227,projective_2d_nearest_cell_reassignment,True,0.9811415701851227,False,1295.6990595124064,923.360399817579,1.0210398434484487
389,10,16,1295.791291990016,939.4450855916764,0.1743299663066864,0.48537094329174624,projective_2d_nearest_cell_reassignment,True,0.48537094329174624,False,1295.6500324322485,939.8659843915146,0.4439707899917794
413,11,16,1295.826547669315,955.5241629908444,0.17383819818496704,0.9185380435089013,projective_2d_nearest_cell_reassignment,True,0.9185380435089013,False,1295.6009986890845,956.3738121505397,0.8790768095303283
1246,12,16,1294.7858048863682,972.6317700992138,0.15490533411502838,0.8128002391575582,projective_2d_nearest_cell_reassignment,True,0.8128002391575582,False,1295.5519582815557,972.8838835519741,0.8065681732005794
829,13,16,1294.7202925261552,988.900119045151,0.16412588953971863,0.9408191315899218,projective_2d_nearest_cell_reassignment,True,0.9408191315899218,False,1295.502911208303,989.396199053262,0.9265999007630982
1105,14,16,1295.6279398309619,1005.3107761560882,0.15822473168373108,0.6580790614505291,projective_2d_nearest_cell_reassignment,True,0.6580790614505291,False,1295.453857467968,1005.9107591119719,0.6247273136788802
767,15,16,1296.1189569588964,1022.0194149510747,0.16547822952270508,0.8428713630109793,projective_2d_nearest_cell_reassignment,True,0.8428713630109793,False,1295.4047970591905,1022.4275641857969,0.8225631648403917
503,16,16,1294.7292576988614,1039.181142885374,0.17137938737869263,0.6547572141399106,projective_2d_nearest_cell_reassignment,True,0.6547572141399106,False,1295.3557299806114,1038.9466147325543,0.6689327128090308
1314,17,16,1294.7030219257308,1055.0057491199993,0.153184175491333,0.7745153810694732,projective_2d_nearest_cell_reassignment,True,0.7745153810694732,False,1295.3066562308697,1055.467911210186,0.760242179799489
608,18,16,1295.546851967301,1071.3000226358583,0.16904351115226746,0.7755952241539539,projective_2d_nearest_cell_reassignment,True,0.7755952241539539,False,1295.2575758086055,1071.9914540767586,0.7495052591243937
525,19,16,1295.2101264870043,1087.5252749568879,0.17088761925697327,1.017374780007999,projective_2d_nearest_cell_reassignment,True,1.017374780007999,False,1295.2084887124572,1088.517243790463,0.9919701855851663
763,20,16,1294.6652752962461,1105.258622419152,0.16547824442386627,0.5266047929624225,projective_2d_nearest_cell_reassignment,True,0.5266047929624225,True,1295.1593949410637,1105.0452808096147,0.5382089424699802
1155,21,16,1294.5312818263596,1121.164744973745,0.15724121034145355,0.7217642295604203,projective_2d_nearest_cell_reassignment,True,0.7217642295604203,True,1295.1102944930633,1121.5755655926541,0.7099501736912044
930,22,16,1294.428935751244,1137.2268395313426,0.16203589737415314,1.1015652240089917,projective_2d_nearest_cell_reassignment,True,1.1015652240089917,True,1295.0611873670941,1138.1080985981464,1.0846011472283494
1560,23,16,1294.5238107887672,1154.6272007164441,0.14752890169620514,0.4884023007453962,projective_2d_nearest_cell_reassignment,True,0.4884023007453962,True,1295.012073561793,1154.6428802847809,0.4885144669158239
1443,24,16,1294.9439965708546,1172.4204655311999,0.1501106470823288,1.2204389023808235,projective_2d_nearest_cell_reassignment,True,1.2204389023808235,True,1294.962953075798,1171.1799111113726,1.2406992454389014
887,25,16,1294.5393077439137,1187.8905042786664,0.16301941871643066,0.4038305948060364,projective_2d_nearest_cell_reassignment,True,0.4038305948060364,False,1294.913825907745,1187.7191915368605,0.41183966606503597
477,26,16,1294.3717897155498,1203.5275690036547,0.17211703956127167,0.8992964577233183,projective_2d_nearest_cell_reassignment,True,0.8992964577233183,False,1294.8646920562712,1204.2607220203088,0.8834399036254359
728,27,16,1294.9615459252566,1220.4011280282207,0.16621588170528412,0.44611757080272857,projective_2d_nearest_cell_reassignment,True,0.44611757080272857,False,1294.8155515200121,1220.8045030209068,0.4289822270062508
962,28,16,1294.3945984720244,1238.5271251321883,0.16142119467258453,1.2171380353093253,projective_2d_nearest_cell_reassignment,True,1.2171380353093253,False,1294.7664042976041,1237.3505349979687,1.2339383760455636
954,29,16,1295.2435583886902,1254.2835094309887,0.16154414415359497,0.6403232088053639,projective_2d_nearest_cell_reassignment,True,0.6403232088053639,False,1294.717250387682,1253.8988184109332,0.65191049449791
656,30,16,1294.6946437628987,1269.6958339943462,0.16805998980998993,0.7713915773346302,projective_2d_nearest_cell_reassignment,True,0.7713915773346302,False,1294.6680897888805,1270.4493537193648,0.7539874597950788
606,31,16,1294.274815004872,1288.5276166187364,0.16904351115226746,1.547419439709227,projective_2d_nearest_cell_reassignment,True,1.547419439709227,False,1294.6189224998348,1287.0021413829527,1.563804547595028
1099,32,16,1294.2363199626886,1304.6646107587765,0.15834766626358032,1.1407825796432052,projective_2d_nearest_cell_reassignment,True,1.1407825796432052,False,1294.5697485191786,1303.557181861511,1.156535068548075
559,33,16,1294.2430385781065,1319.5582889478192,0.17002704739570618,0.6388121248283151,projective_2d_nearest_cell_reassignment,True,0.6388121248283151,False,1294.5205678455459,1320.1144756149795,0.6215835446762888
1131,34,16,1293.686169446674,1336.2871434878368,0.15761002898216248,0.8868368341721958,projective_2d_nearest_cell_reassignment,True,0.8868368341721958,False,1294.47138047757,1336.674023103422,0.8753469026597213
941,35,16,1294.3762144675134,1354.4193825886296,0.16179001331329346,1.1666269336032966,projective_2d_nearest_cell_reassignment,True,1.1666269336032966,False,1294.4221864138844,1353.23582478703,1.1844502900419256
715,36,16,1294.1611039750883,1369.4622050522523,0.1664617657661438,0.41690883695174286,projective_2d_nearest_cell_reassignment,True,0.41690883695174286,False,1294.3729856531218,1369.7998811261177,0.3986464302454378
1192,37,16,1294.0351127276317,1388.2198275716912,0.15625767409801483,1.8580880471823258,projective_2d_nearest_cell_reassignment,True,1.8580880471823258,False,1294.3237781939138,1386.3661925811261,1.8759771932704836
1270,38,16,1294.2698566880124,1402.5925883313012,0.15429063141345978,0.3619107694931685,projective_2d_nearest_cell_reassignment,True,0.3619107694931685,False,1294.2745640348928,1402.934759612621,0.3422036599377032
1420,39,16,1294.1179376399948,1419.3180756409763,0.15060241520404816,0.2369018952533549,projective_2d_nearest_cell_reassignment,True,0.2369018952533549,False,1294.225343174691,1419.505582681294,0.2160898865104791
853,40,16,1294.2266096901328,1435.5856287252009,0.16351118683815002,0.5160358087368028,projective_2d_nearest_cell_reassignment,True,0.5160358087368028,False,1294.1761156119385,1436.0786622479618,0.4956124559560048
1256,42,16,1294.0048007690236,1468.7177016216622,0.1546594500541687,0.5430266689965849,projective_2d_nearest_cell_reassignment,True,0.5430266689965849,False,1294.0776403733066,1469.2315927191773,0.5190276178176348
1584,43,16,1294.0372371123583,1484.9167820237262,0.14716006815433502,0.9189331857378129,projective_2d_nearest_cell_reassignment,True,0.9189331857378129,False,1294.0283926946877,1485.8114445459862,0.8947062380806996
1438,44,16,1294.3965921444742,1502.2634464944192,0.15023358166217804,0.4374097574477564,projective_2d_nearest_cell_reassignment,True,0.4374097574477564,False,1293.9791383080394,1502.3935547153133,0.4372594821136945
1381,45,16,1294.4357183579202,1518.417435185762,0.15158593654632568,0.7692261191539077,projective_2d_nearest_cell_reassignment,True,0.7692261191539077,True,1293.9298772119919,1518.9779236886034,0.7549984282972781
1520,46,16,1294.3565348465131,1536.0995973551157,0.14875829219818115,0.688634190494878,projective_2d_nearest_cell_reassignment,True,0.688634190494878,True,1293.8806094051736,1535.5645519274267,0.71608563412849
1591,47,16,1293.9335600962731,1551.4816532639304,0.14703711867332458,0.7077015872067082,projective_2d_nearest_cell_reassignment,True,0.7077015872067082,True,1293.8313348862132,1552.1534398934798,0.6795198813965089
1365,48,16,1293.9355666984202,1570.1857017489617,0.15183182060718536,1.416791207193507,projective_2d_nearest_cell_reassignment,True,1.416791207193507,True,1293.782053653739,1568.7445880485848,1.4492670396795124
1280,49,16,1293.8973435497455,1586.3428537135972,0.1540447473526001,0.9835950225823102,projective_2d_nearest_cell_reassignment,True,0.9835950225823102,True,1293.7327657063788,1585.33799685469,1.0182451440690519
337,0,17,1281.8195012592996,774.5077228742911,0.17568233609199524,0.4569946227666175,projective_2d_nearest_cell_reassignment,True,0.4569946227666175,False,1281.4786646515122,774.1497932221387,0.49425016853610776
58,1,17,1281.7685157545143,790.9780431018598,0.19018931686878204,0.4335115909207094,projective_2d_nearest_cell_reassignment,True,0.4335115909207094,False,1281.428628607876,790.6593350378546,0.4659378740904746
1092,2,17,1281.7084266262027,807.6499720135489,0.15847061574459076,0.5398120624207143,projective_2d_nearest_cell_reassignment,True,0.5398120624207143,False,1281.3785857582993,807.1711224939132,0.5814566712959564
699,3,17,1281.734304889401,824.5784690266368,0.16695351898670197,0.9346212872158497,projective_2d_nearest_cell_reassignment,True,0.9346212872158497,False,1281.3285361013939,823.6851560485264,0.9811505420582312
950,4,17,1280.7553849487176,840.8928341644523,0.1616670787334442,0.821090202079213,projective_2d_nearest_cell_reassignment,True,0.821090202079213,False,1281.27847963577,840.2014361600303,0.8669828442023672
478,5,17,1281.3208607944998,855.7251772175725,0.17211703956127167,1.0493008309629264,projective_2d_nearest_cell_reassignment,True,1.0493008309629264,False,1281.2284163600384,856.7199632868861,0.9990722181920959
1266,6,17,1280.728412335571,873.4639483534355,0.15441358089447021,0.477028130163459,projective_2d_nearest_cell_reassignment,True,0.477028130163459,False,1281.1783462728094,873.2407378876798,0.502258359713231
849,7,17,1281.4967905995852,889.9048459056013,0.16363412141799927,0.3868096553061991,projective_2d_nearest_cell_reassignment,True,0.3868096553061991,False,1281.1282693726926,889.7637604211217,0.3946048765554159
759,8,17,1281.1360029061118,905.602665958863,0.16560117900371552,0.7315853859785534,projective_2d_nearest_cell_reassignment,True,0.7315853859785534,False,1281.0781856582971,906.2890313460475,0.6887962535248316
434,9,17,1281.3829938919039,922.7331359218163,0.17334644496440887,0.38077700843345036,projective_2d_nearest_cell_reassignment,True,0.38077700843345036,False,1281.0280951282323,922.8165511214174,0.36456992193560595
424,10,17,1281.362082345707,939.0857828343912,0.17359232902526855,0.49032384724388456,projective_2d_nearest_cell_reassignment,True,0.49032384724388456,False,1280.9779977811068,939.346320206317,0.46411278255846916
469,11,17,1281.453608537347,956.7141583738277,0.1722399890422821,0.9594973704892531,projective_2d_nearest_cell_reassignment,True,0.9594973704892531,False,1280.9278936155288,955.8783390599564,0.9874057445967386
1015,12,17,1281.4561954865806,971.4722196349477,0.16031470894813538,1.1352590694650488,projective_2d_nearest_cell_reassignment,True,1.1352590694650488,False,1280.8777826301061,972.4126081416706,1.10403440893454
703,13,17,1281.2802654669686,988.8086367695882,0.16683058440685272,0.48774940305854475,projective_2d_nearest_cell_reassignment,True,0.48774940305854475,False,1280.8276648234462,988.9491279109201,0.4739041077154623
546,14,17,1281.3021105995417,1005.054040448883,0.17027293145656586,0.7029326859905477,projective_2d_nearest_cell_reassignment,True,0.7029326859905477,False,1280.7775401941567,1005.4878988272905,0.680740187384381
1074,15,17,1281.2626844195456,1021.2768325560651,0.15883943438529968,0.948359539465303,projective_2d_nearest_cell_reassignment,True,0.948359539465303,False,1280.7274087408432,1022.028921350492,0.9231238307578058
497,16,17,1281.3318795191146,1038.6297997619936,0.17150233685970306,0.6575279471338332,projective_2d_nearest_cell_reassignment,True,0.6575279471338332,False,1280.6772704621135,1038.5721959403606,0.6571386594735223
293,17,17,1281.2096048923422,1054.8443889446164,0.17715761065483093,0.6564944806837393,projective_2d_nearest_cell_reassignment,True,0.6564944806837393,False,1280.6271253565726,1055.1177230568571,0.643423613574136
798,18,17,1281.3146572436085,1071.098911357556,0.16474059224128723,0.946476854450071,projective_2d_nearest_cell_reassignment,True,0.946476854450071,False,1280.576973422826,1071.6655031600678,0.9301632599268179
1042,19,17,1281.2333422028378,1088.8118130499936,0.15957708656787872,0.9102672923652826,projective_2d_nearest_cell_reassignment,True,0.9102672923652826,False,1280.5268146594797,1088.215536710204,0.9245142740468555
1091,20,17,1281.133736862194,1104.6944274404123,0.15847061574459076,0.6645316304332618,projective_2d_nearest_cell_reassignment,True,0.6645316304332618,True,1280.476649065138,1104.7678241676028,0.6611742982014274
1220,21,17,1281.1150536490784,1121.0298648498665,0.15552005171775818,0.7568123819969651,projective_2d_nearest_cell_reassignment,True,0.7568123819969651,True,1280.4264766384056,1121.3223659927264,0.7481278087342229
998,22,17,1280.1590293894862,1137.2984547186652,0.1606835424900055,0.6393675350726907,projective_2d_nearest_cell_reassignment,True,0.6393675350726907,True,1280.3762973778862,1137.8791626461625,0.6200218349716314
457,23,17,1280.6623152623204,1155.4793475632296,0.17260879278182983,1.075107589991668,projective_2d_nearest_cell_reassignment,True,1.075107589991668,True,1280.326111282184,1154.4382145886243,1.094070832748013
583,24,17,1280.1689216779298,1170.566961452921,0.16965822875499725,0.4643413871897242,projective_2d_nearest_cell_reassignment,True,0.4643413871897242,True,1280.2759183499022,1170.9995222809505,0.4455975288964916
1004,25,17,1280.091033719846,1188.4646263972063,0.16056060791015625,0.8935926341998597,projective_2d_nearest_cell_reassignment,True,0.8935926341998597,False,1280.2257185796434,1187.563086184105,0.9115452634385744
251,26,17,1280.2109365036392,1203.5289226475938,0.17838701605796814,0.6188063893048799,projective_2d_nearest_cell_reassignment,True,0.6188063893048799,False,1280.1755119700106,1204.1289067591783,0.6010289774517014
1164,27,17,1279.9652158994784,1219.8108339823143,0.15699532628059387,0.9181998511749492,projective_2d_nearest_cell_reassignment,True,0.9181998511749492,False,1280.1252985196054,1220.6969844673854,0.9004938242200488
1592,28,17,1279.6411278862872,1237.5672561737256,0.14703711867332458,0.5203501747642847,projective_2d_nearest_cell_reassignment,True,0.5203501747642847,False,1280.0750782270302,1237.2673197700676,0.5275175300122377
1163,29,17,1279.9170527324738,1253.4938039463764,0.15699532628059387,0.379825927753314,projective_2d_nearest_cell_reassignment,True,0.379825927753314,False,1280.024851090886,1253.8399131286922,0.3625080028904765
707,31,17,1278.7952907741908,1287.00341986273,0.16670764982700348,1.1333062912558387,projective_2d_nearest_cell_reassignment,True,1.1333062912558387,False,1279.9243762822953,1286.9918758602641,1.1291445206901043
1124,32,17,1279.8315693071759,1303.4191547524129,0.15785591304302216,0.17573619039936436,projective_2d_nearest_cell_reassignment,True,0.17573619039936436,False,1279.8741286070494,1303.5712461567748,0.157933812993039
855,33,17,1279.7161110734235,1319.581942153375,0.16351118683815002,0.599084354899239,projective_2d_nearest_cell_reassignment,True,0.599084354899239,False,1279.8238740826366,1320.1528763563533,0.5810152582206697
1265,34,17,1279.8254213140094,1336.4708145976276,0.15441358089447021,0.2874838772678774,projective_2d_nearest_cell_reassignment,True,0.2874838772678774,False,1279.7736127076564,1336.736766921096,0.270951600937247
1390,35,17,1279.686789817475,1352.7923060046733,0.15146298706531525,0.5504769145808022,projective_2d_nearest_cell_reassignment,True,0.5504769145808022,False,1279.7233444807077,1353.3229183132255,0.5318699703792146
1333,36,17,1279.6295811679202,1369.5713195430899,0.15269240736961365,0.36223165171693256,projective_2d_nearest_cell_reassignment,True,0.36223165171693256,False,1279.6730694003893,1369.9113309950899,0.34278129157589365
1085,37,17,1279.7586150003426,1386.38440661464,0.15847063064575195,0.1882420255722506,projective_2d_nearest_cell_reassignment,True,0.1882420255722506,False,1279.6227874653,1386.5020054291635,0.17966246255988233
689,38,17,1278.7128457702722,1403.0175583017692,0.16719941794872284,0.8723178342562151,projective_2d_nearest_cell_reassignment,True,0.8723178342562151,False,1279.5724986740374,1403.0949420780469,0.86312882224089
1383,39,17,1279.6184566363302,1418.8837149799808,0.15158593654632568,0.8322196283083355,projective_2d_nearest_cell_reassignment,True,0.8322196283083355,False,1279.522203025199,1419.6901414044669,0.8121504391214615
1382,40,17,1279.4464486180289,1435.6515312545582,0.15158593654632568,0.6589527806326382,projective_2d_nearest_cell_reassignment,True,0.6589527806326382,False,1279.4719005173822,1436.2876038712757,0.6365816309936105
1403,41,17,1280.2040298191644,1453.8237755426098,0.15109416842460632,1.1971769678505941,projective_2d_nearest_cell_reassignment,True,1.1971769678505941,False,1279.421591149184,1452.8873299414533,1.220303501677344
1143,42,17,1279.4511687702347,1471.1070449502572,0.157364159822464,1.5950267912074099,projective_2d_nearest_cell_reassignment,True,1.5950267912074099,False,1279.3712749192002,1469.4893200781041,1.6196965115156021
1402,43,17,1278.7447717828095,1487.0023850275702,0.15109416842460632,1.0596845219225832,projective_2d_nearest_cell_reassignment,True,1.0596845219225832,False,1279.3209518260278,1486.0935747444605,1.076066713958272
1230,44,17,1279.234136433538,1504.3544846487205,0.1552741527557373,1.6280992673115262,projective_2d_nearest_cell_reassignment,True,1.6280992673115262,False,1279.2706218682617,1502.7000944038805,1.654792515443763
1214,45,17,1279.665147158768,1519.1119143500568,0.15564298629760742,0.48966519742757414,projective_2d_nearest_cell_reassignment,True,0.48966519742757414,True,1279.2202850444978,1519.308879519849,0.48651575393206775
1378,46,17,1278.5906550323273,1536.7886179037826,0.15158593654632568,1.0253235689707827,projective_2d_nearest_cell_reassignment,True,1.0253235689707827,True,1279.1699413533302,1535.9199305559762,1.044121807999394
1386,47,17,1278.650894631683,1553.0992881534241,0.15146300196647644,0.7180530379724841,projective_2d_nearest_cell_reassignment,True,0.7180530379724841,True,1279.1195907933545,1552.5332479760004,0.7348997036490181
1181,48,17,1279.5583932929005,1570.4770404350172,0.1565035581588745,1.3800009777050903,projective_2d_nearest_cell_reassignment,True,1.3800009777050903,True,1279.0692333631641,1569.148832243785,1.4154202330461096
1221,49,17,1278.5262172792573,1586.6627191304476,0.15552003681659698,0.9975676256661843,projective_2d_nearest_cell_reassignment,True,0.9975676256661843,True,1279.018869061353,1585.766683823321,1.0225385322908054
22,0,18,1266.5915570521306,774.6114044150927,0.1952298879623413,1.1785845007224913,projective_2d_nearest_cell_reassignment,True,1.1785845007224913,False,1266.774261517566,773.3863439779091,1.2386097030310055
957,1,18,1266.7235230186889,789.5005440736707,0.16154412925243378,0.4763941198167807,projective_2d_nearest_cell_reassignment,True,0.4763941198167807,False,1266.723150531788,789.9200818572766,0.4195379489622997
1093,2,18,1267.3727162884968,806.6665906083422,0.15847061574459076,0.7233496073712014,projective_2d_nearest_cell_reassignment,True,0.7233496073712014,False,1266.6720325836434,806.456071971452,0.7316254169485842
881,3,18,1266.4483927282997,822.9454771660503,0.1631423532962799,0.19502065083717116,projective_2d_nearest_cell_reassignment,True,0.19502065083717116,False,1266.6209076717096,822.9943147806672,0.17929450159213758
676,4,18,1266.7450824445875,840.5064593181993,0.16756823658943176,0.940425231534343,projective_2d_nearest_cell_reassignment,True,0.940425231534343,False,1266.5697757945636,839.5348107452803,0.98733650332503
444,5,18,1266.3493910507084,855.4973332864773,0.17297762632369995,0.6476630530380751,projective_2d_nearest_cell_reassignment,True,0.6476630530380751,False,1266.5186369507817,856.0775603257741,0.6044068098745666
346,6,18,1266.568032602909,871.7244169902957,0.17543643712997437,0.9476012216047777,projective_2d_nearest_cell_reassignment,True,0.9476012216047777,False,1266.4674911389407,872.6225639827577,0.9037569396941865
1180,7,18,1266.6456909020637,888.5086465819594,0.1565035730600357,0.7401398045806755,projective_2d_nearest_cell_reassignment,True,0.7401398045806755,False,1266.4163383576151,889.1698221769648,0.699825519022963
841,8,18,1266.1685588333428,905.2360642328177,0.1637570708990097,0.5570666787394929,projective_2d_nearest_cell_reassignment,True,0.5570666787394929,False,1266.3651786053815,905.7193353692556,0.5217377943666223
1129,9,18,1266.177502889,921.5024519742865,0.15773296356201172,0.8166946064516745,projective_2d_nearest_cell_reassignment,True,0.8166946064516745,False,1266.3140118808142,922.2711040206153,0.7806796226184307
488,10,18,1266.0804216015965,937.7361140049986,0.17174822092056274,1.1383493148228592,projective_2d_nearest_cell_reassignment,True,1.1383493148228592,False,1266.2628381824875,938.8251285921551,1.1041868410842368
833,11,18,1266.0811139412378,956.416296287817,0.16400295495986938,1.009987710547498,projective_2d_nearest_cell_reassignment,True,1.009987710547498,False,1266.2116575089763,955.3814095451114,1.0430878166796942
1349,12,18,1266.1201658009409,971.34363248933,0.15232358872890472,0.6288084666612663,projective_2d_nearest_cell_reassignment,True,0.6288084666612663,False,1266.160469858854,971.9399473408472,0.5976753460066611
148,13,18,1265.994526143869,987.5520022425411,0.18293581902980804,0.9849045232009983,projective_2d_nearest_cell_reassignment,True,0.9849045232009983,False,1266.1092752306936,988.5007424408503,0.955654391929891
323,14,18,1266.46356277765,1005.7213610338305,0.17629702389240265,0.7493181652979987,projective_2d_nearest_cell_reassignment,True,0.7493181652979987,False,1266.0580736230686,1005.0637953067353,0.7725374683038364
322,15,18,1265.9051755046155,1021.2950823367919,0.17629702389240265,0.37447127809700054,projective_2d_nearest_cell_reassignment,True,0.37447127809700054,False,1266.0068650345518,1021.6291064002417,0.349160185963618
824,16,18,1265.9983244569821,1037.470930815141,0.16424882411956787,0.7520875968119244,projective_2d_nearest_cell_reassignment,True,0.7520875968119244,False,1265.955649463715,1038.196676183236,0.7269989644845891
1056,17,18,1266.3165004352936,1054.2121184491962,0.15908533334732056,0.709872943136562,projective_2d_nearest_cell_reassignment,True,0.709872943136562,False,1265.90442690913,1054.7665051177091,0.6907598491442424
1318,18,18,1264.7073997982209,1070.9630458340505,0.15318416059017181,1.2136458309056777,projective_2d_nearest_cell_reassignment,True,1.2136458309056777,False,1265.853197369369,1071.33859366578,1.2057728840729112
284,19,18,1265.8801213824613,1087.3234975005207,0.17728056013584137,0.6158675463774524,projective_2d_nearest_cell_reassignment,True,0.6158675463774524,False,1265.801960843002,1087.9129422896917,0.594604262858439
992,20,18,1265.9875067136068,1103.5678711005148,0.16080649197101593,0.971229291882074,projective_2d_nearest_cell_reassignment,True,0.971229291882074,True,1265.7507173286,1104.489551451815,0.9516112036040304
970,21,18,1264.72004103286,1121.3232659824612,0.1612982451915741,1.0090158749959628,projective_2d_nearest_cell_reassignment,True,1.0090158749959628,True,1265.699466824734,1121.0684216146458,1.012037812334559
1165,22,18,1265.7933258335486,1138.549709407852,0.15699532628059387,0.8927105499880102,projective_2d_nearest_cell_reassignment,True,0.8927105499880102,True,1265.6482093299728,1137.649553240806,0.9117784405661512
1414,23,18,1265.7882180258707,1153.4610417676813,0.15084829926490784,0.8124169256339411,projective_2d_nearest_cell_reassignment,True,0.8124169256339411,True,1265.5969448428866,1154.2329467930444,0.7952501485128688
773,24,18,1264.660263495944,1171.267140955086,0.1652323603630066,0.9873204912710277,projective_2d_nearest_cell_reassignment,True,0.9873204912710277,True,1265.5456733620445,1170.8186027342358,0.992540763168656
692,25,18,1264.6424717499335,1187.1585658002512,0.16719940304756165,0.8954538566642554,projective_2d_nearest_cell_reassignment,True,0.8954538566642554,False,1265.4943948860148,1187.4065215273813,0.8872739556682497
718,26,18,1264.6960775655652,1204.7652643050003,0.1664617657661438,1.0623561228675722,projective_2d_nearest_cell_reassignment,True,1.0623561228675722,False,1265.4431094133665,1203.9967036356084,1.0717938627206223
1196,27,18,1265.408097137171,1219.6312208706124,0.15601180493831635,0.974680448433682,projective_2d_nearest_cell_reassignment,True,0.974680448433682,False,1265.3918169426665,1220.5891495221706,0.9580669841974345
1442,28,18,1264.739054244162,1237.6025948707043,0.1501106470823288,0.7272920776010062,projective_2d_nearest_cell_reassignment,True,0.7272920776010062,False,1265.3405174724835,1237.1838596504488,0.7328691559244436
1080,29,18,1265.5641334951536,1254.7215336191764,0.1585935652256012,0.9628540222297388,projective_2d_nearest_cell_reassignment,True,0.9628540222297388,False,1265.289211001384,1253.7808344839493,0.9800496112939476
1287,30,18,1265.2809457547407,1269.7758966887777,0.1537988781929016,0.6218796786494248,projective_2d_nearest_cell_reassignment,True,0.6218796786494248,False,1265.2378975279346,1270.3800744863054,0.6057094690167236
596,31,18,1264.5740344747073,1286.984031713242,0.16928941011428833,0.6183467286105804,projective_2d_nearest_cell_reassignment,True,0.6183467286105804,False,1265.186577050702,1286.9815801212771,0.6125474820039213
177,32,18,1264.964952111133,1302.789681303457,0.18170642852783203,0.831568789149747,projective_2d_nearest_cell_reassignment,True,0.831568789149747,False,1265.1352495682524,1303.5853518527506,0.8136908792130785
1310,33,18,1265.0301539097507,1319.7665948017625,0.15330711007118225,0.446235843918762,projective_2d_nearest_cell_reassignment,True,0.446235843918762,False,1265.083915079151,1320.191390144739,0.4281837768409833
1566,34,18,1265.4116737191184,1336.8672785528831,0.1474059522151947,0.3756259198537908,projective_2d_nearest_cell_reassignment,True,0.3756259198537908,False,1265.0325735819629,1336.799695461382,0.3850771198710711
716,35,18,1265.0405226165883,1352.8743552899361,0.1664617657661438,0.556789079705508,projective_2d_nearest_cell_reassignment,True,0.556789079705508,False,1264.9812250752536,1353.4102682669466,0.5391835655289388
1109,36,18,1265.4638428387082,1369.4629137223903,0.15810179710388184,0.7827733489210885,projective_2d_nearest_cell_reassignment,True,0.7827733489210885,False,1264.9298695575867,1370.0231090258255,0.7739161730720377
266,37,18,1265.3408049348907,1386.908700425857,0.17801819741725922,0.5188873954006846,projective_2d_nearest_cell_reassignment,True,0.5188873954006846,False,1264.8785070275267,1386.6382182025395,0.535611788783542
960,38,18,1265.374040930813,1403.1660009248958,0.16142119467258453,0.549801465386091,projective_2d_nearest_cell_reassignment,True,0.549801465386091,False,1264.827137483637,1403.2555962617348,0.5541937431226092
1224,39,18,1264.4015808857826,1420.872811039684,0.15539710223674774,1.0481822285187663,projective_2d_nearest_cell_reassignment,True,1.0481822285187663,False,1264.775760924481,1419.875243668186,1.0654348229890631
1185,41,18,1264.9079214483527,1452.6856195953335,0.15638062357902527,0.512166984007986,projective_2d_nearest_cell_reassignment,True,0.512166984007986,False,1264.6729867546208,1453.1213483825848,0.49502917727985807
1139,42,18,1264.3223899338009,1469.4909878397389,0.15748709440231323,0.41852176426357296,projective_2d_nearest_cell_reassignment,True,0.41852176426357296,False,1264.621589141041,1469.747806620715,0.39430451668126354
1032,43,18,1264.5845835093069,1488.1410963100614,0.15970003604888916,1.7377051272243298,projective_2d_nearest_cell_reassignment,True,1.7377051272243298,False,1264.5701845064443,1486.3765360664665,1.7646189913289576
1283,44,18,1265.2337951145312,1503.0112768243478,0.15392181277275085,0.7048818331005396,projective_2d_nearest_cell_reassignment,True,0.7048818331005396,False,1264.5187728493909,1503.007537185248,0.7150320444196673
1305,45,18,1264.529245202436,1518.7585713015076,0.1534300446510315,0.9136740022869576,projective_2d_nearest_cell_reassignment,True,0.9136740022869576,True,1264.4673541684429,1519.6408104425961,0.8844073734187451
1021,46,18,1264.4540208154172,1535.6695614693303,0.16006885468959808,0.6391030024568479,projective_2d_nearest_cell_reassignment,True,0.6391030024568479,True,1264.4159284621599,1536.276356304174,0.60798930826915
1234,47,18,1265.081691287239,1553.1965874846019,0.15515121817588806,0.7480869776299213,projective_2d_nearest_cell_reassignment,True,0.7480869776299213,True,1264.3644957291024,1552.9141752357725,0.7707957880656449
1159,48,18,1265.233606063965,1569.1468480678013,0.15711826086044312,1.0107038544255786,projective_2d_nearest_cell_reassignment,True,1.0107038544255786,True,1264.3130559678298,1569.5542677033093,1.006679312836025
888,49,18,1263.766271756696,1585.9619077645843,0.16289648413658142,0.5761978377110739,projective_2d_nearest_cell_reassignment,True,0.5761978377110739,True,1264.2616091769019,1586.1966341728303,0.5481383462086142
543,0,19,1253.0366522802497,773.2991283773353,0.1703958660364151,1.1899004173554608,projective_2d_nearest_cell_reassignment,True,1.1899004173554608,False,1252.0266042056342,772.6206489866612,1.2167708891175493
945,1,19,1252.1149538756092,790.4592074544603,0.16179001331329346,1.236358739076715,projective_2d_nearest_cell_reassignment,True,1.236358739076715,False,1251.9744121652836,789.1786539560187,1.2882426924738215
686,2,19,1252.0627867370833,805.4527724647876,0.16732236742973328,0.36541512622047245,projective_2d_nearest_cell_reassignment,True,0.36541512622047245,False,1251.9222130048465,805.738917783739,0.3188104730914493
410,3,19,1252.4534894193162,822.1041614354519,0.17383821308612823,0.6351071776482299,projective_2d_nearest_cell_reassignment,True,0.6351071776482299,False,1251.8700067228658,822.301440932087,0.6159312111344364
1447,4,19,1251.0147351137484,838.8318738182381,0.1501106470823288,0.8046501168132854,projective_2d_nearest_cell_reassignment,True,0.8046501168132854,False,1251.8177933178845,838.8662238634537,0.8037925135484457
361,5,19,1251.8265562569416,856.5228100040814,0.17506760358810425,1.049057238053278,projective_2d_nearest_cell_reassignment,True,1.049057238053278,False,1251.7655727884437,855.4332670403563,1.091248300449013
347,6,19,1251.941677504814,871.4193507721963,0.17543643712997437,0.6643661202066161,projective_2d_nearest_cell_reassignment,True,0.6643661202066161,False,1251.713345133086,872.0025709254381,0.6263237334848274
1118,7,19,1251.673044284411,887.5826191799181,0.1579788476228714,1.0294881792724107,projective_2d_nearest_cell_reassignment,True,1.0294881792724107,False,1251.6611103503521,888.574135981469,0.9915886175929394
834,8,19,1251.7772897533848,904.9540983886692,0.16400295495986938,0.2853552692160717,projective_2d_nearest_cell_reassignment,True,0.2853552692160717,False,1251.6088684387837,905.1479626713449,0.2568055671307168
1212,9,19,1250.8999457532682,921.6446104123595,0.15576590597629547,0.6657776022958715,projective_2d_nearest_cell_reassignment,True,0.6657776022958715,False,1251.5566193969205,921.7240514580881,0.6614613775679213
143,10,19,1251.7633410916756,937.488425910427,0.18318170309066772,0.8847365235626787,projective_2d_nearest_cell_reassignment,True,0.8847365235626787,False,1251.5043632233032,938.3024028048474,0.8541826039886286
461,11,19,1251.682742142431,954.7281624537712,0.17248587310314178,0.2956081946852373,projective_2d_nearest_cell_reassignment,True,0.2956081946852373,False,1251.4520999164713,954.8830171748979,0.2778053654104275
111,12,19,1251.63861178982,971.0542034180156,0.18564051389694214,0.5005604267353408,projective_2d_nearest_cell_reassignment,True,0.5005604267353408,False,1251.3998294749638,971.4658950316414,0.4759274930258773
392,13,19,1250.6262220407796,987.3300141942465,0.17420703172683716,1.0396198458634984,projective_2d_nearest_cell_reassignment,True,1.0396198458634984,False,1251.3475518973203,988.0510368386061,1.019897257382545
600,14,19,1250.640862437282,1004.9954866410724,0.1691664755344391,0.7346122744848131,projective_2d_nearest_cell_reassignment,True,0.7346122744848131,False,1251.295267182079,1004.6384430594469,0.7454701128768816
1028,15,19,1251.0958137992013,1019.8784289682296,0.15994590520858765,1.3817689675943945,projective_2d_nearest_cell_reassignment,True,1.3817689675943945,False,1251.2429753277775,1021.2281141579449,1.3576842883489588
298,16,19,1250.6683370457083,1037.8159723867682,0.1770346760749817,0.5248101995778609,projective_2d_nearest_cell_reassignment,True,0.5248101995778609,False,1251.1906763329546,1037.8200505980083,0.5223552075052552
909,17,19,1251.0258959611072,1053.5476692513755,0.1625276654958725,0.8955977204017029,projective_2d_nearest_cell_reassignment,True,0.8955977204017029,False,1251.1383701961465,1054.414252843672,0.8738521476687912
603,18,19,1251.038901033447,1072.2510622823047,0.1691664606332779,1.2207499477697241,projective_2d_nearest_cell_reassignment,True,1.2207499477697241,False,1251.086056915891,1071.0107213590977,1.2412369971246564
562,19,19,1250.8914300362776,1086.6648277520515,0.17002704739570618,0.9751361322469135,projective_2d_nearest_cell_reassignment,True,0.9751361322469135,False,1251.033736490724,1087.609456608573,0.9552878118925445
1132,20,19,1250.980401660921,1102.9481069495976,0.15761002898216248,1.2811646733235267,projective_2d_nearest_cell_reassignment,True,1.2811646733235267,True,1250.9814089191825,1104.2104590565139,1.2623525087728933
1083,21,19,1250.0477677355289,1120.9861029412525,0.15859355032444,0.8981355575270513,projective_2d_nearest_cell_reassignment,True,0.8981355575270513,True,1250.9290741998016,1120.8137291674616,0.8980054575890907
678,22,19,1251.4698706857243,1138.5889898040602,0.16744530200958252,1.2942520170777707,projective_2d_nearest_cell_reassignment,True,1.2942520170777707,True,1250.8767323311163,1137.4192674060857,1.311511950395577
486,23,19,1251.4364922039967,1154.8906894983538,0.17174822092056274,1.0423771256421217,projective_2d_nearest_cell_reassignment,True,1.0423771256421217,True,1250.8243833116621,1154.027074237182,1.0585407953423551
687,24,19,1250.764217202875,1172.185022261734,0.16732235252857208,1.531454757550595,projective_2d_nearest_cell_reassignment,True,1.531454757550595,True,1250.7720271399733,1170.6371501256729,1.5478918388285732
871,25,19,1250.4230530140596,1187.0214522044719,0.16326530277729034,0.3879287515987064,projective_2d_nearest_cell_reassignment,True,0.3879287515987064,False,1250.7196638145842,1187.2494955366087,0.37414132132113376
994,26,19,1250.3766644677357,1204.6921921227909,0.1606835573911667,0.8643453496580591,projective_2d_nearest_cell_reassignment,True,0.8643453496580591,False,1250.6672933340283,1203.8641109351665,0.8776010433105639
780,27,19,1250.6101729628786,1219.6206206956613,0.1649864912033081,0.8762420691845322,projective_2d_nearest_cell_reassignment,True,0.8762420691845322,False,1250.614915696839,1220.4809967866504,0.8603891628043322
805,28,19,1251.1791432672019,1237.6035258871975,0.164617657661438,0.7815278368353961,projective_2d_nearest_cell_reassignment,True,0.7815278368353961,False,1250.5625309015497,1237.100153556492,0.7959865028975744
1140,29,19,1250.2376844315356,1254.6694554276494,0.15748707950115204,0.9727428004731978,projective_2d_nearest_cell_reassignment,True,0.9727428004731978,False,1250.5101389466918,1253.7215817102492,0.986253540914803
338,30,19,1250.3611474427282,1269.577836058033,0.17568232119083405,0.7902834103179182,projective_2d_nearest_cell_reassignment,True,0.7902834103179182,False,1250.4577398307986,1270.3452817136088,0.7735004354848665
1432,31,19,1249.7020904512467,1287.4862631014964,0.15035653114318848,0.867662972477617,projective_2d_nearest_cell_reassignment,True,0.867662972477617,False,1250.4053335524013,1286.9712540323833,0.8716565840916638
1048,32,19,1250.145753460629,1303.391748507492,0.15933120250701904,0.31041986438125907,projective_2d_nearest_cell_reassignment,True,0.31041986438125907,False,1250.352920110031,1303.5994991325133,0.2933911089674934
624,33,19,1250.2682381895231,1319.6074549303898,0.1685517579317093,0.6410998416573631,projective_2d_nearest_cell_reassignment,True,0.6410998416573631,False,1250.3004995022193,1320.230017480067,0.623397883022959
1501,34,19,1250.0536597119824,1338.3270754593127,0.14912712574005127,1.460420775000957,projective_2d_nearest_cell_reassignment,True,1.460420775000957,False,1250.2480717274957,1336.8628095412396,1.477115672723865
875,35,19,1250.174519843641,1352.7515809558276,0.1631423681974411,0.765493137951471,projective_2d_nearest_cell_reassignment,True,0.765493137951471,False,1250.1956367843916,1353.4978757823537,0.7465935261481014
1017,36,19,1250.51094157003,1370.1937568930468,0.16019178926944733,0.3613577497180846,projective_2d_nearest_cell_reassignment,True,0.3613577497180846,False,1250.1431946714354,1370.13521666986,0.37237714639416164
1040,37,19,1250.5671331724309,1386.4346458978393,0.15957708656787872,0.5904370212736471,projective_2d_nearest_cell_reassignment,True,0.5904370212736471,False,1250.0907453871575,1386.7748326703365,0.5853822359276876
1237,38,19,1250.0479383586699,1402.717588480004,0.15502828359603882,0.7205611957306365,projective_2d_nearest_cell_reassignment,True,0.7205611957306365,False,1250.0382889300863,1403.4167242504884,0.6992023577211601
1269,39,19,1250.0594949834028,1422.0736699853485,0.15429063141345978,1.991248092385305,projective_2d_nearest_cell_reassignment,True,1.991248092385305,False,1249.9858252987501,1420.060891877149,2.014125848919003
1395,40,19,1250.0001881477738,1435.7287050653931,0.151340052485466,1.0040573918313753,projective_2d_nearest_cell_reassignment,True,1.0040573918313753,False,1249.9333544916774,1436.7073360172797,0.9809104330047528
1278,41,19,1249.9751457833856,1452.64464489246,0.15416768193244934,0.7413535570047894,projective_2d_nearest_cell_reassignment,True,0.7413535570047894,False,1249.8808765073957,1453.3560571379685,0.7176308796693577
578,42,19,1250.0349268172959,1469.6250313702274,0.16965822875499725,0.45322148758260994,projective_2d_nearest_cell_reassignment,True,0.45322148758260994,False,1249.8283913444325,1470.007055706432,0.43428043359511176
1456,43,19,1250.3614896957872,1486.3625096120638,0.14986476302146912,0.6607666412378295,projective_2d_nearest_cell_reassignment,True,0.6607666412378295,False,1249.7758990013144,1486.660332190015,0.6569739335701075
1122,45,19,1249.4078743818322,1521.3733293986227,0.15785591304302216,1.3952807407267898,projective_2d_nearest_cell_reassignment,True,1.3952807407267898,True,1249.67089276872,1519.973720772555,1.4241077831414635
755,46,19,1249.8858457936587,1535.7800429679921,0.16560117900371552,0.9233568313672169,projective_2d_nearest_cell_reassignment,True,0.9233568313672169,True,1249.618378876295,1536.63383380684,0.8947051740011356
1127,47,19,1249.903544074199,1554.4978157310318,0.15773296356201172,1.2107202602533307,projective_2d_nearest_cell_reassignment,True,1.2107202602533307,True,1249.565857797819,1553.2962266269003,1.2481379717094176
1243,48,19,1249.796934479998,1569.4655546652734,0.15490533411502838,0.5978837907425157,projective_2d_nearest_cell_reassignment,True,0.5978837907425157,True,1249.513329531817,1569.9608997007203,0.5707875881400613
1029,49,19,1249.6217496316729,1585.7168106173272,0.1598229706287384,0.9622386684853317,projective_2d_nearest_cell_reassignment,True,0.9622386684853317,True,1249.4607940768126,1586.6278534964124,0.9251517811539393
12,0,20,1237.770396909062,771.507862139306,0.19756577908992767,0.6664874386014566,projective_2d_nearest_cell_reassignment,True,0.6664874386014566,False,1237.2355015811609,771.8526983247328,0.6364157497973373
260,1,20,1236.749967908517,789.0053708991167,0.1782640814781189,0.677091565073769,projective_2d_nearest_cell_reassignment,True,0.677091565073769,False,1237.1822223337401,788.4350417236179,0.7156250809956748
1135,2,20,1236.731580626966,804.9578329315751,0.15761002898216248,0.4109961496921724,projective_2d_nearest_cell_reassignment,True,0.4109961496921724,False,1237.1289358072074,805.0196506336827,0.4021350116050193
245,3,20,1236.535120453684,821.152301738754,0.17863288521766663,0.7343396803840213,projective_2d_nearest_cell_reassignment,True,0.7343396803840213,False,1237.0756420000714,821.6065255192365,0.7060331329795524
925,4,20,1237.1625967527425,837.5862313441324,0.16215884685516357,0.6653168249511732,projective_2d_nearest_cell_reassignment,True,0.6653168249511732,False,1237.0223409108394,838.1956668447156,0.6253665569559584
590,5,20,1237.4594119413525,855.1208849488561,0.16953527927398682,0.5721923740046418,projective_2d_nearest_cell_reassignment,True,0.5721923740046418,False,1236.9690325380188,854.7870750746831,0.5932124335423873
414,6,20,1236.4842375868532,872.4877082380442,0.17383819818496704,1.1543636655023213,projective_2d_nearest_cell_reassignment,True,1.1543636655023213,False,1236.915716880117,871.3807506738293,1.1880780401506057
146,7,20,1236.3868411785627,888.737066288633,0.18305876851081848,0.8682971367559138,projective_2d_nearest_cell_reassignment,True,0.8682971367559138,False,1236.86239393564,887.9766941069713,0.8968368187183009
498,8,20,1236.4846920915056,904.4120359923617,0.17150232195854187,0.3795628398953436,projective_2d_nearest_cell_reassignment,True,0.3795628398953436,False,1236.8090637030944,904.5749058390534,0.36296491478660897
673,9,20,1236.4968860270224,920.8758159136404,0.167691171169281,0.4203736113083494,projective_2d_nearest_cell_reassignment,True,0.4203736113083494,False,1236.7557261809854,921.1753863351468,0.39590486577602874
696,10,20,1236.4277638978233,938.5314507159766,0.1670764684677124,0.7753866746460059,projective_2d_nearest_cell_reassignment,True,0.7753866746460059,True,1236.7023813678188,937.7781360604499,0.8018090327864715
474,11,20,1236.4377816482543,954.3356019288897,0.17211705446243286,0.22593427415756115,projective_2d_nearest_cell_reassignment,True,0.22593427415756115,True,1236.6490292620988,954.3831554802887,0.21653381861886473
214,12,20,1236.666587898508,969.7253820867661,0.17998522520065308,1.292514629293362,projective_2d_nearest_cell_reassignment,True,1.292514629293362,True,1236.5956698623309,970.9904450601159,1.2670492075668909
918,13,20,1236.2493034413274,987.0817649665041,0.16228178143501282,0.6177212193445438,projective_2d_nearest_cell_reassignment,True,0.6177212193445438,True,1236.5423031670186,987.6000052655116,0.5953333912780048
472,14,20,1236.2272941525052,1003.3039739649588,0.1722399741411209,0.9675597238528916,projective_2d_nearest_cell_reassignment,True,0.9675597238528916,True,1236.4889291746654,1004.2118365621836,0.9448107642594663
668,15,20,1236.1375171464151,1019.5603833448223,0.16781410574913025,1.3219331168469894,projective_2d_nearest_cell_reassignment,True,1.3219331168469894,False,1236.435547883775,1020.8259394159666,1.3001747919496516
1179,16,20,1236.1794499296343,1037.0868532942716,0.15662650763988495,0.42875329887908703,projective_2d_nearest_cell_reassignment,True,0.42875329887908703,False,1236.3821592928502,1037.4423142928226,0.40919873830001624
423,17,20,1237.208605767614,1054.057624795052,0.17359232902526855,0.8764072834473892,projective_2d_nearest_cell_reassignment,True,0.8764072834473892,False,1236.328763400393,1054.060961658842,0.879848694843087
917,18,20,1235.948654093981,1069.5622006617668,0.16228178143501282,1.1852905074769315,projective_2d_nearest_cell_reassignment,True,1.1852905074769315,False,1236.2753602049058,1070.6818819802415,1.1663717837194254
1369,19,20,1236.0453706284168,1087.0822606359452,0.15183182060718536,0.3009614084650258,projective_2d_nearest_cell_reassignment,True,0.3009614084650258,False,1236.2219497048902,1087.3050757233657,0.28430042812210704
922,20,20,1235.6101973017767,1103.2944402670114,0.16215884685516357,0.8622354333258899,projective_2d_nearest_cell_reassignment,True,0.8622354333258899,False,1236.1685318988475,1103.9305433546876,0.8463832822294494
951,21,20,1236.130992035877,1119.6148579384067,0.16166706383228302,0.9598828430801051,projective_2d_nearest_cell_reassignment,True,0.9598828430801051,False,1236.1151067852784,1120.5582853408068,0.9435611293319163
1086,22,20,1236.3913712212616,1136.4947451400324,0.15847063064575195,0.780138718571827,projective_2d_nearest_cell_reassignment,True,0.780138718571827,False,1236.0616743626833,1137.188302148451,0.767933162770611
758,23,20,1235.888217569166,1152.760196804687,0.16560117900371552,1.0831799220356562,projective_2d_nearest_cell_reassignment,True,1.0831799220356562,False,1236.0082346295621,1153.8205942444752,1.0671676649409114
397,24,20,1235.8812275809416,1169.6602621993607,0.17408409714698792,0.8139671011192201,projective_2d_nearest_cell_reassignment,True,0.8139671011192201,False,1235.9547875844146,1170.4551620958632,0.7982962605265764
743,25,20,1235.798539457204,1186.542932002502,0.1658470630645752,0.5744825852043646,projective_2d_nearest_cell_reassignment,True,0.5744825852043646,False,1235.9013332257398,1187.0920061697254,0.5586134620305929
731,26,20,1235.7212105217304,1203.4113145291146,0.16609294712543488,0.3601867457275211,projective_2d_nearest_cell_reassignment,True,0.3601867457275211,False,1235.8478715520366,1203.7311269333006,0.34398109027888946
619,27,20,1234.932004556727,1221.0034986124972,0.16867470741271973,1.0652410014686577,projective_2d_nearest_cell_reassignment,True,1.0652410014686577,False,1235.794402561803,1220.3725248539558,1.0685776542334435
666,28,20,1235.304397609442,1236.4808318760213,0.16781410574913025,0.7068401598312265,projective_2d_nearest_cell_reassignment,True,0.7068401598312265,False,1235.7409262535373,1237.0162003991854,0.6907797859742191
737,29,20,1235.8030777087195,1253.4059467785305,0.16596999764442444,0.2923356329720219,projective_2d_nearest_cell_reassignment,True,0.2923356329720219,False,1235.687442625737,1253.662154036612,0.28109363477319194
612,30,20,1235.563320073586,1269.7161195721292,0.1689205765724182,0.6148665195674992,projective_2d_nearest_cell_reassignment,True,0.6148665195674992,False,1235.6339516768992,1270.310386233986,0.5984494036934815
876,31,20,1235.3128747088856,1286.5691621180488,0.1631423681974411,0.4920593498650134,projective_2d_nearest_cell_reassignment,True,0.4920593498650134,False,1235.5804534055203,1286.9608974591858,0.47439955352898155
846,32,20,1235.775719194578,1303.2365200628474,0.16363413631916046,0.461494148612366,projective_2d_nearest_cell_reassignment,True,0.461494148612366,False,1235.5269478100968,1303.613688180219,0.45182185703920225
1502,33,20,1234.7177375922859,1321.0657583931036,0.14912712574005127,1.091710447766869,projective_2d_nearest_cell_reassignment,True,1.091710447766869,False,1235.473434889125,1320.2687588652198,1.0983108175270744
1259,34,20,1234.6973773648422,1337.4996598085306,0.15453651547431946,0.9183128629146342,projective_2d_nearest_cell_reassignment,True,0.9183128629146342,False,1235.4199146410992,1336.9261099824514,0.9225071916123396
1201,35,20,1235.30243197905,1352.8928160475025,0.1558888703584671,0.715497508248674,projective_2d_nearest_cell_reassignment,True,0.715497508248674,True,1235.366387064516,1353.5857420003053,0.6958711296100029
961,36,20,1235.3607110087999,1369.7994846414056,0.16142119467258453,0.46957086235454953,projective_2d_nearest_cell_reassignment,True,0.46957086235454953,True,1235.3128521578685,1370.2476553873012,0.4507188559280406
1264,37,20,1234.6080078767386,1388.5290733905485,0.15441358089447021,1.727719514679254,projective_2d_nearest_cell_reassignment,True,1.727719514679254,True,1235.2593099196524,1386.911850612087,1.743445974579882
826,38,20,1235.4698674038605,1403.3862710376143,0.16412588953971863,0.33242683886399654,projective_2d_nearest_cell_reassignment,True,0.33242683886399654,True,1235.2057603483602,1403.5783281434385,0.3265554603166418
545,39,20,1235.13193948144,1419.7390569528704,0.17027293145656586,0.5322223528612593,projective_2d_nearest_cell_reassignment,True,0.5322223528612593,True,1235.1522034424863,1420.247088450261,0.5084354732491313
1284,40,20,1235.1768904135179,1436.5221736556725,0.15392181277275085,0.4261042815854991,projective_2d_nearest_cell_reassignment,True,0.4261042815854991,False,1235.0986392005232,1436.9181320015875,0.40361648137172135
1550,41,20,1234.5202408526227,1453.3387170483256,0.14789770543575287,0.6037878358644075,projective_2d_nearest_cell_reassignment,True,0.6037878358644075,False,1235.0450676209634,1453.59145926658,0.5825133180066298
1241,42,20,1235.0563558738363,1469.773913490141,0.15490534901618958,0.5237256477294912,projective_2d_nearest_cell_reassignment,True,0.5237256477294912,False,1234.9914887022994,1470.267070714528,0.49740506421657094
938,43,20,1235.4415387445536,1488.3788191115348,0.16179002821445465,1.4881889864961593,projective_2d_nearest_cell_reassignment,True,1.4881889864961593,False,1234.9379024430227,1486.944966814851,1.5197308751633112
1160,44,20,1234.482820078215,1504.7711320555118,0.15711826086044312,1.1887506199000857,projective_2d_nearest_cell_reassignment,True,1.1887506199000857,False,1234.8843088416247,1503.6251480370966,1.2142786326076227
1001,45,20,1234.9665867680753,1519.694783499197,0.16056060791015625,0.6578333163715004,projective_2d_nearest_cell_reassignment,True,0.6578333163715004,False,1234.8307078965963,1520.3076148509404,0.6277143724609096
1380,46,20,1234.9682240371976,1536.593807979202,0.15158593654632568,0.4692640610997335,projective_2d_nearest_cell_reassignment,True,0.4692640610997335,False,1234.7770996064282,1536.9923677261872,0.4420163118640197
940,47,20,1234.5288976789316,1553.3265571078243,0.16179001331329346,0.4416708588157307,projective_2d_nearest_cell_reassignment,True,0.4416708588157307,False,1234.7234839696105,1553.679407132771,0.40294784355434005
1066,49,20,1233.86634261057,1587.7874935949171,0.15896236896514893,1.0254231499704796,projective_2d_nearest_cell_reassignment,True,1.0254231499704796,False,1234.6162306499837,1587.0603474203285,1.0445447002759332
172,0,21,1223.259424197774,771.0963760034747,0.18195229768753052,0.8584051935355284,projective_2d_nearest_cell_reassignment,True,0.8584051935355284,False,1222.4007613817982,771.0824820099067,0.8587752177355362
592,1,21,1222.2542980765647,787.3196121446091,0.16953527927398682,0.42407920843924796,projective_2d_nearest_cell_reassignment,True,0.42407920843924796,False,1222.3463887344283,787.689235492901,0.38092270721012805
99,2,21,1222.204999059724,804.8934115525672,0.18625523149967194,0.5605397198371926,projective_2d_nearest_cell_reassignment,True,0.5605397198371926,False,1222.2920086476047,804.2982611693263,0.6014770544707859
1025,3,21,1223.2008483825537,820.8771454698401,0.1600688397884369,0.9642607778261207,projective_2d_nearest_cell_reassignment,True,0.9642607778261207,False,1222.2376211198007,820.909559505548,0.9637724987887301
902,4,21,1222.3586002715294,838.520273770868,0.16265061497688293,0.9756717286121356,projective_2d_nearest_cell_reassignment,True,0.9756717286121356,False,1222.1832261494887,837.5231309680603,1.0124474563515873
372,5,21,1223.032025583263,854.3342675353182,0.17469878494739532,0.91523566285688,projective_2d_nearest_cell_reassignment,True,0.91523566285688,False,1222.128823735141,854.1389760234838,0.9240737811699378
275,6,21,1222.1504190852431,872.218301199144,0.17777231335639954,1.4302712541302403,projective_2d_nearest_cell_reassignment,True,1.4302712541302403,False,1222.074413875229,870.757095138568,1.4631814458272476
802,7,21,1222.0409821761823,888.3766930670357,0.16474057734012604,0.9684855735552387,projective_2d_nearest_cell_reassignment,True,0.9684855735552387,False,1222.019996568225,887.3774887801894,0.9994246357746774
1152,8,21,1222.121046925067,904.7460679283189,0.15724122524261475,0.7329129675575371,projective_2d_nearest_cell_reassignment,True,0.7329129675575371,False,1221.9655718125996,904.0001574153529,0.7619416014039394
443,9,21,1221.865159068096,919.6982650300911,0.17297762632369995,0.9554281310588117,projective_2d_nearest_cell_reassignment,True,0.9554281310588117,False,1221.9111396068229,920.6251015111903,0.9279763319385146
168,10,21,1221.8261099228282,938.318014991864,0.18207523226737976,1.0405451641887833,projective_2d_nearest_cell_reassignment,True,1.0405451641887833,True,1221.8566999493655,937.2523215349627,1.066132399754241
685,11,21,1221.4879869027307,954.074312159178,0.16744528710842133,0.3597012212675239,projective_2d_nearest_cell_reassignment,True,0.3597012212675239,True,1221.8022528386969,953.8818179540576,0.3685337128590114
1346,12,21,1221.838012972669,970.8995974965281,0.15244650840759277,0.3733622163726095,projective_2d_nearest_cell_reassignment,True,0.3733622163726095,True,1221.7477982732864,970.513591235992,0.39640828088957697
209,13,21,1220.76821378512,986.8514065276034,0.1801081895828247,0.9820487610513569,projective_2d_nearest_cell_reassignment,True,0.9820487610513569,True,1221.693336251603,987.1476418484094,0.9713943294483478
1018,14,21,1221.8330028995738,1004.6013128536423,0.16019177436828613,0.8193773106541709,projective_2d_nearest_cell_reassignment,True,0.8193773106541709,True,1221.6388667721149,1003.7839702590829,0.8400819917518665
294,15,21,1221.5385560429197,1019.4569567383874,0.17715761065483093,0.9860507999781369,projective_2d_nearest_cell_reassignment,True,0.9860507999781369,False,1221.5843898332903,1020.4225769359124,0.9667073508606451
672,16,21,1220.719600022825,1036.7977099022041,0.167691171169281,0.8631874048168204,projective_2d_nearest_cell_reassignment,True,0.8631874048168204,False,1221.529905433597,1037.063462346927,0.8527714937792004
661,17,21,1220.6985769154946,1053.16598559626,0.1679370403289795,0.9605594023275416,projective_2d_nearest_cell_reassignment,True,0.9605594023275416,False,1221.4754135715018,1053.706626960283,0.9464503550683864
483,18,21,1221.360002158835,1069.4795080813467,0.171871155500412,0.8914837929269284,projective_2d_nearest_cell_reassignment,True,0.8914837929269284,False,1221.420914245472,1070.3520712442662,0.8746866613722689
872,19,21,1222.0995191218585,1087.7185217205586,0.16326530277729034,1.0116439406071804,projective_2d_nearest_cell_reassignment,True,1.0116439406071804,False,1221.3664074539734,1086.9997956672896,1.0266546923074564
764,20,21,1220.5307331977222,1103.0412854157798,0.16547824442386627,1.0041818273383376,projective_2d_nearest_cell_reassignment,True,1.0041818273383376,False,1221.3118931954723,1103.6498006978948,0.9902029037790174
1445,21,21,1221.2317088746145,1122.0300370131577,0.1501106470823288,1.7135333381827051,projective_2d_nearest_cell_reassignment,True,1.7135333381827051,False,1221.257371468434,1120.3020868047522,1.728140761468802
822,22,21,1221.1632129409427,1138.3301474921589,0.16424883902072906,1.3599305853967103,projective_2d_nearest_cell_reassignment,True,1.3599305853967103,False,1221.2028422713238,1136.95665445666,1.3740646281707696
828,23,21,1220.9556541841032,1152.6782356786625,0.16412588953971863,0.9700209743647923,projective_2d_nearest_cell_reassignment,True,0.9700209743647923,False,1221.148305602606,1153.6135041225455,0.9549039905531351
1392,24,21,1220.6157956749305,1170.4653010301322,0.15146298706531525,0.5166936738855338,projective_2d_nearest_cell_reassignment,True,0.5166936738855338,False,1221.0937614607453,1170.2726362714643,0.5153358144376778
710,25,21,1220.5348698036341,1186.9773991694062,0.16670763492584229,0.5122555571028682,projective_2d_nearest_cell_reassignment,True,0.5122555571028682,False,1221.0392098442055,1186.9340513726,0.5061994745270879
831,26,21,1220.7970901671556,1202.6938501250327,0.16400295495986938,0.9382603718352648,projective_2d_nearest_cell_reassignment,True,0.9382603718352648,False,1220.9846507514494,1203.5977498952655,0.9231542489787459
142,27,21,1220.4147783645033,1219.5707718415197,0.18318170309066772,0.8793460502912679,projective_2d_nearest_cell_reassignment,True,0.8793460502912679,False,1220.9300841809409,1220.2637323089025,0.8635590853032806
1175,28,21,1220.3762115318896,1238.3564031226108,0.1567494422197342,1.498500798854468,projective_2d_nearest_cell_reassignment,True,1.498500798854468,False,1220.875510131142,1236.9319990830807,1.5093793290770796
566,29,21,1220.3991184802876,1253.3293198093252,0.16990409791469574,0.517356793352256,projective_2d_nearest_cell_reassignment,True,0.517356793352256,False,1220.8209286005147,1253.602550687499,0.5025722737214781
594,30,21,1220.7361217641421,1272.2168957302338,0.16941234469413757,1.9267506192930701,projective_2d_nearest_cell_reassignment,True,1.9267506192930701,False,1220.766339587521,1270.2753875919843,1.9417432805957109
1041,31,21,1221.3362748083562,1286.9003364852083,0.15957708656787872,0.6195244415722949,projective_2d_nearest_cell_reassignment,True,0.6195244415722949,False,1220.7117430906223,1286.9505102664937,0.6265439128936002
490,32,21,1220.3332346663603,1303.3836977884669,0.1716252863407135,0.42259595528051835,projective_2d_nearest_cell_reassignment,True,0.42259595528051835,False,1220.6571391082796,1303.6279191811122,0.40565770807500484
660,33,21,1220.1528854549988,1319.5275240521623,0.16793705523014069,0.9197779931856943,projective_2d_nearest_cell_reassignment,True,0.9197779931856943,False,1220.6025276389528,1320.307614806054,0.900399732284651
848,34,21,1221.1926213477207,1337.0347463019018,0.16363412141799927,0.6360450336379811,projective_2d_nearest_cell_reassignment,True,0.6360450336379811,False,1220.5479086811022,1336.9895976116618,0.6462915957435242
823,35,21,1220.403952767509,1352.881942969847,0.16424882411956787,0.8169824861246037,projective_2d_nearest_cell_reassignment,True,0.8169824861246037,True,1220.4932822331878,1353.6738680684082,0.7969473728984173
655,36,21,1220.4728662681705,1369.6492782330329,0.16805998980998993,0.7317173731955142,projective_2d_nearest_cell_reassignment,True,0.7317173731955142,True,1220.4386482936682,1370.360426646894,0.711971162559422
1130,37,21,1221.1920057900995,1387.604478363352,0.15761002898216248,0.9601270022963834,projective_2d_nearest_cell_reassignment,True,0.9601270022963834,True,1220.3840068610025,1387.0492738178498,0.9803643999902576
885,38,21,1220.1565718895467,1403.4782457845781,0.16301941871643066,0.3385535022503515,projective_2d_nearest_cell_reassignment,True,0.3385535022503515,True,1220.329357933649,1403.7404100521342,0.3139826750310817
973,39,21,1220.200702504868,1419.7710460354133,0.16117531061172485,0.6920506382498395,projective_2d_nearest_cell_reassignment,True,0.6920506382498395,True,1220.2747015100654,1420.4338358207362,0.6669079039107546
1242,40,21,1220.192463461348,1436.69865292752,0.15490534901618958,0.4581099110781121,projective_2d_nearest_cell_reassignment,True,0.4581099110781121,False,1220.2200375887094,1437.1295515947736,0.43178002957600187
1337,41,21,1220.0383619408515,1455.3088003646455,0.1525694727897644,1.4605317894187324,projective_2d_nearest_cell_reassignment,True,1.4605317894187324,False,1220.1653661680384,1453.8275578454936,1.4866773268826283
646,42,21,1220.1898099334435,1469.932458395256,0.16818293929100037,0.6280549960597904,projective_2d_nearest_cell_reassignment,True,0.6280549960597904,False,1220.1106872465086,1470.5278550442717,0.6006309759303522
1457,43,21,1220.0527383249319,1486.6780097852115,0.14986476302146912,0.5834266490822504,projective_2d_nearest_cell_reassignment,True,0.5834266490822504,False,1220.0560008225762,1487.2304436626146,0.552443510952398
1117,44,21,1220.062088320949,1503.4956482883642,0.1579788476228714,0.47497767417884,projective_2d_nearest_cell_reassignment,True,0.47497767417884,False,1220.0013068946973,1503.9353241721565,0.4438572569708267
613,45,21,1219.9622646935252,1522.125456188002,0.16879764199256897,1.448162005817391,projective_2d_nearest_cell_reassignment,True,1.448162005817391,False,1219.9466054613272,1520.6424970446624,1.483041817471067
1498,46,21,1219.9266733117568,1538.4596498786175,0.14912712574005127,1.070969463769321,projective_2d_nearest_cell_reassignment,True,1.070969463769321,False,1219.8918965209205,1537.351962752026,1.1082329157704724
1542,47,21,1219.845786242725,1553.502832404832,0.1480206549167633,0.6001198826472366,projective_2d_nearest_cell_reassignment,True,0.6001198826472366,False,1219.8371800719324,1554.0637217662713,0.5609553832094246
972,49,21,1219.500016005438,1586.6151124376674,0.16117531061172485,0.9538916487388663,projective_2d_nearest_cell_reassignment,True,0.9538916487388663,False,1219.7277246420265,1587.494121604148,0.9080244148334925
348,0,22,1207.7512180136493,769.6861280543435,0.17543643712997437,0.7034501932246542,projective_2d_nearest_cell_reassignment,True,0.7034501932246542,False,1207.5221902090752,770.3099900009786,0.6645731440009905
505,1,22,1206.872879640673,787.4160808983465,0.17137938737869263,0.7385970523314805,projective_2d_nearest_cell_reassignment,True,0.7385970523314805,False,1207.4667179281794,786.9412255395655,0.7603496060835909
139,2,22,1207.8612914733114,803.3258433501125,0.1834276020526886,0.5307099102423412,projective_2d_nearest_cell_reassignment,True,0.5307099102423412,False,1207.4112380461604,803.5747399834426,0.5142933223107715
842,3,22,1207.4656675886906,819.5651237402483,0.1637570708990097,0.6889203137941557,projective_2d_nearest_cell_reassignment,True,0.6889203137941557,False,1207.3557505614554,820.2105338010441,0.6547029093052129
610,4,22,1206.727359070412,836.8210754469757,0.1689205914735794,0.5797103829382034,projective_2d_nearest_cell_reassignment,True,0.5797103829382034,False,1207.3002554725017,836.8486074609335,0.5735575815208029
880,5,22,1206.634722058311,853.1018253176225,0.1631423532962799,0.7427959175247066,projective_2d_nearest_cell_reassignment,True,0.7427959175247066,False,1207.244752777736,853.488961431802,0.7225038751068087
254,6,22,1207.56313021313,870.7770594423009,0.17838701605796814,0.7187479752109307,projective_2d_nearest_cell_reassignment,True,0.7187479752109307,False,1207.1892424755947,870.1315961824698,0.7459322087637135
567,7,22,1207.2630739139793,888.2147808178529,0.16990408301353455,1.4164389193137776,projective_2d_nearest_cell_reassignment,True,1.4164389193137776,False,1207.1337245645132,886.7765121818853,1.4440733788195574
470,8,22,1206.530745761566,903.0004123990367,0.1722399890422821,0.71144481481562,projective_2d_nearest_cell_reassignment,True,0.71144481481562,False,1207.0781990429275,903.4237098991259,0.6920158010155357
540,9,22,1206.5160186842418,920.6425608367612,0.17051880061626434,0.747519070801077,projective_2d_nearest_cell_reassignment,True,0.747519070801077,False,1207.022665909272,920.0731898033969,0.7621514182006199
516,10,22,1206.9273385452952,935.6354852743266,0.1710105836391449,1.1129261475730983,projective_2d_nearest_cell_reassignment,True,1.1129261475730983,True,1206.967125161982,936.7249523640329,1.0901933380921645
690,11,22,1206.511568322225,952.9450383201009,0.16719941794872284,0.6092749563565618,projective_2d_nearest_cell_reassignment,True,0.6092749563565618,True,1206.911576799491,953.3789980504969,0.590193044257577
458,12,22,1206.470257756199,970.0860779771052,0.17260879278182983,0.3922283558650764,projective_2d_nearest_cell_reassignment,True,0.3922283558650764,True,1206.8560208202334,970.0353273323809,0.38908709759267474
1125,13,22,1206.7293998026391,986.2030389805917,0.15785591304302216,0.5153158939495011,projective_2d_nearest_cell_reassignment,True,0.5153158939495011,True,1206.8004572226416,986.693940679405,0.49601777673307756
252,14,22,1206.259391159774,1002.9059559620983,0.17838701605796814,0.6773868627391487,projective_2d_nearest_cell_reassignment,True,0.6773868627391487,True,1206.744886005149,1003.3548385614193,0.6612116399905407
359,15,22,1206.297629566696,1019.3850392360945,0.17506761848926544,0.7616126949614878,projective_2d_nearest_cell_reassignment,True,0.7616126949614878,False,1206.689307166188,1020.0180214484017,0.7443640393255467
995,16,22,1206.615907183973,1035.670021087962,0.1606835573911667,1.0295307079292502,projective_2d_nearest_cell_reassignment,True,1.0295307079292502,False,1206.6337207041904,1036.6834898104596,1.013625262601343
589,17,22,1206.2915151219931,1052.9893521002496,0.16953527927398682,0.47731676476746393,projective_2d_nearest_cell_reassignment,True,0.47731676476746393,False,1206.578126617588,1053.351244117829,0.46164053309351333
1157,18,22,1207.0698353137402,1070.1703167409487,0.1571182757616043,0.5573765057662929,projective_2d_nearest_cell_reassignment,True,0.5573765057662929,False,1206.5225249048117,1070.0212848408753,0.5672382135937205
59,19,22,1206.0587002864506,1085.6782261750575,0.190066397190094,1.1096654563099837,projective_2d_nearest_cell_reassignment,True,1.1096654563099837,False,1206.4669155642923,1086.6936124500928,1.0943715094032205
212,20,22,1206.0710613921342,1104.5353982031193,0.17998525500297546,1.2048803410631623,projective_2d_nearest_cell_reassignment,True,1.2048803410631623,False,1206.4112985944605,1103.3682274161047,1.2157503855261882
738,21,22,1206.102660650745,1119.3848953739775,0.16596999764442444,0.7217348754733863,projective_2d_nearest_cell_reassignment,True,0.7217348754733863,False,1206.355673993745,1120.0451302096635,0.7070543048375598
20,22,22,1206.2302079097574,1135.6903656302898,0.19572165608406067,1.049571872678369,projective_2d_nearest_cell_reassignment,True,1.049571872678369,False,1206.3000417605763,1136.724321301651,1.0363112935117686
1081,23,22,1205.650688350443,1153.5297280782215,0.1585935652256012,0.6113623450487663,projective_2d_nearest_cell_reassignment,True,0.6113623450487663,False,1206.2444018933832,1153.4058011630782,0.606509399240815
1348,24,22,1207.08426786333,1170.321333774596,0.15232358872890472,0.9145239062388887,projective_2d_nearest_cell_reassignment,True,0.9145239062388887,False,1206.1887543905937,1170.0895702650853,0.9250182183033853
132,25,22,1205.8186650345453,1188.3501854697731,0.18416522443294525,1.5947570562917395,projective_2d_nearest_cell_reassignment,True,1.5947570562917395,False,1206.1330992506364,1186.7756290789414,1.6056452609956673
863,26,22,1205.9793231404444,1204.5145879220072,0.16338825225830078,1.0431409750789902,projective_2d_nearest_cell_reassignment,True,1.0431409750789902,False,1206.0774364719387,1203.463978076046,1.055181157075615
381,27,22,1205.9904650375013,1219.5198954782898,0.17445291578769684,0.6490976518068894,projective_2d_nearest_cell_reassignment,True,0.6490976518068894,False,1206.0217660529281,1220.1546177279272,0.6354935780568961
537,28,22,1205.4685683159041,1236.3897299595262,0.17051881551742554,0.6915018949681442,projective_2d_nearest_cell_reassignment,True,0.6915018949681442,False,1205.9660879920314,1236.8475485062427,0.676109199649967
1272,29,22,1206.302613637635,1254.1119890524553,0.15429063141345978,0.6747919298486421,projective_2d_nearest_cell_reassignment,True,0.6747919298486421,False,1205.9104022876747,1253.5427708827795,0.6912590453128163
595,30,22,1205.3773072461263,1270.1869489617184,0.16941234469413757,0.4909425924250079,projective_2d_nearest_cell_reassignment,True,0.4909425924250079,False,1205.8547089382844,1270.2402853294545,0.4803718807327172
811,31,22,1205.7120967203678,1286.565600494544,0.16449470818042755,0.4014946819296593,projective_2d_nearest_cell_reassignment,True,0.4014946819296593,False,1205.7990079422855,1286.9400923183146,0.38444464694701663
1071,32,22,1206.2427510926095,1303.901105358807,0.15883944928646088,0.5470487901700455,projective_2d_nearest_cell_reassignment,True,0.5470487901700455,False,1205.7432992981035,1303.642192321535,0.5625727116601723
719,33,22,1205.5388636580003,1319.6289891611282,0.16633883118629456,0.7515314081057538,projective_2d_nearest_cell_reassignment,True,0.7515314081057538,False,1205.687583004163,1320.346585811422,0.7328454110083856
100,34,22,1205.2212976156113,1336.524643706041,0.18625521659851074,0.6895514566828823,projective_2d_nearest_cell_reassignment,True,0.6895514566828823,False,1205.631859058888,1337.0532732604106,0.6693354199939979
1076,35,22,1204.746997275074,1354.2547002040915,0.15871649980545044,0.9631503776235993,projective_2d_nearest_cell_reassignment,True,0.9631503776235993,True,1205.5761274607025,1353.7622551410666,0.964343820853408
1389,36,22,1205.179940193843,1371.6344030217404,0.15146298706531525,1.1929850818053362,projective_2d_nearest_cell_reassignment,True,1.1929850818053362,True,1205.52038820803,1370.4735319260842,1.2097630144345266
496,37,22,1204.707758908091,1387.122593875834,0.17150233685970306,0.7718932841030319,projective_2d_nearest_cell_reassignment,True,0.7718932841030319,True,1205.4646412992931,1387.1871040882888,0.7596265672177213
604,38,22,1205.802061486299,1403.4293782246332,0.16904352605342865,0.6272626686888149,projective_2d_nearest_cell_reassignment,True,0.6272626686888149,True,1205.4088867329144,1403.9029721006348,0.6155302966428144
706,39,22,1205.1416950786736,1420.337636128252,0.16670764982700348,0.37994819872220775,projective_2d_nearest_cell_reassignment,True,0.37994819872220775,True,1205.3531245073161,1420.6211364362068,0.3536591974014477
986,40,22,1204.6471968791263,1438.7090947950567,0.16080650687217712,1.494991925701841,projective_2d_nearest_cell_reassignment,True,1.494991925701841,False,1205.2973546209196,1437.3415975682199,1.5141841878120474
593,41,22,1205.5576266624253,1453.598916082908,0.16941234469413757,0.580401078214155,projective_2d_nearest_cell_reassignment,True,0.580401078214155,False,1205.2415770721464,1454.0643559700186,0.5626025524550223
1142,42,22,1205.6110328796606,1472.4721730329538,0.157364159822464,1.7036946011677723,projective_2d_nearest_cell_reassignment,True,1.7036946011677723,False,1205.185791859417,1470.7894121150773,1.7356595956668792
1073,43,22,1205.4841440403281,1488.705456703105,0.15883943438529968,1.2062908239718115,projective_2d_nearest_cell_reassignment,True,1.2062908239718115,False,1205.1299989811514,1487.5167664770015,1.24032381923969
1320,44,22,1205.9268328500448,1504.606700986798,0.15306122601032257,0.9021151435535231,projective_2d_nearest_cell_reassignment,True,0.9021151435535231,False,1205.0741984357703,1504.246419529526,0.9256285285464655
1450,45,22,1205.2748241120357,1520.5382108207828,0.14998771250247955,0.535747854760836,projective_2d_nearest_cell_reassignment,True,0.535747854760836,False,1205.0183902216925,1520.9783717465161,0.5094114060943722
1366,46,22,1205.521521869944,1537.3168105200016,0.15183182060718536,0.698637612167056,projective_2d_nearest_cell_reassignment,True,0.698637612167056,False,1204.9625743373374,1537.7126236019672,0.6849017010215259
1062,48,22,1205.5295333071404,1572.4711243070274,0.15896238386631012,1.4072310792385743,projective_2d_nearest_cell_reassignment,True,1.4072310792385743,False,1204.850919551469,1571.1880281248862,1.4515000661425586
1067,49,22,1205.971053438554,1587.7390121501917,0.15896236896514893,1.1872973125639228,projective_2d_nearest_cell_reassignment,True,1.1872973125639228,False,1204.7950806467913,1587.929181740997,1.1912499654703428
256,0,23,1192.5074820877965,770.6672871142525,0.17838700115680695,1.0985537548745399,projective_2d_nearest_cell_reassignment,True,1.0985537548745399,False,1192.599593519993,769.5352121973204,1.1358160649894375
309,1,23,1192.785245714635,785.6611049806157,0.17666584253311157,0.6132473210528062,projective_2d_nearest_cell_reassignment,True,0.6132473210528062,False,1192.543015330978,786.1910020817564,0.5826375344619792
517,2,23,1192.2803789253733,802.9670572973341,0.1710105836391449,0.22726400888778195,projective_2d_nearest_cell_reassignment,True,0.22726400888778195,False,1192.4864293778303,802.8490776131248,0.2374362963910033
75,3,23,1193.191381176213,819.840882630335,0.18846815824508667,0.8139647779702064,projective_2d_nearest_cell_reassignment,True,0.8139647779702064,False,1192.4298356589513,819.5094392619413,0.8305457731598282
95,4,23,1193.283055984353,837.0566597838631,0.1867469847202301,1.2450466783419472,projective_2d_nearest_cell_reassignment,True,1.2450466783419472,False,1192.373234172743,836.1720874988509,1.2689538432476803
591,5,23,1193.1459643675105,853.3560458208184,0.16953527927398682,0.9596049460777544,projective_2d_nearest_cell_reassignment,True,0.9596049460777544,False,1192.3166249176054,852.8370227946276,0.9783602735624108
924,6,23,1192.2965921957739,869.6864536097538,0.16215884685516357,0.15977021974806818,projective_2d_nearest_cell_reassignment,True,0.15977021974806818,False,1192.2600078919393,869.5042456201745,0.18584445849578776
1101,7,23,1192.24989456713,885.4505245350185,0.15834766626358032,0.7481689203081189,projective_2d_nearest_cell_reassignment,True,0.7481689203081189,False,1192.2033830941443,886.1737564465244,0.7247259585110382
407,8,23,1193.0648115183792,902.7092912801263,0.17396113276481628,0.9259586325858319,projective_2d_nearest_cell_reassignment,True,0.9259586325858319,False,1192.1467505226206,902.8455557448391,0.9281185249076902
874,9,23,1192.0312873065461,920.5176372450807,0.1631423830986023,0.9793635808774835,projective_2d_nearest_cell_reassignment,True,0.9793635808774835,False,1192.0901101757663,919.5196439864098,0.9997252994176415
630,10,23,1191.9725673637993,935.4009648145529,0.1685517430305481,0.8172124213255466,projective_2d_nearest_cell_reassignment,True,0.8172124213255466,True,1192.033462051981,936.1960216426575,0.7973854293654731
452,11,23,1191.722938556044,951.6695107298965,0.17260882258415222,1.2506696658625656,projective_2d_nearest_cell_reassignment,True,1.2506696658625656,True,1191.9768061496618,952.874689185132,1.2316265115906666
547,12,23,1191.534069801887,969.4919234906326,0.17027293145656586,0.4006731276605775,projective_2d_nearest_cell_reassignment,True,0.4006731276605775,True,1191.9201424672076,969.5556470855132,0.39129630646388036
669,13,23,1190.853408774898,986.1898057361545,0.16781410574913025,1.018679864915515,projective_2d_nearest_cell_reassignment,True,1.018679864915515,True,1191.8634710030149,986.2388958156104,1.0112544390850615
809,14,23,1191.6074172480269,1001.6968119135843,0.16449472308158875,1.2595881936175775,projective_2d_nearest_cell_reassignment,True,1.2595881936175775,True,1191.8067917554813,1002.9244358473621,1.243708453379219
1170,15,23,1191.607200261334,1018.6119968948374,0.15687239170074463,1.0254175178567035,projective_2d_nearest_cell_reassignment,True,1.0254175178567035,False,1191.7501047230023,1019.6122676528372,1.0104272732237058
25,16,23,1190.8578777790506,1036.8190789133314,0.19486106932163239,0.9813952184775605,projective_2d_nearest_cell_reassignment,True,0.9813952184775605,False,1191.6934099039745,1036.3023917042335,0.9823846516641305
422,17,23,1191.810494141355,1054.3419648820716,0.17359232902526855,1.344733225383324,projective_2d_nearest_cell_reassignment,True,1.344733225383324,False,1191.6367072967935,1052.9948084738792,1.358319644073715
1027,18,23,1191.7395897279387,1069.189810114439,0.15994590520858765,0.5341416754582752,projective_2d_nearest_cell_reassignment,True,0.5341416754582752,False,1191.5799968998542,1069.6895184342318,0.5245743757047711
789,19,23,1191.6462355606084,1086.9108565976278,0.16486352682113647,0.5253459033626086,projective_2d_nearest_cell_reassignment,True,0.5253459033626086,False,1191.523278711551,1086.3865220578787,0.5385583499529526
81,20,23,1191.7090455895147,1104.4062351574466,0.18809933960437775,1.3297953287675868,projective_2d_nearest_cell_reassignment,True,1.3297953287675868,False,1191.4665527302784,1103.0858198175374,1.3424974698852232
561,21,23,1191.6274984723002,1120.6662242321772,0.17002704739570618,0.8925301974114422,projective_2d_nearest_cell_reassignment,True,0.8925301974114422,False,1191.4098189544304,1119.787412186055,0.9053700817398072
234,22,23,1191.1913057519544,1135.6838229527239,0.17900171875953674,0.8360919126271363,projective_2d_nearest_cell_reassignment,True,0.8360919126271363,False,1191.3530773824,1136.4912996364087,0.8235221035963312
857,23,23,1191.4653836250523,1152.9703750049393,0.16351118683815002,0.2876128839961973,projective_2d_nearest_cell_reassignment,True,0.2876128839961973,False,1191.2963280125803,1153.197482641706,0.28312131460921597
684,24,23,1190.5723648597382,1170.829901374199,0.16744528710842133,1.1353591429045986,projective_2d_nearest_cell_reassignment,True,1.1353591429045986,False,1191.2395708433637,1169.9059616751842,1.139661525191168
856,25,23,1190.6005769672008,1187.1865641097838,0.16351118683815002,0.8126937424829369,projective_2d_nearest_cell_reassignment,True,0.8126937424829369,False,1191.1828058731423,1186.6167372102102,0.8146736735598811
943,26,23,1191.3699418137921,1203.6091243625965,0.16179001331329346,0.3562985019311085,projective_2d_nearest_cell_reassignment,True,0.3562985019311085,False,1191.126033100307,1203.3298097202817,0.3708208865819414
87,27,23,1190.3805408552876,1219.380599231787,0.18748463690280914,0.9718331094691174,projective_2d_nearest_cell_reassignment,True,0.9718331094691174,False,1191.0692525232503,1220.0451796790267,0.9570741520076399
968,28,23,1191.4554830432512,1236.7490461142027,0.1612982600927353,0.43503483971002344,projective_2d_nearest_cell_reassignment,True,0.43503483971002344,False,1191.0124641403613,1236.7628475602025,0.44323383019513424
1110,29,23,1190.731358624761,1255.1881753160383,0.15810178220272064,1.707914652432568,projective_2d_nearest_cell_reassignment,True,1.707914652432568,False,1190.9556679500317,1253.4828138376977,1.7200501286914334
1014,30,23,1190.7996502455917,1269.5330539761758,0.16031472384929657,0.6947117415557431,projective_2d_nearest_cell_reassignment,True,0.6947117415557431,False,1190.8988639506501,1270.2050789855302,0.6793091876820757
982,31,23,1190.9234819443702,1286.5292853980432,0.16092944145202637,0.42162351339958426,projective_2d_nearest_cell_reassignment,True,0.42162351339958426,False,1190.8420521406067,1286.9296434778496,0.40855526554832466
1063,32,23,1190.2636614508287,1303.4475054840996,0.15896238386631012,0.5766638297602442,projective_2d_nearest_cell_reassignment,True,0.5766638297602442,False,1190.78523251829,1303.6565077889345,0.5618881933614965
332,33,23,1190.640522649818,1319.6827398212345,0.17592820525169373,0.7265459330788168,projective_2d_nearest_cell_reassignment,True,0.7265459330788168,False,1190.7284050820886,1320.385672393195,0.7084049143143504
1255,34,23,1190.5130017297822,1338.491354328225,0.15478238463401794,1.366396538323905,projective_2d_nearest_cell_reassignment,True,1.366396538323905,False,1190.6715698303906,1337.1171377651706,1.383334740655261
533,35,23,1190.2116849440301,1353.4134368322295,0.17064175009727478,0.6158496649806617,projective_2d_nearest_cell_reassignment,True,0.6158496649806617,True,1190.6147267615836,1353.8509043795327,0.5948281782500386
548,36,23,1190.1880148463736,1372.4533346274984,0.17027291655540466,1.8841773566050035,projective_2d_nearest_cell_reassignment,True,1.8841773566050035,True,1190.5578758740542,1370.5869727110824,1.9026570849328457
914,37,23,1190.1052425966855,1388.5658775646662,0.16240471601486206,1.284024762705757,projective_2d_nearest_cell_reassignment,True,1.284024762705757,True,1190.5010171661897,1387.3253432347515,1.302137832014402
1108,38,23,1189.834019201656,1404.1490003455474,0.15810179710388184,0.6231975845513061,projective_2d_nearest_cell_reassignment,True,0.6231975845513061,True,1190.4441506363764,1404.0660164256024,0.6157488924906293
1279,39,23,1190.3349865099578,1422.399321923036,0.15416768193244934,1.5659479819413242,projective_2d_nearest_cell_reassignment,True,1.5659479819413242,True,1190.387276283,1420.8089927588285,1.5911885717582017
1186,40,23,1191.1668523743374,1438.0900024126772,0.15638062357902527,0.9697840607048124,projective_2d_nearest_cell_reassignment,True,0.9697840607048124,False,1190.3303941044453,1437.554272709754,0.9933120113363229
935,41,23,1191.1193720545698,1454.6987843629875,0.1619129478931427,0.9124845644927417,projective_2d_nearest_cell_reassignment,True,0.9124845644927417,False,1190.273504099098,1454.301856753834,0.9343683026527179
985,42,23,1191.0614146529244,1471.546722506753,0.16092942655086517,0.9541715841582845,projective_2d_nearest_cell_reassignment,True,0.9541715841582845,False,1190.2166062653425,1471.0517453666537,0.9791340975319118
1126,43,23,1190.0702913655168,1487.44625263621,0.1577329784631729,0.4038472819849266,projective_2d_nearest_cell_reassignment,True,0.4038472819849266,False,1190.1597006015622,1487.80393902393,0.3686916915940933
342,44,23,1190.0376997529083,1503.6941300196677,0.1755593717098236,0.9032408212332911,projective_2d_nearest_cell_reassignment,True,0.9032408212332911,False,1190.1027871061415,1504.5584382015102,0.866755442296594
1240,45,23,1190.5718734721997,1520.6809186788414,0.15502826869487762,0.8467819213394915,projective_2d_nearest_cell_reassignment,True,0.8467819213394915,False,1190.0458657774627,1521.315243375373,0.8240460639748759
1082,46,23,1190.9927560626593,1538.355998810833,0.15859355032444,1.0212904046020668,projective_2d_nearest_cell_reassignment,True,1.0212904046020668,False,1189.9889366139093,1538.0743550216275,1.042581752039912
979,47,23,1190.554466159543,1554.4262453623992,0.16092944145202637,0.7602826513628224,projective_2d_nearest_cell_reassignment,True,0.7602826513628224,False,1189.9319996138631,1554.835773616515,0.7451026717236818
1440,48,23,1189.9863021928177,1570.6723363515173,0.1501106470823288,0.9779315609917277,projective_2d_nearest_cell_reassignment,True,0.9779315609917277,False,1189.8750547757058,1571.5994996364072,0.9338135491959776
1078,49,23,1189.9494035374428,1587.5082956060874,0.1585935652256012,0.9135315675070288,projective_2d_nearest_cell_reassignment,True,0.9135315675070288,False,1189.8181020978195,1588.3655335578069,0.8672352471592861
427,0,24,1177.9146266213825,768.9721011958544,0.1734693944454193,0.3297518617126808,projective_2d_nearest_cell_reassignment,True,0.3297518617126808,False,1177.6327756185462,768.7581384384405,0.3538644505456185
71,1,24,1177.9700473742375,785.3082751433247,0.18871405720710754,0.4210319158481519,projective_2d_nearest_cell_reassignment,True,0.4210319158481519,False,1177.5750852054791,785.4385552796401,0.41589425178607736
622,2,24,1177.8664385607246,801.6363160530705,0.16855177283287048,0.6178504955142224,projective_2d_nearest_cell_reassignment,True,0.6178504955142224,False,1177.5173868639188,802.1212645393746,0.5975049132950423
351,3,24,1177.7541395832138,818.9329693588492,0.17531350255012512,0.30487697583525525,projective_2d_nearest_cell_reassignment,True,0.30487697583525525,False,1177.4596805922306,818.8062666902528,0.3205614817789457
370,4,24,1177.7419752974033,835.2582861396883,0.17469879984855652,0.4232423623149366,projective_2d_nearest_cell_reassignment,True,0.4232423623149366,False,1177.4019663887798,835.4935622050137,0.41347416468070153
306,5,24,1177.6089681334206,851.5200162474492,0.17678877711296082,0.7335324996408246,projective_2d_nearest_cell_reassignment,True,0.7335324996408246,False,1177.3442442519306,852.1831515565262,0.7140218285009133
662,6,24,1177.1644165698353,868.3315432741304,0.1679370403289795,0.5797675113534512,projective_2d_nearest_cell_reassignment,True,0.5797675113534512,False,1177.286514180047,868.8750352177897,0.5570379872522242
213,7,24,1177.5660326564469,885.0946122503178,0.17998525500297546,0.5950738036637628,projective_2d_nearest_cell_reassignment,True,0.5950738036637628,False,1177.2287761714933,885.5692136619325,0.582227134845029
57,8,24,1176.6630343303862,902.3150336163975,0.19018933176994324,0.5157592654405775,projective_2d_nearest_cell_reassignment,True,0.5157592654405775,False,1177.171030224632,902.2656873622141,0.5103869917744277
1097,9,24,1177.605477157712,920.3279932919296,0.15834768116474152,1.430859477251298,projective_2d_nearest_cell_reassignment,True,1.430859477251298,False,1177.1132763378264,918.9644567920235,1.4496528666105406
287,10,24,1176.5935802979343,935.140127217704,0.17728054523468018,0.716468240473697,projective_2d_nearest_cell_reassignment,True,0.716468240473697,True,1177.0555145094386,935.6655224248805,0.6995879783715806
35,11,24,1176.4219048653963,951.3564549881821,0.1933857798576355,1.1814114358364836,projective_2d_nearest_cell_reassignment,True,1.1814114358364836,True,1176.99774473783,952.3688847344343,1.1647341111948704
730,12,24,1176.9415876844644,967.8906634425414,0.16609296202659607,1.1979725168106297,projective_2d_nearest_cell_reassignment,True,1.1979725168106297,True,1176.939967021363,969.0745441944651,1.1838818612194675
442,13,24,1176.5008735257616,986.5202031578016,0.17297762632369995,0.8222212807804399,projective_2d_nearest_cell_reassignment,True,0.8222212807804399,True,1176.8821813583975,985.7825012788832,0.8304214143368753
521,14,24,1177.4669772265374,1002.4634136057806,0.17088763415813446,0.6364599648147135,projective_2d_nearest_cell_reassignment,True,0.6364599648147135,True,1176.8243877472946,1002.4927564617292,0.643259078465879
34,15,24,1177.3729596420415,1018.8262866071657,0.19350871443748474,0.7149442849211098,projective_2d_nearest_cell_reassignment,True,0.7149442849211098,False,1176.7665861864139,1019.205310217174,0.7150857743190401
784,16,24,1176.1684629002152,1035.2533050308878,0.1649864763021469,0.8717039537007638,projective_2d_nearest_cell_reassignment,True,0.8717039537007638,False,1176.7087766741156,1035.9201630195191,0.8582765004751899
977,17,24,1176.1923541348765,1051.478554433509,0.1610523760318756,1.258892315218717,projective_2d_nearest_cell_reassignment,True,1.258892315218717,False,1176.6509592087586,1052.6373153431966,1.2462124456168622
273,18,24,1177.1125096152794,1069.541793135173,0.17777231335639954,0.5405311899123162,projective_2d_nearest_cell_reassignment,True,0.5405311899123162,False,1176.5931337887012,1069.3567676627692,0.5513489590740551
987,19,24,1176.3871727801861,1084.8403267499714,0.16080650687217712,1.257788212146233,projective_2d_nearest_cell_reassignment,True,1.257788212146233,False,1176.5353004123021,1086.07852045293,1.2470226306858363
635,20,24,1176.1372195958809,1101.7278075721244,0.16842880845069885,1.1390307998880151,projective_2d_nearest_cell_reassignment,True,1.1390307998880151,False,1176.4774590779193,1102.8025741885026,1.1273358793273358
319,21,24,1176.0642945907186,1120.5315856548211,0.17629703879356384,1.0574968197293786,projective_2d_nearest_cell_reassignment,True,1.0574968197293786,False,1176.4196097839092,1119.5289293444412,1.0637521155122585
900,22,24,1176.0732384719634,1135.4976203720016,0.16277354955673218,0.8248718710730004,projective_2d_nearest_cell_reassignment,True,0.8248718710730004,False,1176.3617525286295,1136.2575863958316,0.8128891180658634
1206,23,24,1176.0352114007515,1153.0110008518075,0.1558888554573059,0.2773953193882255,projective_2d_nearest_cell_reassignment,True,0.2773953193882255,False,1176.3038873104363,1152.9885458178896,0.2696126350770938
408,24,24,1176.102483458044,1169.378787539322,0.17383821308612823,0.38440109438837183,projective_2d_nearest_cell_reassignment,True,0.38440109438837183,False,1176.246014127686,1169.7218080859616,0.37183887443999886
185,25,24,1175.9353657997415,1185.727215513903,0.18133759498596191,0.7853147837858221,projective_2d_nearest_cell_reassignment,True,0.7853147837858221,False,1176.1881329787334,1186.4573736755256,0.7726721088272167
751,26,24,1175.8881834147016,1204.4450988479198,0.16572412848472595,1.264152588763489,projective_2d_nearest_cell_reassignment,True,1.264152588763489,False,1176.130243861934,1203.19524306219,1.2730800231079664
649,27,24,1175.8335378090965,1219.4346024696931,0.16818293929100037,0.5689316407695589,projective_2d_nearest_cell_reassignment,True,0.5689316407695589,False,1176.072346775643,1219.9354167216945,0.5548374874778451
614,28,24,1176.4482356016515,1236.3050851005737,0.16879764199256897,0.5732618554447984,projective_2d_nearest_cell_reassignment,True,0.5732618554447984,False,1176.0144417182132,1236.6778951299095,0.5719829117044016
1210,29,24,1175.868829009468,1252.7474517433525,0.15576592087745667,0.694827741552121,projective_2d_nearest_cell_reassignment,True,0.694827741552121,False,1175.9565286879995,1253.4226787628363,0.6808984957066107
581,30,24,1175.7526399595904,1269.5380337613396,0.16965822875499725,0.6638226976095266,projective_2d_nearest_cell_reassignment,True,0.6638226976095266,False,1175.8986076833548,1270.1697680966076,0.6483786291492536
733,31,24,1175.8763260228966,1288.4315906156353,0.16609293222427368,1.4979597591980442,projective_2d_nearest_cell_reassignment,True,1.4979597591980442,False,1175.8406787026315,1286.9191636074877,1.5128470466033148
1329,32,24,1175.744070938102,1305.2818703264027,0.1528153419494629,1.595934132189881,projective_2d_nearest_cell_reassignment,True,1.595934132189881,False,1175.7827417441824,1303.6708657718707,1.6114686177414934
741,33,24,1175.880918434106,1319.6402170927881,0.1658470630645752,0.8149595434081153,projective_2d_nearest_cell_reassignment,True,0.8149595434081153,False,1175.7247968063596,1320.4248750662834,0.8000388103210762
1334,34,24,1175.7864640814814,1337.2079816127552,0.15269240736961365,0.11041547075102368,projective_2d_nearest_cell_reassignment,True,0.11041547075102368,False,1175.666843887514,1337.181191967383,0.12258334268558956
1123,35,24,1176.2481326397606,1354.0612920121962,0.15785591304302216,0.6377911429928583,projective_2d_nearest_cell_reassignment,True,0.6377911429928583,True,1175.6088829859968,1353.9398169519584,0.6506891040249728
1286,36,24,1174.6457886940123,1370.865575039488,0.1537988781929016,0.9260543875230441,projective_2d_nearest_cell_reassignment,True,0.9260543875230441,True,1175.5509141001587,1370.7007504969295,0.920010397050719
352,37,24,1175.7650439255253,1387.3291109325335,0.17519055306911469,0.3060574406031229,projective_2d_nearest_cell_reassignment,True,0.3060574406031229,True,1175.4929372283498,1387.4639930793478,0.30370256531191003
769,38,24,1174.7493981996652,1405.1467818522608,0.16535529494285583,1.1316011830620132,projective_2d_nearest_cell_reassignment,True,1.1316011830620132,True,1175.4349523689193,1404.229545176396,1.145123416288973
1154,39,24,1175.1953870323134,1420.6260919060633,0.15724121034145355,0.44147411791888186,projective_2d_nearest_cell_reassignment,True,0.44147411791888186,True,1175.3769595202168,1420.997407265389,0.41333238977201997
967,40,24,1175.6913150189093,1437.4595934443896,0.1612982600927353,0.49431706009169396,projective_2d_nearest_cell_reassignment,True,0.49431706009169396,False,1175.3189586805906,1437.7675798237728,0.48322339820387666
1327,41,24,1174.555270366741,1455.7556581870904,0.15293827652931213,1.3846135524692793,projective_2d_nearest_cell_reassignment,True,1.3846135524692793,False,1175.2609498483898,1454.5400633291251,1.4055797343201841
417,42,24,1174.5431853595885,1472.6761466897765,0.1737152636051178,1.4881074520703885,projective_2d_nearest_cell_reassignment,True,1.4881074520703885,False,1175.2029330219611,1471.3148582591546,1.512736979567587
739,43,24,1175.649021868906,1487.512555189152,0.1658470630645752,0.7880658763834256,projective_2d_nearest_cell_reassignment,True,0.7880658763834256,False,1175.144908199653,1488.0919650917026,0.7680146005783223
1007,44,24,1174.582462025941,1504.9648862801102,0.160437673330307,0.5179784372640802,projective_2d_nearest_cell_reassignment,True,0.5179784372640802,False,1175.0868753798115,1504.8713843047415,0.5130062874477109
1075,45,24,1175.2160592842654,1520.7792369398294,0.15871649980545044,0.9304817702259158,projective_2d_nearest_cell_reassignment,True,0.9304817702259158,False,1175.0288345607833,1521.6531163763757,0.8937104490277854
1352,46,24,1175.0332879410116,1540.210606264622,0.1522006392478943,1.731951842393708,projective_2d_nearest_cell_reassignment,True,1.731951842393708,False,1174.9707857409144,1538.437161784841,1.7745455327723532
1072,47,24,1175.2014642267243,1554.6590035798072,0.15883943438529968,0.6698668851938779,projective_2d_nearest_cell_reassignment,True,0.6698668851938779,False,1174.9127289185506,1555.223521008506,0.6340725553837205
386,48,24,1175.476171842385,1571.4588532248215,0.1743299812078476,0.8568520448736271,projective_2d_nearest_cell_reassignment,True,0.8568520448736271,False,1174.8546640920365,1572.0121945258704,0.8321409010436202
681,49,24,1175.0844725069737,1587.8220130420868,0.16744528710842133,1.0683454148722558,projective_2d_nearest_cell_reassignment,True,1.0683454148722558,False,1174.796591259717,1588.8031828155665,1.0225310444736084
11,0,25,1162.3744799401459,767.3962936619077,0.1983034312725067,0.662054377068102,projective_2d_nearest_cell_reassignment,True,0.662054377068102,True,1162.6215396471682,767.9787585035391,0.6326956539842832
527,1,25,1163.2957156537793,785.4014093189087,0.17088761925697327,1.0019061895115893,projective_2d_nearest_cell_reassignment,True,1.0019061895115893,True,1162.5627306524511,784.6838752349747,1.025730068672575
1103,2,25,1163.30008117506,801.1862216062012,0.15822474658489227,0.8216396440445265,projective_2d_nearest_cell_reassignment,True,0.8216396440445265,True,1162.503913563518,801.3912911866852,0.8221535127387164
52,3,25,1162.3816478909864,818.8339740413581,0.1906810998916626,0.7135200810181763,projective_2d_nearest_cell_reassignment,True,0.7135200810181763,True,1162.4450883786965,818.1010068333848,0.7357075665270784
463,4,25,1162.1566171063798,833.7268287313443,0.17248587310314178,1.1325289165532937,projective_2d_nearest_cell_reassignment,True,1.1325289165532937,True,1162.3862550963158,834.8130226499196,1.1102030603325796
449,5,25,1162.443337869453,851.1763278392398,0.17285467684268951,0.3861451200201423,projective_2d_nearest_cell_reassignment,True,0.3861451200201423,False,1162.3274137147037,851.5273391112655,0.3696583865455766
723,6,25,1162.5272060370316,868.0317324313187,0.16633883118629456,0.3406901047109521,projective_2d_nearest_cell_reassignment,True,0.3406901047109521,False,1162.2685642321871,868.2439566925298,0.3345664661316318
771,7,25,1163.0904908319942,885.3087321787705,0.16535529494285583,0.933132891191535,projective_2d_nearest_cell_reassignment,True,0.933132891191535,False,1162.2097066470935,884.96287586895,0.9462543883194132
984,8,25,1161.9930845943718,901.2383715577572,0.16092944145202637,0.4898652107059902,projective_2d_nearest_cell_reassignment,True,0.4898652107059902,False,1162.1508409577493,901.6840971158953,0.472819567449987
279,9,25,1161.9775509318542,917.5834222479172,0.1776493787765503,0.8471964507210502,projective_2d_nearest_cell_reassignment,True,0.8471964507210502,False,1162.0919671624804,918.4076209088648,0.8321024615626567
878,10,25,1160.9439573848588,934.818665677164,0.1631423532962799,1.1448897023724838,projective_2d_nearest_cell_reassignment,True,1.1448897023724838,False,1162.0330852596126,935.1334477234898,1.1337051046258788
388,11,25,1163.0237704184565,951.9539361158895,0.1743299663066864,1.0447828650198945,projective_2d_nearest_cell_reassignment,True,1.0447828650198945,False,1161.9741952474708,951.8615780355314,1.0536308910415861
140,12,25,1161.7702054092183,967.6408955849073,0.1834275871515274,0.9743597779916637,projective_2d_nearest_cell_reassignment,True,0.9743597779916637,False,1161.9152971243798,968.5920123208825,0.962119873643965
1177,13,25,1162.8934444733486,985.528397875363,0.15662652254104614,1.0470475065462659,projective_2d_nearest_cell_reassignment,True,1.0470475065462659,False,1161.8563908886633,985.3247510555667,1.056859576633403
409,14,25,1161.7676256422585,1001.4199832150117,0.17383821308612823,0.6506018017237329,projective_2d_nearest_cell_reassignment,True,0.6506018017237329,False,1161.7974765386462,1002.0597947157393,0.6405074804234381
46,15,25,1161.7171902041136,1017.8131404861866,0.19178755581378937,0.9935517799263655,projective_2d_nearest_cell_reassignment,True,0.9935517799263655,False,1161.7385540726507,1018.797143777686,0.984235181529492
433,16,25,1161.8155975437696,1035.1351363858378,0.17334644496440887,0.4297485699420857,projective_2d_nearest_cell_reassignment,True,0.4297485699420857,False,1161.6796234889998,1035.5367987178245,0.4240537377591844
355,17,25,1160.5730205756875,1052.9176192413606,0.1751905381679535,1.229853187111613,projective_2d_nearest_cell_reassignment,True,1.229853187111613,False,1161.6206847860162,1052.278760012703,1.227086554259624
441,18,25,1160.6301242178897,1068.7051775118996,0.17297762632369995,0.9947886220756735,projective_2d_nearest_cell_reassignment,True,0.9947886220756735,False,1161.5617379620214,1069.023028139002,0.9843440401630427
69,19,25,1160.6503471573346,1085.0380360565002,0.18895992636680603,1.1347737051403466,projective_2d_nearest_cell_reassignment,True,1.1347737051403466,False,1161.5027830153374,1085.7696035735325,1.1233155941166926
744,20,25,1161.7081029948251,1104.3065906574511,0.1658470630645752,1.7985689393642472,projective_2d_nearest_cell_reassignment,True,1.7985689393642472,False,1161.4438199442843,1102.5184867932371,1.8075289651953668
15,21,25,1161.5228231423548,1120.5610119742541,0.19682812690734863,1.2899598972442268,projective_2d_nearest_cell_reassignment,True,1.2899598972442268,False,1161.3848487471835,1119.2696782751902,1.2986838168164518
358,22,25,1161.507901153277,1135.3999613434385,0.17506761848926544,0.6546933971908839,projective_2d_nearest_cell_reassignment,True,0.6546933971908839,False,1161.3258694223543,1136.0231784965977,0.6492573996918265
467,23,25,1161.5712363763137,1152.2501054611057,0.17236292362213135,0.6132677478667762,projective_2d_nearest_cell_reassignment,True,0.6132677478667762,False,1161.2668819681169,1152.7789879347965,0.6102034716110241
1046,24,25,1161.0800396123434,1168.6189164604777,0.1594541370868683,0.93689802690916,projective_2d_nearest_cell_reassignment,True,0.93689802690916,False,1161.2078863827899,1169.5371070672556,0.9270484275855047
229,25,25,1161.4454594640924,1185.5615857116697,0.17924760282039642,0.7988402457988706,projective_2d_nearest_cell_reassignment,True,0.7988402457988706,True,1161.148882664692,1186.297536371576,0.7934615124622386
431,26,25,1161.4254761411614,1202.9684067787637,0.17334645986557007,0.3423290759127239,projective_2d_nearest_cell_reassignment,True,0.3423290759127239,True,1161.089870812142,1203.060276325489,0.34795251181990916
217,27,25,1160.456643774664,1219.3821782384116,0.1797393560409546,0.73868875614889,projective_2d_nearest_cell_reassignment,True,0.73868875614889,True,1161.0308508234566,1219.825327406859,0.7253240106179335
921,28,25,1160.273264270974,1235.5617933837052,0.16215884685516357,1.259592067905772,projective_2d_nearest_cell_reassignment,True,1.259592067905772,True,1160.971822696954,1236.5926900936813,1.245283863682096
893,29,25,1161.369482450586,1253.1293216189147,0.16289648413658142,0.5105798201380787,projective_2d_nearest_cell_reassignment,True,0.5105798201380787,True,1160.9127864309505,1253.3623648640842,0.5127186445508238
969,30,25,1161.2962772067494,1270.4837664915974,0.1612982451915741,0.5486622751573501,projective_2d_nearest_cell_reassignment,True,0.5486622751573501,False,1160.8537420237624,1270.1343521963263,0.5638508117589264
479,31,25,1161.3153855047535,1286.9537776654363,0.17199410498142242,0.5126380648528635,projective_2d_nearest_cell_reassignment,True,0.5126380648528635,False,1160.794689473706,1286.9086525687992,0.5226477122260165
542,32,25,1160.3213852018184,1303.3529045755256,0.1703958660364151,0.5479367889963753,projective_2d_nearest_cell_reassignment,True,0.5479367889963753,False,1160.7356287790963,1303.6852664600262,0.5310952490700248
633,33,25,1160.2505177563137,1322.3445710004694,0.16842880845069885,1.9135742264038393,projective_2d_nearest_cell_reassignment,True,1.9135742264038393,False,1160.676559938248,1320.4641943486627,1.9280374201366435
564,34,25,1161.2369468856339,1337.133709315302,0.16990411281585693,0.6240428367769073,projective_2d_nearest_cell_reassignment,True,0.6240428367769073,False,1160.6174829494762,1337.2454367134958,0.6294589579210973
912,35,25,1160.4111813718475,1353.6589745079991,0.1625276505947113,0.4201432762162373,projective_2d_nearest_cell_reassignment,True,0.4201432762162373,False,1160.5583978110942,1354.028994033445,0.39822999534908243
947,36,25,1160.72356751072,1370.5749409111615,0.1616670787334442,0.33856579225855066,projective_2d_nearest_cell_reassignment,True,0.33856579225855066,False,1160.4993045214162,1370.8148667875619,0.3284178961900592
271,37,25,1160.1551870786016,1387.3715412716367,0.17777231335639954,0.3893188423090416,projective_2d_nearest_cell_reassignment,True,0.3893188423090416,False,1160.440203078755,1387.6030554550302,0.3671960477127756
489,38,25,1160.188382040566,1403.7064997055572,0.1716252863407135,0.740387619510429,projective_2d_nearest_cell_reassignment,True,0.740387619510429,False,1160.3810934814232,1404.3935605151655,0.7135756831176792
778,39,25,1160.6316467986535,1420.6482980462538,0.16510941088199615,0.6400995656307514,projective_2d_nearest_cell_reassignment,True,0.6400995656307514,False,1160.3219757277332,1421.1863824474167,0.6208308907744416
724,40,25,1161.1349133963756,1438.4219218147825,0.16633881628513336,0.9555885172646611,projective_2d_nearest_cell_reassignment,True,0.9555885172646611,False,1160.2628498159959,1437.981521731364,0.9769580961841878
980,41,25,1160.6159312344018,1454.4427843109784,0.16092944145202637,0.5453329299572769,projective_2d_nearest_cell_reassignment,True,0.5453329299572769,False,1160.2037157445236,1454.7789788467207,0.5319289200246473
1138,42,25,1160.1148956214997,1471.4423702217346,0.15748709440231323,0.17462752250277577,projective_2d_nearest_cell_reassignment,True,0.17462752250277577,False,1160.1445735116263,1471.5787542733317,0.13957573819404673
911,43,25,1159.6492129991693,1488.252261256089,0.1625276505947113,0.4752611723324624,projective_2d_nearest_cell_reassignment,True,0.4752611723324624,False,1160.0854231156143,1488.3808484911751,0.45476800977642695
1090,44,25,1160.0576127338459,1506.4679045542875,0.15847061574459076,1.2441231196653837,projective_2d_nearest_cell_reassignment,True,1.2441231196653837,False,1160.0262645547973,1505.185261980361,1.283025596306838
989,45,25,1161.047039670136,1522.821976520593,0.16080649197101593,1.3294604186942405,projective_2d_nearest_cell_reassignment,True,1.3294604186942405,False,1159.9670978274853,1521.9919952211328,1.362036468293407
638,46,25,1160.0449688987305,1537.8349863931765,0.1683058738708496,1.018117464683334,projective_2d_nearest_cell_reassignment,True,1.018117464683334,False,1159.9079229319868,1538.8010486938651,0.9757345775428077
1251,47,25,1160.0712061595625,1554.7307715986026,0.15478239953517914,0.9526010548549414,projective_2d_nearest_cell_reassignment,True,0.9526010548549414,False,1159.84873986661,1555.612422879067,0.909285561220794
645,48,25,1160.024395066766,1571.6260923810657,0.16818293929100037,0.8791587824598323,projective_2d_nearest_cell_reassignment,True,0.8791587824598323,False,1159.7895486296634,1572.4261182573787,0.8337830963686088
174,49,25,1159.4812211598562,1588.4382721841368,0.18182936310768127,0.8950403317899079,projective_2d_nearest_cell_reassignment,True,0.8950403317899079,False,1159.730349219454,1589.2421353095742,0.8415822684187709
31,0,26,1147.8347885456228,766.7775989988786,0.1940004974603653,0.5147627026051614,projective_2d_nearest_cell_reassignment,True,0.5147627026051614,True,1147.5656875780999,767.19706211106,0.49836194999482725
194,1,26,1147.9104017854042,783.4550006104726,0.18084582686424255,0.6336431001562706,projective_2d_nearest_cell_reassignment,True,0.6336431001562706,True,1147.5057536021425,783.9269519906751,0.6216737548683665
584,2,26,1147.8365412012577,802.2852350817051,0.16965822875499725,1.6504694658689847,projective_2d_nearest_cell_reassignment,True,1.6504694658689847,True,1147.4458113648705,800.6591479226214,1.6723723431042539
341,3,26,1147.5508718138008,817.2078692727438,0.1755593866109848,0.25776648364313,projective_2d_nearest_cell_reassignment,True,0.25776648364313,True,1147.3858608645755,817.3936503837319,0.2484818596280373
426,4,26,1147.7470208421153,833.5248307943468,0.1734693944454193,0.7472674293694473,projective_2d_nearest_cell_reassignment,True,0.7472674293694473,True,1147.325902099549,834.1304598509714,0.737650018347844
73,5,26,1146.676921492914,850.8441059377031,0.1885910928249359,0.5987097857730499,projective_2d_nearest_cell_reassignment,True,0.5987097857730499,False,1147.2659350680815,850.869576801436,0.5895640394654442
189,6,26,1147.5302089706001,867.3177206775562,0.18109172582626343,0.44097930768811605,projective_2d_nearest_cell_reassignment,True,0.44097930768811605,False,1147.205959768464,867.6110017123532,0.43720854344067656
382,7,26,1147.4683369933377,884.4482618931359,0.17445291578769684,0.324205572891571,projective_2d_nearest_cell_reassignment,True,0.324205572891571,False,1147.1459761989859,884.3547350610825,0.33565421202350076
225,8,26,1146.969369722306,900.3983652997713,0.17937052249908447,0.7251271961697531,projective_2d_nearest_cell_reassignment,True,0.7251271961697531,False,1147.0859843579362,901.1007773251147,0.7120264226769727
544,9,26,1146.5083243812385,917.1914839031357,0.17027294635772705,0.8505727021624558,projective_2d_nearest_cell_reassignment,True,0.8505727021624558,False,1147.0259842436046,917.8491289820724,0.8369401310456224
190,10,26,1147.3995785607692,934.9585763085923,0.18109169602394104,0.5501132668904859,projective_2d_nearest_cell_reassignment,True,0.5501132668904859,False,1146.9659758542796,934.5997905097101,0.5627953060879891
97,11,26,1147.3971078619534,951.0035842715721,0.18650108575820923,0.6011351945245048,projective_2d_nearest_cell_reassignment,True,0.6011351945245048,False,1146.9059591882483,951.352762385914,0.6026212535396215
484,12,26,1146.748430684474,967.4830844251774,0.171871155500412,0.6419543599840706,projective_2d_nearest_cell_reassignment,True,0.6419543599840706,False,1146.845934243799,968.1080450887022,0.6325209680591041
555,13,26,1146.7410862143145,983.7460994224455,0.17014998197555542,1.1283471965452194,projective_2d_nearest_cell_reassignment,True,1.1283471965452194,False,1146.7859010192185,984.8656390962244,1.1204362756996284
585,14,26,1146.3235520940107,1001.0687569122534,0.16965821385383606,0.6975145138703207,projective_2d_nearest_cell_reassignment,True,0.6975145138703207,False,1146.7258595127935,1001.6255448867624,0.6869236549759593
965,15,26,1146.2492846299456,1017.576079867903,0.16142117977142334,0.922000147391574,projective_2d_nearest_cell_reassignment,True,0.922000147391574,False,1146.6658097228099,1018.3877629387301,0.9123171380901357
776,16,26,1146.7059133126922,1034.423537400387,0.1652323603630066,0.7406986082734844,projective_2d_nearest_cell_reassignment,True,0.7406986082734844,False,1146.6057516475537,1035.1522937306734,0.7356073328181351
520,17,26,1147.3237639937547,1052.769480559815,0.17088763415813446,1.1424983957155521,projective_2d_nearest_cell_reassignment,True,1.1424983957155521,False,1146.54568528531,1051.91913774127,1.152601138983529
51,18,26,1146.1449407556383,1067.6970615463972,0.19117285311222076,1.0564606277400637,projective_2d_nearest_cell_reassignment,True,1.0564606277400637,False,1146.4856106343627,1068.6882954493299,1.0481415059967842
908,19,26,1145.7010451496376,1085.5264173967703,0.1625276654958725,0.7354156101437519,projective_2d_nearest_cell_reassignment,True,0.7354156101437519,False,1146.425527692997,1085.4597673337953,0.7275418795692925
106,20,26,1145.577702610601,1101.9413096615738,0.18600934743881226,0.8501751994573942,projective_2d_nearest_cell_reassignment,True,0.8501751994573942,False,1146.3654364594963,1102.2335538737404,0.8401971770010332
642,21,26,1145.6531729150681,1119.27711588796,0.1683058738708496,0.7103954540475262,projective_2d_nearest_cell_reassignment,True,0.7103954540475262,False,1146.3053369321437,1119.009655548372,0.7048779599482274
663,22,26,1145.8745450562135,1136.6266216219303,0.16781412065029144,0.914378607508465,projective_2d_nearest_cell_reassignment,True,0.914378607508465,False,1146.2452291092222,1135.7880728370287,0.9168264458527291
625,23,26,1146.0004808462352,1151.5902244023378,0.1685517579317093,1.0041998570231532,projective_2d_nearest_cell_reassignment,True,1.0041998570231532,False,1146.1851129890142,1152.5688062191819,0.9958470768170559
796,24,26,1146.060278669248,1168.7379647602345,0.16474059224128723,0.6255843859283321,projective_2d_nearest_cell_reassignment,True,0.6255843859283321,False,1146.1249885698012,1169.351856174435,0.6172925073728335
948,25,26,1145.838939265695,1185.572463406357,0.1616670787334442,0.6188803749563037,projective_2d_nearest_cell_reassignment,True,0.6188803749563037,True,1146.064855849865,1186.1372231825244,0.6082696012293187
302,26,26,1145.3880320845662,1202.4435876747023,0.17691174149513245,0.7943418990453918,projective_2d_nearest_cell_reassignment,True,0.7943418990453918,True,1146.004714827486,1202.924907723318,0.7822829376986592
750,27,26,1145.9731387038673,1219.2882611361945,0.16572412848472595,0.43670787669106875,projective_2d_nearest_cell_reassignment,True,0.43670787669106875,True,1145.9445655009451,1219.7149102768176,0.42760486096356887
721,28,26,1144.8081387120674,1237.0659406766458,0.16633883118629456,1.21537858471953,projective_2d_nearest_cell_reassignment,True,1.21537858471953,True,1145.8844078685217,1236.5072313231556,1.2126464607677332
574,29,26,1144.9114474909043,1253.786287629853,0.1697811633348465,1.0355167225641517,projective_2d_nearest_cell_reassignment,True,1.0355167225641517,True,1145.824241928496,1253.3018713425993,1.0333696457003454
620,30,26,1145.6278238363866,1269.6092832827983,0.16867469251155853,0.5227315749942725,projective_2d_nearest_cell_reassignment,True,0.5227315749942725,False,1145.7640676791461,1270.0988308155468,0.5081527049126131
403,31,26,1145.2803752264974,1286.4932216021884,0.17396114766597748,0.6017447016250399,projective_2d_nearest_cell_reassignment,True,0.6017447016250399,False,1145.7038851187515,1286.89811022253,0.5859141777761946
892,32,26,1144.6941903723873,1304.7966777335243,0.16289648413658142,1.4448342257657028,projective_2d_nearest_cell_reassignment,True,1.4448342257657028,False,1145.6436942455894,1303.6997100442131,1.4508258739829785
272,33,26,1145.5203411049629,1319.6775551412663,0.17777231335639954,0.845984234040949,projective_2d_nearest_cell_reassignment,True,0.845984234040949,False,1145.583495057938,1320.5036307613934,0.8284861809014933
756,34,26,1144.7974910295218,1337.9233138220923,0.16560117900371552,0.9450801955363033,projective_2d_nearest_cell_reassignment,True,0.9450801955363033,False,1145.5232875540742,1337.3098728550003,0.9503106940148655
794,35,26,1145.3580916811395,1353.6484669262666,0.16474059224128723,0.5030835493439821,projective_2d_nearest_cell_reassignment,True,0.5030835493439821,False,1145.4630717322743,1354.118436806097,0.4815521769071937
670,36,26,1145.102478339589,1370.553011368428,0.167691171169281,0.503990936179418,projective_2d_nearest_cell_reassignment,True,0.503990936179418,False,1145.4028475908149,1370.929323095879,0.4814895671757573
736,37,26,1144.6127999011112,1387.2879541421187,0.16596999764442444,0.8797705902027666,projective_2d_nearest_cell_reassignment,True,0.8797705902027666,False,1145.3426151279712,1387.7425322056752,0.8598089794968469
899,38,26,1145.1175757334156,1404.4678553750366,0.16277354955673218,0.20857712782378807,projective_2d_nearest_cell_reassignment,True,0.20857712782378807,False,1145.2823743420188,1404.5580646169471,0.1878730654554246
898,39,26,1144.5518373045682,1421.1542985080284,0.16277354955673218,0.7232213340015482,projective_2d_nearest_cell_reassignment,True,0.7232213340015482,False,1145.222125231232,1421.37592081129,0.7059761681064195
553,40,26,1145.1655120888395,1437.7582021704225,0.17014998197555542,0.4681524660656711,projective_2d_nearest_cell_reassignment,True,0.4681524660656711,False,1145.1618677938854,1438.1961012704312,0.4379142640679478
375,41,26,1144.646029772531,1455.1022795259432,0.17457585036754608,0.46686622041926934,projective_2d_nearest_cell_reassignment,True,0.46686622041926934,False,1145.101602028253,1455.0186064762322,0.4631924647828277
631,42,26,1145.1938193350857,1473.293538348925,0.16842882335186005,1.4223991893686794,projective_2d_nearest_cell_reassignment,True,1.4223991893686794,False,1145.0413279326071,1471.843436910687,1.4580973249444265
257,43,26,1145.1266517076747,1487.8331465866622,0.1782640814781189,0.885688103977301,projective_2d_nearest_cell_reassignment,True,0.885688103977301,False,1144.9810455052216,1488.670593055923,0.8500104440948139
455,44,26,1145.0663987333037,1504.731555136111,0.17260879278182983,0.8202914684579926,projective_2d_nearest_cell_reassignment,True,0.8202914684579926,False,1144.9207547443682,1505.5000753942015,0.782199180905123
1000,45,26,1145.0396051418736,1524.1643794783288,0.16056060791015625,1.797625124734103,projective_2d_nearest_cell_reassignment,True,1.797625124734103,False,1144.8604556483187,1522.3318844079167,1.841231306524368
975,46,26,1145.4678965498942,1540.4606017406954,0.1610523760318756,1.4120655086841198,projective_2d_nearest_cell_reassignment,True,1.4120655086841198,False,1144.800148215345,1539.1660205795954,1.4566496562209037
1250,47,26,1144.5739573144374,1555.4656658779738,0.15478239953517914,0.6110669194080462,projective_2d_nearest_cell_reassignment,True,0.6110669194080462,False,1144.7398324437174,1556.0024843918998,0.5618617938668911
1190,48,26,1144.9812474709522,1571.7730104454288,0.15625768899917603,1.1579559274726308,projective_2d_nearest_cell_reassignment,True,1.1579559274726308,False,1144.6795083317068,1572.8412763276233,1.1100623870816462
1088,49,26,1144.5802758231982,1589.2512761659211,0.15847061574459076,0.4885581686883291,projective_2d_nearest_cell_reassignment,True,0.4885581686883291,False,1144.6191758775826,1589.6823968696947,0.43287212367316574
4,0,27,1133.3570109256711,766.7106959868817,0.20666339993476868,0.925736063990256,projective_2d_nearest_cell_reassignment,True,0.925736063990256,True,1132.4650202046812,766.4130389182394,0.9403441799920244
18,1,27,1132.3802103882463,783.1935787385873,0.1967051923274994,0.033598482414267904,projective_2d_nearest_cell_reassignment,True,0.033598482414267904,True,1132.4039548055687,783.1677755303758,0.035065694175190315
318,2,27,1132.5012483313385,799.454863685361,0.1764199584722519,0.5086818955436233,projective_2d_nearest_cell_reassignment,True,0.5086818955436233,True,1132.3428809766567,799.924825057397,0.4959273235413123
801,3,27,1133.1062138636412,817.1220849348884,0.16474059224128723,0.9188310073786423,projective_2d_nearest_cell_reassignment,True,0.9188310073786423,True,1132.281798716199,816.6841879782671,0.933495623958782
78,4,27,1132.306844751338,832.7118735616705,0.18834522366523743,0.7511898729824434,projective_2d_nearest_cell_reassignment,True,0.7511898729824434,True,1132.2207080224507,833.4458647720825,0.7390281679513233
753,5,27,1132.205056184503,849.5820625315622,0.16572411358356476,0.6406848489228597,projective_2d_nearest_cell_reassignment,True,0.6406848489228597,False,1132.1596088936642,850.2098559180716,0.6294362496628084
402,6,27,1131.9474698082317,865.8821385633535,0.17396116256713867,1.1160996269009573,projective_2d_nearest_cell_reassignment,True,1.1160996269009573,False,1132.0985013280924,866.9761618955956,1.1043991902757193
586,7,27,1133.055543889439,883.9422042338306,0.16965821385383606,1.0268037234243388,projective_2d_nearest_cell_reassignment,True,1.0268037234243388,False,1132.0373853239878,883.7447831841478,1.037121948113803
499,8,27,1131.4858352138715,901.4040997330281,0.17150232195854187,1.0116853455060324,projective_2d_nearest_cell_reassignment,True,1.0116853455060324,False,1131.976260879603,900.5157202633538,1.0147587968315044
504,9,27,1131.803360629716,915.9142899551593,0.17137938737869263,1.3873518749103377,projective_2d_nearest_cell_reassignment,True,1.3873518749103377,False,1131.9151279931887,917.2889736129723,1.3792197441291414
617,10,27,1130.9952135129436,934.1534226688841,0.16879764199256897,0.8712676682456114,projective_2d_nearest_cell_reassignment,True,0.8712676682456114,False,1131.853986662996,934.0645437128937,0.8633601751696434
197,11,27,1130.8604996964682,950.5514374731245,0.18047702312469482,0.9866199674067612,projective_2d_nearest_cell_reassignment,True,0.9866199674067612,False,1131.7928368872754,950.8424310431417,0.9766933475526441
53,12,27,1131.7578416387612,966.7476707786027,0.1906810849905014,0.8803856641970604,projective_2d_nearest_cell_reassignment,True,0.8803856641970604,False,1131.7316786642773,967.6226360838722,0.8753563769455079
451,13,27,1131.8422436175508,983.5950479118972,0.17260882258415222,0.8310295068880454,projective_2d_nearest_cell_reassignment,True,0.8310295068880454,False,1131.6705119922503,984.4051593153738,0.8281136619880364
429,14,27,1131.4432375364488,999.8024615562997,0.17346937954425812,1.4027574636023599,projective_2d_nearest_cell_reassignment,True,1.4027574636023599,False,1131.6093368694442,1001.1900012180679,1.3974459923021294
74,15,27,1131.713679170293,1017.3340452150778,0.18846815824508667,0.6659294580492426,projective_2d_nearest_cell_reassignment,True,0.6659294580492426,False,1131.5481532941074,1017.9771622725088,0.6640770777897627
532,16,27,1131.7431491016475,1033.5751741298993,0.17064176499843597,1.2207034287625453,projective_2d_nearest_cell_reassignment,True,1.2207034287625453,False,1131.486961264488,1034.7666429593835,1.218700200845505
265,17,27,1131.6368586450096,1052.5763701712913,0.17814111709594727,1.0342741343483541,projective_2d_nearest_cell_reassignment,True,1.0342741343483541,False,1131.4257607788331,1051.5584437595116,1.0395847675407772
76,18,27,1131.6627883806311,1067.4409230855024,0.18834522366523743,0.9602052054217449,projective_2d_nearest_cell_reassignment,True,0.9602052054217449,False,1131.3645518353903,1068.352565153846,0.9591852259552784
621,19,27,1131.537618383495,1084.8615345461192,0.16867469251155853,0.368740034925695,projective_2d_nearest_cell_reassignment,True,0.368740034925695,False,1131.3033344324062,1085.149007623472,0.3708500235142484
317,20,27,1130.5808298656634,1102.6914581466883,0.1764199584722519,0.9976017116760697,projective_2d_nearest_cell_reassignment,True,0.9976017116760697,False,1131.2421085681265,1101.9477716496087,0.9951678894888598
363,21,27,1131.453141755558,1118.2840804702,0.174944669008255,0.5384276160518432,projective_2d_nearest_cell_reassignment,True,0.5384276160518432,False,1131.1808742407973,1118.7488577136075,0.5386534002338
92,22,27,1130.3833869508162,1135.1223893000433,0.1867469996213913,0.8620241648516958,projective_2d_nearest_cell_reassignment,True,0.8620241648516958,False,1131.1196314486635,1135.5522662969531,0.8525550968017636
607,23,27,1130.8730460432462,1151.5212194685917,0.16904351115226746,0.8641224994278811,projective_2d_nearest_cell_reassignment,True,0.8641224994278811,False,1131.0583801899695,1152.3579978812638,0.8570570913631311
847,24,27,1130.3597907103863,1169.0295403979499,0.16363413631916046,0.6609299810135316,projective_2d_nearest_cell_reassignment,True,0.6609299810135316,False,1130.9971204629599,1169.1660529482901,0.6517859233796838
602,25,27,1130.3665106437538,1185.4369705689307,0.1691664606332779,0.7948341357313498,projective_2d_nearest_cell_reassignment,True,0.7948341357313498,True,1130.9358522658786,1185.976431979917,0.78432677923607
328,26,27,1130.7756314411815,1202.4868805133049,0.17605113983154297,0.32788078571690826,projective_2d_nearest_cell_reassignment,True,0.32788078571690826,True,1130.8745755969683,1202.7891354581611,0.3180377299227412
113,27,27,1130.3275442823665,1219.2475026064049,0.1855175793170929,0.614144011861651,projective_2d_nearest_cell_reassignment,True,0.614144011861651,True,1130.8132904544718,1219.6041638651736,0.6026247565620908
491,28,27,1130.7135027532793,1236.2425276106917,0.1716252863407135,0.19437380950775893,projective_2d_nearest_cell_reassignment,True,0.19437380950775893,True,1130.7519968366316,1236.421517683239,0.1830826057375032
117,29,27,1130.771276577484,1252.6352770261558,0.1852717101573944,0.6211651727667907,projective_2d_nearest_cell_reassignment,True,0.6211651727667907,True,1130.6906947416894,1253.2411973947749,0.611255204777447
641,30,27,1130.474074662234,1272.029160145047,0.1683058738708496,1.9604836560006187,projective_2d_nearest_cell_reassignment,True,1.9604836560006187,False,1130.629384167886,1270.0632034823318,1.9720818041399621
886,31,27,1130.4202666332749,1288.4023222639557,0.16301941871643066,1.5091464282626483,projective_2d_nearest_cell_reassignment,True,1.5091464282626483,False,1130.5680651134628,1286.887536428595,1.521979144980428
207,32,27,1130.0675794565875,1303.384727085756,0.1801081895828247,0.5643153716257265,projective_2d_nearest_cell_reassignment,True,0.5643153716257265,False,1130.5067375766596,1303.714196716382,0.5490082803839712
390,33,27,1130.137653114078,1319.7346868816624,0.17420703172683716,0.8835145028982795,projective_2d_nearest_cell_reassignment,True,0.8835145028982795,False,1130.4454015557167,1320.5431848286448,0.8650884542091339
953,34,27,1130.081775261924,1338.5966224736924,0.16154414415359497,1.24283041025451,projective_2d_nearest_cell_reassignment,True,1.24283041025451,False,1130.3840570488728,1337.3745012484687,1.2589497876655684
353,35,27,1130.5721416165363,1354.221008480952,0.17519055306911469,0.24201677462769225,projective_2d_nearest_cell_reassignment,True,0.24201677462769225,False,1130.3227040543675,1354.2081464590724,0.24976895128812268
395,36,27,1130.021240443362,1372.506826315665,0.17408409714698792,1.461510807423389,projective_2d_nearest_cell_reassignment,True,1.461510807423389,False,1130.2613425704385,1371.0441209438088,1.4822806874149834
290,37,27,1130.114545565824,1386.8803589914555,0.17715761065483093,1.0306295790618374,projective_2d_nearest_cell_reassignment,True,1.0306295790618374,False,1130.1999725953237,1387.8824251861647,1.005700967459059
712,38,27,1129.5814891901452,1405.8528523976508,0.16658470034599304,1.239293101558981,projective_2d_nearest_cell_reassignment,True,1.239293101558981,False,1130.1385941272608,1404.7230596697596,1.259681514889625
464,39,27,1130.0306320000898,1420.851834831658,0.1724858582019806,0.74494038564691,projective_2d_nearest_cell_reassignment,True,0.74494038564691,False,1130.0772071644867,1421.5660248783488,0.7157071109964699
700,40,27,1129.9526422283907,1437.8120445763059,0.16683059930801392,0.6343731249350871,projective_2d_nearest_cell_reassignment,True,0.6343731249350871,False,1130.0158117052372,1438.4113212958193,0.6025968547510582
996,41,27,1131.1635410345316,1455.078377447954,0.1606835424900055,1.2208303307554305,projective_2d_nearest_cell_reassignment,True,1.2208303307554305,False,1129.9544077477485,1455.258949406194,1.2225422435684954
952,42,27,1129.5387826969045,1473.5878868271077,0.16154414415359497,1.487312496842036,projective_2d_nearest_cell_reassignment,True,1.487312496842036,False,1129.8929952902565,1472.1089096936284,1.5208023943444011
1058,43,27,1129.825024575619,1490.4567496155626,0.15908531844615936,1.4566710241469483,projective_2d_nearest_cell_reassignment,True,1.4566710241469483,False,1129.8315743309959,1488.9612026424127,1.4955613154241723
1207,44,27,1128.956600469409,1506.2021128454257,0.15576592087745667,0.890030360370979,projective_2d_nearest_cell_reassignment,True,0.890030360370979,False,1129.7701448682005,1505.8158287369713,0.9005941934353184
884,45,27,1130.4354865466312,1522.371940867505,0.16301941871643066,0.7983709535516926,projective_2d_nearest_cell_reassignment,True,0.7983709535516926,False,1129.708706900105,1522.6727884618626,0.7865862506016685
659,46,27,1129.9761584514715,1538.801992609466,0.16793705523014069,0.8417546093362368,projective_2d_nearest_cell_reassignment,True,0.8417546093362368,False,1129.6472604249425,1539.5320823017785,0.8007526900833104
813,47,27,1129.9767389302917,1558.0270522012968,0.1643717736005783,1.6284524242890763,projective_2d_nearest_cell_reassignment,True,1.6284524242890763,False,1129.5858054409462,1556.3937107415466,1.679474119250102
955,48,27,1129.4583726317308,1572.5645686563576,0.16154412925243378,0.7506968681140034,projective_2d_nearest_cell_reassignment,True,0.7506968681140034,False,1129.5243419463482,1573.2576742661272,0.6962379885967458
1431,49,27,1130.3585157449463,1589.9150734374155,0.15035653114318848,0.927846357116237,projective_2d_nearest_cell_reassignment,True,0.927846357116237,False,1129.4628699393807,1590.1239733606164,0.9196850476879277
200,0,28,1116.8648071484276,766.0652347117948,0.18047700822353363,0.6281313769445045,projective_2d_nearest_cell_reassignment,True,0.6281313769445045,True,1117.3193371325676,765.6266785206485,0.6316082957617266
186,1,28,1116.7214116235734,782.6593146214794,0.18133759498596191,0.5953853178647783,projective_2d_nearest_cell_reassignment,True,0.5953853178647783,True,1117.2571338257258,782.4063357779885,0.5924496376342542
283,2,28,1117.696259540782,800.445044328933,0.17740347981452942,1.338502072176138,projective_2d_nearest_cell_reassignment,True,1.338502072176138,True,1117.1949219192006,799.1883128434459,1.3530385942120795
299,3,28,1116.651482585947,816.789675471945,0.1770346760749817,0.9439641450503217,projective_2d_nearest_cell_reassignment,True,0.9439641450503217,True,1117.1327014112092,815.9726101981282,0.94824428258966
825,4,28,1117.5618739705121,832.8545120118223,0.16424882411956787,0.4899021665265043,projective_2d_nearest_cell_reassignment,True,0.4899021665265043,True,1117.070472299967,832.7592283232767,0.5005542758956968
307,5,28,1117.0939048037342,849.2407078275805,0.17678877711296082,0.3245599384873501,projective_2d_nearest_cell_reassignment,True,0.3245599384873501,False,1117.0082345836895,849.5481677002646,0.3191723044272266
276,6,28,1117.411958723051,866.5614316219613,0.17777231335639954,0.5051452740395883,projective_2d_nearest_cell_reassignment,True,0.5051452740395883,False,1116.945988260592,866.3394288105994,0.51615280696396
576,7,28,1116.4696192306105,884.483235198398,0.1697811633348465,1.4094187567000829,projective_2d_nearest_cell_reassignment,True,1.4094187567000829,False,1116.8837333288889,883.1330121359209,1.4123005363016308
563,8,28,1117.4731898063294,899.3550422628491,0.17002704739570618,0.865039513645415,projective_2d_nearest_cell_reassignment,True,0.865039513645415,False,1116.821469786794,899.928918158003,0.8683734950479243
206,9,28,1116.4285022115928,917.0851978456748,0.18023112416267395,0.49041622123125184,projective_2d_nearest_cell_reassignment,True,0.49041622123125184,False,1116.7591976325214,916.7271473587517,0.4874008746493599
236,10,28,1116.3451681337178,933.0611545761346,0.17900171875953674,0.5921701067631111,projective_2d_nearest_cell_reassignment,True,0.5921701067631111,False,1116.6969168642836,933.5277002202076,0.5842876067983199
643,11,28,1116.5556589454998,949.5439154142864,0.1683058738708496,0.7942500414464693,projective_2d_nearest_cell_reassignment,True,0.7942500414464693,False,1116.6346274802936,950.3305772245437,0.7906154774634894
523,12,28,1116.3011707451335,966.9269488026309,0.17088763415813446,0.3503419026786152,projective_2d_nearest_cell_reassignment,True,0.3503419026786152,False,1116.5723294787629,967.1357788540671,0.342252902407433
219,13,28,1116.0629315611025,983.3641784371474,0.1797393560409546,0.7382459797463846,projective_2d_nearest_cell_reassignment,True,0.7382459797463846,False,1116.5100228579038,983.9433055912177,0.7316275611655542
466,14,28,1116.2368693069177,999.7125534672763,0.1724858582019806,1.0649960512672343,projective_2d_nearest_cell_reassignment,True,1.0649960512672343,False,1116.4477076159267,1000.7531579185695,1.0617487539889356
343,15,28,1115.6847343673453,1017.4891027115024,0.1755593717098236,0.7130742495079067,projective_2d_nearest_cell_reassignment,True,0.7130742495079067,False,1116.3853837510424,1017.5653363188298,0.7047844505671386
345,16,28,1115.9748084899768,1033.5124819900686,0.17543643712997437,0.9389796895901927,projective_2d_nearest_cell_reassignment,True,0.9389796895901927,False,1116.3230512614612,1034.3798412748395,0.9346577752146898
274,17,28,1116.0525692614883,1052.3910918172717,0.17777231335639954,1.212415113427171,projective_2d_nearest_cell_reassignment,True,1.212415113427171,False,1116.2607101453923,1051.196673269573,1.212418366175186
141,18,28,1117.0370864360218,1068.1393385391204,0.18318171799182892,0.8397103451132125,projective_2d_nearest_cell_reassignment,True,0.8397103451132125,False,1116.198360401045,1068.0158327861386,0.8477706250912368
487,19,28,1116.4134217313133,1084.28624623689,0.17174822092056274,0.6151375231736386,projective_2d_nearest_cell_reassignment,True,0.6151375231736386,False,1116.1360020266277,1084.8373203077783,0.6169637948479687
675,20,28,1115.949066232285,1101.2270469190198,0.16756823658943176,0.4559146442047449,projective_2d_nearest_cell_reassignment,True,0.4559146442047449,False,1116.073635020349,1101.6611363178679,0.4516093324456399
324,21,28,1116.4809085585523,1119.595484531817,0.1761740744113922,1.1981771984145788,projective_2d_nearest_cell_reassignment,True,1.1981771984145788,False,1116.0112593804163,1118.4872812999172,1.2036132076863222
247,22,28,1115.8681553677022,1135.090798939817,0.17850996553897858,0.24469596035936883,projective_2d_nearest_cell_reassignment,True,0.24469596035936883,False,1115.948875105036,1135.3157557375691,0.23900049550186456
223,23,28,1115.8926425945376,1151.465223791295,0.17937053740024567,0.685288926307548,projective_2d_nearest_cell_reassignment,True,0.685288926307548,False,1115.8864821924155,1152.1465601146017,0.6813641728262909
103,24,28,1115.8792224056115,1167.7924541057673,0.1861322820186615,1.192945341536328,projective_2d_nearest_cell_reassignment,True,1.192945341536328,False,1115.824080640761,1168.9796949149256,1.1885206574400433
1045,25,28,1115.6298074666277,1187.1930393313633,0.1594541370868683,1.379263683491439,projective_2d_nearest_cell_reassignment,True,1.379263683491439,True,1115.7616704482773,1185.815160622587,1.3841739710125032
653,26,28,1115.5654889520201,1204.2684957286328,0.16806000471115112,1.6150378823225742,projective_2d_nearest_cell_reassignment,True,1.6150378823225742,True,1115.6992516131702,1202.6529577217648,1.6210661618679179
366,27,28,1114.7012480118854,1219.1236273613729,0.17482173442840576,1.015348670981553,projective_2d_nearest_cell_reassignment,True,1.015348670981553,True,1115.636824133644,1219.4930866967725,1.0058841285749245
32,28,28,1115.741932748941,1235.5646237090116,0.19375461339950562,0.7962835965382887,projective_2d_nearest_cell_reassignment,True,0.7962835965382887,True,1115.574388007903,1236.335548032058,0.7889204979681029
674,29,28,1115.6899673875803,1254.557278182482,0.16756823658943176,1.3772675542457655,projective_2d_nearest_cell_reassignment,True,1.3772675542457655,True,1115.511943234151,1253.1803422122036,1.3883966527798945
766,30,28,1115.3582330172637,1269.5769181647381,0.16547822952270508,0.4726190836421644,projective_2d_nearest_cell_reassignment,True,0.4726190836421644,False,1115.4494898105906,1270.0274697219245,0.4597004546564831
243,31,28,1114.4722651805696,1288.5913587202874,0.17875583469867706,1.9346458840103316,projective_2d_nearest_cell_reassignment,True,1.9346458840103316,False,1115.387027735425,1286.876931046072,1.9432068294139213
515,32,28,1114.6376313265462,1304.776625254916,0.1710105836391449,1.244151673161334,projective_2d_nearest_cell_reassignment,True,1.244151673161334,False,1115.3245570068555,1303.7287266696305,1.2529797824832876
820,33,28,1114.6439385588797,1321.283641772161,0.16424883902072906,0.9263408830019642,projective_2d_nearest_cell_reassignment,True,0.9263408830019642,False,1115.262077623085,1320.5828570777194,0.934449084038378
854,34,28,1114.5973253382476,1338.763922382665,0.16351118683815002,1.4408620276403317,projective_2d_nearest_cell_reassignment,True,1.4408620276403317,False,1115.1995895823134,1337.439322755592,1.4550898225614677
1013,35,28,1115.121928964024,1353.8380366713025,0.16031472384929657,0.48117013000601516,projective_2d_nearest_cell_reassignment,True,0.48117013000601516,False,1115.1370928827419,1354.2981241886366,0.4603373415633299
536,36,28,1114.5234426001055,1371.1778480348808,0.17051881551742554,0.5573955398470577,projective_2d_nearest_cell_reassignment,True,0.5573955398470577,False,1115.0745875225703,1371.1592618623758,0.5514582226851942
628,37,28,1115.5573102194996,1387.4749722843444,0.1685517430305481,0.7864822057423598,projective_2d_nearest_cell_reassignment,True,0.7864822057423598,False,1115.012073499999,1388.0227362624669,0.772870271145477
535,38,28,1115.0280126695873,1404.6093996781553,0.17051881551742554,0.31478107401842026,projective_2d_nearest_cell_reassignment,True,0.31478107401842026,False,1114.9495508132263,1404.8885478747013,0.2899654781840005
519,39,28,1114.45571673974,1421.4562101414083,0.17088763415813446,0.5478513166690095,projective_2d_nearest_cell_reassignment,True,0.5478513166690095,False,1114.8870194604515,1421.756697185006,0.525656256752716
1069,40,28,1114.368505437244,1440.4100220356468,0.15896236896514893,1.8106044892249162,projective_2d_nearest_cell_reassignment,True,1.8106044892249162,False,1114.8244794398722,1438.627184679442,1.8402231738981447
68,41,28,1115.4874559998739,1455.3374029397605,0.18895992636680603,0.7463458697752507,projective_2d_nearest_cell_reassignment,True,0.7463458697752507,False,1114.7619307496864,1455.5000108442052,0.7435241887440772
394,42,28,1114.8544689048888,1471.6855618635386,0.17408409714698792,0.742297446435715,projective_2d_nearest_cell_reassignment,True,0.742297446435715,False,1114.6993733880909,1472.3751761656265,0.7068398014932123
727,43,28,1114.4163335359692,1490.592461752866,0.1662158966064453,1.31896374026629,projective_2d_nearest_cell_reassignment,True,1.31896374026629,False,1114.6368073532828,1489.2526811301711,1.3577999930289986
1173,44,28,1114.3935487773397,1505.5153522884364,0.1567494422197342,0.6861795792093658,projective_2d_nearest_cell_reassignment,True,0.6861795792093658,False,1114.5742326434577,1506.13252622444,0.6430787873639832
1413,45,28,1114.7532954339608,1522.6124628573884,0.15084829926490784,0.5070201618778555,projective_2d_nearest_cell_reassignment,True,0.5070201618778555,False,1114.5116492568118,1523.0147119351684,0.4692517400133822
601,46,28,1114.4229083973257,1539.40196353781,0.1691664606332779,0.5476837461422822,projective_2d_nearest_cell_reassignment,True,0.5476837461422822,False,1114.4490571915396,1539.8992387492267,0.4979622428743241
326,47,28,1114.8390543951355,1555.7814164977783,0.17605113983154297,1.148246721816966,projective_2d_nearest_cell_reassignment,True,1.148246721816966,False,1114.3864564458363,1556.7861071536208,1.1019293160847867
1079,48,28,1114.7144368407178,1572.9106238936147,0.1585935652256012,0.9068989180900541,projective_2d_nearest_cell_reassignment,True,0.9068989180900541,False,1114.323847017896,1573.6753176354907,0.8586716069349943
1228,49,28,1114.436765068709,1589.688719976061,0.1552741527557373,0.9532054941073728,projective_2d_nearest_cell_reassignment,True,0.9532054941073728,False,1114.2612289059118,1590.566870682113,0.8955230912651005
288,0,29,1103.1502910520067,765.5482123229344,0.17715762555599213,1.2304343446714756,projective_2d_nearest_cell_reassignment,True,1.2304343446714756,True,1102.128436770862,764.8379704517343,1.2444395073684715
163,1,29,1102.1323486594151,781.3692388892138,0.18232110142707825,0.2882450692715734,projective_2d_nearest_cell_reassignment,True,0.2882450692715734,True,1102.0650890287209,781.6426225972568,0.28153598303681526
138,2,29,1102.5875778998138,798.3048383256092,0.18379640579223633,0.5961895283772266,projective_2d_nearest_cell_reassignment,True,0.5961895283772266,True,1102.001732515602,798.4496014749915,0.6034659755291207
611,3,29,1102.2342821331363,816.4380707864676,0.1689205914735794,1.2073737370333413,projective_2d_nearest_cell_reassignment,True,1.2073737370333413,True,1101.9383672296833,815.2589075682022,1.215726747832628
17,4,29,1101.9739737581967,831.5249160105171,0.1967051923274994,0.5579847228081714,projective_2d_nearest_cell_reassignment,True,0.5579847228081714,True,1101.874993169143,832.0705413602873,0.5545305936747134
269,5,29,1101.9041001657765,847.9068681275102,0.17789524793624878,0.985160556825664,projective_2d_nearest_cell_reassignment,True,0.985160556825664,False,1101.8116103321577,848.8845033347782,0.9820004927762538
339,6,29,1102.9720515401525,865.9822071396201,0.175559401512146,1.2464024579946404,projective_2d_nearest_cell_reassignment,True,1.2464024579946404,False,1101.7482187169048,865.700793975341,1.25577073874492
864,7,29,1101.3771448110597,882.131795789582,0.16338825225830078,0.5020288442729605,projective_2d_nearest_cell_reassignment,True,0.5020288442729605,False,1101.6848183215602,882.5194137657757,0.49488451635927466
575,8,29,1101.6535886482116,899.1787496605716,0.1697811633348465,0.1646255172593364,projective_2d_nearest_cell_reassignment,True,0.1646255172593364,False,1101.6214091442998,899.340363190016,0.16478608367052594
725,9,29,1101.791652175259,915.4598021456026,0.16633881628513336,0.7395897192966807,projective_2d_nearest_cell_reassignment,True,0.7395897192966807,False,1101.5579911832988,916.1636427321296,0.74161245297429
183,10,29,1100.684540997549,933.3367791389499,0.18146052956581116,0.8891080927061025,projective_2d_nearest_cell_reassignment,True,0.8891080927061025,False,1101.4945644367317,932.9892528763187,0.8814263867412734
175,11,29,1101.11288111373,948.672233687499,0.18182936310768127,1.1902400928217598,projective_2d_nearest_cell_reassignment,True,1.1902400928217598,False,1101.431128902773,949.8171941069198,1.1883669539629105
493,12,29,1101.2852431293147,965.7031101140444,0.1716252863407135,0.9479617860190813,projective_2d_nearest_cell_reassignment,True,0.9479617860190813,False,1101.3676845795962,966.6474669084032,0.9479484942633307
399,13,29,1101.2566439797447,982.6349340653613,0.17408409714698792,0.8459888004052067,projective_2d_nearest_cell_reassignment,True,0.8459888004052067,False,1101.3042314653749,983.4800717653732,0.8464764029610587
55,14,29,1101.6357253148497,999.3579711255311,0.19043520092964172,1.0313330044598248,projective_2d_nearest_cell_reassignment,True,1.0313330044598248,False,1101.240769558281,1000.315009162569,1.0353317603474257
806,15,29,1101.4970447805213,1016.9615466473635,0.164617657661438,0.36512086465808813,projective_2d_nearest_cell_reassignment,True,0.36512086465808813,False,1101.1772988564878,1017.1522795848642,0.37231238145358375
654,16,29,1100.5249182188143,1034.76871394852,0.16806000471115112,0.9802557399612667,projective_2d_nearest_cell_reassignment,True,0.9802557399612667,False,1101.1138193581662,1033.9918835172664,0.9748179680594553
278,17,29,1100.4593839660183,1050.699950859099,0.1776493787765503,0.6129756075290357,projective_2d_nearest_cell_reassignment,True,0.6129756075290357,False,1101.0503310614874,1050.8338214449175,0.6059206246619647
77,18,29,1100.3786901089572,1067.2187094301567,0.18834522366523743,0.7676249798985012,projective_2d_nearest_cell_reassignment,True,0.7676249798985012,False,1100.9868339646223,1067.6780938530944,0.7621502458315043
526,19,29,1100.7092504325412,1083.630285067143,0.17088761925697327,0.9211803299254762,projective_2d_nearest_cell_reassignment,True,0.9211803299254762,False,1100.9233280657413,1084.5247012272084,0.9196790203232954
182,20,29,1101.3784270560118,1102.5601431620696,0.18146052956581116,1.2918123845129195,projective_2d_nearest_cell_reassignment,True,1.2918123845129195,False,1100.8598133630132,1101.3736440528053,1.2948900721106174
164,21,29,1100.1979897006636,1117.4507119109574,0.1821981817483902,0.9833961765837651,projective_2d_nearest_cell_reassignment,True,0.9833961765837651,False,1100.7962898546084,1118.2249228155652,0.9784506114383191
240,22,29,1100.1922362868595,1136.3952674066145,0.1788787692785263,1.4244058022739394,projective_2d_nearest_cell_reassignment,True,1.4244058022739394,False,1100.7327575386944,1135.0785380013037,1.4233550331857345
667,23,29,1100.1603768652037,1151.3383767141968,0.16781410574913025,0.7899214550284342,projective_2d_nearest_cell_reassignment,True,0.7899214550284342,False,1100.6692164134402,1151.9344900959704,0.7837530540795852
134,24,29,1100.4683580493488,1167.7143871238295,0.18404227495193481,1.0913131711005293,projective_2d_nearest_cell_reassignment,True,1.0913131711005293,False,1100.6056664770126,1168.79277958565,1.0870988483199397
151,25,29,1101.282726786218,1186.8480660894747,0.1828128695487976,1.398498601645218,projective_2d_nearest_cell_reassignment,True,1.398498601645218,True,1100.5421077275794,1185.6534069565616,1.405605575498169
963,26,29,1100.5407905632424,1202.258600681977,0.16142119467258453,0.26928380236210486,projective_2d_nearest_cell_reassignment,True,0.26928380236210486,True,1100.4785401633071,1202.5163726950595,0.2651820563702069
450,27,29,1100.0478295310013,1219.2598238109454,0.17273174226284027,0.39473536238432066,projective_2d_nearest_cell_reassignment,True,0.39473536238432066,True,1100.4149637823614,1219.3816772876337,0.3868279052792898
749,28,29,1100.5831284412723,1237.5379112375824,0.16572412848472595,1.3001261117972243,projective_2d_nearest_cell_reassignment,True,1.3001261117972243,True,1100.3513785829084,1236.2493212209076,1.3092640023790463
1368,29,29,1100.1026098244931,1252.648841576011,0.15183182060718536,0.5167337861081333,projective_2d_nearest_cell_reassignment,True,0.5167337861081333,True,1100.2877845631128,1253.1193049816404,0.5055942047328073
334,30,29,1099.9712742149768,1269.5799175803536,0.17592820525169373,0.4957378885009213,projective_2d_nearest_cell_reassignment,True,0.4957378885009213,False,1100.2241817211393,1269.9916290567267,0.48318583014262495
333,31,29,1099.810105039766,1288.499150906434,0.17592820525169373,1.6585121290585192,projective_2d_nearest_cell_reassignment,True,1.6585121290585192,False,1100.160570055152,1286.8662939331957,1.6700441976372913
990,32,29,1099.4623101075874,1305.3759823539017,0.16080649197101593,1.7398633810508237,projective_2d_nearest_cell_reassignment,True,1.7398633810508237,False,1100.0969495633146,1303.7433000982116,1.7516902085730957
1174,33,29,1099.817178015269,1322.3099433495643,0.1567494422197342,1.685197854600771,projective_2d_nearest_cell_reassignment,True,1.685197854600771,False,1100.0333202437903,1320.6226480390746,1.7010828691602218
598,34,29,1099.9629233617084,1337.4672571852764,0.16928939521312714,0.05701728829055128,projective_2d_nearest_cell_reassignment,True,0.05701728829055128,False,1099.9696820947408,1337.5043382432189,0.037691979655338693
747,35,29,1100.01289427807,1356.4015363009075,0.16572412848472595,1.994942668424562,projective_2d_nearest_cell_reassignment,True,1.994942668424562,False,1099.906035114329,1354.3883711982153,2.0159991596162348
907,36,29,1099.8551716578106,1370.7506494364548,0.1625276654958725,0.5472207739519988,projective_2d_nearest_cell_reassignment,True,0.5472207739519988,False,1099.842379300716,1371.274747391769,0.5242540521204542
130,37,29,1099.7440660029024,1387.5383538630472,0.18416523933410645,0.6516987089174201,projective_2d_nearest_cell_reassignment,True,0.6516987089174201,False,1099.778714652063,1388.1634673117212,0.6260729610850382
740,38,29,1099.6916683713557,1404.7110942124748,0.1658470630645752,0.37232913301444737,projective_2d_nearest_cell_reassignment,True,0.37232913301444737,False,1099.7150411665302,1405.0545314460478,0.3442316385205665
1060,39,29,1100.347243901906,1422.0510620977705,0.15908531844615936,0.6954148872574533,projective_2d_nearest_cell_reassignment,True,0.6954148872574533,False,1099.651358842278,1421.947940282861,0.7034842748234587
327,40,29,1098.890815643496,1438.99843899516,0.17605113983154297,0.7114667936438566,projective_2d_nearest_cell_reassignment,True,0.7114667936438566,False,1099.5876676774653,1438.843694310408,0.7138267820041324
468,41,29,1099.654898006143,1454.9564657798865,0.1722399890422821,0.8309313396178472,projective_2d_nearest_cell_reassignment,True,0.8309313396178472,False,1099.5239676702517,1455.7417940170717,0.7961678170945251
843,42,29,1099.7393760817845,1471.795139293636,0.1637570559978485,0.9276193137973316,projective_2d_nearest_cell_reassignment,True,0.9276193137973316,False,1099.4602588187954,1472.6422398913705,0.8919001452968446
401,43,29,1099.6861525652423,1488.820415597726,0.17396116256713867,0.8179414402532604,projective_2d_nearest_cell_reassignment,True,0.8179414402532604,False,1099.3965411212544,1489.5450324219587,0.7803488517643292
693,44,29,1098.8589432889783,1506.7511285369044,0.1670764684677124,0.5417789448633574,projective_2d_nearest_cell_reassignment,True,0.5417789448633574,False,1099.3328145757857,1506.4501720976261,0.5613633180068156
815,45,29,1099.5624127993337,1522.8233120266382,0.1643717736005783,0.6505629785894707,projective_2d_nearest_cell_reassignment,True,0.6505629785894707,False,1099.269079180547,1523.3576594072986,0.6095668422160191
411,46,29,1100.2112133469157,1540.061529640158,0.17383819818496704,1.0351322924369513,projective_2d_nearest_cell_reassignment,True,1.0351322924369513,False,1099.2053349336938,1540.2674948400372,1.0267487744073245
852,47,29,1098.781774751109,1556.9887224544761,0.16351118683815002,0.43826297790915625,projective_2d_nearest_cell_reassignment,True,0.43826297790915625,False,1099.141581833383,1557.17967888504,0.40733953261161626
1213,48,29,1098.6579967665818,1574.9248075737485,0.15564298629760742,0.8804281312315061,projective_2d_nearest_cell_reassignment,True,0.8804281312315061,False,1099.0778198777691,1574.0942120316392,0.9306666423906422
680,49,29,1099.48739014017,1589.8482874196163,0.16744528710842133,1.312042830909851,projective_2d_nearest_cell_reassignment,True,1.312042830909851,False,1099.0140490650076,1591.011094769305,1.2554571700881152
160,0,30,1087.3433051166726,765.9745908082202,0.18232113122940063,1.9718073685620672,projective_2d_nearest_cell_reassignment,True,1.9718073685620672,False,1086.8921163231735,764.0469041823545,1.9797845981117963
239,1,30,1086.9737066900695,780.6418457272204,0.1788787841796875,0.2755280454087677,projective_2d_nearest_cell_reassignment,True,0.2755280454087677,False,1086.8276175748258,780.8766257913065,0.27652071908811776
702,2,30,1087.3441718081767,798.262860651498,0.16683059930801392,0.7939516012049475,projective_2d_nearest_cell_reassignment,True,0.7939516012049475,False,1086.763109882782,797.7086810876117,0.8029619855091428
384,3,30,1086.852348388341,814.4230391250969,0.17445290088653564,0.18922975410001486,projective_2d_nearest_cell_reassignment,True,0.18922975410001486,False,1086.6985932451819,814.5430705567035,0.19505944894154864
365,4,30,1087.3143626267797,831.1464487063017,0.174944669008255,0.7110166450996678,projective_2d_nearest_cell_reassignment,True,0.7110166450996678,False,1086.6340676601649,831.37979468415,0.7192020487870406
295,5,30,1086.6827580075771,847.6056262154567,0.17715761065483093,0.622075644911591,projective_2d_nearest_cell_reassignment,True,0.622075644911591,False,1086.5695331258687,848.2188539556545,0.6235929242590535
800,6,30,1087.2455838249323,865.0075449029848,0.16474059224128723,0.7337899989135609,projective_2d_nearest_cell_reassignment,True,0.7337899989135609,False,1086.504989640432,865.0602488570541,0.7424671392661447
147,7,30,1086.2601579351362,882.6418806352872,0.18305876851081848,0.7631944463312563,projective_2d_nearest_cell_reassignment,True,0.7631944463312563,False,1086.4404372019924,881.9039798743215,0.7596039409401996
315,8,30,1086.0276744882635,897.6388099480442,0.17641997337341309,1.164887102499985,projective_2d_nearest_cell_reassignment,True,1.164887102499985,False,1086.3758758086867,898.7500474935639,1.1645140798277205
300,9,30,1086.296316964853,915.2924955252,0.1770346611738205,0.30406111322723983,projective_2d_nearest_cell_reassignment,True,0.30406111322723983,False,1086.311305458651,915.5984522010233,0.3063235910392094
38,10,30,1086.0538034259787,931.532050134461,0.19301694631576538,0.9357453593689348,projective_2d_nearest_cell_reassignment,True,0.9357453593689348,False,1086.2467261500224,932.4491944830767,0.9372155214517839
524,11,30,1086.9899134895818,949.4378121300211,0.17088763415813446,0.812052574801337,projective_2d_nearest_cell_reassignment,True,0.812052574801337,False,1086.1821378809357,949.3022748262364,0.8190676374029555
89,12,30,1087.0260377087984,966.3478016806068,0.18723875284194946,0.9215819607987074,projective_2d_nearest_cell_reassignment,True,0.9215819607987074,False,1086.1175406495254,966.1576937171492,0.9281745226398755
577,13,30,1084.8660813107729,983.3463245704961,0.16965824365615845,1.240224142831985,projective_2d_nearest_cell_reassignment,True,1.240224142831985,False,1086.0529344539268,983.0154516425971,1.2321109032188817
369,14,30,1085.8909241301824,998.841588198113,0.17482173442840576,1.035401498834384,projective_2d_nearest_cell_reassignment,True,1.035401498834384,False,1085.9883192922734,999.8755490894972,1.038537886892368
48,15,30,1085.951723514196,1015.6288769202841,0.1915416717529297,1.105564833170779,projective_2d_nearest_cell_reassignment,True,1.105564833170779,True,1085.9236951626986,1016.7379865449025,1.1094637208618703
428,16,30,1086.2793798485618,1033.613309473359,0.17346937954425812,0.413769843705296,projective_2d_nearest_cell_reassignment,True,0.413769843705296,True,1085.859062063335,1033.6027644959997,0.4204500411767507
629,17,30,1086.3584891873338,1050.0320637021046,0.1685517430305481,0.7068655687170667,projective_2d_nearest_cell_reassignment,True,0.7068655687170667,True,1085.7944199923159,1050.4698834301123,0.7140449362617154
481,18,30,1085.7776079552748,1066.5841351004062,0.17199409008026123,0.7535696191275211,projective_2d_nearest_cell_reassignment,True,0.7535696191275211,True,1085.7297689477723,1067.339343834698,0.7567224081453755
171,19,30,1086.1785271348353,1084.0240731268384,0.18195229768753052,0.5398237577501075,projective_2d_nearest_cell_reassignment,True,0.5398237577501075,True,1085.6651089278357,1084.2111461973504,0.5464380925498513
896,20,30,1084.7513873110931,1101.409817394759,0.16289648413658142,0.9151660649410754,projective_2d_nearest_cell_reassignment,True,0.9151660649410754,False,1085.600439930637,1101.0852910057981,0.9089596954136643
161,21,30,1084.6352332803613,1118.8520790982932,0.18232111632823944,1.2710811854373616,projective_2d_nearest_cell_reassignment,True,1.2710811854373616,False,1085.5357619543067,1117.961778747906,1.2663280011503835
220,22,30,1085.213414295377,1133.7818870524588,0.1794934868812561,1.0909952910141265,projective_2d_nearest_cell_reassignment,True,1.0909952910141265,False,1085.471074996974,1134.8406099116735,1.0896252244561186
832,23,30,1084.5709872509144,1151.2986073093948,0.16400295495986938,0.9417839891830537,projective_2d_nearest_cell_reassignment,True,0.9417839891830537,False,1085.406379056769,1151.721784985236,0.9364607918217354
107,24,30,1084.5498342254857,1169.170922922156,0.185886412858963,0.9762076572154689,projective_2d_nearest_cell_reassignment,True,0.9762076572154689,False,1085.3416741318197,1168.605304456864,0.9731056908385589
432,25,30,1084.5260309293874,1185.218262178397,0.17334644496440887,0.8048713905989692,projective_2d_nearest_cell_reassignment,True,0.8048713905989692,False,1085.2769602202548,1185.491168814964,0.7989823728749703
927,26,30,1085.3959936945207,1202.6570236800808,0.16215883195400238,0.3264598199377792,projective_2d_nearest_cell_reassignment,True,0.3264598199377792,False,1085.2122373202012,1202.379378548079,0.33294627859052417
169,27,30,1084.986031024795,1218.5729139704667,0.18195229768753052,0.7223415895711289,projective_2d_nearest_cell_reassignment,True,0.7223415895711289,False,1085.1475054297873,1219.2699341448865,0.715479634242509
560,28,30,1084.8762169838585,1235.5669654883163,0.17002704739570618,0.6391783359219635,projective_2d_nearest_cell_reassignment,True,0.6391783359219635,False,1085.0827645471388,1236.1628360941997,0.6306533713958146
465,29,30,1084.4717109217602,1254.4951147770594,0.1724858582019806,1.5304351663904396,projective_2d_nearest_cell_reassignment,True,1.5304351663904396,False,1085.0180146703822,1253.0580848849688,1.5373687574945123
701,30,30,1085.3779895875448,1270.9212181815392,0.16683059930801392,1.0432801635949445,projective_2d_nearest_cell_reassignment,True,1.0432801635949445,False,1084.9532557976431,1269.9556810062788,1.0548273930335572
456,31,30,1084.9040369291258,1286.5426345107194,0.17260879278182983,0.3258355435498603,projective_2d_nearest_cell_reassignment,True,0.3258355435498603,False,1084.8884879270468,1286.8556249473513,0.3133764268235636
573,32,30,1085.3302478158776,1304.8624472869665,0.1697811633348465,1.2003336626566643,projective_2d_nearest_cell_reassignment,True,1.2003336626566643,False,1084.823711056717,1303.757917197543,1.2151404062175506
720,33,30,1084.722579875072,1319.7829083240474,0.16633883118629456,0.8971699254500123,projective_2d_nearest_cell_reassignment,True,0.8971699254500123,False,1084.7589251847785,1320.6625582463475,0.8804004585075448
890,34,30,1084.2451436997287,1337.342891153261,0.16289648413658142,0.5146336020531768,projective_2d_nearest_cell_reassignment,True,0.5146336020531768,False,1084.694130309355,1337.569548583394,0.502953841080985
709,35,30,1084.2030697270213,1356.2794114763851,0.16670763492584229,1.8305372581221921,projective_2d_nearest_cell_reassignment,True,1.8305372581221921,False,1084.6293264285694,1354.4788886984477,1.8502910715576961
915,36,30,1084.239649426069,1371.3543144168793,0.16240471601486206,0.33320758353854385,projective_2d_nearest_cell_reassignment,True,0.33320758353854385,False,1084.5645135405434,1371.3905790814106,0.3268819645786474
321,37,30,1084.2074220056475,1387.586266863533,0.17629702389240265,0.8006191844778544,projective_2d_nearest_cell_reassignment,True,0.8006191844778544,False,1084.4996916434,1388.3046202223204,0.7755340671003382
627,38,30,1083.7622227822517,1406.0615445145172,0.1685517430305481,1.0560542849613088,projective_2d_nearest_cell_reassignment,True,1.0560542849613088,False,1084.43486073526,1405.2210126113505,1.0765387573460494
1009,39,30,1083.7327049667272,1422.1331269861155,0.160437673330307,0.6407950289298306,projective_2d_nearest_cell_reassignment,True,0.6407950289298306,False,1084.3700208142445,1422.139756738812,0.6373503299736987
587,40,30,1085.10208543447,1439.6404531146165,0.16953527927398682,0.963985843236065,projective_2d_nearest_cell_reassignment,True,0.963985843236065,True,1084.305171878474,1439.0608530951506,0.9853970764594651
664,41,30,1084.0650393434116,1455.511144695836,0.16781410574913025,0.5400290576004966,projective_2d_nearest_cell_reassignment,True,0.5400290576004966,True,1084.2403139260682,1455.98430217095,0.5045782155243285
934,42,30,1084.723954831849,1472.5570646150486,0.1619129627943039,0.6733486063243617,projective_2d_nearest_cell_reassignment,True,0.6733486063243617,True,1084.1754469551465,1472.9101044569288,0.6523020931741452
652,43,30,1084.365561721825,1488.9250037688137,0.16806000471115112,0.9893906439166446,projective_2d_nearest_cell_reassignment,True,0.9893906439166446,True,1084.110570963828,1489.838260443944,0.9481867122744816
788,44,30,1084.2419765803963,1508.4191906528386,0.16486352682113647,1.6158452505794074,projective_2d_nearest_cell_reassignment,True,1.6158452505794074,True,1084.0456859502306,1506.7687706229872,1.662051830246425
1222,45,30,1084.1315076338108,1523.503477547392,0.15552003681659698,0.2895070257100743,projective_2d_nearest_cell_reassignment,True,0.2895070257100743,False,1083.9807919124726,1523.7016354851878,0.248961436712484
506,46,30,1084.0879614367564,1539.8138207962988,0.17125645279884338,0.8927827510400006,projective_2d_nearest_cell_reassignment,True,0.8927827510400006,False,1083.9158888486704,1540.6368555218112,0.8408300273954133
511,47,30,1084.7056575264262,1556.7098417976463,0.17113351821899414,1.2562167352194398,projective_2d_nearest_cell_reassignment,True,1.2562167352194398,False,1083.8509767569417,1557.5744312242598,1.2157278043783146
312,48,30,1084.1015464826912,1573.664347523022,0.17641997337341309,0.9634000817857848,projective_2d_nearest_cell_reassignment,True,0.9634000817857848,False,1083.786055635402,1574.5143630840726,0.906675757231663
349,49,30,1084.0396790471607,1590.6047537564132,0.17531350255012512,0.9698319015646251,projective_2d_nearest_cell_reassignment,True,0.9698319015646251,False,1083.7211254821673,1591.4566515929255,0.9095088221806097
215,0,31,1071.0149971171925,763.8909173273897,0.17986229062080383,0.8776861024872785,projective_2d_nearest_cell_reassignment,True,0.8776861024872785,False,1071.6101717785914,763.2534691203093,0.8721084188799821
858,1,31,1071.8309788930806,780.5424311370741,0.16351118683815002,0.5150427002266128,projective_2d_nearest_cell_reassignment,True,0.5150427002266128,False,1071.5445154094489,780.1083351021908,0.5200968130605922
149,2,31,1071.799796024855,796.6263468889351,0.18281289935112,0.4599710044647171,projective_2d_nearest_cell_reassignment,True,0.4599710044647171,False,1071.4788499224564,796.9655417577993,0.4669684782815185
310,3,31,1071.9566365923436,813.460527651253,0.17654290795326233,0.6458949614054456,projective_2d_nearest_cell_reassignment,True,0.6458949614054456,False,1071.4131753157146,813.82508957475,0.6544123740112245
679,4,31,1071.5000968623265,829.826822458865,0.16744530200958252,0.869048709249693,projective_2d_nearest_cell_reassignment,True,0.869048709249693,False,1071.3474915873235,830.6869790407949,0.8735889853907806
157,5,31,1071.4631602040736,847.3250921867027,0.18244406580924988,0.28158977903062804,projective_2d_nearest_cell_reassignment,True,0.28158977903062804,False,1071.2817987353824,847.5512106438205,0.2898646908044245
156,6,31,1070.6279999883866,864.543906991868,0.18244406580924988,0.6103792902463708,projective_2d_nearest_cell_reassignment,True,0.6103792902463708,False,1071.2160967579903,864.4177848718493,0.601468702075411
729,7,31,1071.0592468006441,880.5361108415907,0.16621588170528412,0.751836594347432,projective_2d_nearest_cell_reassignment,True,0.751836594347432,False,1071.1503856532458,881.2867022130393,0.7561042899935974
122,8,31,1071.4970116773845,898.406563588868,0.18477994203567505,0.47803416975000695,projective_2d_nearest_cell_reassignment,True,0.47803416975000695,False,1071.0846654192471,898.1579631556843,0.4814889531225409
83,9,31,1070.5396095088488,914.881750026524,0.1879763901233673,0.5074704836562581,projective_2d_nearest_cell_reassignment,True,0.5074704836562581,False,1071.0189360540908,915.0315681882134,0.5021946022665182
698,10,31,1070.361380509388,931.3307577360144,0.16695353388786316,0.82702455335178,projective_2d_nearest_cell_reassignment,True,0.82702455335178,False,1070.953197555874,931.9075177991919,0.8263773877520578
905,11,31,1070.8901119824654,950.1889216650877,0.16265058517456055,1.4098097614894454,projective_2d_nearest_cell_reassignment,True,1.4098097614894454,False,1070.8874499226936,948.7858124773204,1.4031117130717992
440,12,31,1070.3117064715852,966.6889420623247,0.1731005609035492,1.1516693296195557,projective_2d_nearest_cell_reassignment,True,1.1516693296195557,False,1070.821693152645,965.6664527114358,1.1426158092462666
406,13,31,1071.2791768749244,982.586414045043,0.17396113276481628,0.5186340105692364,projective_2d_nearest_cell_reassignment,True,0.5186340105692364,False,1070.7559272438232,982.5494389905103,0.5245544119585864
391,14,31,1070.2399205156116,1000.5654317936345,0.17420703172683716,1.225449438018098,projective_2d_nearest_cell_reassignment,True,1.225449438018098,False,1070.690152194323,999.4347718036528,1.2170047565481081
270,15,31,1069.676424744864,1015.8975162188528,0.17777232825756073,1.0417252998830473,projective_2d_nearest_cell_reassignment,True,1.0417252998830473,True,1070.624368002239,1016.3224516401076,1.0388294043967912
126,16,31,1071.1699837806334,1033.5564401125546,0.18441112339496613,0.6994986349472648,projective_2d_nearest_cell_reassignment,True,0.6994986349472648,True,1070.5585746656643,1033.212478989255,0.7015200355006099
752,17,31,1069.61575547301,1049.922635974493,0.16572411358356476,0.9000413711272655,projective_2d_nearest_cell_reassignment,True,0.9000413711272655,True,1070.4927721826928,1050.1048543406116,0.8957465277709089
605,18,31,1069.9862019553498,1066.9045951198752,0.16904352605342865,0.4550259194426549,projective_2d_nearest_cell_reassignment,True,0.4550259194426549,True,1070.4269605514164,1066.9995781838302,0.4508768373346622
599,19,31,1069.955442819917,1083.3248967310426,0.16928939521312714,0.7005068985059353,projective_2d_nearest_cell_reassignment,True,0.7005068985059353,True,1070.3611397699274,1083.8966510086996,0.7010655955520995
368,20,31,1070.2394222816167,1102.2339080264276,0.17482173442840576,1.44262371677325,projective_2d_nearest_cell_reassignment,True,1.44262371677325,False,1070.2953098363175,1100.796073305144,1.4389204649662806
1051,21,31,1069.8497337265535,1116.7351005025025,0.1592082679271698,1.034180222242514,projective_2d_nearest_cell_reassignment,True,1.034180222242514,False,1070.2294707486776,1117.697845563226,1.0349291076780887
14,22,31,1069.7897395052862,1133.7179065920861,0.19707399606704712,0.9600779297949645,projective_2d_nearest_cell_reassignment,True,0.9600779297949645,False,1070.1636225050981,1134.6019682731423,0.9598716338450192
195,23,31,1069.8564194706803,1150.6876540912897,0.1807228922843933,0.8562120356777468,projective_2d_nearest_cell_reassignment,True,0.8562120356777468,False,1070.0977651036694,1151.508441925227,0.8555351441656693
67,24,31,1069.8257187277552,1167.5828034179763,0.1892058104276657,0.8611803762597418,projective_2d_nearest_cell_reassignment,True,0.8611803762597418,False,1070.0318985424801,1168.4172670099506,0.8595577946425114
110,25,31,1069.7700740620292,1184.6824259172595,0.18564051389694214,0.6780871415353613,projective_2d_nearest_cell_reassignment,True,0.6780871415353613,False,1069.9660228196199,1185.3284440179193,0.6750817002270755
296,26,31,1069.835024954855,1201.6242573433374,0.1770346760749817,0.6249574196560541,projective_2d_nearest_cell_reassignment,True,0.6249574196560541,False,1069.9001379331767,1202.2419734398766,0.621138370952508
518,27,31,1068.764466077732,1219.0846761650653,0.1710105687379837,1.0757388441984286,projective_2d_nearest_cell_reassignment,True,1.0757388441984286,False,1069.8342438812383,1219.1578557667026,1.07227785716687
742,28,31,1070.3147864637165,1237.4262545837116,0.1658470630645752,1.4492845703949022,projective_2d_nearest_cell_reassignment,True,1.4492845703949022,False,1069.7683406618924,1236.076091489413,1.4565518856315995
529,29,31,1069.5227494043925,1252.5475251219807,0.17076468467712402,0.4925748039735669,projective_2d_nearest_cell_reassignment,True,0.4925748039735669,False,1069.7024282732255,1252.9966810991618,0.48376191224882487
582,30,31,1069.8098287482235,1269.524767446378,0.16965822875499725,0.439750221439465,projective_2d_nearest_cell_reassignment,True,0.439750221439465,False,1069.6365067133236,1269.9196250872378,0.43122277807089104
991,31,31,1069.3997113392015,1288.3688929166028,0.16080649197101593,1.5215469992755448,projective_2d_nearest_cell_reassignment,True,1.5215469992755448,False,1069.570575980273,1286.8449239450676,1.5335175746532579
665,32,31,1068.845136291172,1304.3129215882377,0.16781410574913025,0.8450362043928886,projective_2d_nearest_cell_reassignment,True,0.8450362043928886,False,1069.5046360721583,1303.7725781642146,0.8525907441475914
861,33,31,1069.3883899282914,1319.8935799061853,0.16338825225830078,0.827216267118997,projective_2d_nearest_cell_reassignment,True,0.827216267118997,False,1069.4386869870643,1320.7025882363787,0.8105703377520435
713,34,31,1069.6140479403007,1338.7589573900314,0.16658470034599304,1.1308632185230933,projective_2d_nearest_cell_reassignment,True,1.1308632185230933,False,1069.3727287230752,1337.6349546533963,1.1496160735503604
418,35,31,1068.6531055163969,1354.8874423023267,0.1737152636051178,0.7188044667922646,projective_2d_nearest_cell_reassignment,True,0.7188044667922646,False,1069.3067612782747,1354.5696779072416,0.7268012560665579
258,36,31,1069.5725657850194,1372.7733220245561,0.1782640814781189,1.2860343228874642,projective_2d_nearest_cell_reassignment,True,1.2860343228874642,False,1069.2407846507454,1371.5067584900257,1.3092982502326624
639,37,31,1068.6122151615425,1388.7263496015826,0.1683058738708496,0.6177520855998747,projective_2d_nearest_cell_reassignment,True,0.6177520855998747,False,1069.1747988385703,1388.446196893996,0.6284790634747538
571,38,31,1068.6745601862922,1406.679630476805,0.1697811633348465,1.3351762527431936,projective_2d_nearest_cell_reassignment,True,1.3351762527431936,False,1069.108803839831,1405.3879936115375,1.3626787377649527
647,39,31,1069.587745439009,1421.6882976277188,0.16818293929100037,0.8681083118800365,projective_2d_nearest_cell_reassignment,True,0.8681083118800365,False,1069.0427996526091,1422.332149135172,0.8435109209515974
1003,40,31,1069.5552202360484,1439.2024446263413,0.16056060791015625,0.5891024265724398,projective_2d_nearest_cell_reassignment,True,0.5891024265724398,True,1068.9767862749854,1439.2786639575584,0.5834340012050734
501,41,31,1069.0910755139744,1458.1851632524736,0.17137940227985382,1.928030329864825,projective_2d_nearest_cell_reassignment,True,1.928030329864825,True,1068.9107637050402,1456.2275385714934,1.9659111729739767
840,42,31,1069.129394575257,1472.6640808654802,0.1637570708990097,0.6248469826300099,projective_2d_nearest_cell_reassignment,True,0.6248469826300099,True,1068.8447319408538,1473.1787734699099,0.5881677417880238
268,43,31,1069.53428263455,1489.523782457216,0.17789524793624878,0.9993670331045668,projective_2d_nearest_cell_reassignment,True,0.9993670331045668,True,1068.7786909805047,1490.1323691458795,0.970204362637728
777,44,31,1069.5115599818935,1507.0905007011374,0.16510941088199615,0.8012969739495994,projective_2d_nearest_cell_reassignment,True,0.8012969739495994,True,1068.7126408220722,1507.0883260926103,0.7989221193907095
303,45,31,1069.5430424769029,1523.484449976735,0.17691172659397125,1.087457821440115,projective_2d_nearest_cell_reassignment,True,1.087457821440115,False,1068.6465814636347,1524.0466448034476,1.0581613163843477
1252,46,31,1069.3762482600432,1540.9918229476248,0.15478239953517914,0.8004227422544792,projective_2d_nearest_cell_reassignment,True,0.8004227422544792,False,1068.5805129032694,1541.0073257718748,0.7958863584580492
1089,47,31,1068.52498900365,1558.820621464736,0.15847061574459076,0.7915627402357288,projective_2d_nearest_cell_reassignment,True,0.7915627402357288,False,1068.5144351390538,1557.9703694915122,0.8503174713180915
1094,48,31,1069.0284438646395,1573.840774309477,0.15834768116474152,1.2957671677584772,projective_2d_nearest_cell_reassignment,True,1.2957671677584772,False,1068.448348169064,1574.9357764561178,1.239169365814508
551,49,31,1069.9902619764923,1591.7259737256384,0.1701499968767166,1.6287374571461035,projective_2d_nearest_cell_reassignment,True,1.6287374571461035,False,1068.382251991377,1591.9035471595873,1.6177850403175091
325,0,32,1056.3660441817415,762.8604327004642,0.1761740744113922,0.41298719269321743,projective_2d_nearest_cell_reassignment,True,0.41298719269321743,False,1056.282397902581,762.4576546098689,0.41137196098062284
28,1,32,1056.179673576682,779.2869772334401,0.1946152001619339,0.06424964872934673,projective_2d_nearest_cell_reassignment,True,0.06424964872934673,False,1056.215577254027,779.3377402104339,0.06217679535140952
44,2,32,1056.1365857175801,795.6723135397772,0.19203343987464905,0.5426965410407764,projective_2d_nearest_cell_reassignment,True,0.5426965410407764,False,1056.1487473120212,796.2201735025192,0.547994929862503
531,3,32,1057.1380589654411,813.7152473323712,0.17076468467712402,1.2160133257385648,projective_2d_nearest_cell_reassignment,True,1.2160133257385648,False,1056.081908074624,813.1049549759356,1.2197997640997025
460,4,32,1056.026812510226,829.5217553595718,0.17260879278182983,0.46307469341440605,projective_2d_nearest_cell_reassignment,True,0.46307469341440605,False,1056.015059539896,829.9920851206311,0.4704765843798536
232,5,32,1057.1391457706136,846.8907300901222,0.17912466824054718,1.1834771635506995,projective_2d_nearest_cell_reassignment,True,1.1834771635506995,False,1055.9482017058972,846.8815644266895,1.1909793342746946
530,6,32,1055.8861313301277,863.4313803641311,0.17076468467712402,0.33346582204575065,projective_2d_nearest_cell_reassignment,True,0.33346582204575065,False,1055.8813345706872,863.7733933843311,0.3420466560098117
137,7,32,1054.8859717739376,881.235527863743,0.18379640579223633,1.0991374632755078,projective_2d_nearest_cell_reassignment,True,1.0991374632755078,False,1055.8144581323247,880.6675724839129,1.0884209806820468
120,8,32,1055.779656798725,897.272847392589,0.18514876067638397,0.28298180260632316,projective_2d_nearest_cell_reassignment,True,0.28298180260632316,False,1055.7475723888685,897.5641022159278,0.2930166914596553
818,9,32,1054.7297430964356,914.4087759774935,0.1643717736005783,0.9584276650444836,projective_2d_nearest_cell_reassignment,True,0.9584276650444836,False,1055.680677338376,914.4629830710055,0.9524780005237128
264,10,32,1054.729184393167,930.9551682060509,0.17814113199710846,0.9761308566231955,projective_2d_nearest_cell_reassignment,True,0.9761308566231955,False,1055.6137729789043,931.3642155399125,0.9745853925418109
188,11,32,1054.5705296092092,948.9422106802724,0.18109172582626343,1.1970825932675422,projective_2d_nearest_cell_reassignment,True,1.1970825932675422,False,1055.5468593085106,948.2678001135513,1.1866125291109908
550,12,32,1054.6328090318325,964.9424246472842,0.17027291655540466,0.8810275869910357,projective_2d_nearest_cell_reassignment,True,0.8810275869910357,False,1055.4799363252507,965.1737372829616,0.8781401862334617
522,13,32,1055.3397169654602,981.5208489393588,0.17088763415813446,0.5571005137610555,projective_2d_nearest_cell_reassignment,True,0.5571005137610555,False,1055.4130040271807,982.0820275393197,0.565943826249358
135,14,32,1055.5219665371892,998.8352959967051,0.18391934037208557,0.226056252199097,projective_2d_nearest_cell_reassignment,True,0.226056252199097,False,1055.3460624123554,998.9926713739383,0.2360281137763435
21,15,32,1055.5825618703514,1015.300360702517,0.195475772023201,0.6669485823058768,projective_2d_nearest_cell_reassignment,True,0.6669485823058768,True,1055.2791114788297,1015.905669278267,0.6771119641471786
127,16,32,1055.0363236835635,1031.7370458366295,0.18441112339496613,1.0904851483981448,projective_2d_nearest_cell_reassignment,True,1.0904851483981448,True,1055.212151224657,1032.8210217438925,1.0981434750221364
538,17,32,1055.4788102533073,1049.2768271718046,0.17051881551742554,0.5609499403631011,projective_2d_nearest_cell_reassignment,True,0.5609499403631011,True,1055.1451816478914,1049.7387292625385,0.5697908280905806
492,18,32,1055.3737454428033,1067.1760257073227,0.1716252863407135,0.6000671376323873,projective_2d_nearest_cell_reassignment,True,0.6000671376323873,True,1055.0782027465852,1066.658792326065,0.5957145759297068
19,19,32,1054.3192523523157,1083.1573536020821,0.1958446055650711,0.8112318386055486,projective_2d_nearest_cell_reassignment,True,0.8112318386055486,True,1055.0112145187916,1083.581211426469,0.8114598542922108
85,20,32,1054.7638117107224,1099.6899198939475,0.18785345554351807,0.8311841144088209,projective_2d_nearest_cell_reassignment,True,0.8311841144088209,False,1054.944216962562,1100.5059870558857,0.8357701045653863
671,21,32,1054.307364332872,1117.1120273126253,0.167691171169281,0.6545698317445703,projective_2d_nearest_cell_reassignment,True,0.6545698317445703,False,1054.877210075948,1117.433119706586,0.6540829430286678
203,22,32,1054.6349494985473,1133.585737360594,0.1803540736436844,0.7938207893806838,projective_2d_nearest_cell_reassignment,True,0.7938207893806838,False,1054.8101938569998,1134.3626098709788,0.7963927941417271
63,23,32,1054.1628107754161,1152.5176314301777,0.18982049822807312,1.3567276990298731,projective_2d_nearest_cell_reassignment,True,1.3567276990298731,False,1054.7431683037682,1151.2944580416095,1.3538714854876757
192,24,32,1054.3702620369081,1167.5560060372136,0.180968776345253,0.7392414710627222,projective_2d_nearest_cell_reassignment,True,0.7392414710627222,False,1054.6761334143025,1168.2286647111605,0.7389363918126818
159,25,32,1054.701621747649,1184.5671613303496,0.18232113122940063,0.6057226787319976,projective_2d_nearest_cell_reassignment,True,0.6057226787319976,False,1054.6090891866522,1185.1652303724534,0.605184975001513
588,26,32,1054.0528364314544,1201.526380091757,0.16953527927398682,0.7599059860446675,projective_2d_nearest_cell_reassignment,True,0.7599059860446675,False,1054.5420356188658,1202.1041555184445,0.7570602939317915
446,27,32,1054.0511045255205,1218.4967618887022,0.1728546917438507,0.6973527211325495,projective_2d_nearest_cell_reassignment,True,0.6973527211325495,False,1054.4749727089913,1219.0454406422293,0.6933344153660621
112,28,32,1053.969026899482,1235.513563166324,0.1855175793170929,0.6520959047168275,projective_2d_nearest_cell_reassignment,True,0.6520959047168275,False,1054.407900455076,1235.9890862370398,0.6470951928292199
513,29,32,1053.5107520748684,1252.4979810986426,0.17113350331783295,0.9423854335995847,projective_2d_nearest_cell_reassignment,True,0.9423854335995847,False,1054.3408188551673,1252.9350927962462,0.9381244565289121
435,30,32,1053.9507410454084,1269.44399383157,0.17322349548339844,0.5535580964410945,projective_2d_nearest_cell_reassignment,True,0.5535580964410945,False,1054.2737279073112,1269.8834608133552,0.5453913650226277
640,31,32,1054.440118064809,1287.9061211106973,0.1683058738708496,1.0853811012834698,projective_2d_nearest_cell_reassignment,True,1.0853811012834698,False,1054.206627609554,1286.834190782012,1.0970653682668832
779,32,32,1054.1440081957687,1303.4166606696895,0.16510941088199615,0.3848255875278826,projective_2d_nearest_cell_reassignment,True,0.3848255875278826,False,1054.139517959941,1303.7872831959983,0.3706497257860995
123,33,32,1053.910729156754,1319.826669150305,0.18477992713451385,0.9464119121529826,projective_2d_nearest_cell_reassignment,True,0.9464119121529826,False,1054.0723989565167,1320.7427385492351,0.9302259229948332
572,34,32,1053.912564032751,1337.4273237427612,0.1697811633348465,0.3063188967137411,projective_2d_nearest_cell_reassignment,True,0.3063188967137411,False,1054.0052705973253,1337.7005573357794,0.2885326731390619
228,35,32,1054.0205419125168,1356.4113032192017,0.17924760282039642,1.7310465649208182,projective_2d_nearest_cell_reassignment,True,1.7310465649208182,False,1053.9381328804109,1354.6607400498272,1.7525018283994418
937,36,32,1054.0236446581448,1371.3898255661638,0.1619129478931427,0.30019996207594707,projective_2d_nearest_cell_reassignment,True,0.30019996207594707,False,1053.8709858038162,1371.6232871857114,0.27894274252381174
1245,37,32,1053.776880385044,1387.6873631487279,0.15490533411502838,0.9281628342090137,projective_2d_nearest_cell_reassignment,True,0.9281628342090137,False,1053.8038293655845,1388.5881992379034,0.9012390954198732
528,38,32,1052.9045822683436,1406.2236785429088,0.17076469957828522,1.0471554361569169,projective_2d_nearest_cell_reassignment,True,1.0471554361569169,False,1053.736663563757,1405.5554767010121,1.0671705504234295
383,39,32,1055.0041889371355,1422.7812916255998,0.17445290088653564,1.3554967226982046,projective_2d_nearest_cell_reassignment,True,1.3554967226982046,False,1053.6694883963758,1422.5251200697844,1.3590619557302113
810,40,32,1053.2359288505133,1441.3431801636464,0.16449470818042755,1.8462674005770676,projective_2d_nearest_cell_reassignment,True,1.8462674005770676,True,1053.6023038614817,1439.4971298391054,1.8820553789408068
380,41,32,1053.969523099885,1455.6865833920626,0.17445291578769684,0.9329507357738415,projective_2d_nearest_cell_reassignment,True,0.9329507357738415,True,1053.535109957115,1456.4715065039977,0.8971170883787157
1008,42,32,1053.7162143090395,1475.1140924255078,0.160437673330307,1.6426793486221913,projective_2d_nearest_cell_reassignment,True,1.6426793486221913,True,1053.4679066813158,1473.4482505596222,1.684246359688188
946,43,32,1053.8314574173924,1489.816965082267,0.1616670787334442,0.7870021270207632,projective_2d_nearest_cell_reassignment,True,0.7870021270207632,True,1053.4006940321235,1490.4273625012788,0.7470890865382909
301,44,32,1052.6257573814958,1508.7089090776992,0.17691174149513245,1.4350678421621195,projective_2d_nearest_cell_reassignment,True,1.4350678421621195,True,1053.3334720075766,1507.4088428244042,1.4802135842253081
226,45,32,1053.6072514316604,1526.069170920816,0.17924761772155762,1.6595846799155844,projective_2d_nearest_cell_reassignment,True,1.6595846799155844,False,1053.2662406057136,1524.3926920245747,1.710809712666993
400,46,32,1053.351652815783,1540.6461862250007,0.17408408224582672,0.8051213693077496,projective_2d_nearest_cell_reassignment,True,0.8051213693077496,False,1053.198999824572,1541.3789105975034,0.7484570407077549
883,47,32,1053.3506010459243,1559.5332045859936,0.16301943361759186,1.1272779895595177,projective_2d_nearest_cell_reassignment,True,1.1272779895595177,False,1053.131749662189,1558.3674990390427,1.186071393447725
1298,48,32,1052.9129141796043,1575.6342659184606,0.15355299413204193,0.2569344534707538,projective_2d_nearest_cell_reassignment,True,0.2569344534707538,False,1053.0644901166013,1575.3584578451832,0.3147147247294185
514,49,32,1053.294350813383,1593.4266870962952,0.1710105836391449,1.0504757118178738,projective_2d_nearest_cell_reassignment,True,1.0504757118178738,False,1052.9972211858449,1592.351787512054,1.1152108014912783
173,0,33,1041.7534919458897,762.0483533985075,0.18195228278636932,0.9260767658480779,projective_2d_nearest_cell_reassignment,True,0.9260767658480779,False,1040.908588227794,761.6594499312953,0.930111928566345
54,1,33,1040.523556560914,778.8654080633626,0.19055813550949097,0.4488911376580109,projective_2d_nearest_cell_reassignment,True,0.4488911376580109,False,1040.8405965968343,778.5648307345676,0.4368765443027394
373,2,33,1040.5051437957695,795.2566199500085,0.17469878494739532,0.34360203104061166,projective_2d_nearest_cell_reassignment,True,0.34360203104061166,False,1040.7725954953587,795.4725662787615,0.34374878692884303
651,3,33,1041.0596656725234,814.2058383674097,0.16818293929100037,1.866644651229639,projective_2d_nearest_cell_reassignment,True,1.866644651229639,False,1040.7045849213885,812.3826570558971,1.8574370607036241
64,4,33,1040.3772636994704,829.1145905631253,0.18969756364822388,0.31537529912614704,projective_2d_nearest_cell_reassignment,True,0.31537529912614704,False,1040.6365648729445,829.2951035581315,0.3159462611444625
191,5,33,1040.7425958524643,845.6331231876763,0.18096879124641418,0.5890901103725931,projective_2d_nearest_cell_reassignment,True,0.5890901103725931,False,1040.5685353480462,846.2099062777589,0.6024747232901123
255,6,33,1041.4364763870399,863.0883621235353,0.17838701605796814,0.9300923068654646,projective_2d_nearest_cell_reassignment,True,0.9300923068654646,False,1040.5004963447136,863.1270657072108,0.9367799138657947
36,7,33,1040.1187679599034,879.4609367826611,0.19326284527778625,0.6559772893577771,projective_2d_nearest_cell_reassignment,True,0.6559772893577771,False,1040.4324478609653,880.0465823390563,0.6643611954770479
336,8,33,1041.1796814272504,897.3691899960199,0.1758052557706833,0.9092929934282014,projective_2d_nearest_cell_reassignment,True,0.9092929934282014,False,1040.3643898948199,896.9684566660007,0.9084533475315587
23,9,33,1040.1188275287386,913.2967432105465,0.19510693848133087,0.6107724287281752,projective_2d_nearest_cell_reassignment,True,0.6107724287281752,False,1040.2963224442951,913.8926891808877,0.6218167291206459
181,10,33,1040.0995122191737,932.3312608061736,0.18146054446697235,1.5309992297792006,projective_2d_nearest_cell_reassignment,True,1.5309992297792006,False,1040.2282455074085,930.8192803766977,1.5174508488309808
376,11,33,1041.0361672086506,947.9815166661547,0.17457585036754608,0.9055784249914763,projective_2d_nearest_cell_reassignment,True,0.9055784249914763,False,1040.1601590821763,947.7482307465493,0.9065387790575253
708,12,33,1039.9028920164094,963.6299574938989,0.16670764982700348,1.0545888173445894,projective_2d_nearest_cell_reassignment,True,1.0545888173445894,False,1040.092063166615,964.6795407836973,1.0664946349111002
329,13,33,1039.9073482556405,982.5217582245747,0.17605113983154297,0.9289752104464871,projective_2d_nearest_cell_reassignment,True,0.9289752104464871,False,1040.0239577587402,981.6132109815355,0.9159999285192066
437,14,33,1040.0655738177436,997.6283302422526,0.17322349548339844,0.9149304588744838,projective_2d_nearest_cell_reassignment,True,0.9149304588744838,False,1039.955842856567,998.549241833594,0.9274260309630046
94,15,33,1038.7665266889085,1015.11517506732,0.1867469847202301,1.1809080461100168,projective_2d_nearest_cell_reassignment,True,1.1809080461100168,True,1039.88771845811,1015.4876338335415,1.1814383250345017
235,16,33,1039.6888857275976,1031.6351404055806,0.17900171875953674,0.7935731907387844,projective_2d_nearest_cell_reassignment,True,0.7935731907387844,True,1039.8195845613827,1032.4283874751834,0.8039422234129735
636,17,33,1038.7191150388571,1049.0079822276196,0.16842880845069885,1.093524315248794,projective_2d_nearest_cell_reassignment,True,1.093524315248794,True,1039.7514411643992,1049.3715032524638,1.0944609472158293
534,18,33,1039.8391884064915,1065.5284293965212,0.17064175009727478,0.7941554430446144,projective_2d_nearest_cell_reassignment,True,0.7941554430446144,True,1039.6832882651718,1066.3169816594634,0.8038156041373843
292,19,33,1038.6258059043134,1083.5208881517383,0.17715761065483093,1.0258944395425447,projective_2d_nearest_cell_reassignment,True,1.0258944395425447,True,1039.6151258617133,1083.264823190402,1.021921348506726
436,20,33,1039.402927297188,1099.6025551327427,0.17322349548339844,0.622361089967384,projective_2d_nearest_cell_reassignment,True,0.622361089967384,False,1039.5469539520348,1100.2150283396365,0.6291797092001223
205,21,33,1038.621051810014,1117.0137966286818,0.18023112416267395,0.8715190329618637,projective_2d_nearest_cell_reassignment,True,0.8715190329618637,False,1039.4787725341482,1117.1675976016618,0.8714009294801556
133,22,33,1038.6116401070922,1134.4324410729914,0.184042289853096,0.8595388311214351,projective_2d_nearest_cell_reassignment,True,0.8595388311214351,False,1039.4105816060635,1134.1225314711105,0.8569431020298394
248,23,33,1038.4931235302856,1152.4542793411388,0.17850995063781738,1.618924778130778,projective_2d_nearest_cell_reassignment,True,1.618924778130778,False,1039.3423811657913,1151.079830442754,1.6156572364631714
549,24,33,1039.5528259694013,1167.4594845673628,0.17027291655540466,0.6415845794442736,projective_2d_nearest_cell_reassignment,True,0.6415845794442736,False,1039.274171211341,1168.0394950115003,0.6434753992953579
827,25,33,1038.9597938685595,1184.4788032510037,0.16412588953971863,0.5773586955478281,projective_2d_nearest_cell_reassignment,True,0.5773586955478281,False,1039.2059517407213,1185.0015256723975,0.5777823360531736
1100,26,33,1039.5315191480015,1201.4380278195158,0.15834766626358032,0.6599606587942808,projective_2d_nearest_cell_reassignment,True,0.6599606587942808,False,1039.1377227519406,1201.96592292063,0.6585961124474407
894,27,33,1039.473653949766,1218.9302174500826,0.16289648413658142,0.4050513007361864,projective_2d_nearest_cell_reassignment,True,0.4050513007361864,False,1039.0694842430073,1218.9326872515214,0.4041772529232139
357,28,33,1038.9394377462174,1235.4706371504421,0.17506761848926544,0.44047797380517834,projective_2d_nearest_cell_reassignment,True,0.44047797380517834,False,1039.0012362119282,1235.9018191605333,0.4355880808635802
263,29,33,1038.3146666227842,1254.4763923435285,0.17814113199710846,1.7109548113960258,projective_2d_nearest_cell_reassignment,True,1.7109548113960258,False,1038.9329786567105,1252.8733191432655,1.7181831848494722
795,30,33,1038.3262646904827,1269.432749766398,0.16474059224128723,0.6837252134695017,projective_2d_nearest_cell_reassignment,True,0.6837252134695017,False,1038.8647115753597,1269.847187695456,0.6794732113008358
40,31,33,1038.1853673176595,1288.5583464367503,0.1927710920572281,1.827721539056337,projective_2d_nearest_cell_reassignment,True,1.827721539056337,False,1038.796434965882,1286.8234253129817,1.8393898380720504
691,32,33,1038.2776352645344,1303.484125145312,0.16719940304756165,0.5574953443116568,projective_2d_nearest_cell_reassignment,True,0.5574953443116568,False,1038.7281488262824,1303.802032491857,0.5513869333836716
682,33,33,1038.8412159749016,1320.529350036734,0.16744528710842133,0.32698881107411953,projective_2d_nearest_cell_reassignment,True,0.32698881107411953,False,1038.6598531545658,1320.7830097282365,0.31182641275760886
648,34,33,1038.1420639644896,1337.4236257051123,0.16818293929100037,0.5744665574661608,projective_2d_nearest_cell_reassignment,True,0.5744665574661608,False,1038.591547948735,1337.766357518411,0.5652441489659684
445,35,33,1038.1710373208118,1356.4720034754876,0.1728546917438507,1.7335673752388316,projective_2d_nearest_cell_reassignment,True,1.7335673752388316,False,1038.5232332067947,1354.7520763588118,1.7556170507202982
250,36,33,1038.181465731199,1371.3855988453095,0.17838701605796814,0.46517230077757693,projective_2d_nearest_cell_reassignment,True,0.46517230077757693,False,1038.4549089267468,1371.7401667460078,0.4477606251079204
866,37,33,1038.7530054923957,1388.4612745472532,0.16326531767845154,0.47494563672815143,projective_2d_nearest_cell_reassignment,True,0.47494563672815143,False,1038.3865751065941,1388.7306291767072,0.4547781261747202
1293,38,33,1038.140197987282,1405.417457305621,0.15367592871189117,0.3785986845593588,projective_2d_nearest_cell_reassignment,True,0.3785986845593588,False,1038.3182317443384,1405.7234641477562,0.3540285385180832
222,39,33,1039.1396448310613,1422.9802436872974,0.17937053740024567,0.9233221625572392,projective_2d_nearest_cell_reassignment,True,0.9233221625572392,False,1038.2498788379805,1422.7186721561402,0.927417483313194
618,40,33,1038.1094700607885,1439.3819207593883,0.16867470741271973,0.37723860710051743,projective_2d_nearest_cell_reassignment,True,0.37723860710051743,True,1038.1815163855213,1439.7162536989838,0.342007583842893
313,41,33,1039.2275618112897,1456.8683418509502,0.17641997337341309,1.1256791496356942,projective_2d_nearest_cell_reassignment,True,1.1256791496356942,True,1038.1131443849608,1456.7162092735496,1.1247535379859537
782,42,33,1038.2107107164934,1473.4216004182126,0.1649864763021469,0.38169459699358915,projective_2d_nearest_cell_reassignment,True,0.38169459699358915,True,1038.0447628342984,1473.7185393772395,0.3401638502148389
72,43,33,1038.3743203912697,1490.0058897677134,0.18871402740478516,0.8650665335611201,projective_2d_nearest_cell_reassignment,True,0.8650665335611201,True,1037.9763717315332,1490.723244507595,0.8203419766272361
1137,44,33,1037.6624542914751,1507.9284243018387,0.15748709440231323,0.28039363934324574,projective_2d_nearest_cell_reassignment,True,0.28039363934324574,True,1037.9079710746635,1507.7303251622955,0.31547069581015086
869,45,33,1038.4057665063187,1523.8162961477456,0.16326530277729034,1.1339861262308615,projective_2d_nearest_cell_reassignment,True,1.1339861262308615,False,1037.839560861687,1524.7397818391603,1.0832426571459297
772,46,33,1038.297504269788,1540.8600383410894,0.1652323603630066,1.0900534432033115,projective_2d_nearest_cell_reassignment,True,1.0900534432033115,False,1037.7711410906013,1541.751615036147,1.035358488434589
761,47,33,1037.6100454386628,1558.264681574843,0.16547824442386627,0.5703427555459673,projective_2d_nearest_cell_reassignment,True,0.5703427555459673,False,1037.7027117594027,1558.7658252513534,0.5096391188927138
510,48,33,1038.2838979421094,1574.7262512678594,0.17113351821899414,1.301594513386259,projective_2d_nearest_cell_reassignment,True,1.301594513386259,False,1037.6342728660877,1575.7824129830158,1.2399557685491158
705,49,33,1037.6010084811358,1593.7110117378986,0.16670764982700348,0.8395320495593652,projective_2d_nearest_cell_reassignment,True,0.8395320495593652,False,1037.565824408652,1592.80137872951,0.9103132037419004
60,0,34,1025.9546574481853,761.2178660376895,0.1900663673877716,0.5906464866027025,projective_2d_nearest_cell_reassignment,True,0.5906464866027025,False,1025.4885350447998,760.858844300363,0.5883593313705853
118,1,34,1026.9861508595645,778.4571256145836,0.1852717101573944,1.7021904932570633,projective_2d_nearest_cell_reassignment,True,1.7021904932570633,False,1025.4193656837074,777.7895962306659,1.7030593840730326
311,2,34,1025.787129398877,796.3579272273115,0.17654290795326233,1.7049142214051682,projective_2d_nearest_cell_reassignment,True,1.7049142214051682,False,1025.3501866735614,794.7227099830903,1.6925880718604813
61,3,34,1025.8113458501969,811.4990924738685,0.18994344770908356,0.5436659450679222,projective_2d_nearest_cell_reassignment,True,0.5436659450679222,False,1025.2809980123434,811.6581860518789,0.5536963027509062
697,4,34,1025.543383578892,830.3011565600274,0.1670764684677124,1.7513461541023512,projective_2d_nearest_cell_reassignment,True,1.7513461541023512,False,1025.211799698033,828.5960249314111,1.7370727506219057
404,5,34,1025.7420930716794,846.652633294425,0.17396114766597748,1.2788672374950776,projective_2d_nearest_cell_reassignment,True,1.2788672374950776,False,1025.1425917286101,845.5362271162049,1.2671876795130603
187,6,34,1024.6832828135764,863.1233777670479,0.18121466040611267,0.7700090522546729,projective_2d_nearest_cell_reassignment,True,0.7700090522546729,False,1025.0733741020538,862.4787931009163,0.7534325485124795
43,7,34,1025.5960931682837,879.2503112654953,0.19203343987464905,0.607960402833738,projective_2d_nearest_cell_reassignment,True,0.607960402833738,False,1025.0041468163427,879.4237233803393,0.6168243227621459
704,8,34,1025.5959751050775,895.5286873413361,0.16683058440685272,1.0550905243897326,projective_2d_nearest_cell_reassignment,True,1.0550905243897326,False,1024.9349098694547,896.3710184494059,1.0707609169983843
430,9,34,1024.519252524327,914.5889788195465,0.17346936464309692,1.3318248693921135,projective_2d_nearest_cell_reassignment,True,1.3318248693921135,False,1024.865663259367,913.3206788031864,1.3147567565332885
128,10,34,1025.3306302840474,930.5051888826158,0.18441112339496613,0.5863219721064413,projective_2d_nearest_cell_reassignment,True,0.5863219721064413,False,1024.796406984057,930.272704936889,0.5826176441486141
330,11,34,1024.9126723791708,946.4596109470095,0.17605113983154297,0.7730344323752717,projective_2d_nearest_cell_reassignment,True,0.7730344323752717,False,1024.7271410415008,947.2270973458606,0.7895930912051636
115,12,34,1024.3209946159093,964.8749831649741,0.18539464473724365,0.7843761744096237,projective_2d_nearest_cell_reassignment,True,0.7843761744096237,False,1024.6578654296738,964.1838565255862,0.7688549777675991
178,13,34,1024.1564314838051,982.4051950018372,0.18170642852783203,1.3495542660162678,projective_2d_nearest_cell_reassignment,True,1.3495542660162678,False,1024.5885801465517,981.1429829716891,1.3341408005770459
565,14,34,1024.1435876352705,997.5398247769149,0.16990411281585693,0.6668678490557561,projective_2d_nearest_cell_reassignment,True,0.6668678490557561,False,1024.5192851901086,998.1044771799308,0.6782189830305093
539,15,34,1025.187257391099,1014.8692075967118,0.17051881551742554,0.7586626789376768,projective_2d_nearest_cell_reassignment,True,0.7586626789376768,True,1024.4499805583189,1015.0683396462116,0.7636954244279125
425,16,34,1023.498065977319,1033.383143980623,0.1734693944454193,1.6236374427518487,projective_2d_nearest_cell_reassignment,True,1.6236374427518487,True,1024.3806662491559,1032.0345708665702,1.611717308895141
208,17,34,1024.132329928493,1047.808252441526,0.1801081895828247,1.1958641682350306,projective_2d_nearest_cell_reassignment,True,1.1958641682350306,True,1024.3113422605925,1049.0031713371839,1.2082535256492146
419,18,34,1024.979999058233,1066.2447525152993,0.1737152636051178,0.7898363372740419,projective_2d_nearest_cell_reassignment,True,0.7898363372740419,True,1024.242008590601,1065.9741415543679,0.7860408529408361
405,19,34,1022.8174555362294,1082.8679814280133,0.17396113276481628,1.356881510042083,projective_2d_nearest_cell_reassignment,True,1.356881510042083,True,1024.1726652371535,1082.9474820145772,1.3575395672844195
765,20,34,1022.8434376648667,1100.2036081024812,0.16547824442386627,1.2923017144206166,projective_2d_nearest_cell_reassignment,True,1.2923017144206166,False,1024.1033121982207,1099.9231932144048,1.2907038193361586
233,21,34,1023.8184369568675,1118.3630022806574,0.179124653339386,1.4853224681749448,projective_2d_nearest_cell_reassignment,True,1.4853224681749448,False,1024.0339494717737,1116.9012756505824,1.4775284718581594
56,22,34,1023.8364330193112,1133.4509299978315,0.19031226634979248,0.4427970953941153,projective_2d_nearest_cell_reassignment,True,0.4427970953941153,False,1023.9645770557822,1133.8817298199806,0.4494545370187724
632,23,34,1023.2212220290111,1150.3073243831,0.16842882335186005,0.8700268194274472,projective_2d_nearest_cell_reassignment,True,0.8700268194274472,False,1023.8951949482159,1150.8645562196086,0.8744980362701418
131,24,34,1023.8540911488253,1167.469282956302,0.18416523933410645,0.3783075829899404,projective_2d_nearest_cell_reassignment,True,0.3783075829899404,False,1023.8258031470436,1167.8497553466152,0.3815225430238379
821,25,34,1023.2409054205191,1184.4059570008812,0.16424883902072906,0.6692667650989158,projective_2d_nearest_cell_reassignment,True,0.6692667650989158,False,1023.756401650234,1184.8373276982875,0.6721733715575527
286,26,34,1022.7828464501448,1202.2123087797868,0.17728054523468018,0.9800187976234277,projective_2d_nearest_cell_reassignment,True,0.9800187976234277,False,1023.6869904557544,1201.827273772051,0.9827147806265374
482,27,34,1023.5911955679833,1218.480145723826,0.171871155500412,0.3424574062407576,projective_2d_nearest_cell_reassignment,True,0.3424574062407576,False,1023.6175695615725,1218.8195940654723,0.34047138526510234
694,28,34,1023.8179858992678,1235.4748491155162,0.1670764684677124,0.4392582305562273,projective_2d_nearest_cell_reassignment,True,0.4392582305562273,False,1023.5481389656547,1235.8142890762545,0.4336321650043163
356,29,34,1023.1438647749873,1252.4651263414842,0.17506761848926544,0.48360541543684066,projective_2d_nearest_cell_reassignment,True,0.48360541543684066,False,1023.4786986659673,1252.8113593022417,0.4816544380193736
210,30,34,1022.4896478683538,1269.338598494642,0.17998525500297546,1.0339105209824,projective_2d_nearest_cell_reassignment,True,1.0339105209824,False,1023.4092486604754,1269.8108052414161,1.0337527889054472
314,31,34,1023.7446159322827,1288.3938709323008,0.17641997337341309,1.6225630824145891,projective_2d_nearest_cell_reassignment,True,1.6225630824145891,False,1023.3397889471446,1286.8126273918995,1.6322426357490785
502,32,34,1023.3181579304104,1303.5308389236004,0.17137938737869263,0.30440928119108307,projective_2d_nearest_cell_reassignment,True,0.30440928119108307,False,1023.2703195239386,1303.8168262519532,0.28996079926799345
291,33,34,1023.1340629488396,1319.8555710733542,0.17715761065483093,0.986135136015165,projective_2d_nearest_cell_reassignment,True,0.986135136015165,False,1023.2008403888218,1320.823402319978,0.9701322324466107
557,34,34,1022.4147127577152,1338.8478287711387,0.17002704739570618,1.2237950302180924,projective_2d_nearest_cell_reassignment,True,1.2237950302180924,False,1023.1313515397572,1337.8323560945125,1.2428820945290828
102,35,34,1022.6117781263912,1356.5580122856327,0.1861322820186615,1.7495099430794598,projective_2d_nearest_cell_reassignment,True,1.7495099430794598,False,1023.0618529747074,1354.843688074237,1.7724206247006986
344,36,34,1022.4943417918975,1371.436195633293,0.17543643712997437,0.6636028406679577,projective_2d_nearest_cell_reassignment,True,0.6636028406679577,False,1022.9923446916347,1371.8573987579696,0.6522414893151283
839,37,34,1022.4844430627131,1388.9776407358836,0.16388000547885895,0.43785930435984,projective_2d_nearest_cell_reassignment,True,0.43785930435984,False,1022.9228266885005,1388.8734886446687,0.45058613101489325
1145,38,34,1022.9777318163592,1408.115829872099,0.1573641449213028,2.196598963825434,projective_2d_nearest_cell_reassignment,True,2.196598963825434,False,1022.8532989632657,1405.8919582334318,2.2273501296827836
816,39,34,1022.4624379880446,1422.9867742889894,0.1643717736005783,0.31580682214279626,projective_2d_nearest_cell_reassignment,True,0.31580682214279626,False,1022.7837615138912,1422.912808023496,0.32972688196987476
281,40,34,1023.4998728636072,1439.4660527425635,0.1774034947156906,0.9426074600324421,projective_2d_nearest_cell_reassignment,True,0.9426074600324421,True,1022.7142143383361,1439.9360385142386,0.9155031097206031
374,41,34,1023.0662314426271,1456.6046851072615,0.17457586526870728,0.5864830081966479,projective_2d_nearest_cell_reassignment,True,0.5864830081966479,True,1022.6446574345603,1456.9616502051763,0.5524026841053998
1084,42,34,1023.4750075524825,1475.0421890092118,0.15847063064575195,1.3569909784299503,projective_2d_nearest_cell_reassignment,True,1.3569909784299503,True,1022.5750908005219,1473.9896435959652,1.3848111811383366
993,43,34,1022.3368203333978,1492.4858029450631,0.1606835573911667,1.425849625550462,projective_2d_nearest_cell_reassignment,True,1.425849625550462,True,1022.5055144341795,1491.020019186402,1.475459157955127
803,44,34,1023.006985290884,1509.4295168016297,0.164617657661438,1.4459362746652102,projective_2d_nearest_cell_reassignment,True,1.4459362746652102,True,1022.4359283334904,1508.052777476422,1.490475500691211
1203,45,34,1023.4077298632325,1525.0784540377556,0.1558888554573059,1.0538714887766387,projective_2d_nearest_cell_reassignment,True,1.0538714887766387,False,1022.3663324964119,1525.0879189661023,1.0414403777890395
1408,46,34,1022.4584558618985,1541.414432357016,0.15097123384475708,0.7907829122488219,projective_2d_nearest_cell_reassignment,True,0.7907829122488219,False,1022.2967269208999,1542.125444155658,0.7291735240425228
454,47,34,1022.4013086473491,1560.534115413215,0.17260879278182983,1.3169753673922346,projective_2d_nearest_cell_reassignment,True,1.3169753673922346,False,1022.2271116049106,1559.165353545445,1.3798020366181123
385,48,34,1022.3907797368951,1575.3611268863024,0.1743299812078476,0.9478990912793103,projective_2d_nearest_cell_reassignment,True,0.9478990912793103,False,1022.157486546399,1576.2076476359596,0.8780792061835996
791,49,34,1021.9363532989549,1593.284189020852,0.16474059224128723,0.14559285017573942,projective_2d_nearest_cell_reassignment,True,0.14559285017573942,False,1022.0878517433201,1593.2523269278379,0.15481269849824753
109,0,35,1010.7741439736276,760.314600518586,0.18564052879810333,0.7956857502396336,projective_2d_nearest_cell_reassignment,True,0.7956857502396336,False,1010.02202939273,760.0558268678712,0.7953867896205892
39,1,35,1010.1794082620544,777.2458650256618,0.19289404153823853,0.3360979979930107,projective_2d_nearest_cell_reassignment,True,0.3360979979930107,False,1009.9516755086892,777.0120261918739,0.32640895689700006
50,2,35,1011.1492657146136,794.5500037066413,0.1912958025932312,1.3974279694851708,projective_2d_nearest_cell_reassignment,True,1.3974279694851708,False,1009.8813117955704,793.9705944511887,1.3940667939956597
305,3,35,1009.4508569900433,810.521127670264,0.176788792014122,0.5346894329461738,projective_2d_nearest_cell_reassignment,True,0.5346894329461738,False,1009.8109382513142,810.9315321422929,0.5459765062524771
377,4,35,1010.0412841001619,827.5840348165295,0.1745758354663849,0.41540236224571603,projective_2d_nearest_cell_reassignment,True,0.41540236224571603,False,1009.7405548738597,827.8948397618028,0.43247864867373276
415,5,35,1009.9936105760792,846.3525099559432,0.17383819818496704,1.5455370503094117,projective_2d_nearest_cell_reassignment,True,1.5455370503094117,True,1009.6701616611458,844.8605178064729,1.5266498533234885
198,6,35,1009.9370499952012,861.4092468633314,0.18047702312469482,0.5202983686022733,projective_2d_nearest_cell_reassignment,True,0.5202983686022733,True,1009.5997586111112,861.8285667731974,0.5381400046376071
462,7,35,1008.8565492185077,879.4248117808797,0.17248587310314178,0.9349833210966827,projective_2d_nearest_cell_reassignment,True,0.9349833210966827,True,1009.5293457216932,878.7989871590089,0.918864294680352
155,8,35,1009.8150285155251,895.3890634485289,0.18244406580924988,0.5063160048168114,projective_2d_nearest_cell_reassignment,True,0.5063160048168114,True,1009.4589229908291,895.7717794610788,0.5227644698916908
378,9,35,1008.6916097603677,912.7781157216252,0.17445293068885803,0.7008351100204155,projective_2d_nearest_cell_reassignment,True,0.7008351100204155,True,1009.3884904164556,912.746944176718,0.6975774609614932
509,10,35,1009.6605218765153,929.318665001771,0.17125645279884338,0.5148697590539946,projective_2d_nearest_cell_reassignment,True,0.5148697590539946,False,1009.3180479965084,929.724481803376,0.5310137803784667
152,11,35,1009.6705841462506,946.8453901705836,0.1828128695487976,0.4513112892729755,projective_2d_nearest_cell_reassignment,True,0.4513112892729755,False,1009.2475957289233,946.7043928386414,0.44586931808304164
167,12,35,1009.6079632221886,963.2813572766148,0.18207523226737976,0.578059603060316,projective_2d_nearest_cell_reassignment,True,0.578059603060316,False,1009.1771336116351,963.6866777802422,0.5915224966055348
105,13,35,1009.0865374659783,979.7851746807389,0.1861322820186615,0.8679268228817114,projective_2d_nearest_cell_reassignment,True,0.8679268228817114,False,1009.1066616425778,980.6713371260454,0.8863909193777588
398,14,35,1007.9069648794992,998.1414746413486,0.17408409714698792,1.2352100659910787,projective_2d_nearest_cell_reassignment,True,1.2352100659910787,False,1009.0361798196852,997.6583713740572,1.2282162464350068
16,15,35,1009.4331162784505,1014.6389818204281,0.1967051923274994,0.46805560662569673,projective_2d_nearest_cell_reassignment,True,0.46805560662569673,False,1008.9656881408906,1014.6477810224231,0.46751095146363514
47,16,35,1008.4262774398796,1031.239268711194,0.19166462123394012,0.6054649665659602,projective_2d_nearest_cell_reassignment,True,0.6054649665659602,False,1008.8951866041263,1031.6395665694283,0.6165340052433973
119,17,35,1009.2887646585991,1049.1700033201294,0.18527169525623322,0.7215574215811205,projective_2d_nearest_cell_reassignment,True,0.7215574215811205,False,1008.8246752073244,1048.6337285134966,0.7092035582351801
722,18,35,1007.7446790613516,1066.1447492935201,0.16633883118629456,1.137729774341347,projective_2d_nearest_cell_reassignment,True,1.137729774341347,False,1008.7541539484163,1065.6302673531918,1.133018629387126
304,19,35,1009.2394389588541,1083.2562279943977,0.17691172659397125,0.8489473254788876,projective_2d_nearest_cell_reassignment,True,0.8489473254788876,False,1008.6836228253328,1082.6291835872173,0.8379237810557322
45,20,35,1008.1911781595857,1099.2969293976773,0.1919104903936386,0.528710925664096,projective_2d_nearest_cell_reassignment,True,0.528710925664096,False,1008.6130818360039,1099.6304777144153,0.5378263583852294
224,21,35,1007.5810795600403,1116.1658867679498,0.17937053740024567,1.0622680165082141,projective_2d_nearest_cell_reassignment,True,1.0622680165082141,False,1008.5425309783595,1116.6341502337687,1.0694201714989198
196,22,35,1009.2255793331424,1133.1501297441598,0.18047702312469482,0.8975473733384975,projective_2d_nearest_cell_reassignment,True,0.8975473733384975,False,1008.4719702503286,1133.6402016443983,0.8989422212260448
354,23,35,1007.5198196369585,1151.690942589961,0.17519055306911469,1.3675224527005208,projective_2d_nearest_cell_reassignment,True,1.3675224527005208,False,1008.4013996498398,1150.6486324455668,1.3651350688554227
657,24,35,1008.2019562829312,1166.847469960882,0.16805998980998993,0.8167292773563724,projective_2d_nearest_cell_reassignment,True,0.8167292773563724,False,1008.3308191748207,1167.6594431366748,0.8221350759534412
615,25,35,1008.1652833337432,1183.799132133868,0.16879764199256897,0.8752807465441131,projective_2d_nearest_cell_reassignment,True,0.8752807465441131,False,1008.260228823199,1184.672634217263,0.8786469914952292
732,26,35,1009.0094987965515,1202.2031159755918,0.16609294712543488,0.9731933207157647,projective_2d_nearest_cell_reassignment,True,0.9731933207157647,False,1008.189628592901,1201.688206187013,0.9681524886132513
695,27,35,1006.7392726653703,1218.8313035224521,0.1670764684677124,1.3794517809022424,projective_2d_nearest_cell_reassignment,True,1.3794517809022424,False,1008.1190184818533,1218.706159545745,1.3854095181600463
211,28,35,1007.8487333459865,1235.3910044322272,0.17998525500297546,0.39027225637467927,projective_2d_nearest_cell_reassignment,True,0.39027225637467927,False,1008.0483984879813,1235.72649479342,0.3904099785880141
154,29,35,1007.4175991398688,1252.4100216927218,0.18256700038909912,0.6521707328033493,projective_2d_nearest_cell_reassignment,True,0.6521707328033493,False,1007.9777686092102,1252.7492124301382,0.6548589090264618
476,30,35,1008.3518288315192,1269.9277383553454,0.17211703956127167,0.47463036677851894,projective_2d_nearest_cell_reassignment,True,0.47463036677851894,True,1007.907128843464,1269.7743129561397,0.4704226105299
471,31,35,1007.7742438391567,1288.3838532984958,0.1722399741411209,1.5721187630903362,projective_2d_nearest_cell_reassignment,True,1.5721187630903362,True,1007.8364791886669,1286.8017968718061,1.5832800687050352
350,32,35,1008.3206649612143,1303.9782435513575,0.17531350255012512,0.5784476373119555,projective_2d_nearest_cell_reassignment,True,0.5784476373119555,True,1007.7658196427419,1303.8316646776577,0.5738803826982258
421,33,35,1007.747769047488,1320.578247497785,0.17359232902526855,0.30814940109952227,projective_2d_nearest_cell_reassignment,True,0.30814940109952227,True,1007.6951502036119,1320.8639168743555,0.2904750168964871
125,34,35,1008.2791790121781,1337.980175408102,0.1846569925546646,0.666630890291845,projective_2d_nearest_cell_reassignment,True,0.666630890291845,True,1007.624470869199,1337.8985539627,0.6597763354598185
259,35,35,1006.6751918461473,1354.946410351734,0.1782640814781189,0.8692172234069634,projective_2d_nearest_cell_reassignment,True,0.8692172234069634,False,1007.5537816374247,1354.9355764436336,0.878656585305958
249,36,35,1007.5671956472643,1373.9685928365086,0.17838701605796814,1.9704821607561678,projective_2d_nearest_cell_reassignment,True,1.9704821607561678,False,1007.4830825062097,1371.974984818237,1.9953816554771031
507,37,35,1007.5902126921029,1388.7048807062988,0.17125645279884338,0.38904054271915217,projective_2d_nearest_cell_reassignment,True,0.38904054271915217,False,1007.4123734734746,1389.0167795877333,0.3590371845956481
1357,38,35,1007.1869874144891,1406.1308109131364,0.15207770466804504,0.14877958282557524,projective_2d_nearest_cell_reassignment,True,0.14877958282557524,False,1007.3416545371391,1406.0609612534838,0.16970826079607595
320,39,35,1006.5927551292233,1423.1141643005597,0.17629702389240265,0.6675391800692804,projective_2d_nearest_cell_reassignment,True,0.6675391800692804,False,1007.2709256951225,1423.1075303169919,0.678203012519149
227,40,35,1007.8173158974614,1439.5630100499125,0.17924760282039642,0.8918455560098347,projective_2d_nearest_cell_reassignment,True,0.8918455560098347,False,1007.2001869453433,1440.1564872799008,0.8561911971382974
289,41,35,1007.2113445323653,1456.6386333451214,0.17715761065483093,0.619004108599656,projective_2d_nearest_cell_reassignment,True,0.619004108599656,False,1007.1294382857194,1457.207832643995,0.5750621488829215
711,42,35,1007.4498455878208,1473.6515897630045,0.16658470034599304,0.7706244255076882,projective_2d_nearest_cell_reassignment,True,0.7706244255076882,False,1007.0586797141683,1474.261566911198,0.7246260152856392
933,43,35,1007.2348104785713,1490.7017201027293,0.1619129627943039,0.715180377835997,projective_2d_nearest_cell_reassignment,True,0.715180377835997,False,1006.9879112286071,1491.317690583576,0.6636104828191044
870,44,35,1007.8577275517532,1507.6140834820906,0.16326530277729034,1.2557307519054153,projective_2d_nearest_cell_reassignment,True,1.2557307519054153,False,1006.9171328269517,1508.3762041633345,1.210597525647591
1012,45,35,1007.5745305753402,1524.6849914324125,0.16031472384929657,1.0989749728932743,projective_2d_nearest_cell_reassignment,True,1.0989749728932743,False,1006.8463445071181,1525.43710815282,1.0468689082541083
906,46,35,1007.3874201004712,1544.1623172862362,0.1625276654958725,1.717544200745056,projective_2d_nearest_cell_reassignment,True,1.717544200745056,False,1006.7755462670212,1542.5004030545201,1.770973885081659
362,47,35,1007.1515194131421,1558.6000452661203,0.174944669008255,1.1314794403930026,projective_2d_nearest_cell_reassignment,True,1.1314794403930026,False,1006.7047381045757,1559.5660893710626,1.064356495906356
1168,48,35,1007.7894810937961,1575.5481510972895,0.15687239170074463,1.6464057272942139,projective_2d_nearest_cell_reassignment,True,1.6464057272942139,False,1006.6339200176952,1576.6341676052175,1.5857973565659251
850,49,35,1006.7248516444417,1593.1524492356648,0.16351118683815002,0.6527723657992444,projective_2d_nearest_cell_reassignment,True,0.6527723657992444,False,1006.5630920042935,1593.7046382598944,0.5753945599851934
1,0,36,995.5066602121062,759.4105313624538,0.21293336153030396,1.009986536501037,projective_2d_nearest_cell_reassignment,True,1.009986536501037,False,994.50886104984,759.2503867191554,1.0105688868139404
33,1,36,994.5267696305154,777.2723323489852,0.19375461339950562,1.0666495002437346,projective_2d_nearest_cell_reassignment,True,1.0666495002437346,False,994.4373158045854,776.2321100479346,1.0440615032537344
116,2,36,995.4146279597481,793.2947351962304,0.18539462983608246,1.050349512505983,projective_2d_nearest_cell_reassignment,True,1.050349512505983,False,994.3657605487288,793.2162094573991,1.0518028035508844
688,3,36,995.3192498251041,810.782312741433,0.1673223376274109,1.186913966650305,projective_2d_nearest_cell_reassignment,True,1.186913966650305,False,994.2941952801689,810.2026854462754,1.1775842311206413
438,4,36,994.3196842167342,827.2695272822139,0.1731005758047104,0.13913855992229596,projective_2d_nearest_cell_reassignment,True,0.13913855992229596,False,994.2226199968039,827.1915385134288,0.12451389820935756
193,5,36,994.5053427021412,843.7541595292346,0.18084584176540375,0.5363042445635868,projective_2d_nearest_cell_reassignment,True,0.5363042445635868,True,994.1510346965315,844.1827691578652,0.5560938559218327
199,6,36,994.1734311689843,861.203826746793,0.18047700822353363,0.10593258221321504,projective_2d_nearest_cell_reassignment,True,0.10593258221321504,True,994.0794393772488,861.1763778787295,0.09791780875616088
66,7,36,994.2069606466428,877.5993105453738,0.18932875990867615,0.5835059999843788,projective_2d_nearest_cell_reassignment,True,0.5835059999843788,True,994.0078340368523,878.1723651753069,0.6066654890584058
37,8,36,993.9757769415176,896.4412328711306,0.193139910697937,1.2951001034294802,projective_2d_nearest_cell_reassignment,True,1.2951001034294802,True,993.9362186732379,895.1707315470218,1.271117017096246
121,9,36,993.5652197496446,911.5241257615975,0.18514874577522278,0.6918025475745992,projective_2d_nearest_cell_reassignment,True,0.6918025475745992,True,993.8645932843008,912.1714774934389,0.7132242129728104
145,10,36,994.9827644650758,929.6611112068982,0.18305876851081848,1.2948085456078384,projective_2d_nearest_cell_reassignment,True,1.2948085456078384,False,993.7929578679357,929.1746035142623,1.2854296844215063
6,11,36,993.7603793485525,945.6135175019631,0.20604868233203888,0.545254191259418,projective_2d_nearest_cell_reassignment,True,0.545254191259418,False,993.7213124220368,946.1801101093369,0.5679378552957922
459,12,36,992.8262633580651,963.5953804265799,0.17260879278182983,0.9274836494862134,projective_2d_nearest_cell_reassignment,True,0.9274836494862134,False,993.6496569444976,963.1879977786463,0.9186607752677202
745,13,36,993.5798735325241,979.5429417820761,0.1658470630645752,0.6338845112440534,projective_2d_nearest_cell_reassignment,True,0.6338845112440534,False,993.5779914332111,980.1982670223152,0.6553279429356486
253,14,36,992.7649365726355,997.5543353580229,0.17838701605796814,0.8238080931205375,projective_2d_nearest_cell_reassignment,True,0.8238080931205375,False,993.5063158860695,997.2109183406077,0.8170547926780479
150,15,36,993.3786136596221,1013.5292969739972,0.1828128844499588,0.679079610695876,projective_2d_nearest_cell_reassignment,True,0.679079610695876,False,993.4346303009646,1014.2259522339288,0.6989037239116139
13,16,36,993.6540520517511,1031.0184539174675,0.19756576418876648,0.35954834371758587,projective_2d_nearest_cell_reassignment,True,0.35954834371758587,False,993.3629346757876,1031.2433692028226,0.36788070372641335
104,17,36,993.5817825710582,1047.5713138555852,0.1861322820186615,0.735879672742958,projective_2d_nearest_cell_reassignment,True,0.735879672742958,False,993.2912290084292,1048.2631697479744,0.7503905307171719
447,18,36,992.421760088522,1066.5798626288392,0.17285467684268951,1.532102830346144,projective_2d_nearest_cell_reassignment,True,1.532102830346144,False,993.2195132967793,1065.285354370209,1.5205794332907019
626,19,36,992.9413266830895,1081.6485059243257,0.1685517579317093,0.6773688223827818,projective_2d_nearest_cell_reassignment,True,0.6773688223827818,False,993.1477875387274,1082.3099235704924,0.6928920461164061
165,20,36,993.4460354862688,1099.1236746248303,0.1821981817483902,0.42523956628688403,projective_2d_nearest_cell_reassignment,True,0.42523956628688403,False,993.0760517321619,1099.3368778499298,0.4270170880607278
179,21,36,993.5035471114254,1115.4104389831825,0.1815834790468216,1.0707311018447943,projective_2d_nearest_cell_reassignment,True,1.0707311018447943,False,993.0043058749715,1116.366217709768,1.0783110805187686
231,22,36,993.4122579286495,1133.0360850760503,0.17912466824054718,0.6000547337991204,projective_2d_nearest_cell_reassignment,True,0.6000547337991204,False,992.9325499650434,1133.3979436513932,0.600883814806403
86,23,36,993.2949814383236,1150.5978521473999,0.18773052096366882,0.4740410085693754,projective_2d_nearest_cell_reassignment,True,0.4740410085693754,False,992.860784000265,1150.4320561763332,0.4647749124453873
80,24,36,993.3652470964292,1168.7107715534678,0.18809933960437775,1.3780168470501855,projective_2d_nearest_cell_reassignment,True,1.3780168470501855,False,992.7890079785226,1167.4685557862556,1.3693617247887553
88,25,36,992.2318784388704,1183.6465979282639,0.18748463690280914,0.9808521405000362,projective_2d_nearest_cell_reassignment,True,0.9808521405000362,False,992.717221897702,1184.5074429829683,0.9882370572083001
277,26,36,992.3573794976653,1200.8532649458184,0.1776493787765503,0.7478172351558894,projective_2d_nearest_cell_reassignment,True,0.7478172351558894,False,992.6454257556884,1201.5487182684212,0.7527456214953357
316,27,36,993.2464870507191,1218.860756351109,0.1764199584722519,0.7324568251762508,projective_2d_nearest_cell_reassignment,True,0.7324568251762508,False,992.5736195503666,1218.5923821447038,0.7244138235112957
166,28,36,992.0954603230514,1235.346043866352,0.182198166847229,0.4947200655335144,projective_2d_nearest_cell_reassignment,True,0.4947200655335144,False,992.5018032796205,1235.6384351140464,0.5006068717882936
10,29,36,992.0481601056769,1251.774389353774,0.19891811907291412,0.9902457269454179,projective_2d_nearest_cell_reassignment,True,0.9902457269454179,False,992.4299769413338,1252.6868776788208,0.9891506656408541
439,30,36,993.3463625627155,1269.2873543995963,0.1731005609035492,1.0986011973065675,projective_2d_nearest_cell_reassignment,True,1.0986011973065675,True,992.3581405333892,1269.7377103415383,1.0860033396303146
241,31,36,991.4875947761211,1287.035365695596,0.17875584959983826,0.8219067101178886,projective_2d_nearest_cell_reassignment,True,0.8219067101178886,True,992.2862940536692,1286.7909336048533,0.8352649776811266
683,32,36,992.6316107333307,1305.4705007246023,0.16744528710842133,1.6666102013932482,projective_2d_nearest_cell_reassignment,True,1.6666102013932482,True,992.214437500055,1303.846547971559,1.6766800680746208
331,33,36,992.5889310401341,1320.5085272435203,0.17592820525169373,0.6163579691735935,projective_2d_nearest_cell_reassignment,True,0.6163579691735935,True,992.1425708704284,1320.9045539445908,0.5967198245914668
267,34,36,991.8899605980845,1340.150546430362,0.17801819741725922,2.1727950159556317,projective_2d_nearest_cell_reassignment,True,2.1727950159556317,True,992.0706941626693,1337.9649520270245,2.1930543808277543
494,35,36,992.5793733589039,1354.4966260166989,0.1716252714395523,0.8115089467640104,projective_2d_nearest_cell_reassignment,True,0.8115089467640104,False,991.9988073746579,1355.027742722078,0.7868556518170475
204,36,36,991.9759785578248,1371.5580559798364,0.18023112416267395,0.56409210959636,projective_2d_nearest_cell_reassignment,True,0.56409210959636,False,991.9269105042735,1372.0929265331094,0.5371165447442301
793,37,36,993.0296810968565,1389.7253021052397,0.16474059224128723,1.303596981081235,projective_2d_nearest_cell_reassignment,True,1.303596981081235,False,991.8550035493947,1389.1605039636183,1.303404880031455
387,38,36,991.8406194943396,1408.2327806609944,0.1743299663066864,1.970979511363702,projective_2d_nearest_cell_reassignment,True,1.970979511363702,False,991.7830865078996,1406.2304755172452,2.003131531680691
569,39,36,992.0621923232665,1422.7887204437445,0.1697811782360077,0.6608474157441393,projective_2d_nearest_cell_reassignment,True,0.6608474157441393,False,991.711159377666,1423.3028416977727,0.6225309572546622
453,40,36,991.9882927165604,1439.5839059505834,0.17260880768299103,0.9097941715877421,projective_2d_nearest_cell_reassignment,True,0.9097941715877421,False,991.6392221565706,1440.3776030091244,0.8670670542630228
623,41,36,991.9528237478277,1456.7630313163195,0.1685517579317093,0.8378780741274191,projective_2d_nearest_cell_reassignment,True,0.8378780741274191,False,991.5672748424898,1457.4547599553653,0.7919194835861288
244,42,36,992.0055733662265,1476.2612299988018,0.17863290011882782,1.7598343969868382,projective_2d_nearest_cell_reassignment,True,1.7598343969868382,False,991.4953174332993,1474.5343130407014,1.8007229929287527
552,43,36,992.0113894316858,1490.7554261730102,0.17014998197555542,1.094832423721822,projective_2d_nearest_cell_reassignment,True,1.094832423721822,False,991.4233499268744,1491.616262769481,1.042511441204471
714,44,36,991.9779684568725,1507.7851432441653,0.1664617657661438,1.165413915575829,projective_2d_nearest_cell_reassignment,True,1.165413915575829,False,991.3513723210893,1508.700609646193,1.109369843929438
919,45,36,990.9477765734115,1526.14461900656,0.16215884685516357,0.43211520146004667,projective_2d_nearest_cell_reassignment,True,0.43211520146004667,False,991.2793846138185,1525.787354175469,0.48744440913508913
282,46,36,992.5436285144458,1542.3147545375416,0.17740347981452942,1.4923510487318175,projective_2d_nearest_cell_reassignment,True,1.4923510487318175,False,991.2073868029347,1542.876496862081,1.4495159022104704
1178,47,36,992.4152140187471,1559.9319124758417,0.15662650763988495,1.3029242958815994,projective_2d_nearest_cell_reassignment,True,1.3029242958815994,False,991.1353788863114,1559.9680382109443,1.2803448890643947
851,48,36,991.8151624144068,1575.8119295479491,0.16351118683815002,1.531940038954131,projective_2d_nearest_cell_reassignment,True,1.531940038954131,False,991.06336086182,1577.0619787271144,1.458707827086553
1116,49,36,991.3949936811305,1593.3689617591253,0.1579788476228714,0.9655566188479094,projective_2d_nearest_cell_reassignment,True,0.9655566188479094,False,990.9913327273326,1594.1583189157898,0.8865815734597385
108,0,37,979.2357848204778,758.4868364047832,0.18576347827911377,0.2931769430076539,projective_2d_nearest_cell_reassignment,True,0.2931769430076539,False,978.9488185239838,758.4425128735912,0.29036912842235163
62,1,37,978.7521161316664,776.4107802056558,0.18994344770908356,0.9966291157235923,projective_2d_nearest_cell_reassignment,True,0.9966291157235923,False,978.8760750334377,775.4498371647079,0.9689052261570822
3,2,37,978.6550239508191,793.4504915048717,0.20740103721618652,1.0299245517162228,projective_2d_nearest_cell_reassignment,True,1.0299245517162228,False,978.8033213492517,792.4595447142603,1.0019818662055948
82,3,37,978.491452231333,810.2067165806764,0.18809932470321655,0.8002060922800379,projective_2d_nearest_cell_reassignment,True,0.8002060922800379,False,978.7305574692834,809.4716360232377,0.7729907766200449
29,4,37,979.0236784825553,828.3455230860947,0.19436931610107422,1.922799430120626,projective_2d_nearest_cell_reassignment,True,1.922799430120626,False,978.6577833913889,826.4861115927688,1.8950700037866668
30,5,37,978.3701696278922,844.7570974597346,0.19424638152122498,1.3003485103954506,projective_2d_nearest_cell_reassignment,True,1.3003485103954506,True,978.5849991134244,843.5029719241235,1.2723924579020176
24,6,37,978.4137191593721,860.8217661557974,0.19486108422279358,0.3421164114915638,projective_2d_nearest_cell_reassignment,True,0.3421164114915638,True,978.512204633245,860.5222175187117,0.3153232857621429
26,7,37,978.2447343538247,878.7258804441165,0.19473813474178314,1.2254548990289726,projective_2d_nearest_cell_reassignment,True,1.2254548990289726,True,978.439399948706,877.5438488780846,1.1979538041702975
162,8,37,979.1779753683553,894.8292362522692,0.18232110142707825,0.8628926233818809,projective_2d_nearest_cell_reassignment,True,0.8628926233818809,True,978.366585057661,894.5678665039333,0.8524484627434823
5,9,37,978.3531840816848,911.3865167782825,0.20629456639289856,0.19069655239867947,projective_2d_nearest_cell_reassignment,True,0.19069655239867947,True,978.2937599579641,911.5942708980899,0.21608563297205907
180,10,37,977.9520016517615,927.6958253432452,0.1815834790468216,0.9390245236625843,projective_2d_nearest_cell_reassignment,True,0.9390245236625843,False,978.2209246474679,928.623062562527,0.9654472737757814
393,11,37,977.9934226802045,945.3373190168788,0.17420703172683716,0.3278872587706184,projective_2d_nearest_cell_reassignment,True,0.3278872587706184,False,978.1480791240249,945.6542419993586,0.35264542027235485
91,12,37,979.0645934336128,963.3111468164651,0.18686991930007935,1.18622727484569,projective_2d_nearest_cell_reassignment,True,1.18622727484569,False,978.0752233854867,962.6878097108387,1.1693597561827904
285,13,37,977.9756460494534,979.3434969323675,0.17728056013584137,0.35652765727122193,projective_2d_nearest_cell_reassignment,True,0.35652765727122193,False,978.0023574297047,979.7237661993627,0.3812062607774718
136,14,37,979.0216621953867,997.3374004948303,0.18379640579223633,1.249817230191576,projective_2d_nearest_cell_reassignment,True,1.249817230191576,False,977.9294812545295,996.7621119674666,1.2344294622569958
93,15,37,977.8329355700662,1013.4188765557138,0.1867469996213913,0.3620653357972491,projective_2d_nearest_cell_reassignment,True,0.3620653357972491,False,977.8565948578108,1013.8028475178279,0.38469918331520087
41,16,37,977.902451152331,1032.4611125027484,0.1927710771560669,1.6410455804346795,projective_2d_nearest_cell_reassignment,True,1.6410455804346795,False,977.783698237398,1030.8459733532643,1.6194989123186483
7,17,37,976.4989848788751,1048.7669703340553,0.20481927692890167,1.5014488872232297,projective_2d_nearest_cell_reassignment,True,1.5014488872232297,False,977.71079139114,1047.8914899767353,1.4949718656953097
221,18,37,978.2706262183206,1065.9058266717063,0.17937055230140686,1.1744263159704977,projective_2d_nearest_cell_reassignment,True,1.1744263159704977,False,977.6378743168848,1064.9393978913413,1.1551448204828938
90,19,37,976.755764420043,1082.309482734063,0.18699286878108978,0.8694155478511285,projective_2d_nearest_cell_reassignment,True,0.8694155478511285,False,977.56494701248,1081.9896976003238,0.8700798811970377
262,20,37,976.5518154417105,1098.9590403494758,0.17814114689826965,0.9345360549465207,projective_2d_nearest_cell_reassignment,True,0.9345360549465207,False,977.4920094757728,1099.0423896070654,0.943881306323565
70,21,37,976.4019426063547,1115.357908038156,0.18895991146564484,1.2426310294596206,projective_2d_nearest_cell_reassignment,True,1.2426310294596206,False,977.4190617046091,1116.09747441509,1.2575729346344038
9,22,37,976.4490330704425,1132.9453884546206,0.20002460479736328,0.9096350337343977,projective_2d_nearest_cell_reassignment,True,0.9096350337343977,False,977.3461036968347,1133.1549525280632,0.9212235394373689
96,23,37,976.4769759966396,1150.5389019661707,0.18650111556053162,0.8542557721566842,projective_2d_nearest_cell_reassignment,True,0.8542557721566842,False,977.2731354502951,1150.2148244497916,0.8595906655306376
2,24,37,976.3740539808821,1168.6318777896022,0.20961396396160126,1.5879037102593205,projective_2d_nearest_cell_reassignment,True,1.5879037102593205,False,977.2001569628343,1167.2770906842231,1.5867873952397205
412,25,37,976.4605892377717,1185.0989008372846,0.17383819818496704,1.0056561967266278,projective_2d_nearest_cell_reassignment,True,1.0056561967266278,False,977.1271682322965,1184.3417517354476,1.0087627661419478
170,26,37,976.3758811617433,1201.1813211826486,0.18195229768753052,0.7036209633090628,projective_2d_nearest_cell_reassignment,True,0.7036209633090628,False,977.0541692565251,1201.4088081076961,0.7154194857496583
176,27,37,976.3322163318606,1220.3740356239787,0.18182934820652008,2.0005072343648758,projective_2d_nearest_cell_reassignment,True,2.0005072343648758,False,976.9811600333628,1218.478260305341,2.0037694444408203
8,28,37,977.3237430865518,1235.327323352668,0.2012539952993393,0.483511856746638,projective_2d_nearest_cell_reassignment,True,0.483511856746638,False,976.9081405606513,1235.550108832897,0.4715493926787791
238,29,37,976.2464816192006,1254.4334769986617,0.1788787841796875,1.8941268553345445,projective_2d_nearest_cell_reassignment,True,1.8941268553345445,False,976.8351108362326,1252.6243541950194,1.902474618438452
541,30,37,977.423118637569,1269.3920517360623,0.1703958809375763,0.7451193568832758,projective_2d_nearest_cell_reassignment,True,0.7451193568832758,True,976.7620708579472,1269.7009968965062,0.7296788876654866
42,31,37,977.3739768741285,1286.9435072754463,0.19240225851535797,0.7157420529813951,projective_2d_nearest_cell_reassignment,True,0.7157420529813951,True,976.6890206236358,1286.7800374422973,0.7041927658240072
65,32,37,976.0914856305249,1303.4178036172386,0.18957462906837463,0.6844914166011931,projective_2d_nearest_cell_reassignment,True,0.6844914166011931,True,976.6159601311375,1303.8614763374726,0.6869635976328715
230,33,37,976.1184614946085,1321.0162417939225,0.17912466824054718,0.4127853805585996,projective_2d_nearest_cell_reassignment,True,0.4127853805585996,True,976.542889378292,1320.9453140872567,0.4303135694129639
114,34,37,976.1542277357005,1340.2574173726528,0.18539464473724365,2.2266982683983887,projective_2d_nearest_cell_reassignment,True,2.2266982683983887,True,976.4698083629371,1338.0315511970136,2.248126189550164
237,35,37,977.2336519422261,1355.0602879577652,0.1788787841796875,0.8573155203883454,projective_2d_nearest_cell_reassignment,True,0.8573155203883454,False,976.3967170829112,1355.120188172251,0.8390756786081917
84,36,37,976.0067756400523,1371.551414880569,0.18785345554351807,0.7486653614484418,projective_2d_nearest_cell_reassignment,True,0.7486653614484418,False,976.3236155360513,1372.2112255186169,0.7319409797093472
158,37,37,976.1368185580081,1389.2096784473285,0.18232113122940063,0.15747200252416077,projective_2d_nearest_cell_reassignment,True,0.15747200252416077,False,976.2505037201943,1389.3046637419031,0.14814358672149772
420,38,37,976.4536184049537,1405.8208503704038,0.17359232902526855,0.6799729589474839,projective_2d_nearest_cell_reassignment,True,0.6799729589474839,False,976.1773816331757,1406.400503348042,0.6421092808604993
144,39,37,976.0523952300013,1423.374705083528,0.18305876851081848,0.1645253435783245,projective_2d_nearest_cell_reassignment,True,0.1645253435783245,False,976.1042492728315,1423.49874484311,0.13444219469723123
202,40,37,976.0734450734625,1442.3239410330737,0.1803540736436844,1.6847186111233574,projective_2d_nearest_cell_reassignment,True,1.6847186111233574,False,976.0311066369959,1440.5993887333238,1.7250719340870309
570,41,37,975.516224476201,1457.897245024991,0.1697811633348465,0.4478326401912793,projective_2d_nearest_cell_reassignment,True,0.4478326401912793,False,975.9579537235037,1457.7024355250437,0.48277890301075443
79,42,37,975.4680839942661,1475.9283049914973,0.188222274184227,1.1423872611145651,projective_2d_nearest_cell_reassignment,True,1.1423872611145651,False,975.8847905301883,1474.8078857247715,1.1954010499956198
98,43,37,975.5561944683762,1491.9866884669045,0.18637818098068237,0.23525538620294284,projective_2d_nearest_cell_reassignment,True,0.23525538620294284,False,975.8116170548825,1491.9157398391517,0.2650932014925264
475,44,37,975.5471765541456,1510.0425972103203,0.17211703956127167,0.9739924842651885,projective_2d_nearest_cell_reassignment,True,0.9739924842651885,False,975.7384332954188,1509.0259983749709,1.0344333391361018
184,45,37,975.5615852837623,1526.011323175725,0.18133759498596191,0.2061727475935196,projective_2d_nearest_cell_reassignment,True,0.2061727475935196,False,975.665239249629,1526.1386618391589,0.1641928130127442
101,46,37,976.0707580777258,1544.4665110377703,0.1861322820186615,1.2510872362055787,projective_2d_nearest_cell_reassignment,True,1.2510872362055787,False,975.5920349153442,1543.253730738787,1.3038450520681337
27,47,37,976.0323748139778,1559.4468651961442,0.1946152001619339,1.1309039152468305,projective_2d_nearest_cell_reassignment,True,1.1309039152468305,False,975.5188202903952,1560.3712055810702,1.0574229976206924
556,48,37,976.014710649637,1578.4980244035478,0.17002704739570618,1.1037178077344676,projective_2d_nearest_cell_reassignment,True,1.1037178077344676,False,975.4455953726116,1577.4910868733652,1.1566396968087338
939,49,37,977.1524086206163,1594.956022038813,0.16179001331329346,1.8231507704119219,projective_2d_nearest_cell_reassignment,True,1.8231507704119219,False,975.3723601598228,1594.613375123172,1.8127270703476592
1249,8,39,950.9342931456988,894.1742304507986,0.15478241443634033,3.9486591399005673,projective_2d_nearest_cell_reassignment,False,3.9486591399005673,True,947.0856760719821,893.3566519686964,3.9344997082857027
0,13,39,942.5357605963724,982.3306225790581,0.2691172957420349,5.497957554642236,projective_2d_nearest_cell_reassignment,False,5.497957554642236,False,946.7093432515699,978.7704463552493,5.485767669555329
