layer_z,score_percent,machine_x_mm,machine_y_mm,raw_image_x_px,raw_image_y_px
tensor(203),70.14479041099548,70.42847690558708,-48.26308312045817,285.15625,308.59375
tensor(203),70.2757716178894,63.062494777128634,-46.27204080867444,396.484375,349.609375
tensor(203),70.3809916973114,59.63221189639089,-42.85951534999996,449.21875,414.0625
tensor(203),70.25589942932129,67.57145158320466,-41.33170403032701,332.03125,437.5
tensor(203),70.40229439735413,58.09000640648967,-41.620458013090555,472.65625,437.5
tensor(203),69.38492059707642,-26.59276330159619,-43.54327276435846,1703.125,449.21875
tensor(203),70.38477063179016,70.76382901171839,-40.270234859516506,285.15625,455.078125
tensor(203),70.36590576171875,59.32777426896779,-39.97073084107524,455.078125,466.796875
tensor(203),70.32227516174316,64.4850774018899,-39.492826174665296,378.90625,472.65625
tensor(203),70.35964727401733,61.71493375176693,-39.57603335164401,419.921875,472.65625
tensor(203),70.3120231628418,57.41236894810977,-37.7623736167884,484.375,507.8125
tensor(203),70.36047577857971,53.84968636954228,-37.21818443749323,537.109375,519.53125
tensor(203),70.28871178627014,62.60657214485753,-36.63551032012255,408.203125,525.390625
tensor(203),69.08033490180969,71.84240176928466,-33.43998072620285,273.4375,578.125
tensor(203),70.13728022575378,55.141891096887235,-33.5934947177769,519.53125,583.984375
tensor(203),69.08562183380127,66.72048466225667,-32.6080648893805,349.609375,595.703125
tensor(203),69.05665397644043,64.81415481291603,-30.369533762027892,378.90625,636.71875
tensor(203),69.01754140853882,66.50785156235807,-27.69032934621204,355.46875,683.59375
tensor(203),69.13799047470093,72.5071454273493,-27.195909749517003,267.578125,689.453125
tensor(203),68.97069811820984,58.523531598464096,-27.24881915374711,472.65625,695.3125
tensor(203),69.16961669921875,69.74193533993807,-26.611872373859523,308.59375,701.171875
tensor(203),68.96884441375732,63.76732915915775,-26.113345620602193,396.484375,712.890625
tensor(203),69.05350089073181,69.40897285962808,-24.967574698101622,314.453125,730.46875
tensor(203),69.03658509254456,68.6611252923723,-23.661121531995207,326.171875,753.90625
tensor(203),68.90014410018921,58.653856050868725,-22.92847976130988,472.65625,771.484375
tensor(203),69.05936002731323,69.1411393167232,-21.652506109682687,320.3125,789.0625
tensor(203),69.1291332244873,71.58961995003165,-20.588170711053916,285.15625,806.640625
tensor(203),69.18414235115051,63.96527389786124,-20.452004810129047,396.484375,812.5
tensor(203),68.183833360672,-27.642649639134586,-22.144044377445162,1703.125,824.21875
tensor(203),68.21361184120178,55.539127096729,-18.992516927614886,519.53125,841.796875
tensor(203),69.13641691207886,71.70202340994575,-17.909124470782743,285.15625,853.515625
tensor(203),70.27731537818909,67.35004522406182,-16.00201091433033,349.609375,888.671875
tensor(203),69.7784960269928,70.2016574227297,-15.256952909651226,308.59375,900.390625
tensor(203),70.19971013069153,65.36711219004705,-15.039427002160721,378.90625,906.25
tensor(203),69.66992020606995,72.6788901078827,-13.845986021205492,273.4375,923.828125
tensor(203),68.87290477752686,12.168643787113949,-14.988644504168244,1140.625,929.6875
tensor(203),69.47961449623108,-29.210200393931082,-16.001089289265977,1720.703125,929.6875
tensor(203),69.37419772148132,58.938112358537786,-13.505200392688613,472.65625,935.546875
tensor(203),68.88478398323059,10.486905714688831,-13.314417373663652,1164.0625,958.984375
tensor(203),69.34443712234497,58.58253413777587,-11.815056219797926,478.515625,964.84375
tensor(203),69.24347281455994,-28.469565423038308,-13.906748548919722,1708.984375,964.84375
tensor(203),68.23244094848633,15.043480504714806,-12.517618112665703,1099.609375,970.703125
tensor(203),70.20562291145325,62.670696086617625,-11.036414817535551,419.921875,976.5625
tensor(203),69.09792423248291,-26.814083353896528,-13.1734132814269,1685.546875,976.5625
tensor(203),69.3327784538269,73.64787512509925,-10.09462144725884,261.71875,988.28125
tensor(203),69.52623724937439,69.23154366070024,-9.177401271434297,326.171875,1005.859375
tensor(203),70.34693360328674,62.35473217210131,-8.313617928089043,425.78125,1023.4375
tensor(203),69.82634663581848,-30.354397221605822,-10.123862192632108,1732.421875,1029.296875
tensor(203),69.74478363990784,72.95477745802512,-7.383570434006457,273.4375,1035.15625
tensor(203),69.50122117996216,58.316516605998544,-7.036178228249486,484.375,1046.875
tensor(203),70.11818885803223,68.93240241221514,-6.449432683121386,332.03125,1052.734375
tensor(203),69.06912922859192,-27.030830608369758,-8.64907516011324,1685.546875,1052.734375
tensor(203),68.94721388816833,9.967554763423074,-6.062778256997875,1169.921875,1082.03125
tensor(203),68.96947026252747,6.620531550766652,-6.138255740117128,1216.796875,1082.03125
tensor(203),68.37764382362366,2.43002011649659,-6.232754414295768,1275.390625,1082.03125
tensor(203),69.11214590072632,-26.689984404622248,-6.889428870978419,1679.6875,1082.03125
tensor(203),70.3428566455841,69.82817832756287,-4.36903385142985,320.3125,1087.890625
tensor(203),69.75329518318176,-30.532809648640132,-6.624774751590615,1732.421875,1087.890625
tensor(203),69.60455775260925,60.44536310525215,-4.235160911900728,455.078125,1093.75
tensor(203),69.18087005615234,-27.181935285674694,-5.494946848310495,1685.546875,1105.46875
tensor(203),68.60798597335815,9.93756903577379,-3.9703519697682905,1169.921875,1117.1875
tensor(203),70.41864395141602,69.5292986181312,-1.6169864091519972,326.171875,1134.765625
tensor(203),68.79872679710388,6.146050746399448,-3.0037943885982834,1222.65625,1134.765625
tensor(203),69.09578442573547,-26.857099060586176,-3.3728639369755924,1679.6875,1140.625
tensor(203),69.7867751121521,-30.71235914929929,-3.1033866215979016,1732.421875,1146.484375
tensor(203),70.07632255554199,62.61744196712411,-0.38154903038256455,425.78125,1158.203125
tensor(203),68.86738538742065,3.1759461991462206,-1.6643156726636454,1263.671875,1158.203125
tensor(203),70.42204141616821,67.97292663639692,0.42786570251788975,349.609375,1169.921875
tensor(203),69.0042495727539,-26.94105597414174,-1.606173059544106,1679.6875,1169.921875
tensor(203),69.99400854110718,73.74673183641929,1.5927038051340188,267.578125,1187.5
tensor(203),69.66605186462402,-30.856824766378413,-0.27007598967254376,1732.421875,1193.359375
tensor(203),69.01251673698425,-27.469725854945207,0.5123349817161503,1685.546875,1205.078125
tensor(203),70.22334933280945,63.97953264291754,3.4781360461995483,408.203125,1222.65625
tensor(203),69.86694931983948,73.4417497240929,4.023321404802659,273.4375,1228.515625
tensor(203),69.26383376121521,5.201790221435841,2.612284711705699,1234.375,1228.515625
tensor(203),70.40766477584839,68.11831037622346,4.262683791712947,349.609375,1234.375
tensor(203),69.06052827835083,-27.143648831069026,2.656953549194078,1679.6875,1240.234375
tensor(203),69.68770027160645,-31.038448574337142,3.2919941866406948,1732.421875,1251.953125
tensor(203),68.12116503715515,59.97789553971837,7.255447496971857,466.796875,1287.109375
tensor(203),68.96476745605469,2.1690827283859644,6.10389421978419,1275.390625,1287.109375
tensor(203),68.85088086128235,-1.2264138469768984,6.0362558266243,1322.265625,1287.109375
tensor(203),70.667964220047,65.36276198685891,7.714582909998771,390.625,1292.96875
tensor(203),69.06564235687256,-27.330730758990743,6.593686349320843,1679.6875,1304.6875
tensor(203),69.62239742279053,-31.276307313696375,7.956963670374281,1732.421875,1328.125
tensor(203),69.0162181854248,-27.84683356923953,8.384004737210102,1685.546875,1333.984375
tensor(203),70.27737498283386,68.41210667961595,12.01221190353879,349.609375,1363.28125
tensor(203),68.39867234230042,-4.336269705731108,10.995362000074422,1363.28125,1369.140625
tensor(203),69.12016272544861,-0.9296882761510393,11.419681035148924,1316.40625,1375.0
tensor(203),69.6203887462616,-31.442148102058088,11.20949170003538,1732.421875,1380.859375
tensor(203),69.04714703559875,1.6137366699421054,12.18793230316393,1281.25,1386.71875
tensor(203),69.1557765007019,-27.58798305804785,12.007002188304602,1679.6875,1392.578125
tensor(203),70.51752209663391,70.6222938196452,15.608104070446881,320.3125,1421.875
tensor(203),68.9728319644928,1.139700414307027,14.34634830938259,1287.109375,1421.875
tensor(203),69.60340142250061,-31.608955235329805,14.480972026879456,1732.421875,1433.59375
tensor(203),69.26331520080566,-4.0239206882875,15.3405175475566,1357.421875,1439.453125
tensor(203),69.5802092552185,-31.702046535340827,16.306711433900475,1732.421875,1462.890625
tensor(203),70.38599252700806,72.39910800632306,18.49891458156116,296.875,1468.75
tensor(203),69.02211308479309,-27.847738095753797,17.472982725789297,1679.6875,1480.46875
tensor(203),69.59531307220459,-31.814155304584766,18.505428154550607,1732.421875,1498.046875
tensor(203),70.44370174407959,74.15294360105958,20.682404880929354,273.4375,1503.90625
tensor(203),69.54573392868042,-31.983140343986907,21.81962234452297,1732.421875,1550.78125
tensor(203),69.05631422996521,-28.127610075482803,23.362280610813308,1679.6875,1574.21875
tensor(203),69.55945491790771,-32.05856334648767,23.298844869562085,1732.421875,1574.21875
tensor(203),68.42593550682068,66.8206221585759,25.257463708817898,378.90625,1580.078125
tensor(203),68.0223286151886,-22.555584568474302,25.6755847005775,1603.515625,1609.375
tensor(203),69.0251350402832,-28.250974201940622,25.958210684768773,1679.6875,1615.234375
tensor(203),68.52080225944519,74.94358630412302,29.388894937732385,267.578125,1644.53125
tensor(203),68.59071850776672,69.48771472826144,29.30600453379444,343.75,1644.53125
tensor(203),68.98954510688782,-28.357164893720032,28.192763129466144,1679.6875,1650.390625
tensor(203),69.53485012054443,-32.3241012123157,28.50666714340674,1732.421875,1656.25
tensor(203),68.44439506530762,-13.527928244236696,29.16187655052185,1480.46875,1662.109375
tensor(203),68.53647232055664,-15.285286059248882,29.508588838874932,1503.90625,1667.96875
tensor(203),68.99300217628479,-28.428190749617954,29.687347986895077,1679.6875,1673.828125
tensor(203),69.344961643219,-22.74567376930496,30.145502816249465,1603.515625,1679.6875
tensor(203),69.29436326026917,-16.663935393110147,31.357230118225875,1521.484375,1697.265625
tensor(203),68.60714554786682,-19.288909807823106,31.319221560447005,1556.640625,1697.265625
tensor(203),69.52511072158813,-32.47693410664176,31.50407976764915,1732.421875,1703.125
tensor(203),69.33812499046326,-14.955603690627564,32.50596247314247,1498.046875,1714.84375
tensor(203),68.62668991088867,-8.415517309115444,32.97373052716153,1410.15625,1720.703125
tensor(203),68.35678219795227,10.693270852561412,33.99128032200541,1152.34375,1732.421875
tensor(203),68.93348693847656,5.057090324961292,33.91236394733746,1228.515625,1732.421875
tensor(203),70.01774311065674,-32.592087158543805,33.76250203343994,1732.421875,1738.28125
tensor(204),70.20970582962036,68.48461128210488,-48.00810160175294,314.453125,314.453125
tensor(204),70.36164999008179,59.94519094913462,-45.41244586072359,443.359375,367.1875
tensor(204),70.3791856765747,63.50084357260591,-44.981811324446994,390.625,373.046875
tensor(204),70.41245698928833,60.411927685964216,-43.15651835299163,437.5,408.203125
tensor(204),70.41815519332886,62.001762600041644,-42.78669400738508,414.0625,414.0625
tensor(204),69.04690861701965,-26.086532527329656,-45.4938350320309,1697.265625,414.0625
tensor(204),68.83862018585205,-27.00351233583456,-43.55572488388594,1708.984375,449.21875
tensor(204),70.46297788619995,70.7773479841747,-39.94802100276254,285.15625,460.9375
tensor(204),70.4509437084198,60.90169125206345,-40.24603347520509,431.640625,460.9375
tensor(204),70.4796552658081,65.2759385949362,-39.46907097076009,367.1875,472.65625
tensor(204),69.3424642086029,52.22399948783102,-38.56518910575435,560.546875,496.09375
tensor(204),70.38627862930298,61.78000351049638,-37.633012556066106,419.921875,507.8125
tensor(204),70.43570876121521,63.78550394336358,-36.925295525720266,390.625,519.53125
tensor(204),70.48293352127075,57.062149072482434,-36.14811369950836,490.234375,537.109375
tensor(204),70.3084647655487,57.119033778826505,-34.19036354033817,490.234375,572.265625
tensor(204),69.12479400634766,72.25282564888671,-33.10232641227876,267.578125,583.984375
tensor(204),70.11537551879883,52.75242697353057,-33.334665080266554,554.6875,589.84375
tensor(204),69.17155981063843,67.13062780487178,-32.26954544170402,343.75,601.5625
tensor(204),70.13912796974182,56.79538700398249,-31.580223318074708,496.09375,619.140625
tensor(204),69.0963625907898,64.80230564347495,-30.698038344948863,378.90625,630.859375
tensor(204),68.96468997001648,64.10947204653944,-27.75628427707758,390.625,683.59375
tensor(204),69.16000247001648,72.52135599925298,-26.865878168069862,267.578125,695.3125
tensor(204),69.05288696289062,69.74193533993807,-26.611872373859523,308.59375,701.171875
tensor(204),68.96876692771912,63.76732915915775,-26.113345620602193,396.484375,712.890625
tensor(204),68.94177794456482,60.97208565785611,-25.85793709368758,437.5,718.75
tensor(204),69.00990009307861,68.60882412463714,-24.98912133851887,326.171875,730.46875
tensor(204),68.88004541397095,71.83582757876206,-24.239791706378117,279.296875,742.1875
tensor(204),69.39762234687805,57.799220558017474,-24.615761944807407,484.375,742.1875
tensor(204),68.98354887962341,68.6611252923723,-23.661121531995207,326.171875,753.90625
tensor(204),69.3875253200531,57.87773025532404,-21.947719531282242,484.375,789.0625
tensor(204),69.15669441223145,71.60364026021587,-20.254007871981738,285.15625,812.5
tensor(204),69.1317617893219,66.38011535030111,-20.38940880582494,361.328125,812.5
tensor(204),69.23418641090393,63.96527389786124,-20.452004810129047,396.484375,812.5
tensor(204),68.6011254787445,53.910803276693535,-19.370250979510203,542.96875,835.9375
tensor(204),69.2635715007782,71.70202340994575,-17.909124470782743,285.15625,853.515625
tensor(204),68.93022060394287,57.5816769091086,-18.2679879114572,490.234375,853.515625
tensor(204),68.44221353530884,-28.230909420296943,-18.733249198341973,1708.984375,882.8125
tensor(204),70.25142908096313,66.94629161633313,-16.012096087423117,355.46875,888.671875
tensor(204),69.02586221694946,60.48732549279769,-15.83591418876026,449.21875,894.53125
tensor(204),69.6706771850586,70.60509369465497,-15.246934455183487,302.734375,900.390625
tensor(204),70.19438743591309,65.36711219004705,-15.039427002160721,378.90625,906.25
tensor(204),69.59907412528992,73.0678417956772,-14.174089768932733,267.578125,917.96875
tensor(204),68.8033938407898,-25.806825200788253,-16.60777828909422,1673.828125,917.96875
tensor(204),69.56767439842224,58.51166199148696,-14.19366120384203,478.515625,923.828125
tensor(204),68.09284687042236,53.22740042375971,-14.32334123656012,554.6875,923.828125
tensor(204),68.82389783859253,8.027465586764393,-15.432584023540095,1199.21875,923.828125
tensor(204),68.03675889968872,54.8995789340966,-12.584253440662629,531.25,953.125
tensor(204),69.5500373840332,58.98939100649681,-11.805280242013962,472.65625,964.84375
tensor(204),69.00116205215454,10.482111655450835,-12.970815647099391,1164.0625,964.84375
tensor(204),68.61512660980225,14.213930871682205,-12.537489657395588,1111.328125,970.703125
tensor(204),68.13035607337952,55.343406176178725,-11.211398847009562,525.390625,976.5625
tensor(204),68.02427768707275,50.85419333158213,-11.318606363337649,589.84375,976.5625
tensor(204),70.0623631477356,62.68210898136468,-10.69561915048106,419.921875,982.421875
tensor(204),68.27044486999512,7.549774930478626,-11.663396615048018,1205.078125,988.28125
tensor(204),68.07500123977661,54.971819966344945,-9.854634047166867,531.25,1000.0
tensor(204),69.17744278907776,69.23154366070024,-9.177401271434297,326.171875,1005.859375
tensor(204),69.57381963729858,58.65371415923671,-9.42611835525357,478.515625,1005.859375
tensor(204),70.43535113334656,61.9471950704242,-8.323110140219107,431.640625,1023.4375
tensor(204),69.38489079475403,58.71497217324621,-7.370182066240619,478.515625,1041.015625
tensor(204),69.75420713424683,-30.407802200286092,-9.076464916021644,1732.421875,1046.875
tensor(204),69.05088424682617,-26.182893806541234,-8.629638989109008,1673.828125,1052.734375
tensor(204),70.12592554092407,69.35286090587331,-6.096986720585437,326.171875,1058.59375
tensor(204),69.70536708831787,62.43428945599803,-5.911523034260089,425.78125,1064.453125
tensor(204),68.86403560638428,4.945225595323788,-6.176034945380292,1240.234375,1082.03125
tensor(204),70.36837935447693,69.82817832756287,-4.36903385142985,320.3125,1087.890625
tensor(204),69.06844973564148,7.027335915257955,-5.43182449071866,1210.9375,1093.75
tensor(204),69.73661780357361,-30.550713251545165,-6.27364297721952,1732.421875,1093.75
tensor(204),69.16951537132263,-26.36469654875737,-4.772769310728003,1673.828125,1117.1875
tensor(204),68.87727975845337,6.578114306938603,-3.694739576077121,1216.796875,1123.046875
tensor(204),70.44983506202698,69.51567573585558,-1.9628904455189864,326.171875,1128.90625
tensor(204),68.41100454330444,9.917515415799057,-2.5709955132571016,1169.921875,1140.625
tensor(204),69.73307132720947,-30.694352721214116,-3.456535039666049,1732.421875,1140.625
tensor(204),68.5326099395752,3.1902690253627464,-2.366678526389451,1263.671875,1146.484375
tensor(204),69.05815005302429,-26.90744110946986,-2.313524869500581,1679.6875,1158.203125
tensor(204),70.51680088043213,67.57622176951202,0.7666429873291934,355.46875,1175.78125
tensor(204),70.1838493347168,63.47342076552431,0.6790265420147606,414.0625,1175.78125
tensor(204),69.69481110572815,-30.820639175760956,-0.9797605547050678,1732.421875,1181.640625
tensor(204),70.01143097877502,73.74673183641929,1.5927038051340188,267.578125,1187.5
tensor(204),69.18066143989563,-26.614668105134673,0.5302734514274896,1673.828125,1205.078125
tensor(204),70.33419609069824,63.567903511237354,3.4695934808773257,414.0625,1222.65625
tensor(204),70.48987746238708,67.70715685492586,4.2542131930139355,355.46875,1234.375
tensor(204),69.62699890136719,-31.020233820490564,2.9347600102680986,1732.421875,1246.09375
tensor(204),69.45840120315552,4.752750623983426,4.021244558587589,1240.234375,1251.953125
tensor(204),68.8236653804779,-27.194540417657393,3.727856443977062,1679.6875,1257.8125
tensor(204),70.70124745368958,65.36276198685891,7.714582909998771,390.625,1292.96875
tensor(204),69.33270692825317,-0.810201925944295,6.401445874925336,1316.40625,1292.96875
tensor(204),68.98250579833984,-27.381982737583762,7.672172911010497,1679.6875,1322.265625
tensor(204),69.52866315841675,-31.294686608403076,8.317424880125477,1732.421875,1333.984375
tensor(204),69.15510296821594,1.1950603140003127,11.819739393206424,1287.109375,1380.859375
tensor(204),69.12307739257812,-0.9382640711872583,11.779850678820987,1316.40625,1380.859375
tensor(204),69.48888897895813,-31.442148102058088,11.20949170003538,1732.421875,1380.859375
tensor(204),70.34960985183716,69.75067181049698,14.523474329790503,332.03125,1404.296875
tensor(204),69.01450157165527,-27.19023513894586,12.740689056395833,1673.828125,1404.296875
tensor(204),68.7358021736145,1.567096624919121,14.354109528481759,1281.25,1421.875
tensor(204),69.35501098632812,-1.880961791442661,15.37893595248333,1328.125,1439.453125
tensor(204),69.53187584877014,-5.310635087210791,15.317449669364592,1375.0,1439.453125
tensor(204),68.9127266407013,-27.344712701743045,16.017866400807673,1673.828125,1457.03125
tensor(204),69.42708492279053,-31.7207010282353,16.67256992756646,1732.421875,1468.75
tensor(204),68.46708059310913,67.86286568738721,19.49613705078264,361.328125,1486.328125
tensor(204),68.82904767990112,-27.465485879993235,18.58001922356906,1673.828125,1498.046875
tensor(204),70.52074670791626,74.16830620780607,21.04226026845357,273.4375,1509.765625
tensor(204),68.56420636177063,65.4487478399024,21.976258877808405,396.484375,1527.34375
tensor(204),68.81527900695801,-28.074911915232047,22.25336229748339,1679.6875,1556.640625
tensor(204),69.0595805644989,71.87462044751732,26.064447832525023,308.59375,1591.796875
tensor(204),68.82869005203247,-27.743610427252115,24.480315996105737,1673.828125,1591.796875
tensor(204),69.32897567749023,-32.153119381177916,25.153311169691452,1732.421875,1603.515625
tensor(204),68.7346339225769,-22.991848393326304,25.668750146569657,1609.375,1609.375
tensor(204),68.77264380455017,68.6197621298954,28.562250694765336,355.46875,1632.8125
tensor(204),68.39290857315063,-14.769478743138198,27.282157034220415,1498.046875,1632.8125
tensor(204),68.43246817588806,-12.606273639014018,27.68694199606933,1468.75,1638.671875
tensor(204),68.92436146736145,-19.171023253593436,28.331600923780663,1556.640625,1650.390625
tensor(204),68.46771240234375,-25.29114163354553,28.239102487537895,1638.671875,1650.390625
tensor(204),69.34120655059814,-32.305053434562225,28.13309540838335,1732.421875,1650.390625
tensor(204),68.85128617286682,-27.936511557763282,28.572633373307045,1673.828125,1656.25
tensor(204),68.3009147644043,-11.361961577077729,29.56695369147759,1451.171875,1667.96875
tensor(204),68.59925985336304,-22.276263241321047,29.40458842936653,1597.65625,1667.96875
tensor(204),68.0743157863617,-4.8575936296328805,30.408776306109605,1363.28125,1679.6875
tensor(204),68.53723526000977,-11.84675131678791,31.053048626432002,1457.03125,1691.40625
tensor(204),69.28415298461914,-32.47693410664176,31.50407976764915,1732.421875,1703.125
tensor(204),68.05247664451599,23.219280222314854,33.421718350097095,982.421875,1720.703125
tensor(204),68.0136501789093,-7.979269375031615,32.97990833696277,1404.296875,1720.703125
tensor(204),68.05387735366821,75.18063562486167,34.894216098245934,267.578125,1732.421875
tensor(204),68.02837252616882,-1.898397518024404,33.81497496521958,1322.265625,1732.421875
tensor(204),69.5005714893341,-28.184041133019527,33.82387052006754,1673.828125,1738.28125
tensor(204),69.89099383354187,-32.592087158543805,33.76250203343994,1732.421875,1738.28125
tensor(205),70.15388607978821,69.6460335867843,-48.28809984543008,296.875,308.59375
tensor(205),70.17882466316223,66.53793698958339,-47.7527516631896,343.75,320.3125
tensor(205),70.16963958740234,65.80151384237936,-46.50425060775278,355.46875,343.75
tensor(205),70.4134464263916,61.90412388624837,-45.6704730996238,414.0625,361.328125
tensor(205),70.2056348323822,62.77996435448658,-43.08357951039332,402.34375,408.203125
tensor(205),70.34416794776917,56.883370116347194,-42.30098944282461,490.234375,425.78125
tensor(205),68.10336709022522,-19.565328639839752,-44.63982031712637,1603.515625,425.78125
tensor(205),68.622887134552,-22.45959859594652,-44.073567093086446,1644.53125,437.5
tensor(205),69.12307739257812,-26.59276330159619,-43.54327276435846,1703.125,449.21875
tensor(205),70.35908699035645,69.20007300013643,-39.99561759613,308.59375,460.9375
tensor(205),70.28051018714905,58.931480981736954,-39.982661973330615,460.9375,466.796875
tensor(205),70.28550505638123,65.67126787451875,-39.45719641207804,361.328125,472.65625
tensor(205),70.26612758636475,60.526714254411225,-39.61172406031958,437.5,472.65625
tensor(205),68.56915354728699,48.21943372461062,-39.657434489260794,619.140625,478.515625
tensor(205),70.30597925186157,64.93948940138564,-37.863216871786065,373.046875,501.953125
tensor(205),70.32033205032349,57.81944351991098,-37.42583904456744,478.515625,513.671875
tensor(205),70.30043601989746,63.38888826751157,-36.93698699779384,396.484375,519.53125
tensor(205),70.0695812702179,53.08601478590237,-35.93868595587252,548.828125,542.96875
tensor(205),69.99580264091492,51.12135095215532,-34.69030633704179,578.125,566.40625
tensor(205),70.1156497001648,53.926294779476756,-34.282460960003455,537.109375,572.265625
tensor(205),69.16127800941467,72.25282564888671,-33.10232641227876,267.578125,583.984375
tensor(205),69.16799545288086,67.13062780487178,-32.26954544170402,343.75,601.5625
tensor(205),70.0531005859375,55.16863782295116,-32.610380515201044,519.53125,601.5625
tensor(205),70.112544298172,57.59495002088912,-31.557610857609124,484.375,619.140625
tensor(205),69.06891465187073,64.79046367151716,-31.02634338593093,378.90625,625.0
tensor(205),69.29933428764343,52.47402553162468,-28.40692167793437,560.546875,677.734375
tensor(205),68.96349787712097,66.10829421211959,-27.701317089076746,361.328125,683.59375
tensor(205),68.95470023155212,63.70950040532014,-27.76728341285689,396.484375,683.59375
tensor(205),69.09712553024292,72.5071454273493,-27.195909749517003,267.578125,689.453125
tensor(205),68.95148158073425,63.35522430854587,-26.455436901527516,402.34375,707.03125
tensor(205),68.95729303359985,68.58272138977298,-25.651906288652967,326.171875,718.75
tensor(205),69.48198676109314,57.779653165871174,-25.2807324383829,484.375,730.46875
tensor(205),68.9674437046051,68.26046252884885,-23.671795784685106,332.03125,753.90625
tensor(205),68.45784783363342,52.59671306561683,-23.422269833502313,560.546875,765.625
tensor(205),68.95896792411804,60.67734220863833,-22.54165808452344,443.359375,777.34375
tensor(205),68.87613534927368,55.87908896137496,-21.33127056476067,513.671875,800.78125
tensor(205),69.07631754875183,71.58961995003165,-20.588170711053916,285.15625,806.640625
tensor(205),69.15204524993896,63.96527389786124,-20.452004810129047,396.484375,812.5
tensor(205),68.10221672058105,52.2986523022002,-19.075342299199573,566.40625,841.796875
tensor(205),69.16998028755188,71.70202340994575,-17.909124470782743,285.15625,853.515625
tensor(205),68.39579343795776,54.791886033257576,-16.65341775799217,531.25,882.8125
tensor(205),70.17647624015808,66.94629161633313,-16.012096087423117,355.46875,888.671875
tensor(205),69.66957449913025,70.18799889196285,-15.594312202716766,308.59375,894.53125
tensor(205),70.14419436454773,65.36711219004705,-15.039427002160721,378.90625,906.25
tensor(205),69.47096586227417,73.0678417956772,-14.174089768932733,267.578125,917.96875
tensor(205),68.17581057548523,8.027465586764393,-15.432584023540095,1199.21875,923.828125
tensor(205),69.02715563774109,-28.771389542104647,-16.33565755158885,1714.84375,923.828125
tensor(205),69.67701315879822,58.531879876850226,-13.515110243979002,478.515625,935.546875
tensor(205),68.19565892219543,13.391855243475415,-13.244403909867707,1123.046875,958.984375
tensor(205),68.91828775405884,10.486905714688831,-13.314417373663652,1164.0625,958.984375
tensor(205),68.94208192825317,-28.891921724051763,-13.91689694786062,1714.84375,964.84375
tensor(205),68.6535894870758,54.52783143874357,-11.230875700749214,537.109375,976.5625
tensor(205),69.72455978393555,58.61300204542635,-10.792494878204366,478.515625,982.421875
tensor(205),70.05841135978699,62.28681481419467,-10.364265343876504,425.78125,988.28125
tensor(205),68.00411939620972,7.549774930478626,-11.663396615048018,1205.078125,988.28125
tensor(205),69.48485374450684,-29.859818690234004,-11.507341896039087,1726.5625,1005.859375
tensor(205),69.69335079193115,59.071767873351796,-9.07443413959425,472.65625,1011.71875
tensor(205),70.29956579208374,61.9471950704242,-8.323110140219107,431.640625,1023.4375
tensor(205),68.84496808052063,-26.947255321990365,-10.39360869565879,1685.546875,1023.4375
tensor(205),69.48456764221191,-30.354397221605822,-10.123862192632108,1732.421875,1029.296875
tensor(205),69.42389011383057,58.71497217324621,-7.370182066240619,478.515625,1041.015625
tensor(205),69.01195645332336,-26.60682413050698,-8.639356201821927,1679.6875,1052.734375
tensor(205),69.62846517562866,60.81107662560841,-5.604616820387703,449.21875,1070.3125
tensor(205),69.47662234306335,-30.514917416357758,-6.975683521299891,1732.421875,1082.03125
tensor(205),70.24492621421814,69.82817832756287,-4.36903385142985,320.3125,1087.890625
tensor(205),68.15608143806458,3.254498074720408,-5.516343104940393,1263.671875,1093.75
tensor(205),68.8249945640564,-26.74000734385823,-5.836804772880162,1679.6875,1099.609375
tensor(205),68.76062154769897,6.584185389559484,-4.044474428664068,1216.796875,1117.1875
tensor(205),70.37179470062256,69.12059404709673,-1.6259287524268977,332.03125,1134.765625
tensor(205),68.84012818336487,-26.840339736268422,-3.7255275132098618,1679.6875,1134.765625
tensor(205),69.44114565849304,-30.694352721214116,-3.456535039666049,1732.421875,1140.625
tensor(205),68.85547041893005,6.553791588886353,-2.2935887857298765,1216.796875,1146.484375
tensor(205),68.63059401512146,3.596918104257622,-1.6552309632323394,1257.8125,1158.203125
tensor(205),70.37435173988342,67.57622176951202,0.7666429873291934,355.46875,1175.78125
tensor(205),69.87772583961487,73.74673183641929,1.5927038051340188,267.578125,1187.5
tensor(205),70.02312541007996,63.90785954386043,1.3840704459019337,408.203125,1187.5
tensor(205),68.7845766544342,-27.008414469364432,-0.1887598414092186,1679.6875,1193.359375
tensor(205),68.74168515205383,-27.50378920238163,1.2233663704212,1685.546875,1216.796875
tensor(205),70.23085355758667,63.567903511237354,3.4695934808773257,414.0625,1222.65625
tensor(205),68.89325976371765,3.5122117897311877,2.57734833160852,1257.8125,1228.515625
tensor(205),70.38008570671082,68.11831037622346,4.262683791712947,349.609375,1234.375
tensor(205),68.81470084190369,-27.16060183169967,3.0136926227360448,1679.6875,1246.09375
tensor(205),69.35097575187683,-31.056675007684316,3.6494574254980745,1732.421875,1257.8125
tensor(205),68.97648572921753,5.995777435015379,5.468036608080146,1222.65625,1275.390625
tensor(205),70.66681385040283,65.36276198685891,7.714582909998771,390.625,1292.96875
tensor(205),68.98815631866455,1.7372373070329759,6.451997287520811,1281.25,1292.96875
tensor(205),69.37246322631836,-31.184588012870737,6.158132395250278,1732.421875,1298.828125
tensor(205),68.77270340919495,4.268176900506583,7.215926634239691,1246.09375,1304.6875
tensor(205),69.0047025680542,-27.330730758990743,6.593686349320843,1679.6875,1304.6875
tensor(205),69.37488913536072,-31.276307313696375,7.956963670374281,1732.421875,1328.125
tensor(205),68.93851161003113,-27.484783841224598,9.83539883607936,1679.6875,1357.421875
tensor(205),69.04780268669128,-1.7744403784539915,11.043655965431995,1328.125,1369.140625
tensor(205),69.32728290557861,-31.460634353158774,11.572050576306475,1732.421875,1386.71875
tensor(205),68.91376376152039,-27.60522179540303,12.369753970546508,1679.6875,1398.4375
tensor(205),70.23447751998901,69.75067181049698,14.523474329790503,332.03125,1404.296875
tensor(205),68.2064414024353,-4.3943961608825335,13.159914410311309,1363.28125,1404.296875
tensor(205),68.92210245132446,1.567096624919121,14.354109528481759,1281.25,1421.875
tensor(205),69.06059980392456,3.261420473737429,15.108812335628338,1257.8125,1433.59375
tensor(205),69.07932162284851,-4.871772212338038,14.9623743892826,1369.140625,1433.59375
tensor(205),69.28942799568176,-31.608955235329805,14.480972026879456,1732.421875,1433.59375
tensor(205),69.25765872001648,-1.880961791442661,15.37893595248333,1328.125,1439.453125
tensor(205),70.12781500816345,72.38433499279981,18.14053506943996,296.875,1462.890625
tensor(205),69.16854977607727,-4.491773282933517,16.786109809433995,1363.28125,1462.890625
tensor(205),69.28364634513855,-31.702046535340827,16.306711433900475,1732.421875,1462.890625
tensor(205),68.98731589317322,-27.448198979549556,18.213284809436022,1673.828125,1492.1875
tensor(205),69.28356289863586,-31.795440168366518,18.138380302631216,1732.421875,1492.1875
tensor(205),70.41856050491333,74.15294360105958,20.682404880929354,273.4375,1503.90625
tensor(205),68.04994940757751,66.25923299449548,21.26826986525775,384.765625,1515.625
tensor(205),69.24766302108765,-31.926701984729647,20.712733338231278,1732.421875,1533.203125
tensor(205),68.83368492126465,-27.621574447181047,21.89137335712163,1673.828125,1550.78125
tensor(205),68.55089068412781,68.88801354287634,24.565309314435357,349.609375,1568.359375
tensor(205),69.21867728233337,-32.05856334648767,23.298844869562085,1732.421875,1574.21875
tensor(205),68.84711384773254,-28.18041140869141,24.473369974932687,1679.6875,1591.796875
tensor(205),68.7989592552185,-22.555584568474302,25.6755847005775,1603.515625,1609.375
tensor(205),69.2234456539154,-32.17206767984669,25.5249318858216,1732.421875,1609.375
tensor(205),68.76575946807861,71.93354363261068,27.51982282179441,308.59375,1615.234375
tensor(205),68.17285418510437,-9.950578286548073,26.243465542420992,1433.59375,1615.234375
tensor(205),68.0019736289978,-12.134111302342912,26.58025094458961,1462.890625,1621.09375
tensor(205),68.56117844581604,68.63347953033052,28.92762562010139,355.46875,1638.671875
tensor(205),69.21802163124084,-32.28601813448052,27.75976838985921,1732.421875,1644.53125
tensor(205),68.2926893234253,16.789013998143826,28.875094857478587,1070.3125,1650.390625
tensor(205),68.95857453346252,-27.918917687586973,28.199386723772406,1673.828125,1650.390625
tensor(205),68.82477402687073,-7.423483614695199,28.88104122905072,1398.4375,1656.25
tensor(205),68.70638728141785,-24.886632779351494,28.99200054277969,1632.8125,1662.109375
tensor(205),69.07281875610352,-16.17174647757753,29.868708094160397,1515.625,1673.828125
tensor(205),68.81715655326843,-6.161875658383668,30.389580121902583,1380.859375,1679.6875
tensor(205),68.8640832901001,-28.042317219363255,30.817256545936708,1673.828125,1691.40625
tensor(205),69.21192407608032,-17.53860193664507,31.34456530379154,1533.203125,1697.265625
tensor(205),69.18784379959106,-32.47693410664176,31.50407976764915,1732.421875,1703.125
tensor(205),68.2282567024231,-3.6020056116709847,32.29364311637871,1345.703125,1708.984375
tensor(205),69.13987398147583,-24.141730494226326,31.9995036360853,1621.09375,1708.984375
tensor(205),69.03910040855408,-13.21959264564852,32.90569888418694,1474.609375,1720.703125
tensor(205),68.02792549133301,30.09893357148483,34.26299350477295,888.671875,1732.421875
tensor(205),68.05006265640259,11.12626203791676,33.99734295510315,1146.484375,1732.421875
tensor(205),69.45289969444275,-28.16628486408426,33.44717864830138,1673.828125,1732.421875
tensor(205),69.82689499855042,-32.592087158543805,33.76250203343994,1732.421875,1738.28125
tensor(206),69.8255717754364,71.18358139175592,-48.87226159992997,273.4375,296.875
tensor(206),69.96361017227173,68.48461128210488,-48.00810160175294,314.453125,314.453125
tensor(206),70.38410305976868,62.27589700048075,-46.296812172874844,408.203125,349.609375
tensor(206),70.3583836555481,59.176841294226456,-44.79690277333909,455.078125,378.90625
tensor(206),70.21756768226624,64.32261234844468,-43.996982764428104,378.90625,390.625
tensor(206),70.3256905078888,57.636583667797446,-43.56296594694338,478.515625,402.34375
tensor(206),68.55579018592834,-24.022770071112454,-45.75722517962256,1667.96875,408.203125
tensor(206),70.11452317237854,60.83835238253926,-42.179992816564344,431.640625,425.78125
tensor(206),69.25792694091797,-26.97111274242621,-44.210963624291345,1708.984375,437.5
tensor(206),70.41632533073425,56.51523710117748,-41.34620661054978,496.09375,443.359375
tensor(206),70.3846275806427,70.3831301060769,-39.95991710726675,291.015625,460.9375
tensor(206),70.40137052536011,67.62172144913156,-40.0432466764897,332.03125,460.9375
tensor(206),70.25155425071716,60.12015758567158,-39.94687469601002,443.359375,466.796875
tensor(206),70.34567594528198,65.2759385949362,-39.46907097076009,367.1875,472.65625
tensor(206),70.22810578346252,58.20709682713171,-37.73883528272052,472.65625,507.8125
tensor(206),70.50371170043945,62.58434066130805,-37.28504529987092,408.203125,513.671875
tensor(206),70.49152255058289,55.433316448196116,-37.496344609699094,513.671875,513.671875
tensor(206),70.51631212234497,54.299683830627124,-35.25122340953271,531.25,554.6875
tensor(206),69.89490985870361,51.12903933847849,-34.36315030176082,578.125,572.265625
tensor(206),69.15270686149597,72.25282564888671,-33.10232641227876,267.578125,583.984375
tensor(206),69.14368271827698,66.72048466225667,-32.6080648893805,349.609375,595.703125
tensor(206),70.00197172164917,56.404807618900705,-31.26290458551815,501.953125,625.0
tensor(206),69.07511949539185,64.01634704589621,-30.39192701491865,390.625,636.71875
tensor(206),69.81968283653259,56.88043162014264,-28.615580845530154,496.09375,671.875
tensor(206),68.95027756690979,66.49546199598232,-28.020336253198654,355.46875,677.734375
tensor(206),69.0730631351471,72.09441906487912,-27.536699918102666,273.4375,683.59375
tensor(206),69.0031111240387,68.95627623216151,-26.303007672457415,320.3125,707.03125
tensor(206),68.95714998245239,63.76732915915775,-26.113345620602193,396.484375,712.890625
tensor(206),69.4068968296051,57.78943386860044,-24.948348916206157,484.375,736.328125
tensor(206),69.01675462722778,68.26046252884885,-23.671795784685106,332.03125,753.90625
tensor(206),68.96286010742188,61.0798159723039,-22.53105130061194,437.5,777.34375
tensor(206),68.89390349388123,53.83317275735294,-22.38798137123854,542.96875,783.203125
tensor(206),69.37826871871948,57.87773025532404,-21.947719531282242,484.375,789.0625
tensor(206),69.12674903869629,66.76978681400864,-20.71345545035912,355.46875,806.640625
tensor(206),68.79855990409851,53.86762218922387,-21.048828955181882,542.96875,806.640625
tensor(206),69.1253125667572,71.20224934385892,-20.264412475357474,291.015625,812.5
tensor(206),69.19800639152527,63.96527389786124,-20.452004810129047,396.484375,812.5
tensor(206),69.21050548553467,71.70202340994575,-17.909124470782743,285.15625,853.515625
tensor(206),68.23287606239319,-28.163106960951303,-20.10446387681302,1708.984375,859.375
tensor(206),68.92449855804443,54.368440987403055,-17.338903402776694,537.109375,871.09375
tensor(206),68.21618676185608,50.73046429346225,-16.75516177396754,589.84375,882.8125
tensor(206),70.199716091156,66.94629161633313,-16.012096087423117,355.46875,888.671875
tensor(206),69.68070268630981,70.18799889196285,-15.594312202716766,308.59375,894.53125
tensor(206),68.91802549362183,54.40370798743379,-15.987430893956356,537.109375,894.53125
tensor(206),70.20556926727295,64.57003586813116,-14.721313181173127,390.625,912.109375
tensor(206),69.50904130935669,73.0678417956772,-14.174089768932733,267.578125,917.96875
tensor(206),69.2480206489563,-28.771389542104647,-16.33565755158885,1714.84375,923.828125
tensor(206),68.97203922271729,53.65153018092274,-13.63416409100482,548.828125,935.546875
tensor(206),68.69556307792664,10.920745128077023,-14.676561596089321,1158.203125,935.546875
tensor(206),69.80901956558228,58.541998197704395,-13.175520014613278,478.515625,941.40625
tensor(206),68.96701455116272,-26.358916501015045,-13.856033767978905,1679.6875,964.84375
tensor(206),69.21944618225098,-28.891921724051763,-13.91689694786062,1714.84375,964.84375
tensor(206),70.14405727386475,62.65929025517446,-11.376999570232318,419.921875,970.703125
tensor(206),68.43606233596802,13.799045741724159,-12.547428072276904,1117.1875,970.703125
tensor(206),69.25832033157349,10.056836066584365,-12.292893726520832,1169.921875,976.5625
tensor(206),69.87377405166626,58.64352665923045,-9.768030369475092,478.515625,1000.0
tensor(206),70.43295502662659,61.9471950704242,-8.323110140219107,431.640625,1023.4375
tensor(206),68.80999207496643,-26.96394922341672,-10.045143591451282,1685.546875,1029.296875
tensor(206),69.76284384727478,-30.354397221605822,-10.123862192632108,1732.421875,1029.296875
tensor(206),69.41636204719543,58.71497217324621,-7.370182066240619,478.515625,1041.015625
tensor(206),70.07919549942017,68.94579041626139,-6.1062873027121345,332.03125,1058.59375
tensor(206),69.40937638282776,58.755937962957695,-5.995291694135652,478.515625,1064.453125
tensor(206),69.55463886260986,61.62852404419814,-5.586061412776779,437.5,1070.3125
tensor(206),68.85731220245361,-26.232350605654958,-7.580433533974847,1673.828125,1070.3125
tensor(206),68.64809393882751,7.881872976092406,-6.4580489114435435,1199.21875,1076.171875
tensor(206),69.03827786445618,4.113963084619872,-6.543297652763036,1251.953125,1076.171875
tensor(206),69.60471272468567,-30.514917416357758,-6.975683521299891,1732.421875,1082.03125
tensor(206),70.33153176307678,70.2357320396523,-4.35987356319524,314.453125,1087.890625
tensor(206),68.3692216873169,9.523796545173738,-4.328927330427687,1175.78125,1111.328125
tensor(206),68.90202760696411,-26.397888273687155,-4.068620649963516,1673.828125,1128.90625
tensor(206),70.42322754859924,69.12059404709673,-1.6259287524268977,332.03125,1134.765625
tensor(206),69.1771924495697,6.553791588886353,-2.2935887857298765,1216.796875,1146.484375
tensor(206),70.40536999702454,67.97292663639692,0.42786570251788975,349.609375,1169.921875
tensor(206),69.62552070617676,-30.7844997682429,-1.6885393605040653,1732.421875,1169.921875
tensor(206),70.12354731559753,63.89594018948638,1.0358238889534517,408.203125,1181.640625
tensor(206),69.92695331573486,73.74673183641929,1.5927038051340188,267.578125,1187.5
tensor(206),68.88617873191833,-27.008414469364432,-0.1887598414092186,1679.6875,1193.359375
tensor(206),70.30702233314514,63.567903511237354,3.4695934808773257,414.0625,1222.65625
tensor(206),68.72451901435852,-0.7170662580531407,2.489897129201222,1316.40625,1228.515625
tensor(206),68.90984773635864,-26.68173222350262,1.9530108726988566,1673.828125,1228.515625
tensor(206),70.44158577919006,68.11831037622346,4.262683791712947,349.609375,1234.375
tensor(206),69.30956840515137,1.8137870711880888,2.89667576854367,1281.25,1234.375
tensor(206),69.5290744304657,-31.002030734921835,2.5777546762758914,1732.421875,1240.234375
tensor(206),68.80188584327698,5.989466191457818,5.823840232197388,1222.65625,1281.25
tensor(206),69.20243501663208,2.1690827283859644,6.10389421978419,1275.390625,1287.109375
tensor(206),70.75622081756592,65.77563829822067,7.722776032133475,384.765625,1292.96875
tensor(206),69.4373369216919,-31.166279507570362,5.7990595323017535,1732.421875,1292.96875
tensor(206),69.46221590042114,-1.2436798041884591,6.750002598612681,1322.265625,1298.828125
tensor(206),68.78731846809387,-26.934758149770992,7.3208508236966505,1673.828125,1316.40625
tensor(206),69.44589614868164,-31.294686608403076,8.317424880125477,1732.421875,1333.984375
tensor(206),69.3977415561676,-0.07640097104519852,11.435701214868986,1304.6875,1375.0
tensor(206),69.28256750106812,-2.64632057386117,11.747913586430148,1339.84375,1380.859375
tensor(206),68.90619397163391,-27.156028643859884,12.015012468174215,1673.828125,1392.578125
tensor(206),70.33775448799133,69.75067181049698,14.523474329790503,332.03125,1404.296875
tensor(206),69.41152811050415,-31.534698889828007,13.024630390357375,1732.421875,1410.15625
tensor(206),68.87606978416443,-27.657004853437098,13.459415945480343,1679.6875,1416.015625
tensor(206),68.60334873199463,1.5593057986543513,14.715951169347255,1281.25,1427.734375
tensor(206),69.28812265396118,-1.880961791442661,15.37893595248333,1328.125,1439.453125
tensor(206),69.38319802284241,-4.0239206882875,15.3405175475566,1357.421875,1439.453125
tensor(206),70.2418327331543,72.38433499279981,18.14053506943996,296.875,1462.890625
tensor(206),69.34816837310791,-31.7207010282353,16.67256992756646,1732.421875,1468.75
tensor(206),68.18416118621826,67.4195455676917,18.770303968736304,367.1875,1474.609375
tensor(206),68.9147412776947,-27.448198979549556,18.213284809436022,1673.828125,1492.1875
tensor(206),70.36668658256531,74.1375907524076,20.32277806808287,273.4375,1498.046875
tensor(206),69.33607459068298,-31.814155304584766,18.505428154550607,1732.421875,1498.046875
tensor(206),68.26503276824951,65.86691657358033,21.983268720077483,390.625,1527.34375
tensor(206),68.90184879302979,-27.69124110222512,23.369322513214396,1673.828125,1574.21875
tensor(206),69.257253408432,-32.07744986595613,23.66925395022777,1732.421875,1580.078125
tensor(206),69.01844143867493,71.9040632086819,26.791670200868854,308.59375,1603.515625
tensor(206),68.17182898521423,-23.444264569749144,26.033134597794774,1615.234375,1615.234375
tensor(206),68.59773993492126,68.22683664206617,29.286848163922457,361.328125,1644.53125
tensor(206),68.95570755004883,-27.46331445767969,27.83303914967909,1667.96875,1644.53125
tensor(206),69.2704975605011,-32.305053434562225,28.13309540838335,1732.421875,1650.390625
tensor(206),68.27515363693237,4.280197442311709,29.05700292466762,1240.234375,1656.25
tensor(206),68.56878995895386,-17.003094234074148,28.73701436094613,1527.34375,1656.25
tensor(206),68.85088086128235,-10.926440113872353,29.57343267279071,1445.3125,1667.96875
tensor(206),68.92033815383911,-20.58729035117247,30.925794667171452,1574.21875,1691.40625
tensor(206),68.0648922920227,-1.0102940946743075,33.07859763822471,1310.546875,1720.703125
tensor(206),68.12298893928528,-11.034705779763554,32.9366395819877,1445.3125,1720.703125
tensor(206),69.20221447944641,-28.624475719889304,33.81773882273539,1679.6875,1738.28125
tensor(206),69.8329508304596,-32.592087158543805,33.76250203343994,1732.421875,1738.28125
tensor(207),69.83333230018616,71.18358139175592,-48.87226159992997,273.4375,296.875
tensor(207),70.20138502120972,66.90539527632981,-48.37572509982552,337.890625,308.59375
tensor(207),70.23493647575378,61.12724531881706,-45.375465166918296,425.78125,367.1875
tensor(207),70.01160979270935,64.34573801943795,-43.3558501565955,378.90625,402.34375
tensor(207),70.27643322944641,57.25077594180245,-43.2538862495963,484.375,408.203125
tensor(207),70.28511166572571,56.10068476389896,-42.003085909179084,501.953125,431.640625
tensor(207),68.91622543334961,-22.45959859594652,-44.073567093086446,1644.53125,437.5
tensor(207),68.87773871421814,-26.576685959254323,-43.870967971284244,1703.125,443.359375
tensor(207),70.26901245117188,71.55182849698141,-40.24640096687924,273.4375,455.078125
tensor(207),70.26604413986206,68.80558608358255,-40.007521819265484,314.453125,460.9375
tensor(207),70.14907002449036,61.704111674383064,-39.89918686901976,419.921875,466.796875
tensor(207),70.26785612106323,57.34562990129329,-40.0304069127171,484.375,466.796875
tensor(207),70.21403908729553,64.88054177649632,-39.480947558115865,373.046875,472.65625
tensor(207),70.33907771110535,63.774034993855814,-37.24989207092326,390.625,513.671875
tensor(207),70.11711001396179,60.99713023309225,-37.331944381462506,431.640625,513.671875
tensor(207),70.35930752754211,55.433316448196116,-37.496344609699094,513.671875,513.671875
tensor(207),69.29838061332703,51.05236503481816,-37.625793480581144,578.125,513.671875
tensor(207),70.13047933578491,59.88841442070376,-34.762912907205866,449.21875,560.546875
tensor(207),70.55107951164246,53.90923453210455,-34.936229505587576,537.109375,560.546875
tensor(207),69.06997561454773,72.25282564888671,-33.10232641227876,267.578125,583.984375
tensor(207),69.07753348350525,66.72048466225667,-32.6080648893805,349.609375,595.703125
tensor(207),68.98751258850098,64.77862889048673,-31.354449066729075,378.90625,619.140625
tensor(207),68.9202070236206,66.50785156235807,-27.69032934621204,355.46875,683.59375
tensor(207),68.98556351661682,72.10850096379133,-27.206843971533083,273.4375,689.453125
tensor(207),68.8872754573822,61.31904392520325,-27.502782657448503,431.640625,689.453125
tensor(207),68.89663934707642,63.76732915915775,-26.113345620602193,396.484375,712.890625
tensor(207),68.94336938858032,72.17903918988492,-25.554548817133217,273.4375,718.75
tensor(207),68.9400851726532,68.2734364778273,-23.33926297081377,332.03125,759.765625
tensor(207),69.01209950447083,54.24568866941672,-22.042915170375405,537.109375,789.0625
tensor(207),69.26605105400085,57.89741793297907,-21.27866130268789,484.375,800.78125
tensor(207),69.05369162559509,71.58961995003165,-20.588170711053916,285.15625,806.640625
tensor(207),69.10876631736755,63.96527389786124,-20.452004810129047,396.484375,812.5
tensor(207),69.28248405456543,57.93686590341301,-19.93807712193032,484.375,824.21875
tensor(207),69.09631490707397,53.109195387464275,-19.054625109133557,554.6875,841.796875
tensor(207),69.18497681617737,58.016053557732036,-17.246995286195723,484.375,871.09375
tensor(207),70.11597752571106,66.94629161633313,-16.012096087423117,355.46875,888.671875
tensor(207),69.62203979492188,70.18799889196285,-15.594312202716766,308.59375,894.53125
tensor(207),70.1427161693573,64.57003586813116,-14.721313181173127,390.625,912.109375
tensor(207),69.49243545532227,73.0678417956772,-14.174089768932733,267.578125,917.96875
tensor(207),68.77239942550659,11.33988417246739,-15.008922338567809,1152.34375,929.6875
tensor(207),69.84391808509827,58.55212277840953,-12.835719692658795,478.515625,947.265625
tensor(207),69.19162273406982,52.853879635589266,-12.973891130077632,560.546875,947.265625
tensor(207),68.95143389701843,10.486905714688831,-13.314417373663652,1164.0625,958.984375
tensor(207),68.62918138504028,15.046845835639813,-12.861133979255055,1099.609375,964.84375
tensor(207),70.08710503578186,62.65929025517446,-11.376999570232318,419.921875,970.703125
tensor(207),68.81619095802307,-27.219673026373304,-13.530015819055706,1691.40625,970.703125
tensor(207),68.99177432060242,-28.926457326473997,-13.223859178067487,1714.84375,976.5625
tensor(207),68.37766766548157,7.966158272098277,-11.653514154815568,1199.21875,988.28125
tensor(207),69.01893615722656,73.66266105785246,-9.754130314750352,261.71875,994.140625
tensor(207),69.58860158920288,59.04082865550892,-10.100089104196007,472.65625,994.140625
tensor(207),68.82742643356323,-26.880585194773296,-11.785267375968946,1685.546875,1000.0
tensor(207),70.18241286277771,62.35473217210131,-8.313617928089043,425.78125,1023.4375
tensor(207),69.57719326019287,-30.354397221605822,-10.123862192632108,1732.421875,1029.296875
tensor(207),69.6009874343872,58.71497217324621,-7.370182066240619,478.515625,1041.015625
tensor(207),68.79308819770813,-27.014094375142935,-8.998423889716946,1685.546875,1046.875
tensor(207),70.0050950050354,68.94579041626139,-6.1062873027121345,332.03125,1058.59375
tensor(207),69.61584687232971,62.42290292786219,-6.255319601385675,425.78125,1058.59375
tensor(207),69.68002915382385,59.58436442533725,-5.632462213717832,466.796875,1070.3125
tensor(207),69.20837759971619,9.5494382808165,-6.072207047225107,1175.78125,1082.03125
tensor(207),68.53488087654114,7.03917101140909,-6.128815156405547,1210.9375,1082.03125
tensor(207),70.19867300987244,70.2357320396523,-4.35987356319524,314.453125,1087.890625
tensor(207),69.24761533737183,64.93192393489602,-4.479083398707612,390.625,1087.890625
tensor(207),69.25365924835205,-30.568628235915455,-5.922287985537819,1732.421875,1099.609375
tensor(207),68.83944869041443,-26.756702846478714,-5.485484185633653,1679.6875,1105.46875
tensor(207),70.33856511116028,69.51567573585558,-1.9628904455189864,326.171875,1128.90625
tensor(207),69.2176342010498,-30.65837426020314,-4.162157305806343,1732.421875,1128.90625
tensor(207),68.30406188964844,11.17538966120321,-2.5435676352831242,1152.34375,1140.625
tensor(207),68.84782314300537,-26.873869057424958,-3.01997578071877,1679.6875,1146.484375
tensor(207),69.89500522613525,63.42635649878798,-0.711026062458944,414.0625,1152.34375
tensor(207),68.73117685317993,8.222627155362666,-1.5554066706065852,1193.359375,1158.203125
tensor(207),68.88203024864197,3.596918104257622,-1.6552309632323394,1257.8125,1158.203125
tensor(207),68.94577741622925,6.114932058595648,-1.2494425247568557,1222.65625,1164.0625
tensor(207),69.28170919418335,-30.766447355525557,-2.042589645396092,1732.421875,1164.0625
tensor(207),70.25672793388367,67.98610203787504,0.7753960933373928,349.609375,1175.78125
tensor(207),69.81977224349976,73.76170701481223,1.9404928906809713,267.578125,1193.359375
tensor(207),68.71267557144165,-27.008414469364432,-0.1887598414092186,1679.6875,1193.359375
tensor(207),70.18099427223206,63.97953264291754,3.4781360461995483,408.203125,1222.65625
tensor(207),68.15980076789856,-1.563837238251879,2.472387961077181,1328.125,1228.515625
tensor(207),68.83057355880737,-27.109775362396164,1.944159979767362,1679.6875,1228.515625
tensor(207),70.28791308403015,68.11831037622346,4.262683791712947,349.609375,1234.375
tensor(207),69.29751634597778,4.3503349550448265,2.948933813512351,1246.09375,1234.375
tensor(207),69.24628019332886,-31.07491313176924,4.007149947226942,1732.421875,1263.671875
tensor(207),69.10722851753235,-1.2264138469768984,6.0362558266243,1322.265625,1287.109375
tensor(207),70.54860591888428,65.36276198685891,7.714582909998771,390.625,1292.96875
tensor(207),68.98977756500244,1.7372373070329759,6.451997287520811,1281.25,1292.96875
tensor(207),69.2182719707489,-31.221240344232957,6.876970844377736,1732.421875,1310.546875
tensor(207),68.81466507911682,-27.41620567962852,8.392320388434571,1679.6875,1333.984375
tensor(207),69.86285448074341,67.11776799749123,10.57134899116268,367.1875,1339.84375
tensor(207),69.53794956207275,-1.7832858530637472,11.403655030180932,1328.125,1375.0
tensor(207),68.84105801582336,-27.57075544371607,11.644484465928768,1679.6875,1386.71875
tensor(207),69.20498609542847,-31.460634353158774,11.572050576306475,1732.421875,1386.71875
tensor(207),70.11628150939941,69.76457282438015,14.879768567567957,332.03125,1410.15625
tensor(207),69.0517783164978,1.9944149947645688,14.36186933404653,1275.390625,1421.875
tensor(207),68.85112524032593,-27.674288190783773,13.823106237665085,1679.6875,1421.875
tensor(207),69.19034719467163,-5.300616318470096,14.954653061062762,1375.0,1433.59375
tensor(207),69.1855251789093,-31.608955235329805,14.480972026879456,1732.421875,1433.59375
tensor(207),69.41891312599182,-1.880961791442661,15.37893595248333,1328.125,1439.453125
tensor(207),69.96098160743713,72.38433499279981,18.14053506943996,296.875,1462.890625
tensor(207),69.15616989135742,-31.7207010282353,16.67256992756646,1732.421875,1468.75
tensor(207),68.84616017341614,-27.41365881149406,17.480529487731275,1673.828125,1480.46875
tensor(207),69.1588282585144,-31.795440168366518,18.138380302631216,1732.421875,1492.1875
tensor(207),70.11433839797974,74.15294360105958,20.682404880929354,273.4375,1503.90625
tensor(207),68.26872229576111,67.59207410032108,23.457708902229143,367.1875,1550.78125
tensor(207),68.74133348464966,-27.673807413006067,22.999474036169385,1673.828125,1568.359375
tensor(207),69.10219192504883,-32.05856334648767,23.298844869562085,1732.421875,1574.21875
tensor(207),68.80346536636353,71.88933712476641,26.42794284657661,308.59375,1597.65625
tensor(207),68.50308179855347,67.27950270349226,26.354999423526582,373.046875,1597.65625
tensor(207),68.3148980140686,-19.489226983552804,25.35270156219599,1562.5,1603.515625
tensor(207),69.09460425376892,-32.153119381177916,25.153311169691452,1732.421875,1603.515625
tensor(207),68.744957447052,-28.233316218144253,25.586636771844603,1679.6875,1609.375
tensor(207),68.06995868682861,-9.516583175059756,26.250230380423506,1427.734375,1615.234375
tensor(207),68.21681261062622,-14.743028111505703,26.539790386177888,1498.046875,1621.09375
tensor(207),68.62131357192993,66.54459595223376,29.261290082438645,384.765625,1644.53125
tensor(207),68.78907680511475,-27.901335331975762,27.826384350954676,1673.828125,1644.53125
tensor(207),69.10004019737244,-32.305053434562225,28.13309540838335,1732.421875,1650.390625
tensor(207),68.00925135612488,10.75709922673151,29.15438140027539,1152.34375,1656.25
tensor(207),68.45515370368958,-2.6482730072001264,28.95283523568247,1333.984375,1656.25
tensor(207),68.95691156387329,-20.49627506324235,28.684495327079524,1574.21875,1656.25
tensor(207),68.21056008338928,34.783173859099186,29.88439707472135,824.21875,1662.109375
tensor(207),68.45075488090515,-5.282128026956905,30.029843112314744,1369.140625,1673.828125
tensor(207),68.8234031200409,-11.809848536283926,29.93325163231511,1457.03125,1673.828125
tensor(207),68.0797278881073,-15.298720120497455,29.88162637210881,1503.90625,1673.828125
tensor(207),69.06720995903015,-32.40041734574343,30.00340606717259,1732.421875,1679.6875
tensor(207),68.84121894836426,-23.63794579656525,30.506753837387684,1615.234375,1685.546875
tensor(207),68.83273124694824,-18.442582343059016,32.08111838432972,1544.921875,1708.984375
tensor(207),68.09378266334534,4.643713968308445,32.78507443947015,1234.375,1714.84375
tensor(207),68.32342147827148,-7.5321923725238165,32.611678547850325,1398.4375,1714.84375
tensor(207),68.59872341156006,34.812264231638096,33.58588932866914,824.21875,1720.703125
tensor(207),68.91518831253052,11.135833861480325,33.250601818582375,1146.484375,1720.703125
tensor(207),68.74456405639648,-1.0102940946743075,33.07859763822471,1310.546875,1720.703125
tensor(207),68.55513453483582,-14.968963682390324,32.88092562867683,1498.046875,1720.703125
tensor(207),69.17144060134888,-28.16628486408426,33.44717864830138,1673.828125,1732.421875
tensor(207),68.18230748176575,47.64723181584388,34.87958782269315,648.4375,1738.28125
tensor(207),69.71071362495422,-32.592087158543805,33.76250203343994,1732.421875,1738.28125
tensor(208),70.15330195426941,68.85047792943078,-48.63045160027776,308.59375,302.734375
tensor(208),70.3141450881958,65.36148722159263,-47.79020442343077,361.328125,320.3125
tensor(208),70.25752663612366,61.11665692756289,-45.69516336826121,425.78125,361.328125
tensor(208),70.2552855014801,59.601726245117455,-43.82293364274605,449.21875,396.484375
tensor(208),68.4540331363678,-23.613409077425842,-45.744616288264886,1662.109375,408.203125
tensor(208),70.00348567962646,62.42946931355736,-41.80990561793902,408.203125,431.640625
tensor(208),70.33883333206177,56.49674046150182,-41.9909966755498,496.09375,431.640625
tensor(208),69.04226541519165,-26.576685959254323,-43.870967971284244,1703.125,443.359375
tensor(208),70.30489444732666,69.59449263126224,-39.98371540343131,302.734375,460.9375
tensor(208),70.3459084033966,56.14637473521415,-40.38953214783769,501.953125,460.9375
tensor(208),70.36445736885071,66.09079625827657,-38.798961139136516,355.46875,484.375
tensor(208),70.41705250740051,55.02654958566779,-37.833037066078596,519.53125,507.8125
tensor(208),70.36657929420471,62.58434066130805,-37.28504529987092,408.203125,513.671875
tensor(208),70.64056992530823,53.510073903361366,-34.947799848623006,542.96875,560.546875
tensor(208),69.01475191116333,72.25282564888671,-33.10232641227876,267.578125,583.984375
tensor(208),68.98900866508484,65.92504057385634,-32.6307857997047,361.328125,595.703125
tensor(208),68.95869374275208,63.993136515995836,-31.048836160162313,390.625,625.0
tensor(208),70.20412683486938,58.00441686536739,-31.217779257238455,478.515625,625.0
tensor(208),68.88769865036011,66.50785156235807,-27.69032934621204,355.46875,683.59375
tensor(208),68.84273290634155,63.70950040532014,-27.76728341285689,396.484375,683.59375
tensor(208),69.88629102706909,56.899393863500514,-27.954559906501967,496.09375,683.59375
tensor(208),68.94915103912354,72.10850096379133,-27.206843971533083,273.4375,689.453125
tensor(208),69.6304202079773,52.900630836720204,-27.40264585555558,554.6875,695.3125
tensor(208),68.8473641872406,63.366682932122096,-26.124220334856556,402.34375,712.890625
tensor(208),68.8859760761261,68.60882412463714,-24.98912133851887,326.171875,730.46875
tensor(208),68.90151500701904,68.26046252884885,-23.671795784685106,332.03125,753.90625
tensor(208),69.31716203689575,53.008685075054544,-23.077658602756276,554.6875,771.484375
tensor(208),69.3183422088623,57.87773025532404,-21.947719531282242,484.375,789.0625
tensor(208),69.06062960624695,71.58961995003165,-20.588170711053916,285.15625,806.640625
tensor(208),69.15592551231384,63.96527389786124,-20.452004810129047,396.484375,812.5
tensor(208),69.38291192054749,57.93686590341301,-19.93807712193032,484.375,824.21875
tensor(208),69.00366544723511,53.505832566420914,-19.380631219804986,548.828125,835.9375
tensor(208),69.15739178657532,71.68794279969669,-18.244724513497708,285.15625,847.65625
tensor(208),70.15966176986694,67.35004522406182,-16.00201091433033,349.609375,888.671875
tensor(208),69.66010928153992,70.60509369465497,-15.246934455183487,302.734375,900.390625
tensor(208),69.11273002624512,52.388702190211326,-15.360770791223299,566.40625,906.25
tensor(208),70.05926966667175,64.57003586813116,-14.721313181173127,390.625,912.109375
tensor(208),68.60200762748718,-28.737049273446807,-17.02477549178745,1714.84375,912.109375
tensor(208),69.41696405410767,73.08239573617092,-13.83608366826408,267.578125,923.828125
tensor(208),68.86640191078186,12.587041088396182,-15.3206883702584,1134.765625,923.828125
tensor(208),68.78011226654053,10.930040628367568,-15.361352495437732,1158.203125,923.828125
tensor(208),69.53824758529663,58.52176781004327,-13.854490575540607,478.515625,929.6875
tensor(208),69.9610710144043,63.41358711565193,-13.057036506406762,408.203125,941.40625
tensor(208),68.92257332801819,-28.85742967290621,-14.60906075925878,1714.84375,953.125
tensor(208),69.76678967475891,58.57239074262355,-12.155487990639223,478.515625,958.984375
tensor(208),68.28577518463135,13.802800991172662,-12.89102595281323,1117.1875,964.84375
tensor(208),69.00201439857483,10.066694138979058,-12.980797320568165,1169.921875,964.84375
tensor(208),68.8237726688385,-26.780895341844627,-13.866173097287076,1685.546875,964.84375
tensor(208),68.6610996723175,7.139170403411388,-12.017963998955587,1210.9375,982.421875
tensor(208),69.09804940223694,52.0956947693761,-10.606141827636185,572.265625,988.28125
tensor(208),69.02127265930176,73.66266105785246,-9.754130314750352,261.71875,994.140625
tensor(208),69.78963017463684,59.04082865550892,-10.100089104196007,472.65625,994.140625
tensor(208),69.09177303314209,69.23154366070024,-9.177401271434297,326.171875,1005.859375
tensor(208),68.74849200248718,-26.89723692480424,-11.43768254889496,1685.546875,1005.859375
tensor(208),70.2206015586853,61.9471950704242,-8.323110140219107,431.640625,1023.4375
tensor(208),68.87350678443909,-26.96394922341672,-10.045143591451282,1685.546875,1029.296875
tensor(208),69.5634663105011,-30.354397221605822,-10.123862192632108,1732.421875,1029.296875
tensor(208),69.85974907875061,60.01463360661388,-4.9341850837354375,460.9375,1082.03125
tensor(208),68.86928081512451,3.268721696382563,-6.213841165024424,1263.671875,1082.03125
tensor(208),68.90326142311096,-27.11467109810673,-6.89900582360224,1685.546875,1082.03125
tensor(208),70.28353214263916,69.82817832756287,-4.36903385142985,320.3125,1087.890625
tensor(208),69.47036385536194,-30.550713251545165,-6.27364297721952,1732.421875,1093.75
tensor(208),68.90428066253662,8.272545673408414,-4.705981184419136,1193.359375,1105.46875
tensor(208),68.7861442565918,-27.198778055532948,-5.143374294722969,1685.546875,1111.328125
tensor(208),69.43107843399048,-30.622441586450805,-4.866881576081663,1732.421875,1117.1875
tensor(208),69.00304555892944,6.578114306938603,-3.694739576077121,1216.796875,1123.046875
tensor(208),70.43491005897522,69.12059404709673,-1.6259287524268977,332.03125,1134.765625
tensor(208),68.77810955047607,-27.283152753029725,-3.3821540140476025,1685.546875,1140.625
tensor(208),68.93051266670227,3.1902690253627464,-2.366678526389451,1263.671875,1146.484375
tensor(208),68.76736283302307,6.541607146314445,-1.5916836243533599,1216.796875,1158.203125
tensor(208),69.40005421638489,-30.7844997682429,-1.6885393605040653,1732.421875,1169.921875
tensor(208),70.38870453834534,67.98610203787504,0.7753960933373928,349.609375,1175.78125
tensor(208),70.12097835540771,63.47342076552431,0.6790265420147606,414.0625,1175.78125
tensor(208),69.92108821868896,73.74673183641929,1.5927038051340188,267.578125,1187.5
tensor(208),68.83162260055542,-27.042158264438154,0.5213050287960747,1679.6875,1205.078125
tensor(208),69.3041980266571,-30.91118993945489,0.7961529580755492,1732.421875,1210.9375
tensor(208),68.43981742858887,-0.2772020544695453,1.7904555076502415,1310.546875,1216.796875
tensor(208),70.24455666542053,63.97953264291754,3.4781360461995483,408.203125,1222.65625
tensor(208),70.40302753448486,68.11831037622346,4.262683791712947,349.609375,1234.375
tensor(208),69.42615509033203,-31.002030734921835,2.5777546762758914,1732.421875,1240.234375
tensor(208),68.76335144042969,-27.16060183169967,3.0136926227360448,1679.6875,1246.09375
tensor(208),69.12888884544373,4.329854244673038,4.012627989464048,1246.09375,1251.953125
tensor(208),68.68183016777039,-1.1833452138152178,4.255868124023733,1322.265625,1257.8125
tensor(208),68.99451613426208,2.6079704137223803,5.400036807698001,1269.53125,1275.390625
tensor(208),70.77853083610535,65.77563829822067,7.722776032133475,384.765625,1292.96875
tensor(208),69.07753944396973,-0.8187012426450903,6.758403551111929,1316.40625,1298.828125
tensor(208),69.36370134353638,-31.184588012870737,6.158132395250278,1732.421875,1298.828125
tensor(208),68.78660917282104,-27.330730758990743,6.593686349320843,1679.6875,1304.6875
tensor(208),69.35707926750183,-31.276307313696375,7.956963670374281,1732.421875,1328.125
tensor(208),69.33375000953674,-31.368322283127373,9.761593702462397,1732.421875,1357.421875
tensor(208),70.24707198143005,68.41210667961595,12.01221190353879,349.609375,1363.28125
tensor(208),69.0439760684967,1.1950603140003127,11.819739393206424,1287.109375,1380.859375
tensor(208),69.0315842628479,-1.3738807552333903,12.132299530050222,1322.265625,1386.71875
tensor(208),68.91200542449951,-27.57075544371607,11.644484465928768,1679.6875,1386.71875
tensor(208),69.35510635375977,-31.460634353158774,11.572050576306475,1732.421875,1386.71875
tensor(208),70.30857801437378,69.76457282438015,14.879768567567957,332.03125,1410.15625
tensor(208),68.8153326511383,1.9867621819752594,14.723680506940225,1275.390625,1427.734375
tensor(208),68.43723058700562,4.115908507764856,15.124197372932834,1246.09375,1433.59375
tensor(208),69.35427784919739,-1.880961791442661,15.37893595248333,1328.125,1439.453125
tensor(208),69.22081112861633,-4.462494286517911,15.695798657728067,1363.28125,1445.3125
tensor(208),68.29110980033875,66.13084012558426,17.67198391040561,384.765625,1457.03125
tensor(208),68.36917400360107,68.26616895271438,19.143988005492172,355.46875,1480.46875
tensor(208),69.2714512348175,-31.75804634099439,17.404999372248504,1732.421875,1480.46875
tensor(208),68.84816884994507,-27.430923293686295,17.84678830796929,1673.828125,1486.328125
tensor(208),70.3656554222107,74.15294360105958,20.682404880929354,273.4375,1503.90625
tensor(208),68.33773255348206,65.84140378448076,21.261200566006345,390.625,1515.625
tensor(208),69.2654550075531,-31.870373745588385,19.608004046491697,1732.421875,1515.625
tensor(208),68.72763633728027,-27.969823906373225,20.042013419639538,1679.6875,1521.484375
tensor(208),68.04476976394653,-17.648694454589265,22.792934037639153,1539.0625,1562.5
tensor(208),69.2326307296753,-32.02082725423923,22.558751319716134,1732.421875,1562.5
tensor(208),68.83034706115723,-27.70868616025384,23.739412174835532,1673.828125,1580.078125
tensor(208),69.03024911880493,71.45605661273157,26.057791818957668,314.453125,1591.796875
tensor(208),69.20565366744995,-32.13418346257557,24.78193325579003,1732.421875,1597.65625
tensor(208),68.92333030700684,66.92572008375379,28.171182703900016,378.90625,1626.953125
tensor(208),68.49164366722107,74.92786392959773,29.02375269265975,267.578125,1638.671875
tensor(208),68.83830428123474,-27.480751813588498,28.2060090888385,1667.96875,1650.390625
tensor(208),69.2106544971466,-32.305053434562225,28.13309540838335,1732.421875,1650.390625
tensor(208),68.18888783454895,-0.056119171811366046,29.36335526098688,1298.828125,1662.109375
tensor(208),68.19363236427307,5.563844587117146,29.81874835858798,1222.65625,1667.96875
tensor(208),68.45064759254456,-11.398409730376805,30.685921797266168,1451.171875,1685.546875
tensor(208),68.88940334320068,-23.686604332147052,31.630661221327763,1615.234375,1703.125
tensor(208),68.14985871315002,-12.757185614403122,32.162536205093666,1468.75,1708.984375
tensor(208),68.79734992980957,-15.83048764008633,32.493503336365805,1509.765625,1714.84375
tensor(208),68.67510676383972,5.063865136503321,33.5384155047307,1228.515625,1726.5625
tensor(208),68.81875991821289,53.59967509873702,34.592044945594914,566.40625,1732.421875
tensor(208),68.24397444725037,41.66533130281936,34.424943281302426,730.46875,1732.421875
tensor(208),68.52638125419617,29.239875144639555,34.25096518588881,900.390625,1732.421875
tensor(208),68.00383925437927,-1.4630750446538516,33.82107024042265,1316.40625,1732.421875
tensor(208),68.8158392906189,-8.001398477811607,33.7295222888933,1404.296875,1732.421875
tensor(208),68.51031184196472,-25.96607529833501,33.477985426329234,1644.53125,1732.421875
tensor(208),69.10505294799805,-29.064992471108546,33.811605981517346,1685.546875,1738.28125
tensor(208),69.78222727775574,-32.592087158543805,33.76250203343994,1732.421875,1738.28125
tensor(209),69.94165182113647,70.40186476274647,-48.89736218337287,285.15625,296.875
tensor(209),70.10263800621033,67.2847296257091,-48.68061988339598,332.03125,302.734375
tensor(209),70.074063539505,64.58844793630134,-47.497032505702464,373.046875,326.171875
tensor(209),70.3995943069458,61.5104238713096,-45.68281718469832,419.921875,361.328125
tensor(209),69.66273188591003,70.60223312237159,-44.12174316832401,285.15625,384.765625
tensor(209),70.25615572929382,59.18686118775272,-44.476510698753614,455.078125,384.765625
tensor(209),70.30942440032959,64.73978952920929,-43.34368554007209,373.046875,402.34375
tensor(209),70.22849321365356,56.86467019904086,-42.944567803966535,490.234375,414.0625
tensor(209),70.22627592086792,56.52449378569881,-41.02351998644647,496.09375,449.21875
tensor(209),68.90342831611633,-26.18208573409969,-43.530822811390955,1697.265625,449.21875
tensor(209),70.26978135108948,70.76382901171839,-40.270234859516506,285.15625,455.078125
tensor(209),70.3817367553711,65.63527651113311,-40.425353450289045,361.328125,455.078125
tensor(209),70.17621397972107,56.64534059942487,-36.810818315016796,496.09375,525.390625
tensor(209),69.9003279209137,58.64405529083277,-36.4270265639575,466.796875,531.25
tensor(209),69.97946500778198,51.8889982026704,-35.973635898977484,566.40625,542.96875
tensor(209),68.96896362304688,71.80066547574832,-34.41761624940403,273.4375,560.546875
tensor(209),70.49652338027954,55.11519306346017,-34.574819152785345,519.53125,566.40625
tensor(209),69.48134303092957,51.552309603176205,-33.36902971280714,572.265625,589.84375
tensor(209),68.99998188018799,67.11810418005209,-32.59670736276271,343.75,595.703125
tensor(209),69.01942491531372,64.39183442280259,-31.03758880461669,384.765625,625.0
tensor(209),68.91521215438843,64.09780660151303,-28.08644207847532,390.625,677.734375
tensor(209),68.90776753425598,66.50785156235807,-27.69032934621204,355.46875,683.59375
tensor(209),69.00147199630737,70.11424662002128,-27.26154338854412,302.734375,689.453125
tensor(209),69.43478584289551,52.498473042019654,-27.4136477582721,560.546875,695.3125
tensor(209),68.90495419502258,63.76732915915775,-26.113345620602193,396.484375,712.890625
tensor(209),69.12761926651001,56.9564197269926,-25.96664691946681,496.09375,718.75
tensor(209),68.94423961639404,68.26046252884885,-23.671795784685106,332.03125,753.90625
tensor(209),69.33011412620544,52.59671306561683,-23.422269833502313,560.546875,765.625
tensor(209),69.00116205215454,69.1411393167232,-21.652506109682687,320.3125,789.0625
tensor(209),69.45946216583252,57.89741793297907,-21.27866130268789,484.375,800.78125
tensor(209),69.08968687057495,71.58961995003165,-20.588170711053916,285.15625,806.640625
tensor(209),69.15611624717712,64.3560990761742,-20.77619584623271,390.625,806.640625
tensor(209),69.04415488243103,68.8187986053087,-19.65757556656496,326.171875,824.21875
tensor(209),69.42543983459473,57.93686590341301,-19.93807712193032,484.375,824.21875
tensor(209),69.25798654556274,58.025979472236486,-16.909676944647536,484.375,876.953125
tensor(209),69.56212520599365,70.57753924573214,-15.921392846178392,302.734375,888.671875
tensor(209),70.16632556915283,66.94629161633313,-16.012096087423117,355.46875,888.671875
tensor(209),69.39223408699036,73.08239573617092,-13.83608366826408,267.578125,923.828125
tensor(209),68.7947928905487,-29.192879781391362,-16.34600126136183,1720.703125,923.828125
tensor(209),69.71007585525513,58.52176781004327,-13.854490575540607,478.515625,929.6875
tensor(209),68.7249481678009,13.407362545469063,-14.61590172782845,1123.046875,935.546875
tensor(209),68.84530782699585,10.916093021865526,-14.333845239049824,1158.203125,941.40625
tensor(209),69.74354386329651,58.98939100649681,-11.805280242013962,472.65625,964.84375
tensor(209),69.15212869644165,-28.891921724051763,-13.91689694786062,1714.84375,964.84375
tensor(209),69.91816759109497,62.65929025517446,-11.376999570232318,419.921875,970.703125
tensor(209),69.50944662094116,52.47936646446285,-11.620855757853539,566.40625,970.703125
tensor(209),68.7430739402771,10.477314595798076,-12.626998873611122,1164.0625,970.703125
tensor(209),68.93481612205505,73.66266105785246,-9.754130314750352,261.71875,994.140625
tensor(209),69.82898712158203,59.04082865550892,-10.100089104196007,472.65625,994.140625
tensor(209),68.78457069396973,8.793370612002715,-11.288965387216887,1187.5,994.140625
tensor(209),69.17139291763306,68.81228331745447,-9.528182310298318,332.03125,1000.0
tensor(209),68.76487135887146,-26.913899182690415,-11.089877965511448,1685.546875,1011.71875
tensor(209),70.33358812332153,61.9471950704242,-8.323110140219107,431.640625,1023.4375
tensor(209),69.73152160644531,59.11310989701945,-7.703919473168745,472.65625,1035.15625
tensor(209),69.53762769699097,-30.372187603936503,-9.7749509400956,1732.421875,1035.15625
tensor(209),68.75513195991516,-26.573633738682993,-9.337775902720251,1679.6875,1041.015625
tensor(209),70.06682753562927,69.33934774426803,-6.440104795658428,326.171875,1052.734375
tensor(209),68.74274611473083,-26.65668865153365,-7.590065670827994,1679.6875,1070.3125
tensor(209),69.91623640060425,60.0039838185917,-5.278789196583028,460.9375,1076.171875
tensor(209),68.76791715621948,9.131247147080481,-6.081637520882361,1181.640625,1082.03125
tensor(209),69.3785548210144,-30.532809648640132,-6.624774751590615,1732.421875,1087.890625
tensor(209),70.16929984092712,71.0646896599222,-3.997268163178471,302.734375,1093.75
tensor(209),68.44671964645386,3.254498074720408,-5.516343104940393,1263.671875,1093.75
tensor(209),68.76887083053589,-26.723322442736244,-6.187902274618997,1679.6875,1093.75
tensor(209),70.05771398544312,62.96974626489648,-2.106602771773395,419.921875,1128.90625
tensor(209),68.85241270065308,-26.840339736268422,-3.7255275132098618,1679.6875,1134.765625
tensor(209),70.37737369537354,68.72519607792856,-1.2886973065590157,337.890625,1140.625
tensor(209),69.10484433174133,6.139834877617986,-2.653367627325307,1222.65625,1140.625
tensor(209),68.71590614318848,8.648121031765244,-1.8972620931290516,1187.5,1152.34375
tensor(209),69.34068202972412,-30.74840645546652,-2.3964141399730803,1732.421875,1158.203125
tensor(209),70.35627365112305,67.56317325976937,0.41908454901424597,355.46875,1169.921875
tensor(209),70.09227871894836,63.47342076552431,0.6790265420147606,414.0625,1175.78125
tensor(209),68.77490282058716,-26.97471373338777,-0.8979186264485064,1679.6875,1181.640625
tensor(209),69.85251307487488,73.74673183641929,1.5927038051340188,267.578125,1187.5
tensor(209),70.22095918655396,63.97953264291754,3.4781360461995483,408.203125,1222.65625
tensor(209),70.36095857620239,68.11831037622346,4.262683791712947,349.609375,1234.375
tensor(209),68.60167980194092,2.659607855569493,2.91410139684225,1269.53125,1234.375
tensor(209),68.8088059425354,-27.143648831069026,2.656953549194078,1679.6875,1240.234375
tensor(209),69.22529935836792,-31.020233820490564,2.9347600102680986,1732.421875,1246.09375
tensor(209),68.67241859436035,6.020982271122609,4.047084944523428,1222.65625,1251.953125
tensor(209),68.6735451221466,6.835924180533205,5.840766006421702,1210.9375,1281.25
tensor(209),70.61247825622559,65.77563829822067,7.722776032133475,384.765625,1292.96875
tensor(209),69.04810070991516,2.5857695014675093,6.468835569865729,1269.53125,1292.96875
tensor(209),68.79283785820007,-26.900880515768247,6.602150886788327,1673.828125,1304.6875
tensor(209),69.28613185882568,-31.202908287973898,6.517436091721615,1732.421875,1304.6875
tensor(209),69.9125349521637,67.11776799749123,10.57134899116268,367.1875,1339.84375
tensor(209),68.86012554168701,-0.5030058501963387,11.42769185296643,1310.546875,1375.0
tensor(209),68.82088780403137,-27.5363335410887,10.920150295218978,1679.6875,1375.0
tensor(209),69.20247673988342,-31.460634353158774,11.572050576306475,1732.421875,1386.71875
tensor(209),68.88304948806763,-4.3943961608825335,13.159914410311309,1363.28125,1404.296875
tensor(209),70.21147608757019,69.76457282438015,14.879768567567957,332.03125,1410.15625
tensor(209),68.77611875534058,-27.639732682300885,13.095960621940032,1679.6875,1410.15625
tensor(209),69.3629503250122,2.4216555451069257,14.369627726463019,1269.53125,1421.875
tensor(209),68.42583417892456,66.09248106098343,16.59754600404036,384.765625,1439.453125
tensor(209),69.03232932090759,-1.0416043026739294,16.1199747366296,1316.40625,1451.171875
tensor(209),69.99880075454712,72.38433499279981,18.14053506943996,296.875,1462.890625
tensor(209),68.94354820251465,-3.2038596990259136,16.808800639262333,1345.703125,1462.890625
tensor(209),68.89901757240295,-27.41365881149406,17.480529487731275,1673.828125,1480.46875
tensor(209),69.17864680290222,-31.795440168366518,18.138380302631216,1732.421875,1492.1875
tensor(209),70.21841406822205,74.15294360105958,20.682404880929354,273.4375,1503.90625
tensor(209),68.2884931564331,66.66397888391825,20.914709234365983,378.90625,1509.765625
tensor(209),69.14945840835571,-31.90791368537349,20.344250585048243,1732.421875,1527.34375
tensor(209),68.82699131965637,-27.65638508148687,22.629866508010103,1673.828125,1562.5
tensor(209),68.96366477012634,72.69654898070004,25.71455485118456,296.875,1585.9375
tensor(209),68.97045373916626,67.67218615276373,25.63426268222619,367.1875,1585.9375
tensor(209),68.27911734580994,1.3311732713289974,25.311470208895273,1281.25,1597.65625
tensor(209),68.6677873134613,-4.285530071055699,25.222594659231433,1357.421875,1597.65625
tensor(209),69.1016674041748,-32.17206767984669,25.5249318858216,1732.421875,1609.375
tensor(209),68.50850582122803,-12.121755725412951,26.209622618250147,1462.890625,1615.234375
tensor(209),68.12793612480164,4.7262613497874115,28.32209152273664,1234.375,1644.53125
tensor(209),69.10389065742493,-32.28601813448052,27.75976838985921,1732.421875,1644.53125
tensor(209),68.0182158946991,-11.773018009744273,28.815647149737643,1457.03125,1656.25
tensor(209),69.35729384422302,-25.74577011316682,28.605570581470165,1644.53125,1656.25
tensor(209),68.35822463035583,-6.999668627747418,29.259510455667037,1392.578125,1662.109375
tensor(209),68.99440288543701,-18.763604951075845,29.0835739717342,1550.78125,1662.109375
tensor(209),69.03677582740784,-20.948575684766684,29.050896468404016,1580.078125,1662.109375
tensor(209),68.09250712394714,-0.940366013299762,30.094088696681638,1310.546875,1673.828125
tensor(209),68.80065202713013,-15.748779673008883,30.24848182308141,1509.765625,1679.6875
tensor(209),68.04578900337219,-4.8776194814843965,31.154512576785894,1363.28125,1691.40625
tensor(209),68.78933906555176,-15.83048764008633,32.493503336365805,1509.765625,1714.84375
tensor(209),68.10343265533447,5.504384955964853,33.170853543517595,1222.65625,1720.703125
tensor(209),69.02492046356201,-18.033493726984748,32.83752809652464,1539.0625,1720.703125
tensor(209),68.29081773757935,-9.299748674260739,33.336154028025405,1421.875,1726.5625
tensor(209),68.47408413887024,48.06635327755335,34.5145687725269,642.578125,1732.421875
tensor(209),68.29156875610352,35.67511027196523,34.341069721025235,812.5,1732.421875
tensor(209),68.22529435157776,29.66944391193352,34.25697989915418,894.53125,1732.421875
tensor(209),68.63317489624023,11.559173168303769,34.003404467291446,1140.625,1732.421875
tensor(209),68.53647232055664,-11.058851530358616,33.68671260431295,1445.3125,1732.421875
tensor(209),68.21066737174988,40.38773350220851,34.778521630869456,748.046875,1738.28125
tensor(209),69.27104592323303,-28.624475719889304,33.81773882273539,1679.6875,1738.28125
tensor(209),69.72736716270447,-32.592087158543805,33.76250203343994,1732.421875,1738.28125
tensor(210),70.11913061141968,68.83763812143846,-48.94758882545353,308.59375,296.875
tensor(210),70.31146287918091,62.28682371973203,-45.97756733472485,408.203125,355.46875
tensor(210),69.78813409805298,70.99486380314583,-44.10954097134024,279.296875,384.765625
tensor(210),70.24105787277222,58.060865935653524,-42.58648335787123,472.65625,419.921875
tensor(210),70.25752067565918,62.824444913049085,-41.797849353304976,402.34375,431.640625
tensor(210),70.24632692337036,56.51523710117748,-41.34620661054978,496.09375,443.359375
tensor(210),70.26855945587158,71.14423421861922,-40.580313210150734,279.296875,449.21875
tensor(210),68.99555325508118,-26.60885051486086,-43.215376364099995,1703.125,455.078125
tensor(210),70.2890396118164,64.46178423435447,-40.13860243132037,378.90625,460.9375
tensor(210),70.30845880508423,66.05440728113943,-39.76821328479154,355.46875,466.796875
tensor(210),70.20366787910461,56.164689343142626,-39.74274678860348,501.953125,472.65625
tensor(210),70.11005878448486,62.573234990665824,-37.609518542497135,408.203125,507.8125
tensor(210),70.32558917999268,56.23816945885096,-37.14777652112216,501.953125,519.53125
tensor(210),70.06721496582031,52.272024995830456,-36.613968560034905,560.546875,531.25
tensor(210),70.03599405288696,61.039714401965554,-36.03169933753911,431.640625,537.109375
tensor(210),70.50965428352356,54.716118072058315,-34.58635892971686,525.390625,566.40625
tensor(210),68.97935271263123,72.25282564888671,-33.10232641227876,267.578125,583.984375
tensor(210),69.00710463523865,67.51565537040204,-32.585351787836785,337.890625,595.703125
tensor(210),70.10374069213867,57.99462814236776,-31.546307551265794,478.515625,619.140625
tensor(210),68.97592544555664,64.39183442280259,-31.03758880461669,384.765625,625.0
tensor(210),68.90841126441956,66.50785156235807,-27.69032934621204,355.46875,683.59375
tensor(210),69.04404163360596,72.5071454273493,-27.195909749517003,267.578125,689.453125
tensor(210),68.95315647125244,69.3691057729701,-25.96129696550134,314.453125,712.890625
tensor(210),68.89636516571045,63.76732915915775,-26.113345620602193,396.484375,712.890625
tensor(210),68.92463564872742,68.26046252884885,-23.671795784685106,332.03125,753.90625
tensor(210),69.22890543937683,57.435638867034335,-23.29404884225504,490.234375,765.625
tensor(210),69.28361654281616,52.193013303126,-23.432966997674097,566.40625,765.625
tensor(210),68.9817488193512,69.1411393167232,-21.652506109682687,320.3125,789.0625
tensor(210),69.08587217330933,71.60364026021587,-20.254007871981738,285.15625,812.5
tensor(210),69.13854479789734,63.96527389786124,-20.452004810129047,396.484375,812.5
tensor(210),68.032968044281,-28.58305127362162,-20.115106132226316,1714.84375,859.375
tensor(210),70.19654512405396,66.94629161633313,-16.012096087423117,355.46875,888.671875
tensor(210),69.56624388694763,70.18799889196285,-15.594312202716766,308.59375,894.53125
tensor(210),68.14508438110352,-26.582643007022185,-18.004452026155263,1685.546875,894.53125
tensor(210),69.47062611579895,73.0678417956772,-14.174089768932733,267.578125,917.96875
tensor(210),68.23127269744873,13.418967632521426,-15.642279596531532,1123.046875,917.96875
tensor(210),68.80196332931519,-29.17557007032312,-16.690696148293014,1720.703125,917.96875
tensor(210),68.60087513923645,8.442339429353778,-15.422402685468294,1193.359375,923.828125
tensor(210),69.64077353477478,58.531879876850226,-13.515110243979002,478.515625,935.546875
tensor(210),68.64316463470459,10.506052003722916,-14.686677840798323,1164.0625,935.546875
tensor(210),69.64119076728821,52.030579309255515,-13.333886364134946,572.265625,941.40625
tensor(210),68.93792748451233,-28.822981090708435,-15.300352264384001,1714.84375,941.40625
tensor(210),68.7140941619873,-26.731191736301607,-14.90367605376768,1685.546875,947.265625
tensor(210),70.03757953643799,63.04251874549843,-12.047751473363741,414.0625,958.984375
tensor(210),68.48267316818237,13.806553893491754,-13.234409075660977,1117.1875,958.984375
tensor(210),68.68707537651062,-25.95333276657047,-13.499681121632083,1673.828125,970.703125
tensor(210),69.26442384719849,-29.349158986156528,-13.233953775194218,1720.703125,976.5625
tensor(210),68.98459792137146,10.46771146397416,-11.938719377819922,1164.0625,982.421875
tensor(210),69.1064715385437,8.387927572962239,-11.988234070139637,1193.359375,982.421875
tensor(210),69.61100697517395,58.623170608197704,-10.451218433860332,478.515625,988.28125
tensor(210),68.97895932197571,73.66266105785246,-9.754130314750352,261.71875,994.140625
tensor(210),68.77625584602356,-26.863943982622875,-12.132632654943343,1685.546875,994.140625
tensor(210),69.15068030357361,69.23154366070024,-9.177401271434297,326.171875,1005.859375
tensor(210),70.27648091316223,61.9471950704242,-8.323110140219107,431.640625,1023.4375
tensor(210),69.51689720153809,-30.3366181022255,-10.472552552214053,1732.421875,1023.4375
tensor(210),68.89814138412476,-26.5902236790416,-8.988676643976122,1679.6875,1046.875
tensor(210),70.06667256355286,69.35286090587331,-6.096986720585437,326.171875,1058.59375
tensor(210),69.82946395874023,61.62852404419814,-5.586061412776779,437.5,1070.3125
tensor(210),68.88030171394348,7.8762256391172585,-6.109939046943908,1199.21875,1082.03125
tensor(210),70.22390961647034,70.64321391935272,-4.350714889484962,308.59375,1087.890625
tensor(210),69.7574257850647,59.20650627639662,-4.60776944537988,472.65625,1087.890625
tensor(210),69.31241750717163,3.2616121284743445,-5.865202123449524,1263.671875,1087.890625
tensor(210),69.39614415168762,-30.550713251545165,-6.27364297721952,1732.421875,1093.75
tensor(210),69.15758848190308,6.152262688248021,-3.3539997645071424,1222.65625,1128.90625
tensor(210),68.5377836227417,9.083841078182166,-2.939516346515283,1181.640625,1134.765625
tensor(210),68.81186962127686,-26.840339736268422,-3.7255275132098618,1679.6875,1134.765625
tensor(210),69.35348510742188,-30.67635776183324,-3.8094585294606933,1732.421875,1134.765625
tensor(210),70.31416893005371,69.13409918263375,-1.279781197098942,332.03125,1140.625
tensor(210),69.07106041908264,3.1902690253627464,-2.366678526389451,1263.671875,1146.484375
tensor(210),68.7741219997406,-26.90744110946986,-2.313524869500581,1679.6875,1158.203125
tensor(210),70.38609981536865,67.57622176951202,0.7666429873291934,355.46875,1175.78125
tensor(210),69.32987570762634,-30.820639175760956,-0.9797605547050678,1732.421875,1181.640625
tensor(210),69.86531615257263,73.74673183641929,1.5927038051340188,267.578125,1187.5
tensor(210),70.04711031913757,63.90785954386043,1.3840704459019337,408.203125,1187.5
tensor(210),68.80409121513367,4.384382826292906,1.1806102694225735,1246.09375,1205.078125
tensor(210),68.7197744846344,-27.469725854945207,0.5123349817161503,1685.546875,1205.078125
tensor(210),70.18418908119202,63.97953264291754,3.4781360461995483,408.203125,1222.65625
tensor(210),70.36640048027039,68.11831037622346,4.262683791712947,349.609375,1234.375
tensor(210),68.90864968299866,2.2367355834382443,2.905389368043717,1275.390625,1234.375
tensor(210),69.01833415031433,-0.7255062000501336,2.8443611630116536,1316.40625,1234.375
tensor(210),69.3225085735321,-31.002030734921835,2.5777546762758914,1732.421875,1240.234375
tensor(210),68.72432827949524,-27.16060183169967,3.0136926227360448,1679.6875,1246.09375
tensor(210),68.51296424865723,5.55967181797873,6.171434855681004,1228.515625,1287.109375
tensor(210),69.00227665901184,2.1690827283859644,6.10389421978419,1275.390625,1287.109375
tensor(210),70.63925862312317,65.36276198685891,7.714582909998771,390.625,1292.96875
tensor(210),69.47813630104065,-0.810201925944295,6.401445874925336,1316.40625,1292.96875
tensor(210),69.33845281600952,-31.184588012870737,6.158132395250278,1732.421875,1298.828125
tensor(210),68.84609460830688,-27.347803774716507,6.952950879846882,1679.6875,1310.546875
tensor(210),69.33819055557251,-31.276307313696375,7.956963670374281,1732.421875,1328.125
tensor(210),69.6753203868866,-1.33903812746368,10.691961598390561,1322.265625,1363.28125
tensor(210),68.93435716629028,-4.792962435541896,12.068632410634278,1369.140625,1386.71875
tensor(210),68.7905490398407,-27.156028643859884,12.015012468174215,1673.828125,1392.578125
tensor(210),70.2557384967804,69.76457282438015,14.879768567567957,332.03125,1410.15625
tensor(210),68.33198666572571,1.5593057986543513,14.715951169347255,1281.25,1427.734375
tensor(210),69.25817131996155,-31.590373126141493,14.116533147986871,1732.421875,1427.734375
tensor(210),69.43831443786621,-4.443006367854104,14.970094308403286,1363.28125,1433.59375
tensor(210),68.1942880153656,65.67635958057052,16.590085887303296,390.625,1439.453125
tensor(210),70.10402083396912,72.38433499279981,18.14053506943996,296.875,1462.890625
tensor(210),68.75542998313904,-27.361932478062123,16.383176804512132,1673.828125,1462.890625
tensor(210),69.23020482063293,-31.7207010282353,16.67256992756646,1732.421875,1468.75
tensor(210),69.24350261688232,-31.814155304584766,18.505428154550607,1732.421875,1498.046875
tensor(210),68.65242123603821,67.06839418899824,20.561437381227982,373.046875,1503.90625
tensor(210),68.66500973701477,-27.917433457089718,18.939570215215824,1679.6875,1503.90625
tensor(210),70.18359899520874,74.58449968139769,21.04933430795716,267.578125,1509.765625
tensor(210),68.80782842636108,-27.621574447181047,21.89137335712163,1673.828125,1550.78125
tensor(210),69.14239525794983,-32.05856334648767,23.298844869562085,1732.421875,1574.21875
tensor(210),69.0423846244812,68.49669986520435,25.28437993595287,355.46875,1580.078125
tensor(210),69.14321184158325,71.44148165538893,25.694498163164795,314.453125,1585.9375
tensor(210),68.28967332839966,-12.09706869459423,25.469089580698697,1462.890625,1603.515625
tensor(210),68.72760057449341,66.46637113172602,27.070211826314182,384.765625,1609.375
tensor(210),68.43045949935913,-22.119401432950085,25.682417990498006,1597.65625,1609.375
tensor(210),68.53615641593933,-20.88748062407274,27.560472410764646,1580.078125,1638.671875
tensor(210),69.17129158973694,-32.28601813448052,27.75976838985921,1732.421875,1644.53125
tensor(210),69.05153393745422,-27.480751813588498,28.2060090888385,1667.96875,1650.390625
tensor(210),68.38547587394714,-0.9142368953292775,28.978906002052437,1310.546875,1656.25
tensor(210),68.57224106788635,-16.18547734524412,30.24205458665997,1515.625,1679.6875
tensor(210),68.87500882148743,-23.621747536907748,30.1326089228651,1615.234375,1679.6875
tensor(210),68.79423260688782,-28.042317219363255,30.817256545936708,1673.828125,1691.40625
tensor(210),69.12128925323486,-32.45778606434031,31.128541608949888,1732.421875,1697.265625
tensor(210),68.50838661193848,-13.643887021119896,32.52464250197114,1480.46875,1714.84375
tensor(210),69.01276707649231,-18.471609366945998,32.8313238377003,1544.921875,1720.703125
tensor(210),68.7776267528534,35.246647027620156,34.33507048701267,818.359375,1732.421875
tensor(210),68.18967461585999,-1.036611467749867,34.20181500266596,1310.546875,1738.28125
tensor(210),68.51648092269897,-8.885914489369926,34.09253759387098,1416.015625,1738.28125
tensor(210),69.25942301750183,-28.624475719889304,33.81773882273539,1679.6875,1738.28125
tensor(210),69.74232792854309,-32.592087158543805,33.76250203343994,1732.421875,1738.28125
tensor(211),69.93452906608582,70.79275612091456,-48.884810830633654,279.296875,296.875
tensor(211),69.95015144348145,68.83763812143846,-48.94758882545353,308.59375,296.875
tensor(211),70.02571821212769,70.85992415044232,-47.29780798457153,279.296875,326.171875
tensor(211),70.20189762115479,64.58844793630134,-47.497032505702464,373.046875,326.171875
tensor(211),70.24317383766174,63.062494777128634,-46.27204080867444,396.484375,349.609375
tensor(211),69.63735222816467,70.96781123871939,-44.74872150171879,279.296875,373.046875
tensor(211),70.18011808395386,64.31105991870855,-44.31726058061259,378.90625,384.765625
tensor(211),70.24015188217163,61.553284736118584,-44.40296686303696,419.921875,384.765625
tensor(211),70.13505697250366,58.40730644857343,-44.180410201607764,466.796875,390.625
tensor(211),68.4716522693634,29.80213005285276,-45.06742674566397,888.671875,390.625
tensor(211),70.27010917663574,63.58011738275562,-42.73818780145213,390.625,414.0625
tensor(211),68.73049139976501,-26.512475117637056,-45.17974056461633,1703.125,419.921875
tensor(211),70.21918296813965,55.70456141310976,-42.015177207859274,507.8125,431.640625
tensor(211),70.23428678512573,63.24186939565898,-41.14181681332937,396.484375,443.359375
tensor(211),70.2325165271759,71.53808315239453,-40.568373427971494,273.4375,449.21875
tensor(211),70.08223533630371,58.92149493625993,-40.30578881259703,460.9375,460.9375
tensor(211),70.29575109481812,65.67126787451875,-39.45719641207804,361.328125,472.65625
tensor(211),70.10741233825684,56.17385494268465,-39.419061148401205,501.953125,478.515625
tensor(211),70.03424763679504,63.366194852428386,-37.58603257375076,396.484375,507.8125
tensor(211),70.37323713302612,56.228964994226196,-37.47283469228982,501.953125,513.671875
tensor(211),69.73059177398682,52.26400861977684,-36.93966459761199,560.546875,525.390625
tensor(211),69.91461515426636,60.63172857937799,-36.368712401138495,437.5,531.25
tensor(211),69.93311047554016,59.490281866139405,-34.774453449779884,455.078125,560.546875
tensor(211),70.58354616165161,54.716118072058315,-34.58635892971686,525.390625,566.40625
tensor(211),68.89171600341797,72.22473879370182,-33.75462593247914,267.578125,572.265625
tensor(211),69.04155015945435,66.72048466225667,-32.6080648893805,349.609375,595.703125
tensor(211),68.75411868095398,71.51509204767443,-31.817923806545753,279.296875,607.421875
tensor(211),70.09071707725525,57.17612595474891,-32.22547308589117,490.234375,607.421875
tensor(211),68.90555620193481,64.39183442280259,-31.03758880461669,384.765625,625.0
tensor(211),68.84052753448486,66.10829421211959,-27.701317089076746,361.328125,683.59375
tensor(211),68.82874369621277,63.70950040532014,-27.76728341285689,396.484375,683.59375
tensor(211),69.705331325531,57.3101542610297,-27.612740511208184,490.234375,689.453125
tensor(211),68.96347403526306,69.74193533993807,-26.611872373859523,308.59375,701.171875
tensor(211),69.32789087295532,52.11232417834657,-26.76140560575123,566.40625,707.03125
tensor(211),68.84503960609436,63.76732915915775,-26.113345620602193,396.484375,712.890625
tensor(211),68.81366968154907,60.5602168326697,-26.20039606006411,443.359375,712.890625
tensor(211),68.89771223068237,68.26046252884885,-23.671795784685106,332.03125,753.90625
tensor(211),69.36952471733093,52.98367304085697,-24.07879220694086,554.6875,753.90625
tensor(211),69.18121576309204,57.89741793297907,-21.27866130268789,484.375,800.78125
tensor(211),69.00891661643982,71.60364026021587,-20.254007871981738,285.15625,812.5
tensor(211),69.0403163433075,67.184502836515,-20.36855797833134,349.609375,812.5
tensor(211),69.11059021949768,63.96527389786124,-20.452004810129047,396.484375,812.5
tensor(211),69.57507729530334,52.25792195128158,-20.755475438437724,566.40625,812.5
tensor(211),69.24521923065186,57.53284792649185,-19.948491418179568,490.234375,824.21875
tensor(211),69.05977129936218,71.70202340994575,-17.909124470782743,285.15625,853.515625
tensor(211),69.75345611572266,51.917400231661475,-18.075058583165532,572.265625,859.375
tensor(211),69.47830319404602,71.38370930413654,-15.901255900215329,291.015625,888.671875
tensor(211),70.0555145740509,67.35004522406182,-16.00201091433033,349.609375,888.671875
tensor(211),69.34390068054199,-28.71989533761981,-17.369009400997154,1714.84375,906.25
tensor(211),70.04972100257874,64.57003586813116,-14.721313181173127,390.625,912.109375
tensor(211),69.72892880439758,58.10560760378688,-14.20362610539116,484.375,923.828125
tensor(211),68.07712912559509,7.601142478975475,-14.757541749274335,1205.078125,935.546875
tensor(211),69.66972351074219,52.030579309255515,-13.333886364134946,572.265625,941.40625
tensor(211),68.75476837158203,12.160121561074115,-14.303588813863486,1140.625,941.40625
tensor(211),69.5985734462738,-28.85742967290621,-14.60906075925878,1714.84375,953.125
tensor(211),68.0808424949646,15.043480504714806,-12.517618112665703,1099.609375,970.703125
tensor(211),68.68049502372742,10.061766645364353,-12.63695316610387,1169.921875,970.703125
tensor(211),68.84825229644775,-26.37537070058865,-13.509790879203663,1679.6875,970.703125
tensor(211),69.92419362068176,62.26423176147998,-11.046121648617623,425.78125,976.5625
tensor(211),69.63837742805481,58.60283978333389,-11.133559859695787,478.515625,976.5625
tensor(211),68.72928738594055,66.3382020151943,-10.60857629836327,367.1875,982.421875
tensor(211),68.82039308547974,73.66266105785246,-9.754130314750352,261.71875,994.140625
tensor(211),69.71544027328491,-29.40144958457859,-12.192671119487875,1720.703125,994.140625
tensor(211),68.98860335350037,6.704807224609476,-10.993096665308412,1216.796875,1000.0
tensor(211),68.81139278411865,-26.474314271776155,-11.427738345414683,1679.6875,1005.859375
tensor(211),69.61386799812317,-29.895049501408362,-10.811119913051655,1726.5625,1017.578125
tensor(211),70.21901607513428,61.9471950704242,-8.323110140219107,431.640625,1023.4375
tensor(211),69.63397860527039,58.71497217324621,-7.370182066240619,478.515625,1041.015625
tensor(211),69.91586685180664,68.1182968597919,-6.468093383657397,343.75,1052.734375
tensor(211),68.74763369560242,-26.182893806541234,-8.629638989109008,1673.828125,1052.734375
tensor(211),69.55797672271729,-30.461308835027037,-8.027073924897131,1732.421875,1064.453125
tensor(211),68.41844916343689,5.789337477348528,-6.505392404937909,1228.515625,1076.171875
tensor(211),70.07012963294983,70.2357320396523,-4.35987356319524,314.453125,1087.890625
tensor(211),69.57654356956482,62.888756433413846,-4.525006187949841,419.921875,1087.890625
tensor(211),69.30336952209473,9.544316394535272,-5.72399035120264,1175.78125,1087.890625
tensor(211),69.45152282714844,-30.532809648640132,-6.624774751590615,1732.421875,1087.890625
tensor(211),69.67580318450928,59.637013722941425,-3.9082290614779547,466.796875,1099.609375
tensor(211),68.47447752952576,3.2402564926823474,-4.817964303815151,1263.671875,1105.46875
tensor(211),70.30472159385681,69.51567573585558,-1.9628904455189864,326.171875,1128.90625
tensor(211),68.01064610481262,35.77075681564443,-2.703741812586849,806.640625,1128.90625
tensor(211),68.93882155418396,-26.397888273687155,-4.068620649963516,1673.828125,1128.90625
tensor(211),69.91126537322998,62.981345133237184,-1.760253825177616,419.921875,1134.765625
tensor(211),68.81404519081116,5.719716435469249,-2.66252828659469,1228.515625,1140.625
tensor(211),68.24944615364075,11.590041056658983,-2.1841504928257827,1146.484375,1146.484375
tensor(211),68.94347667694092,7.8024851955325865,-1.5644734695511504,1199.21875,1158.203125
tensor(211),68.92194151878357,3.1759461991462206,-1.6643156726636454,1263.671875,1158.203125
tensor(211),69.39157843589783,-30.766447355525557,-2.042589645396092,1732.421875,1164.0625
tensor(211),70.29433846473694,67.97292663639692,0.42786570251788975,349.609375,1169.921875
tensor(211),69.99527215957642,63.48520524035442,1.0270833814363323,414.0625,1181.640625
tensor(211),69.7492003440857,73.76170701481223,1.9404928906809713,267.578125,1193.359375
tensor(211),68.83346438407898,-26.59792884180682,0.1751569312878196,1673.828125,1199.21875
tensor(211),70.11187672615051,63.97953264291754,3.4781360461995483,408.203125,1222.65625
tensor(211),69.005686044693,3.0968453200617816,2.2146337976470707,1263.671875,1222.65625
tensor(211),68.27183365821838,-0.7170662580531407,2.489897129201222,1316.40625,1228.515625
tensor(211),68.79287958145142,-27.109775362396164,1.944159979767362,1679.6875,1228.515625
tensor(211),70.3078031539917,68.11831037622346,4.262683791712947,349.609375,1234.375
tensor(211),69.3300724029541,-31.020233820490564,2.9347600102680986,1732.421875,1246.09375
tensor(211),68.77907514572144,-27.279577447849448,5.51727602983093,1679.6875,1287.109375
tensor(211),70.5213189125061,65.36276198685891,7.714582909998771,390.625,1292.96875
tensor(211),68.99370551109314,1.7372373070329759,6.451997287520811,1281.25,1292.96875
tensor(211),69.13740038871765,-1.2350440700336045,6.393015302672305,1322.265625,1292.96875
tensor(211),68.73074173927307,-27.381982737583762,7.672172911010497,1679.6875,1322.265625
tensor(211),69.21783089637756,-31.276307313696375,7.956963670374281,1732.421875,1328.125
tensor(211),68.02552342414856,32.11825750930318,11.682579394185789,859.375,1369.140625
tensor(211),69.26620602607727,-1.365161717134045,11.77186858365101,1322.265625,1380.859375
tensor(211),69.15457844734192,-31.460634353158774,11.572050576306475,1732.421875,1386.71875
tensor(211),68.81349682807922,-27.156028643859884,12.015012468174215,1673.828125,1392.578125
tensor(211),70.15997171401978,69.76457282438015,14.879768567567957,332.03125,1410.15625
tensor(211),68.93388628959656,2.4216555451069257,14.369627726463019,1269.53125,1421.875
tensor(211),68.65883469581604,-27.258780843900436,14.194857721840256,1673.828125,1427.734375
tensor(211),69.28080916404724,-1.880961791442661,15.37893595248333,1328.125,1439.453125
tensor(211),69.63556408882141,-4.881651982497109,15.32514036592805,1369.140625,1439.453125
tensor(211),68.17595958709717,65.68900695495442,16.94803445339666,390.625,1445.3125
tensor(211),69.08448338508606,-31.7207010282353,16.67256992756646,1732.421875,1468.75
tensor(211),68.65668892860413,-27.41365881149406,17.480529487731275,1673.828125,1480.46875
tensor(211),68.44806671142578,67.04215666244104,19.841387134510683,373.046875,1492.1875
tensor(211),70.14320492744446,74.1375907524076,20.32277806808287,273.4375,1498.046875
tensor(211),69.08536553382874,-31.814155304584766,18.505428154550607,1732.421875,1498.046875
tensor(211),68.0106520652771,14.28642151774116,21.11861503991868,1105.46875,1527.34375
tensor(211),68.01730394363403,8.293717248599554,21.018158194849487,1187.5,1527.34375
tensor(211),68.71797442436218,-27.586809110718,21.153841181156796,1673.828125,1539.0625
tensor(211),69.10954713821411,71.84521527698882,25.33815393523231,308.59375,1580.078125
tensor(211),68.86616945266724,-27.726142598216555,24.109743257030694,1673.828125,1585.9375
tensor(211),68.98540258407593,-32.17206767984669,25.5249318858216,1732.421875,1609.375
tensor(211),68.358713388443,-11.699572871396917,26.586990012506877,1457.03125,1621.09375
tensor(211),68.78398060798645,70.74790564104858,29.32515046352307,326.171875,1644.53125
tensor(211),68.55387091636658,4.719406999386705,28.692676854404198,1234.375,1650.390625
tensor(211),68.30530762672424,-0.9055385282191228,28.60766237707667,1310.546875,1650.390625
tensor(211),68.9906895160675,-32.305053434562225,28.13309540838335,1732.421875,1650.390625
tensor(211),68.16278100013733,74.97506126939756,30.119881180647894,267.578125,1656.25
tensor(211),68.04124712944031,35.63686235184416,29.897164480771448,812.5,1662.109375
tensor(211),68.86303424835205,-27.515660792262988,28.952681905544694,1667.96875,1662.109375
tensor(211),69.22023892402649,-23.151595066449403,29.391566663467692,1609.375,1667.96875
tensor(211),68.4077501296997,-1.3741811573853115,30.087669480853748,1316.40625,1673.828125
tensor(211),69.30749416351318,-5.747631916503292,31.14184602080731,1375.0,1691.40625
tensor(211),69.22593116760254,-15.775980011330821,30.99584278291895,1509.765625,1691.40625
tensor(211),69.20806169509888,-12.30793838232021,31.794514923498472,1462.890625,1703.125
tensor(211),68.9451813697815,-32.47693410664176,31.50407976764915,1732.421875,1703.125
tensor(211),68.49382519721985,-8.851846199249572,32.967551570922566,1416.015625,1720.703125
tensor(211),68.82149577140808,-21.979469551981797,32.781648202953626,1591.796875,1720.703125
tensor(211),69.13241147994995,-14.557955933097341,33.637719029196504,1492.1875,1732.421875
tensor(211),68.08947920799255,10.255125532067723,34.35901771948495,1158.203125,1738.28125
tensor(211),68.4040367603302,4.616054357245889,34.28051099292623,1234.375,1738.28125
tensor(211),69.13349032402039,-28.624475719889304,33.81773882273539,1679.6875,1738.28125
tensor(211),69.63462233543396,-32.592087158543805,33.76250203343994,1732.421875,1738.28125
tensor(212),70.00975608825684,69.21584628323137,-49.251953986764164,302.734375,291.015625
tensor(212),70.23690342903137,63.44442286134979,-46.578641787361356,390.625,343.75
tensor(212),70.28048634529114,60.370375093765354,-44.43972939122637,437.5,384.765625
tensor(212),70.28512358665466,56.10068476389896,-42.003085909179084,501.953125,431.640625
tensor(212),70.29216289520264,71.53808315239453,-40.568373427971494,273.4375,449.21875
tensor(212),68.92787218093872,-26.59276330159619,-43.54327276435846,1703.125,449.21875
tensor(212),70.23450136184692,69.5813259178941,-40.30600093843979,302.734375,455.078125
tensor(212),70.29390335083008,56.14637473521415,-40.38953214783769,501.953125,460.9375
tensor(212),70.3614354133606,64.86877355872089,-39.803908950613845,373.046875,466.796875
tensor(212),70.16093134880066,60.13050561787265,-39.62362503236464,443.359375,472.65625
tensor(212),70.12320756912231,64.55512566566217,-37.550818695637,378.90625,507.8125
tensor(212),70.48712968826294,55.831174842770295,-37.484588642766596,507.8125,513.671875
tensor(212),69.98481154441833,52.25599709948681,-37.26516335116015,560.546875,519.53125
tensor(212),70.06628513336182,60.652807731693045,-35.7177541938176,437.5,542.96875
tensor(212),70.55633664131165,54.716118072058315,-34.58635892971686,525.390625,566.40625
tensor(212),68.9857006072998,72.25282564888671,-33.10232641227876,267.578125,583.984375
tensor(212),69.04319524765015,67.11810418005209,-32.59670736276271,343.75,595.703125
tensor(212),68.9599335193634,64.39183442280259,-31.03758880461669,384.765625,625.0
tensor(212),68.87292265892029,66.50785156235807,-27.69032934621204,355.46875,683.59375
tensor(212),68.84925365447998,63.309459652962325,-27.778284449177928,402.34375,683.59375
tensor(212),68.97947788238525,70.51323515160638,-27.25059972925614,296.875,689.453125
tensor(212),69.45416927337646,51.70186287071558,-27.104110326679997,572.265625,701.171875
tensor(212),68.84824633598328,63.366682932122096,-26.124220334856556,402.34375,712.890625
tensor(212),68.92091035842896,68.9957568361188,-25.309815273672413,320.3125,724.609375
tensor(212),68.8899040222168,57.779653165871174,-25.2807324383829,484.375,730.46875
tensor(212),69.4734275341034,51.74150826788362,-25.44332937969493,572.265625,730.46875
tensor(212),68.79212260246277,71.83582757876206,-24.239791706378117,279.296875,742.1875
tensor(212),68.91428232192993,68.26046252884885,-23.671795784685106,332.03125,753.90625
tensor(212),69.35449838638306,51.41683069064728,-22.117059404912155,578.125,789.0625
tensor(212),68.8940703868866,58.29090314841407,-21.602750837792023,478.515625,794.921875
tensor(212),68.58469843864441,54.65838612173441,-21.69769711256836,531.25,794.921875
tensor(212),69.05094385147095,71.60364026021587,-20.254007871981738,285.15625,812.5
tensor(212),69.07156705856323,66.38011535030111,-20.38940880582494,361.328125,812.5
tensor(212),69.13939118385315,63.96527389786124,-20.452004810129047,396.484375,812.5
tensor(212),68.72059106826782,54.71163821933814,-19.68557250914642,531.25,830.078125
tensor(212),69.14674043655396,71.68794279969669,-18.244724513497708,285.15625,847.65625
tensor(212),69.38462257385254,50.68438052955294,-18.780045664041864,589.84375,847.65625
tensor(212),68.83335709571838,53.54852625866178,-17.696747101948354,548.828125,865.234375
tensor(212),70.12341022491455,67.35004522406182,-16.00201091433033,349.609375,888.671875
tensor(212),69.60704922676086,70.99455521989275,-15.574224359052169,296.875,894.53125
tensor(212),70.11266946792603,64.57003586813116,-14.721313181173127,390.625,912.109375
tensor(212),69.23550367355347,50.776719140297395,-14.722760636363812,589.84375,917.96875
tensor(212),68.97360682487488,12.172900911238603,-15.330851703589904,1140.625,923.828125
tensor(212),68.62586736679077,7.191681157868033,-15.110419289311098,1210.9375,929.6875
tensor(212),69.13127899169922,73.11153052759268,-13.15944648904114,267.578125,935.546875
tensor(212),69.76979374885559,58.55212277840953,-12.835719692658795,478.515625,947.265625
tensor(212),69.19687986373901,50.81539622273109,-13.023320432451985,589.84375,947.265625
tensor(212),69.02868747711182,53.269864985620835,-12.623651418037582,554.6875,953.125
tensor(212),69.24744844436646,-29.279592065033405,-14.619266442525555,1720.703125,953.125
tensor(212),70.01327276229858,62.65929025517446,-11.376999570232318,419.921875,970.703125
tensor(212),69.29658651351929,51.26266260920615,-11.308851651706387,583.984375,976.5625
tensor(212),68.39893460273743,14.625245008788623,-12.183794917170715,1105.46875,976.5625
tensor(212),68.92072558403015,10.056836066584365,-12.292893726520832,1169.921875,976.5625
tensor(212),68.61572861671448,7.555496742125644,-12.00805226213758,1205.078125,982.421875
tensor(212),68.9494252204895,73.66266105785246,-9.754130314750352,261.71875,994.140625
tensor(212),68.82522702217102,-26.457797630430672,-11.775295185645204,1679.6875,1000.0
tensor(212),69.30012106895447,68.82559682554319,-9.186946321580171,332.03125,1005.859375
tensor(212),69.7713851928711,59.06144840116571,-9.41653127771447,472.65625,1005.859375
tensor(212),69.49609518051147,-29.859818690234004,-11.507341896039087,1726.5625,1005.859375
tensor(212),70.38025259971619,61.9471950704242,-8.323110140219107,431.640625,1023.4375
tensor(212),69.50924396514893,-30.372187603936503,-9.7749509400956,1732.421875,1035.15625
tensor(212),70.04565596580505,69.33934774426803,-6.440104795658428,326.171875,1052.734375
tensor(212),68.79770159721375,-27.030830608369758,-8.64907516011324,1685.546875,1052.734375
tensor(212),69.9617862701416,60.0039838185917,-5.278789196583028,460.9375,1076.171875
tensor(212),68.94263029098511,5.3706061054191085,-6.514866177781772,1234.375,1076.171875
tensor(212),69.3770706653595,-30.497036543869203,-7.3263694987261365,1732.421875,1076.171875
tensor(212),69.25665140151978,9.131247147080481,-6.081637520882361,1181.640625,1082.03125
tensor(212),68.99930238723755,3.6879600485826125,-6.20438707593073,1257.8125,1082.03125
tensor(212),70.2118456363678,70.65715415088974,-4.006397719741829,308.59375,1093.75
tensor(212),68.89979839324951,-26.756702846478714,-5.485484185633653,1679.6875,1105.46875
tensor(212),69.29677128791809,-30.604492392491164,-5.218907498294679,1732.421875,1111.328125
tensor(212),70.42283415794373,69.12059404709673,-1.6259287524268977,332.03125,1134.765625
tensor(212),68.85009407997131,6.56596063270337,-2.994606876116232,1216.796875,1134.765625
tensor(212),68.9225435256958,3.183109878683559,-2.0156082406916527,1263.671875,1152.34375
tensor(212),68.8841462135315,-26.89064973698258,-2.666862829848538,1679.6875,1152.34375
tensor(212),69.38480138778687,-30.766447355525557,-2.042589645396092,1732.421875,1164.0625
tensor(212),70.36634087562561,67.97292663639692,0.42786570251788975,349.609375,1169.921875
tensor(212),70.05984783172607,63.48520524035442,1.0270833814363323,414.0625,1181.640625
tensor(212),69.86528038978577,73.74673183641929,1.5927038051340188,267.578125,1187.5
tensor(212),69.28671598434448,-30.856824766378413,-0.27007598967254376,1732.421875,1193.359375
tensor(212),70.22011876106262,63.97953264291754,3.4781360461995483,408.203125,1222.65625
tensor(212),69.12791728973389,-0.2854960306933676,2.1444398543444616,1310.546875,1222.65625
tensor(212),68.79632472991943,-27.092854873550724,1.588105046124057,1679.6875,1222.65625
tensor(212),70.38736343383789,68.11831037622346,4.262683791712947,349.609375,1234.375
tensor(212),69.03100609779358,3.0751763139789703,3.2772386718279023,1263.671875,1240.234375
tensor(212),69.2969799041748,-31.020233820490564,2.9347600102680986,1732.421875,1246.09375
tensor(212),69.23431158065796,5.175570741078358,4.0298595738585155,1234.375,1251.953125
tensor(212),68.70536804199219,-27.194540417657393,3.727856443977062,1679.6875,1257.8125
tensor(212),68.69732141494751,-1.1919479603549241,4.61149176525616,1322.265625,1263.671875
tensor(212),69.0830647945404,2.5931745243898154,6.1123421410226,1269.53125,1287.109375
tensor(212),70.55091261863708,65.36276198685891,7.714582909998771,390.625,1292.96875
tensor(212),69.28208470344543,-31.166279507570362,5.7990595323017535,1732.421875,1292.96875
tensor(212),69.05903220176697,-0.8272059880916535,7.115589225917313,1316.40625,1304.6875
tensor(212),68.87880563735962,-27.347803774716507,6.952950879846882,1679.6875,1310.546875
tensor(212),69.31101083755493,-31.257939845704485,7.59673441032502,1732.421875,1322.265625
tensor(212),69.98955607414246,67.11776799749123,10.57134899116268,367.1875,1339.84375
tensor(212),68.83780360221863,-3.909104056282024,11.003414653253461,1357.421875,1369.140625
tensor(212),69.19593214988708,-1.3738807552333903,12.132299530050222,1322.265625,1386.71875
tensor(212),68.7396228313446,-27.58798305804785,12.007002188304602,1679.6875,1392.578125
tensor(212),70.2680230140686,69.76457282438015,14.879768567567957,332.03125,1410.15625
tensor(212),68.54166984558105,1.9944149947645688,14.36186933404653,1275.390625,1421.875
tensor(212),69.01893019676208,-2.3003503206765417,15.008672781013567,1333.984375,1433.59375
tensor(212),69.2109227180481,-31.608955235329805,14.480972026879456,1732.421875,1433.59375
tensor(212),68.89548301696777,-5.320660310529304,15.680480008877,1375.0,1445.3125
tensor(212),68.8009262084961,-27.361932478062123,16.383176804512132,1673.828125,1462.890625
tensor(212),69.17341947555542,-31.7207010282353,16.67256992756646,1732.421875,1468.75
tensor(212),69.18583512306213,-31.795440168366518,18.138380302631216,1732.421875,1492.1875
tensor(212),70.2869176864624,74.1375907524076,20.32277806808287,273.4375,1498.046875
tensor(212),68.64166259765625,67.05527125291296,20.201297741339683,373.046875,1498.046875
tensor(212),68.81796717643738,-27.465485879993235,18.58001922356906,1673.828125,1498.046875
tensor(212),69.14406418800354,-31.90791368537349,20.344250585048243,1732.421875,1527.34375
tensor(212),68.95481944084167,-27.65638508148687,22.629866508010103,1673.828125,1562.5
tensor(212),69.07402276992798,68.05080813282584,24.55173328870143,361.328125,1568.359375
tensor(212),69.17480826377869,73.50243896506645,25.00233508356389,285.15625,1574.21875
tensor(212),69.13277506828308,-32.05856334648767,23.298844869562085,1732.421875,1574.21875
tensor(212),69.1157579421997,70.61870148347373,26.044476174752813,326.171875,1591.796875
tensor(212),68.79303455352783,-22.991848393326304,25.668750146569657,1609.375,1609.375
tensor(212),68.15675497055054,-14.743028111505703,26.539790386177888,1498.046875,1621.09375
tensor(212),68.17451119422913,-19.15633075226584,27.95924615900355,1556.640625,1644.53125
tensor(212),69.1102385520935,-32.28601813448052,27.75976838985921,1732.421875,1644.53125
tensor(212),68.84648203849792,-27.918917687586973,28.199386723772406,1673.828125,1650.390625
tensor(212),68.49005222320557,-23.16762727088419,29.765189189090695,1609.375,1673.828125
tensor(212),69.29989457130432,-17.115283921896577,31.72528876221149,1527.34375,1703.125
tensor(212),69.06537413597107,-32.47693410664176,31.50407976764915,1732.421875,1703.125
tensor(212),68.09492111206055,-10.137780642752043,32.200047438639636,1433.59375,1708.984375
tensor(212),68.21054816246033,-22.873232167163412,33.14501878507895,1603.515625,1726.5625
tensor(212),68.29441785812378,36.531800374683584,34.35306487923379,800.78125,1732.421875
tensor(212),68.51114630699158,-1.0278332736326008,33.827164385651834,1310.546875,1732.421875
tensor(212),69.04546022415161,-29.064992471108546,33.811605981517346,1685.546875,1738.28125
tensor(212),69.71980929374695,-32.592087158543805,33.76250203343994,1732.421875,1738.28125
tensor(213),70.2396035194397,69.2287939966118,-48.935028979187486,302.734375,296.875
tensor(213),70.22795081138611,65.34966871177373,-48.10811884472511,361.328125,314.453125
tensor(213),70.10588645935059,68.53564480779028,-46.736046001288614,314.453125,337.890625
tensor(213),70.401132106781,62.30869681550188,-45.338503334057386,408.203125,367.1875
tensor(213),70.11131048202515,69.06993312791454,-43.210011299361504,308.59375,402.34375
tensor(213),70.32390832901001,64.34573801943795,-43.3558501565955,378.90625,402.34375
tensor(213),69.15990114212036,-26.512475117637056,-45.17974056461633,1703.125,419.921875
tensor(213),70.32340168952942,66.75819268144326,-41.99888436753542,343.75,425.78125
tensor(213),70.09502649307251,57.29813148426714,-41.64457427737101,484.375,437.5
tensor(213),70.21188735961914,71.53808315239453,-40.568373427971494,273.4375,449.21875
tensor(213),70.39794325828552,65.24030115382214,-40.43729990512381,367.1875,455.078125
tensor(213),70.10635137557983,59.32777426896779,-39.97073084107524,455.078125,466.796875
tensor(213),70.13146877288818,56.958395548163594,-39.71890612869137,490.234375,472.65625
tensor(213),70.3319787979126,63.751117865526844,-37.89849730512688,390.625,501.953125
tensor(213),70.51507234573364,55.82209546763225,-37.809474504313364,507.8125,507.8125
tensor(213),70.28272151947021,62.19863346142485,-36.97207343454623,414.0625,519.53125
tensor(213),69.98449563980103,52.28807233289762,-35.961983914918555,560.546875,542.96875
tensor(213),70.12041807174683,60.27603628695159,-35.07756845699409,443.359375,554.6875
tensor(213),70.51252722740173,55.10630451659528,-34.90153041614684,519.53125,560.546875
tensor(213),69.02310848236084,72.25282564888671,-33.10232641227876,267.578125,583.984375
tensor(213),68.99858713150024,67.51565537040204,-32.585351787836785,337.890625,595.703125
tensor(213),69.5545494556427,52.76881393958095,-32.678759116997625,554.6875,601.5625
tensor(213),70.20635604858398,58.7737358634013,-32.18006501652781,466.796875,607.421875
tensor(213),68.95287036895752,64.40355629886172,-30.709258901301666,384.765625,630.859375
tensor(213),69.04518008232117,49.608637856898255,-30.796329539916627,601.5625,636.71875
tensor(213),68.90568733215332,66.49546199598232,-28.020336253198654,355.46875,677.734375
tensor(213),68.90754103660583,63.309459652962325,-27.778284449177928,402.34375,683.59375
tensor(213),69.04608607292175,71.70978772224204,-27.217780080026692,279.296875,689.453125
tensor(213),69.01489496231079,49.69602491692141,-26.827163723805587,601.5625,707.03125
tensor(213),69.01749968528748,69.3691057729701,-25.96129696550134,314.453125,712.890625
tensor(213),68.90965104103088,63.76732915915775,-26.113345620602193,396.484375,712.890625
tensor(213),68.89432072639465,60.159015386467225,-26.211285844595896,449.21875,712.890625
tensor(213),69.03454661369324,56.985011184722865,-24.96995302200125,496.09375,736.328125
tensor(213),68.96610856056213,68.26046252884885,-23.671795784685106,332.03125,753.90625
tensor(213),68.90792846679688,60.23260535106244,-23.88566985503918,449.21875,753.90625
tensor(213),68.89923214912415,60.27479851217291,-22.55226671144227,449.21875,777.34375
tensor(213),69.08937096595764,58.26103039962537,-22.605337507966084,478.515625,777.34375
tensor(213),68.64689588546753,49.82092763747894,-21.154017051461388,601.5625,806.640625
tensor(213),69.09630298614502,71.60364026021587,-20.254007871981738,285.15625,812.5
tensor(213),69.09109354019165,66.38011535030111,-20.38940880582494,361.328125,812.5
tensor(213),69.12979483604431,63.562555277520325,-20.46244382941403,402.34375,812.5
tensor(213),68.64995956420898,56.32037138579282,-19.97974520046503,507.8125,824.21875
tensor(213),69.19842958450317,71.70202340994575,-17.909124470782743,285.15625,853.515625
tensor(213),69.05646920204163,57.5816769091086,-18.2679879114572,490.234375,853.515625
tensor(213),68.63883137702942,60.018957067459226,-17.86974841586342,455.078125,859.375
tensor(213),69.02596950531006,53.57420571678987,-16.683922269345334,548.828125,882.8125
tensor(213),70.08947134017944,66.94629161633313,-16.012096087423117,355.46875,888.671875
tensor(213),69.46428418159485,70.18799889196285,-15.594312202716766,308.59375,894.53125
tensor(213),69.26705241203308,73.0678417956772,-14.174089768932733,267.578125,917.96875
tensor(213),70.09153366088867,64.17712530583779,-14.392924737632114,396.484375,917.96875
tensor(213),69.20755505561829,59.72939848185408,-14.163776970086975,460.9375,923.828125
tensor(213),68.6470627784729,13.411233322089238,-14.95824120703412,1123.046875,929.6875
tensor(213),69.33666467666626,-28.80577307479392,-15.6456714172441,1714.84375,935.546875
tensor(213),69.52854990959167,51.21536550599313,-13.35371344580702,583.984375,941.40625
tensor(213),70.03390789031982,63.01950746755759,-12.727394205568933,414.0625,947.265625
tensor(213),68.92438530921936,57.748825806381326,-12.515373522248172,490.234375,953.125
tensor(213),68.9311146736145,10.486905714688831,-13.314417373663652,1164.0625,958.984375
tensor(213),68.91342401504517,-25.937013091499843,-13.84589625113823,1673.828125,964.84375
tensor(213),70.08540034294128,62.25295071832799,-11.386733278693432,425.78125,970.703125
tensor(213),68.00694465637207,39.793940570756156,-11.92473029172906,748.046875,970.703125
tensor(213),68.14045310020447,13.384087043390219,-12.557368249460577,1123.046875,970.703125
tensor(213),69.7227954864502,-29.349158986156528,-13.233953775194218,1720.703125,976.5625
tensor(213),68.28117370605469,15.451668074542145,-11.820063262069848,1093.75,982.421875
tensor(213),68.72174739837646,73.66266105785246,-9.754130314750352,261.71875,994.140625
tensor(213),68.10438632965088,54.55456966055217,-10.206235904974964,537.109375,994.140625
tensor(213),68.87346506118774,8.36606725663674,-10.60853454829367,1193.359375,1005.859375
tensor(213),70.21867632865906,61.93598339981442,-8.66544203327173,431.640625,1017.578125
tensor(213),68.09079051017761,54.59924418642137,-8.494256051168666,537.109375,1023.4375
tensor(213),69.70126032829285,-30.354397221605822,-10.123862192632108,1732.421875,1029.296875
tensor(213),69.27206516265869,57.88780421409701,-7.7322777252705475,490.234375,1035.15625
tensor(213),68.75709295272827,-26.980653692723486,-9.696457895456659,1685.546875,1035.15625
tensor(213),69.89680528640747,68.1182968597919,-6.468093383657397,343.75,1052.734375
tensor(213),68.09718012809753,55.05352123874284,-6.767560528561347,531.25,1052.734375
tensor(213),69.71465945243835,60.02529003080805,-4.589366238711056,460.9375,1087.890625
tensor(213),68.82534623146057,9.125993079188966,-5.73339269997327,1181.640625,1087.890625
tensor(213),68.73618364334106,-26.281901580299394,-6.529230184065499,1673.828125,1087.890625
tensor(213),69.35467720031738,-30.532809648640132,-6.624774751590615,1732.421875,1087.890625
tensor(213),68.82133483886719,5.7577514567200545,-4.7619426943622525,1228.515625,1105.46875
tensor(213),70.25784254074097,69.51567573585558,-1.9628904455189864,326.171875,1128.90625
tensor(213),69.81610059738159,60.920341291693006,-2.1515963448699353,449.21875,1128.90625
tensor(213),69.88683342933655,63.8008531909971,-1.7423232149314811,408.203125,1134.765625
tensor(213),68.71439814567566,-26.44775511712799,-3.0107162747099485,1673.828125,1146.484375
tensor(213),69.34320330619812,-30.71235914929929,-3.1033866215979016,1732.421875,1146.484375
tensor(213),69.89612579345703,61.374773237728846,-0.7554535976549787,443.359375,1152.34375
tensor(213),69.11417841911316,9.06797911860781,-1.8881699639990253,1181.640625,1152.34375
tensor(213),69.13244724273682,7.388095130910898,-1.924548260900382,1205.078125,1152.34375
tensor(213),70.29486894607544,67.57622176951202,0.7666429873291934,355.46875,1175.78125
tensor(213),69.73038911819458,73.74673183641929,1.5927038051340188,267.578125,1187.5
tensor(213),69.30779814720154,-30.929334851473218,1.1520173718805808,1732.421875,1216.796875
tensor(213),69.94768977165222,63.567903511237354,3.4695934808773257,414.0625,1222.65625
tensor(213),68.75346302986145,-27.109775362396164,1.944159979767362,1679.6875,1228.515625
tensor(213),70.2946662902832,68.11831037622346,4.262683791712947,349.609375,1234.375
tensor(213),68.91297101974487,2.2217350966238967,3.614585303929851,1275.390625,1246.09375
tensor(213),69.27904486656189,-31.020233820490564,2.9347600102680986,1732.421875,1246.09375
tensor(213),68.94983649253845,6.418909317870448,5.476529678490781,1216.796875,1275.390625
tensor(213),69.02914047241211,2.176618880856833,5.747598536137015,1275.390625,1281.25
tensor(213),68.69938969612122,-26.83325563273189,5.167517075947002,1673.828125,1281.25
tensor(213),70.68549394607544,65.36276198685891,7.714582909998771,390.625,1292.96875
tensor(213),68.96520853042603,3.8439841303621,7.207573502764399,1251.953125,1304.6875
tensor(213),69.17412877082825,-31.202908287973898,6.517436091721615,1732.421875,1304.6875
tensor(213),69.25883293151855,1.714177054997274,7.523020969963492,1281.25,1310.546875
tensor(213),69.17421817779541,-31.276307313696375,7.956963670374281,1732.421875,1328.125
tensor(213),70.02867460250854,67.11776799749123,10.57134899116268,367.1875,1339.84375
tensor(213),70.14030814170837,68.42555804165212,12.367021365189302,349.609375,1369.140625
tensor(213),68.67766380310059,1.6292435001790182,11.467724111265138,1281.25,1375.0
tensor(213),69.004887342453,-0.9296882761510393,11.419681035148924,1316.40625,1375.0
tensor(213),69.1579282283783,-31.460634353158774,11.572050576306475,1732.421875,1386.71875
tensor(213),70.18522620201111,69.73677958678245,14.167405391151027,332.03125,1398.4375
tensor(213),68.68347525596619,-27.60522179540303,12.369753970546508,1679.6875,1398.4375
tensor(213),68.77297163009644,-2.26422109548128,13.560673541533074,1333.984375,1410.15625
tensor(213),68.9655601978302,2.841441360951539,14.73913495835503,1263.671875,1427.734375
tensor(213),68.76918077468872,0.2435957308919867,16.142816739317617,1298.828125,1451.171875
tensor(213),69.28669214248657,-3.6235982788577226,16.437628675833228,1351.5625,1457.03125
tensor(213),70.22313475608826,72.39910800632306,18.49891458156116,296.875,1468.75
tensor(213),68.67627501487732,-27.379163414556025,16.748723966691035,1673.828125,1468.75
tensor(213),69.07218098640442,-31.7207010282353,16.67256992756646,1732.421875,1468.75
tensor(213),68.76382827758789,67.02905040962389,19.481705342327956,373.046875,1486.328125
tensor(213),68.60649585723877,-27.48278400594085,18.946991782106526,1673.828125,1503.90625
tensor(213),68.9872145652771,-32.00197765737485,22.189066378183632,1732.421875,1556.640625
tensor(213),68.96185278892517,67.61874402561413,24.182300582743235,367.1875,1562.5
tensor(213),68.7879204750061,-27.65638508148687,22.629866508010103,1673.828125,1562.5
tensor(213),68.79274845123291,66.44036291557472,26.34172134823049,384.765625,1597.65625
tensor(213),69.0203607082367,-22.975931037946047,25.297804120862473,1609.375,1603.515625
tensor(213),69.13472414016724,71.49983740418517,27.149066627299383,314.453125,1609.375
tensor(213),68.25960278511047,1.7470611523306077,26.05631245119607,1275.390625,1609.375
tensor(213),68.92890930175781,-32.17206767984669,25.5249318858216,1732.421875,1609.375
tensor(213),68.84335279464722,-21.262629835997373,26.06714052358472,1585.9375,1615.234375
tensor(213),68.72426867485046,66.93889521316078,28.536448000535174,378.90625,1632.8125
tensor(213),68.93552541732788,-32.28601813448052,27.75976838985921,1732.421875,1644.53125
tensor(213),68.81619095802307,69.921990052625,29.678137689797495,337.890625,1650.390625
tensor(213),68.64909529685974,-6.978283056205472,28.515879941236772,1392.578125,1650.390625
tensor(213),68.44664812088013,-13.937827283167403,28.410694564420346,1486.328125,1650.390625
tensor(213),68.76367330551147,-27.918917687586973,28.199386723772406,1673.828125,1650.390625
tensor(213),68.44196319580078,36.06027781019904,29.534807882025664,806.640625,1656.25
tensor(213),69.284588098526,-20.51141947338136,29.057434392840758,1574.21875,1662.109375
tensor(213),68.6850905418396,-28.042317219363255,30.817256545936708,1673.828125,1691.40625
tensor(213),69.26185488700867,-16.663935393110147,31.357230118225875,1521.484375,1697.265625
tensor(213),68.91961097717285,-23.231861216054515,31.262129233916486,1609.375,1697.265625
tensor(213),68.69744658470154,-5.3329235393248835,31.894955696587324,1369.140625,1703.125
tensor(213),68.90585422515869,-32.47693410664176,31.50407976764915,1732.421875,1703.125
tensor(213),68.32577586174011,5.070635526536078,33.16471111562957,1228.515625,1720.703125
tensor(213),69.18787956237793,-14.544723149054365,33.26229682909693,1492.1875,1726.5625
tensor(213),68.07026863098145,40.38300976854053,34.40698853940791,748.046875,1732.421875
tensor(213),68.71929168701172,36.10349471374039,34.34706785166416,806.640625,1732.421875
tensor(213),68.14941167831421,23.217593834219123,34.16664272568341,982.421875,1732.421875
tensor(213),68.29568147659302,17.17974295092182,34.082102264255276,1064.453125,1732.421875
tensor(213),68.51081848144531,11.992004265922183,34.009464858881174,1134.765625,1732.421875
tensor(213),68.69450807571411,-6.692277506175145,33.74785226973359,1386.71875,1732.421875
tensor(213),68.46286654472351,-23.767915041879196,33.508763510446514,1615.234375,1732.421875
tensor(213),69.09437775611877,-28.184041133019527,33.82387052006754,1673.828125,1738.28125
tensor(213),69.60234642028809,-32.592087158543805,33.76250203343994,1732.421875,1738.28125
tensor(214),69.94385123252869,70.07691901418869,-47.32268152598136,291.015625,326.171875
tensor(214),70.01204490661621,68.16887526864006,-46.111231797186896,320.3125,349.609375
tensor(214),70.50245404243469,63.48954590028864,-45.301560347715316,390.625,367.1875
tensor(214),69.78045701980591,70.23615450345088,-43.493906456774205,291.015625,396.484375
tensor(214),70.57546973228455,63.58011738275562,-42.73818780145213,390.625,414.0625
tensor(214),70.22113800048828,56.47826609407512,-42.635010333315904,496.09375,419.921875
tensor(214),70.24141550064087,71.52434606651912,-40.890152436100266,273.4375,443.359375
tensor(214),68.9757227897644,-26.59276330159619,-43.54327276435846,1703.125,449.21875
tensor(214),70.20387649536133,69.5813259178941,-40.30600093843979,302.734375,455.078125
tensor(214),70.38437128067017,56.15552927565477,-40.06623706280852,501.953125,466.796875
tensor(214),70.18235921859741,59.337885034392336,-39.64743308331669,455.078125,472.65625
tensor(214),70.41184902191162,65.68327945681659,-39.13408839816073,361.328125,478.515625
tensor(214),70.12642621994019,58.60435861265246,-37.72706914129424,466.796875,507.8125
tensor(214),70.22172808647156,56.219766096874075,-37.79769625371066,501.953125,507.8125
tensor(214),70.35468220710754,64.56682505418033,-37.226466616387945,378.90625,513.671875
tensor(214),70.32289505004883,52.67893149920531,-36.276400587314626,554.6875,537.109375
tensor(214),70.15278935432434,60.28647857825525,-34.751374347234446,443.359375,560.546875
tensor(214),70.7456111907959,54.716118072058315,-34.58635892971686,525.390625,566.40625
tensor(214),69.00783777236938,67.46515962947821,-33.89192026183299,337.890625,572.265625
tensor(214),68.95636320114136,72.23877797339932,-33.428574827063144,267.578125,578.125
tensor(214),68.91712546348572,66.73288879995307,-32.28087828876199,349.609375,601.5625
tensor(214),70.06123065948486,59.97122102275886,-32.146029493285745,449.21875,607.421875
tensor(214),68.89277696609497,67.57894747477948,-30.947679645206257,337.890625,625.0
tensor(214),68.83573532104492,64.39183442280259,-31.03758880461669,384.765625,625.0
tensor(214),68.83272528648376,71.17296647047078,-30.51877194669742,285.15625,630.859375
tensor(214),69.54637169837952,58.07310501181515,-28.912473491284192,478.515625,666.015625
tensor(214),68.87075304985046,64.09780660151303,-28.08644207847532,390.625,677.734375
tensor(214),69.0044641494751,70.49963378518044,-27.580556176953344,296.875,683.59375
tensor(214),68.9408004283905,66.50785156235807,-27.69032934621204,355.46875,683.59375
tensor(214),69.37059760093689,51.68603863582907,-27.767001599750973,572.265625,689.453125
tensor(214),69.0593421459198,72.53557522302093,-26.53564565252498,267.578125,701.171875
tensor(214),69.08891797065735,59.73701968115098,-26.88486458109289,455.078125,701.171875
tensor(214),68.89112591743469,63.76732915915775,-26.113345620602193,396.484375,712.890625
tensor(214),69.06772255897522,59.40771748764113,-24.57267838670468,460.9375,742.1875
tensor(214),68.94496083259583,68.2734364778273,-23.33926297081377,332.03125,759.765625
tensor(214),68.89892816543579,51.797216242392466,-23.1096727822522,572.265625,771.484375
tensor(214),69.32056546211243,58.69416505282943,-21.592210428675635,472.65625,794.921875
tensor(214),68.7214732170105,49.8135442678746,-21.489373547418083,601.5625,800.78125
tensor(214),69.09827589988708,71.58961995003165,-20.588170711053916,285.15625,806.640625
tensor(214),69.14021372795105,63.96527389786124,-20.452004810129047,396.484375,812.5
tensor(214),69.18649673461914,57.11913507216625,-20.29441456641389,496.09375,818.359375
tensor(214),68.85305643081665,49.850506596604745,-19.810525310153373,601.5625,830.078125
tensor(214),69.05497312545776,56.753138997781576,-18.961487219566337,501.953125,841.796875
tensor(214),69.24077868461609,71.70202340994575,-17.909124470782743,285.15625,853.515625
tensor(214),68.80356669425964,59.21007411096181,-17.890247179063163,466.796875,859.375
tensor(214),69.03372406959534,56.008927472125855,-16.622929251372533,513.671875,882.8125
tensor(214),68.74984502792358,50.323930976179675,-16.765345974225017,595.703125,882.8125
tensor(214),69.59055066108704,70.9806594196851,-15.91132349533252,296.875,888.671875
tensor(214),70.14740109443665,66.94629161633313,-16.012096087423117,355.46875,888.671875
tensor(214),70.15053629875183,64.57003586813116,-14.721313181173127,390.625,912.109375
tensor(214),69.33713555335999,73.08239573617092,-13.83608366826408,267.578125,923.828125
tensor(214),68.72949600219727,-28.771389542104647,-16.33565755158885,1714.84375,923.828125
tensor(214),68.62287521362305,11.33988417246739,-15.008922338567809,1152.34375,929.6875
tensor(214),68.3944821357727,7.606832151826715,-15.100261502954796,1205.078125,929.6875
tensor(214),68.89839768409729,51.20749974081028,-13.693785069883939,583.984375,935.546875
tensor(214),69.25827264785767,59.354641371781874,-13.155755454054798,466.796875,941.40625
tensor(214),69.2257821559906,56.9158566258805,-13.215069935904939,501.953125,941.40625
tensor(214),68.36296916007996,13.3879723577521,-12.900993476569731,1123.046875,964.84375
tensor(214),69.20284628868103,-29.314353577875046,-13.92704716218833,1720.703125,964.84375
tensor(214),70.23361921310425,62.25295071832799,-11.386733278693432,425.78125,970.703125
tensor(214),69.16379928588867,8.387927572962239,-11.988234070139637,1193.359375,982.421875
tensor(214),69.36924457550049,59.0305283701359,-10.441550187126266,472.65625,988.28125
tensor(214),69.31511759757996,58.26605069175902,-8.751191841187161,484.375,1017.578125
tensor(214),68.02511215209961,38.182846751781724,-9.220445916718141,771.484375,1017.578125
tensor(214),70.30097246170044,61.9471950704242,-8.323110140219107,431.640625,1023.4375
tensor(214),68.67594122886658,55.42603837007832,-8.132232796733323,525.390625,1029.296875
tensor(214),68.70684027671814,-26.540485351378674,-10.035311709742656,1679.6875,1029.296875
tensor(214),69.61261034011841,-30.354397221605822,-10.123862192632108,1732.421875,1029.296875
tensor(214),69.70224380493164,72.99863580855717,-6.356227614696499,273.4375,1052.734375
tensor(214),68.76887679100037,-27.064334909238625,-7.949713195795001,1685.546875,1064.453125
tensor(214),69.432133436203,62.45708377351764,-5.223287953317729,425.78125,1076.171875
tensor(214),68.99886727333069,8.718364247475092,-6.439123345263874,1187.5,1076.171875
tensor(214),70.22490501403809,70.2357320396523,-4.35987356319524,314.453125,1087.890625
tensor(214),69.0533995628357,3.6809833238568905,-5.855776222241799,1257.8125,1087.890625
tensor(214),69.31753158569336,-30.568628235915455,-5.922287985537819,1732.421875,1099.609375
tensor(214),69.52633261680603,64.96848477373236,-3.44433109049013,390.625,1105.46875
tensor(214),69.18066740036011,5.7387519637504685,-3.7132300088185084,1228.515625,1123.046875
tensor(214),70.37926912307739,69.12059404709673,-1.6259287524268977,332.03125,1134.765625
tensor(214),68.72920989990234,-26.840339736268422,-3.7255275132098618,1679.6875,1134.765625
tensor(214),69.3483054637909,-30.694352721214116,-3.456535039666049,1732.421875,1140.625
tensor(214),69.2967414855957,-30.766447355525557,-2.042589645396092,1732.421875,1164.0625
tensor(214),70.33396363258362,67.56317325976937,0.41908454901424597,355.46875,1169.921875
tensor(214),70.05494832992554,63.872123842320285,0.339984111109489,408.203125,1169.921875
tensor(214),68.75302791595459,-26.94105597414174,-1.606173059544106,1679.6875,1169.921875
tensor(214),69.78846192359924,73.76170701481223,1.9404928906809713,267.578125,1193.359375
tensor(214),69.21533346176147,-30.856824766378413,-0.27007598967254376,1732.421875,1193.359375
tensor(214),70.20519375801086,64.39108859754188,3.486677092873702,402.34375,1222.65625
tensor(214),70.31974196434021,67.70715685492586,4.2542131930139355,355.46875,1234.375
tensor(214),69.06287670135498,-0.3020998138063752,2.853084195647144,1310.546875,1234.375
tensor(214),69.26409602165222,-30.983839306422595,2.2209779648416004,1732.421875,1234.375
tensor(214),68.80192160606384,-27.143648831069026,2.656953549194078,1679.6875,1240.234375
tensor(214),69.21358704566956,1.7908733062336775,3.9608959202628027,1281.25,1251.953125
tensor(214),68.1747317314148,60.34809963262139,5.856054479518559,460.9375,1263.671875
tensor(214),69.18254494667053,-0.767786591989535,4.620069844808355,1316.40625,1263.671875
tensor(214),68.54161024093628,5.579011668525535,5.103935494649582,1228.515625,1269.53125
tensor(214),69.28623914718628,1.7525863043163497,5.739119580598869,1281.25,1281.25
tensor(214),70.5004870891571,66.60116999159149,7.739157892278371,373.046875,1292.96875
tensor(214),69.42306160926819,-0.3854366562129654,6.409874921682747,1310.546875,1292.96875
tensor(214),68.76577138900757,-27.31366870630611,6.234652512182189,1679.6875,1298.828125
tensor(214),69.17271018028259,-31.184588012870737,6.158132395250278,1732.421875,1298.828125
tensor(214),69.19243931770325,-31.276307313696375,7.956963670374281,1732.421875,1328.125
tensor(214),68.62143278121948,-27.450472685789574,9.113395099471518,1679.6875,1345.703125
tensor(214),69.16172504425049,-31.368322283127373,9.761593702462397,1732.421875,1357.421875
tensor(214),70.2760398387909,69.23984986184318,12.027879434042314,337.890625,1363.28125
tensor(214),69.55241560935974,-2.2191899472851238,11.755900037851731,1333.984375,1380.859375
tensor(214),70.18365859985352,70.53735592906862,13.471367069646023,320.3125,1386.71875
tensor(214),69.16459798812866,-31.460634353158774,11.572050576306475,1732.421875,1386.71875
tensor(214),68.62941980361938,1.567096624919121,14.354109528481759,1281.25,1421.875
tensor(214),68.88665556907654,-27.241627801504475,13.830963050602007,1673.828125,1421.875
tensor(214),68.0756688117981,65.65108888371039,15.874869477106987,390.625,1427.734375
tensor(214),70.25389075279236,71.49525929511854,16.694405594877114,308.59375,1439.453125
tensor(214),69.47702765464783,-2.309397160629911,15.371255075578684,1333.984375,1439.453125
tensor(214),69.64746117591858,-4.452747190003442,15.332829658530587,1363.28125,1439.453125
tensor(214),68.28368902206421,65.73967680378995,18.38210283662841,390.625,1468.75
tensor(214),69.11935806274414,-31.7207010282353,16.67256992756646,1732.421875,1468.75
tensor(214),68.78392100334167,-27.41365881149406,17.480529487731275,1673.828125,1480.46875
tensor(214),70.43462991714478,73.70637155305874,19.95621391957773,279.296875,1492.1875
tensor(214),68.66042017936707,67.57875189370941,23.095759628999343,367.1875,1544.921875
tensor(214),69.0352737903595,-31.983140343986907,21.81962234452297,1732.421875,1550.78125
tensor(214),68.7142014503479,-27.63897409657217,22.260499693353157,1673.828125,1556.640625
tensor(214),68.79799365997314,69.32038861190141,24.93484726424542,343.75,1574.21875
tensor(214),69.00025606155396,-32.153119381177916,25.153311169691452,1732.421875,1603.515625
tensor(214),68.94718408584595,66.46637113172602,27.070211826314182,384.765625,1609.375
tensor(214),68.2377576828003,74.88075712255,27.92972677081333,267.578125,1621.09375
tensor(214),69.00886297225952,-32.26699529981392,27.38668584745253,1732.421875,1638.671875
tensor(214),68.91992688179016,69.06749841321523,29.299620237607993,349.609375,1644.53125
tensor(214),69.21486854553223,-27.49820058804308,28.57922326080173,1667.96875,1656.25
tensor(214),68.14345717430115,-1.3564718683940056,29.343907732963824,1316.40625,1662.109375
tensor(214),68.45066547393799,-6.130601775706457,29.272507853990877,1380.859375,1662.109375
tensor(214),68.33630204200745,-17.073143955767453,30.6028524269471,1527.34375,1685.546875
tensor(214),68.27290654182434,71.28436041987585,32.263358776024084,320.3125,1691.40625
tensor(214),68.45391392707825,-18.851210935439006,31.32555926141182,1550.78125,1697.265625
tensor(214),68.67664456367493,-23.231861216054515,31.262129233916486,1609.375,1697.265625
tensor(214),68.97647380828857,-32.45778606434031,31.128541608949888,1732.421875,1697.265625
tensor(214),68.87134909629822,-14.067982309578547,32.14376491867703,1486.328125,1708.984375
tensor(214),68.70279312133789,-20.64816623170943,32.42489524662297,1574.21875,1714.84375
tensor(214),68.80536079406738,-25.069844174923976,33.114087155038504,1632.8125,1726.5625
tensor(214),68.41228604316711,70.96490975946034,34.83518857060337,326.171875,1732.421875
tensor(214),68.47086548805237,4.188781355020259,33.900206104687825,1240.234375,1732.421875
tensor(214),69.04481053352356,-28.624475719889304,33.81773882273539,1679.6875,1738.28125
tensor(214),69.65027451515198,-32.592087158543805,33.76250203343994,1732.421875,1738.28125
tensor(215),69.67966556549072,69.60682047914094,-49.23937321723458,296.875,291.015625
tensor(215),69.65038180351257,70.45512083244253,-47.62804651106251,285.15625,320.3125
tensor(215),70.38670182228088,61.89330765185987,-45.98993276244107,414.0625,355.46875
tensor(215),70.32908797264099,61.16966247168666,-44.09475243606287,425.78125,390.625
tensor(215),70.23024559020996,67.1896043778039,-41.02186425502729,337.890625,443.359375
tensor(215),70.16245722770691,69.1870237869663,-40.31792703081794,308.59375,455.078125
tensor(215),68.73452067375183,-27.01972705299547,-43.22780376726487,1708.984375,455.078125
tensor(215),70.30717134475708,65.25217314723373,-40.114751282935224,367.1875,460.9375
tensor(215),70.15420794487,61.71493375176693,-39.57603335164401,419.921875,472.65625
tensor(215),70.14117240905762,62.56213602600355,-37.93379585719329,408.203125,501.953125
tensor(215),70.08343935012817,57.03378416731737,-37.124323320172984,490.234375,519.53125
tensor(215),69.98693943023682,51.86529516064575,-36.95138996954645,566.40625,525.390625
tensor(215),70.0224220752716,59.490281866139405,-34.774453449779884,455.078125,560.546875
tensor(215),68.86935234069824,68.24626057109651,-34.195117108869866,326.171875,566.40625
tensor(215),70.45328617095947,54.31697441245627,-34.59790069227948,531.25,566.40625
tensor(215),68.82435083389282,-26.916395203650048,-36.9468701465481,1703.125,566.40625
tensor(215),69.00222897529602,72.25282564888671,-33.10232641227876,267.578125,583.984375
tensor(215),69.01630163192749,67.11810418005209,-32.59670736276271,343.75,595.703125
tensor(215),68.88868808746338,66.49546199598232,-28.020336253198654,355.46875,677.734375
tensor(215),69.00540590286255,70.91215483395968,-27.23965795839972,291.015625,689.453125
tensor(215),68.86677742004395,63.366682932122096,-26.124220334856556,402.34375,712.890625
tensor(215),68.87078881263733,59.757744456727664,-26.222177515114772,455.078125,712.890625
tensor(215),68.90244483947754,68.6611252923723,-23.661121531995207,326.171875,753.90625
tensor(215),68.40061545372009,51.78924330972035,-23.443666022812113,572.265625,765.625
tensor(215),69.01068687438965,57.84824399809484,-22.949768801660113,484.375,771.484375
tensor(215),68.16429495811462,48.1796233789173,-22.201906456254548,625.0,789.0625
tensor(215),69.02651786804199,71.60364026021587,-20.254007871981738,285.15625,812.5
tensor(215),69.08462047576904,66.38011535030111,-20.38940880582494,361.328125,812.5
tensor(215),69.09580826759338,63.96527389786124,-20.452004810129047,396.484375,812.5
tensor(215),68.31923723220825,50.24846418983282,-20.136259622963177,595.703125,824.21875
tensor(215),68.7353789806366,56.33914400325409,-19.308007563826287,507.8125,835.9375
tensor(215),69.11571025848389,71.68794279969669,-18.244724513497708,285.15625,847.65625
tensor(215),68.68085265159607,55.97171647270028,-17.972313843776025,513.671875,859.375
tensor(215),68.29344630241394,49.88758294276741,-18.126498341673944,601.5625,859.375
tensor(215),70.10183930397034,66.94629161633313,-16.012096087423117,355.46875,888.671875
tensor(215),69.46775913238525,70.18799889196285,-15.594312202716766,308.59375,894.53125
tensor(215),68.67808699607849,49.94714357294243,-15.421223473585897,601.5625,906.25
tensor(215),70.0860857963562,64.57003586813116,-14.721313181173127,390.625,912.109375
tensor(215),69.27277445793152,73.0678417956772,-14.174089768932733,267.578125,917.96875
tensor(215),68.83047223091125,-28.75421400487698,-16.680324943508943,1714.84375,917.96875
tensor(215),68.85200142860413,12.99711010274933,-14.968373846118343,1128.90625,929.6875
tensor(215),69.48288679122925,58.531879876850226,-13.515110243979002,478.515625,935.546875
tensor(215),70.04521489143372,63.41358711565193,-13.057036506406762,408.203125,941.40625
tensor(215),68.53236556053162,7.59544924853691,-14.414607702877301,1205.078125,941.40625
tensor(215),68.90690326690674,-29.24487436464469,-15.310613268755812,1720.703125,941.40625
tensor(215),68.72221827507019,-26.764317028212584,-14.212225445377115,1685.546875,958.984375
tensor(215),68.96738409996033,-28.891921724051763,-13.91689694786062,1714.84375,964.84375
tensor(215),68.75203847885132,10.477314595798076,-12.626998873611122,1164.0625,970.703125
tensor(215),68.30074787139893,15.040113068955776,-12.173887395323554,1099.609375,976.5625
tensor(215),68.13800930976868,12.549800686682385,-12.233358891692005,1134.765625,976.5625
tensor(215),69.94563937187195,62.275519791271364,-10.70529906902211,425.78125,982.421875
tensor(215),68.72034072875977,-26.40831025660414,-12.816649473038131,1679.6875,982.421875
tensor(215),68.21239590644836,51.27846747164148,-10.625537935653673,583.984375,988.28125
tensor(215),68.8614547252655,73.66266105785246,-9.754130314750352,261.71875,994.140625
tensor(215),68.78400444984436,7.538320540475678,-10.973436783788202,1205.078125,1000.0
tensor(215),70.28997540473938,61.9471950704242,-8.323110140219107,431.640625,1023.4375
tensor(215),69.52319145202637,-30.3366181022255,-10.472552552214053,1732.421875,1023.4375
tensor(215),69.92507576942444,68.93240241221514,-6.449432683121386,332.03125,1052.734375
tensor(215),68.79907846450806,-27.030830608369758,-8.64907516011324,1685.546875,1052.734375
tensor(215),69.4870114326477,60.82197247810085,-5.260282250916784,449.21875,1076.171875
tensor(215),68.93738508224487,9.5494382808165,-6.072207047225107,1175.78125,1082.03125
tensor(215),68.93232464790344,5.7767150166065315,-5.80867198592022,1228.515625,1087.890625
tensor(215),70.10909914970398,71.0646896599222,-3.997268163178471,302.734375,1093.75
tensor(215),68.74499320983887,2.8349189053079664,-5.525742461990421,1269.53125,1093.75
tensor(215),69.26842927932739,-30.568628235915455,-5.922287985537819,1732.421875,1099.609375
tensor(215),68.37513446807861,9.513517195137334,-3.630075167298731,1175.78125,1123.046875
tensor(215),70.31404972076416,69.51567573585558,-1.9628904455189864,326.171875,1128.90625
tensor(215),69.94514465332031,62.981345133237184,-1.760253825177616,419.921875,1134.765625
tensor(215),68.34172010421753,11.180009432004077,-2.893652761152387,1152.34375,1134.765625
tensor(215),68.72584819793701,6.56596063270337,-2.994606876116232,1216.796875,1134.765625
tensor(215),68.6349868774414,-26.840339736268422,-3.7255275132098618,1679.6875,1134.765625
tensor(215),68.01720857620239,56.42439199307375,-1.5569156556140826,513.671875,1140.625
tensor(215),68.65050792694092,2.7621963090627975,-2.0247232265583115,1269.53125,1152.34375
tensor(215),68.71100068092346,7.382267887596526,-1.5735418945321349,1205.078125,1158.203125
tensor(215),69.25297379493713,-30.766447355525557,-2.042589645396092,1732.421875,1164.0625
tensor(215),70.29283046722412,67.98610203787504,0.7753960933373928,349.609375,1175.78125
tensor(215),70.01597285270691,63.90785954386043,1.3840704459019337,408.203125,1187.5
tensor(215),69.77696418762207,73.76170701481223,1.9404928906809713,267.578125,1193.359375
tensor(215),69.22668218612671,-30.856824766378413,-0.27007598967254376,1732.421875,1193.359375
tensor(215),68.11918616294861,58.199888424149485,3.0084459449764216,490.234375,1216.796875
tensor(215),68.81689429283142,-27.07594520118597,1.232277721821517,1679.6875,1216.796875
tensor(215),70.08740305900574,64.39108859754188,3.486677092873702,402.34375,1222.65625
tensor(215),68.86833310127258,5.201790221435841,2.612284711705699,1234.375,1228.515625
tensor(215),70.30711770057678,68.11831037622346,4.262683791712947,349.609375,1234.375
tensor(215),68.79459619522095,2.2367355834382443,2.905389368043717,1275.390625,1234.375
tensor(215),68.84673833847046,-0.3020998138063752,2.853084195647144,1310.546875,1234.375
tensor(215),69.24819946289062,-31.002030734921835,2.5777546762758914,1732.421875,1240.234375
tensor(215),68.65711212158203,-27.177565690417477,3.37066018113674,1679.6875,1251.953125
tensor(215),68.57466101646423,5.14928446365955,5.451045866660907,1234.375,1275.390625
tensor(215),70.73895335197449,66.18844095989655,7.730967692763005,378.90625,1292.96875
tensor(215),69.15482878684998,2.1615417684861367,6.460417189993604,1275.390625,1292.96875
tensor(215),69.04374361038208,-1.6599631093519256,6.384583204509507,1328.125,1292.96875
tensor(215),68.57271194458008,6.394182012013542,6.900987424954678,1216.796875,1298.828125
tensor(215),69.20840740203857,-31.184588012870737,6.158132395250278,1732.421875,1298.828125
tensor(215),68.7908947467804,-27.381982737583762,7.672172911010497,1679.6875,1322.265625
tensor(215),69.22407150268555,-31.276307313696375,7.956963670374281,1732.421875,1328.125
tensor(215),70.32031416893005,69.23984986184318,12.027879434042314,337.890625,1363.28125
tensor(215),68.78713369369507,1.6292435001790182,11.467724111265138,1281.25,1375.0
tensor(215),68.99768710136414,-1.7832858530637472,11.403655030180932,1328.125,1375.0
tensor(215),68.85483264923096,-27.104801607307056,10.92825216090099,1673.828125,1375.0
tensor(215),69.01556253433228,-4.355620318198516,11.715953248014495,1363.28125,1380.859375
tensor(215),69.17014718055725,-31.460634353158774,11.572050576306475,1732.421875,1386.71875
tensor(215),68.8741683959961,-27.639732682300885,13.095960621940032,1679.6875,1410.15625
tensor(215),68.20611953735352,66.4569732365425,15.175715949511345,378.90625,1416.015625
tensor(215),69.1081702709198,1.9944149947645688,14.36186933404653,1275.390625,1421.875
tensor(215),70.24596929550171,71.4807932293019,16.337100565467235,308.59375,1433.59375
tensor(215),69.37326192855835,-4.871772212338038,14.9623743892826,1369.140625,1433.59375
tensor(215),69.29560899734497,-2.737910713500969,15.363572797017465,1339.84375,1439.453125
tensor(215),68.86020302772522,-27.31030658628795,15.287954949351732,1673.828125,1445.3125
tensor(215),68.16553473472595,66.11804565575444,17.31361064140003,384.765625,1451.171875
tensor(215),68.06604862213135,19.429326845253588,17.932238177662303,1035.15625,1474.609375
tensor(215),70.30142545700073,74.12224765255583,19.963379612202488,273.4375,1492.1875
tensor(215),68.59013438224792,69.12678799908065,19.87730607145453,343.75,1492.1875
tensor(215),69.10934448242188,-31.832882604949774,18.872714574006213,1732.421875,1503.90625
tensor(215),68.73054504394531,-27.63897409657217,22.260499693353157,1673.828125,1556.640625
tensor(215),69.05444860458374,-32.00197765737485,22.189066378183632,1732.421875,1556.640625
tensor(215),68.92698407173157,68.88801354287634,24.565309314435357,349.609375,1568.359375
tensor(215),69.05462741851807,-32.07744986595613,23.66925395022777,1732.421875,1580.078125
tensor(215),68.66166591644287,72.30795752487708,26.434566859968864,302.734375,1597.65625
tensor(215),68.73218417167664,66.02067886821338,26.335080504283315,390.625,1597.65625
tensor(215),68.31231117248535,-15.572841083260084,25.414364256203484,1509.765625,1603.515625
tensor(215),68.58655214309692,-28.233316218144253,25.586636771844603,1679.6875,1609.375
tensor(215),68.21185946464539,-13.451000319543219,26.930992327454188,1480.46875,1626.953125
tensor(215),69.03930306434631,-32.24798491832184,27.013847541096304,1732.421875,1632.8125
tensor(215),68.33696961402893,74.92786392959773,29.02375269265975,267.578125,1638.671875
tensor(215),68.69824528694153,-27.88376447962954,27.453626015126602,1673.828125,1638.671875
tensor(215),68.32233667373657,10.75709922673151,29.15438140027539,1152.34375,1656.25
tensor(215),68.42541694641113,-7.423483614695199,28.88104122905072,1398.4375,1656.25
tensor(215),68.95893812179565,-18.32685378866624,29.090105838428823,1544.921875,1662.109375
tensor(215),68.11843514442444,4.26618377335651,29.799443867596327,1240.234375,1667.96875
tensor(215),68.58140230178833,-1.7990767467483733,29.70921476779556,1322.265625,1667.96875
tensor(215),68.84040236473083,-13.540778882491649,29.53454078465419,1480.46875,1667.96875
tensor(215),68.97483468055725,-23.58938283328385,29.38505396776825,1615.234375,1667.96875
tensor(215),68.30968260765076,72.09636242693948,31.541370548273452,308.59375,1679.6875
tensor(215),68.71718168258667,-28.00700241064054,30.068067544163803,1673.828125,1679.6875
tensor(215),68.03945899009705,-5.302426335990857,30.775157606721596,1369.140625,1685.546875
tensor(215),69.21421885490417,-11.398409730376805,30.685921797266168,1451.171875,1685.546875
tensor(215),69.01088356971741,-32.419527696269,30.37820500147043,1732.421875,1685.546875
tensor(215),69.45003271102905,-18.01912042918067,32.4623352308244,1539.0625,1714.84375
tensor(215),68.85159611701965,-1.8802860822755958,33.06627747666495,1322.265625,1720.703125
tensor(215),68.12087893486023,74.33810564221572,34.88241920645834,279.296875,1732.421875
tensor(215),68.37273240089417,71.38682861168716,34.84109617169221,320.3125,1732.421875
tensor(215),68.22613477706909,36.531800374683584,34.35306487923379,800.78125,1732.421875
tensor(215),68.16740036010742,4.188781355020259,33.900206104687825,1240.234375,1732.421875
tensor(215),69.04077529907227,-29.064992471108546,33.811605981517346,1685.546875,1738.28125
tensor(215),69.67979669570923,-32.592087158543805,33.76250203343994,1732.421875,1738.28125
tensor(216),68.23428273200989,-25.739155475269808,-52.63022973204768,1697.265625,285.15625
tensor(216),69.96971368789673,66.50145787442194,-48.70571676447428,343.75,302.734375
tensor(216),68.02645325660706,-25.849179038051208,-50.36994349363816,1697.265625,326.171875
tensor(216),70.40202617645264,67.0284832872086,-45.190844323767145,337.890625,367.1875
tensor(216),70.46000957489014,63.09599644490481,-45.31387258332823,396.484375,367.1875
tensor(216),70.51265835762024,59.97593762169533,-44.45198773976521,443.359375,384.765625
tensor(216),70.40640711784363,56.8459927765203,-43.58737198214641,490.234375,402.34375
tensor(216),69.51695680618286,-26.49644699389814,-45.506432577112676,1703.125,414.0625
tensor(216),70.41015625,56.883370116347194,-42.30098944282461,490.234375,425.78125
tensor(216),70.3656554222107,58.87165490027515,-41.91850461023259,460.9375,431.640625
tensor(216),70.38722634315491,70.73681543905333,-40.91408168006751,285.15625,443.359375
tensor(216),70.50657868385315,64.47342730967843,-39.81581157055715,378.90625,466.796875
tensor(216),70.47421932220459,60.97587673251026,-37.98088880209869,431.640625,501.953125
tensor(216),70.4679787158966,56.23816945885096,-37.14777652112216,501.953125,519.53125
tensor(216),70.03522515296936,52.25599709948681,-37.26516335116015,560.546875,519.53125
tensor(216),69.97290253639221,51.8889982026704,-35.973635898977484,566.40625,542.96875
tensor(216),69.0658450126648,68.23342545307511,-34.52101870891519,326.171875,560.546875
tensor(216),70.70939540863037,55.11519306346017,-34.574819152785345,519.53125,566.40625
tensor(216),68.72667670249939,-27.329709443397345,-36.9588216700263,1708.984375,566.40625
tensor(216),69.0469741821289,72.23877797339932,-33.428574827063144,267.578125,578.125
tensor(216),69.87766623497009,51.96036681047399,-33.029670026655744,566.40625,595.703125
tensor(216),69.15720701217651,67.13062780487178,-32.26954544170402,343.75,601.5625
tensor(216),70.17222046852112,58.36454524588494,-32.519318965824084,472.65625,601.5625
tensor(216),68.93805265426636,71.54280452599373,-31.163151256667895,279.296875,619.140625
tensor(216),69.03464198112488,65.6116876860465,-30.347148224991294,367.1875,636.71875
tensor(216),68.98248195648193,66.89482981985743,-28.00932527153418,349.609375,677.734375
tensor(216),68.98104548454285,64.49758835792808,-28.075419684264986,384.765625,677.734375
tensor(216),69.09725069999695,70.91215483395968,-27.23965795839972,291.015625,689.453125
tensor(216),69.33209300041199,57.74059011210101,-26.608235763910184,484.375,707.03125
tensor(216),69.0636157989502,69.39567572447613,-25.29901750972424,314.453125,724.609375
tensor(216),68.84565949440002,49.732625902932384,-25.164727861193118,601.5625,736.328125
tensor(216),68.96646022796631,66.64463650598043,-24.046943064713652,355.46875,748.046875
tensor(216),68.56487989425659,48.57052840937207,-22.860720764922966,619.140625,777.34375
tensor(216),68.82007122039795,58.27098187504593,-22.271346930942276,478.515625,783.203125
tensor(216),68.86157393455505,56.25484865271791,-22.324334917516865,507.8125,783.203125
tensor(216),69.13313269615173,66.76978681400864,-20.71345545035912,355.46875,806.640625
tensor(216),68.58483552932739,55.484326126696594,-21.006805024970248,519.53125,806.640625
tensor(216),69.18480396270752,71.60364026021587,-20.254007871981738,285.15625,812.5
tensor(216),69.2686140537262,63.96527389786124,-20.452004810129047,396.484375,812.5
tensor(216),68.41497421264648,49.43040223386842,-20.49316150970364,607.421875,818.359375
tensor(216),69.12457346916199,68.8187986053087,-19.65757556656496,326.171875,824.21875
tensor(216),68.77051591873169,58.35081395430356,-19.592029433843983,478.515625,830.078125
tensor(216),68.46901178359985,-27.659388005631694,-21.802875895973706,1703.125,830.078125
tensor(216),70.36817669868469,67.35004522406182,-16.00201091433033,349.609375,888.671875
tensor(216),69.8194146156311,70.18799889196285,-15.594312202716766,308.59375,894.53125
tensor(216),68.15932989120483,49.52530001031482,-16.10893102157675,607.421875,894.53125
tensor(216),70.30081152915955,64.57003586813116,-14.721313181173127,390.625,912.109375
tensor(216),68.4688150882721,54.8456326205706,-14.622608915733235,531.25,917.96875
tensor(216),69.41364407539368,-29.210200393931082,-16.001089289265977,1720.703125,929.6875
tensor(216),69.53534483909607,72.70777872739434,-13.169295825267465,273.4375,935.546875
tensor(216),69.39876675605774,58.938112358537786,-13.505200392688613,472.65625,935.546875
tensor(216),68.74492168426514,7.185861218971878,-14.767672341277288,1210.9375,935.546875
tensor(216),68.76018047332764,12.574650881761002,-14.293506910608372,1134.765625,941.40625
tensor(216),69.01007294654846,9.256359560910287,-14.37421215966934,1181.640625,941.40625
tensor(216),69.30940747261047,-28.874670259719824,-14.26308799500375,1714.84375,958.984375
tensor(216),69.42585706710815,58.98939100649681,-11.805280242013962,472.65625,964.84375
tensor(216),70.15580534934998,62.670696086617625,-11.036414817535551,419.921875,976.5625
tensor(216),69.16918158531189,-26.39183528250843,-13.163329516505323,1679.6875,976.5625
tensor(216),68.12372207641602,55.760370220042944,-10.86040923591513,519.53125,982.421875
tensor(216),69.24222111701965,73.64787512509925,-10.09462144725884,261.71875,988.28125
tensor(216),69.48481798171997,58.623170608197704,-10.451218433860332,478.515625,988.28125
tensor(216),68.95774602890015,7.127461100282322,-11.328381516614487,1210.9375,994.140625
tensor(216),69.47890520095825,69.23154366070024,-9.177401271434297,326.171875,1005.859375
tensor(216),70.518958568573,61.9471950704242,-8.323110140219107,431.640625,1023.4375
tensor(216),69.96433138847351,-30.372187603936503,-9.7749509400956,1732.421875,1035.15625
tensor(216),70.17773985862732,69.32584296775826,-6.783009961426495,326.171875,1046.875
tensor(216),69.70045566558838,62.025872051364914,-5.920824097173923,431.640625,1064.453125
tensor(216),69.21114921569824,-26.640056606741332,-7.9400509259217396,1679.6875,1064.453125
tensor(216),69.21083927154541,9.136497907143225,-6.429663095625018,1181.640625,1076.171875
tensor(216),68.92574429512024,3.254498074720408,-5.516343104940393,1263.671875,1093.75
tensor(216),69.1551685333252,-26.331546999724125,-5.476023227362135,1673.828125,1105.46875
tensor(216),69.7697103023529,-30.58655461260739,-5.570709563626246,1732.421875,1105.46875
tensor(216),68.97974610328674,7.847935507670198,-4.366095201945857,1199.21875,1111.328125
tensor(216),69.97162103652954,62.12753299817926,-2.816756417722582,431.640625,1117.1875
tensor(216),70.52556276321411,69.12059404709673,-1.6259287524268977,332.03125,1134.765625
tensor(216),69.17603015899658,2.7767776324713567,-2.726698903545013,1269.53125,1140.625
tensor(216),69.19468641281128,-26.857099060586176,-3.3728639369755924,1679.6875,1140.625
tensor(216),69.79867219924927,-30.71235914929929,-3.1033866215979016,1732.421875,1146.484375
tensor(216),70.53270936012268,67.97292663639692,0.42786570251788975,349.609375,1169.921875
tensor(216),69.81880068778992,-30.802563704642157,-1.3342630690985815,1732.421875,1175.78125
tensor(216),70.04789710044861,73.74673183641929,1.5927038051340188,267.578125,1187.5
tensor(216),70.11727094650269,64.31864909183616,1.3927812412840763,402.34375,1187.5
tensor(216),69.2320466041565,5.63681022691977,1.9136355486886287,1228.515625,1216.796875
tensor(216),70.20467519760132,64.80257139462213,3.495216621304746,396.484375,1222.65625
tensor(216),69.0864086151123,-27.092854873550724,1.588105046124057,1679.6875,1222.65625
tensor(216),69.78634595870972,73.85175494361513,4.031799317353061,267.578125,1228.515625
tensor(216),70.47547101974487,68.11831037622346,4.262683791712947,349.609375,1234.375
tensor(216),68.96510720252991,1.8137870711880888,2.89667576854367,1281.25,1234.375
tensor(216),69.17016506195068,-0.7255062000501336,2.8443611630116536,1316.40625,1234.375
tensor(216),69.77348923683167,-31.002030734921835,2.5777546762758914,1732.421875,1240.234375
tensor(216),69.14070248603821,5.175570741078358,4.0298595738585155,1234.375,1251.953125
tensor(216),69.06189918518066,-27.211526023867766,4.085281631119321,1679.6875,1263.671875
tensor(216),69.1392183303833,2.5931745243898154,6.1123421410226,1269.53125,1287.109375
tensor(216),69.27886605262756,-0.37707904378115964,6.053174601262386,1310.546875,1287.109375
tensor(216),70.70130705833435,66.18844095989655,7.730967692763005,378.90625,1292.96875
tensor(216),69.72138285636902,-31.184588012870737,6.158132395250278,1732.421875,1298.828125
tensor(216),69.0678596496582,-27.347803774716507,6.952950879846882,1679.6875,1310.546875
tensor(216),69.70255970954895,-31.257939845704485,7.59673441032502,1732.421875,1322.265625
tensor(216),70.26292681694031,68.82601530433568,12.020046369762985,343.75,1363.28125
tensor(216),69.33265328407288,-0.5030058501963387,11.42769185296643,1310.546875,1375.0
tensor(216),68.86963248252869,-4.355620318198516,11.715953248014495,1363.28125,1380.859375
tensor(216),70.33597230911255,70.53735592906862,13.471367069646023,320.3125,1386.71875
tensor(216),69.66922879219055,-31.460634353158774,11.572050576306475,1732.421875,1386.71875
tensor(216),68.99632811546326,-27.58798305804785,12.007002188304602,1679.6875,1392.578125
tensor(216),70.46943306922913,71.03712840957478,15.615637179216717,314.453125,1421.875
tensor(216),68.99981498718262,-27.691582705172614,14.18703172642372,1679.6875,1427.734375
tensor(216),68.76986622810364,2.406621015811728,15.093421691143734,1269.53125,1433.59375
tensor(216),69.55480575561523,-4.452747190003442,15.332829658530587,1363.28125,1439.453125
tensor(216),69.28030252456665,-1.8898757212847646,15.741721054240974,1328.125,1445.3125
tensor(216),68.06212067604065,65.29773648283718,17.657241538939534,396.484375,1457.03125
tensor(216),69.08087134361267,-27.41365881149406,17.480529487731275,1673.828125,1480.46875
tensor(216),70.42288780212402,74.53804889338507,19.970544014985848,267.578125,1492.1875
tensor(216),69.62203979492188,-31.795440168366518,18.138380302631216,1732.421875,1492.1875
tensor(216),68.94022226333618,-28.039836977473268,21.51528642093375,1679.6875,1544.921875
tensor(216),68.9692735671997,68.88801354287634,24.565309314435357,349.609375,1568.359375
tensor(216),69.58137154579163,-32.05856334648767,23.298844869562085,1732.421875,1574.21875
tensor(216),69.01147365570068,-27.70868616025384,23.739412174835532,1673.828125,1580.078125
tensor(216),68.9468264579773,71.87462044751732,26.064447832525023,308.59375,1591.796875
tensor(216),68.95079612731934,67.26624514690057,25.99116532224784,373.046875,1591.796875
tensor(216),69.56031322479248,-32.153119381177916,25.153311169691452,1732.421875,1603.515625
tensor(216),68.9399778842926,-28.2686437282247,26.33002748427439,1679.6875,1621.09375
tensor(216),68.56871843338013,74.52436095197307,29.382525697126646,273.4375,1644.53125
tensor(216),68.65008473396301,67.80639114430983,29.28046038579052,367.1875,1644.53125
tensor(216),68.62131357192993,70.34218704084877,29.68448847615677,332.03125,1650.390625
tensor(216),68.05501580238342,4.287197442880443,28.686144512115362,1240.234375,1650.390625
tensor(216),68.95545721054077,-27.918917687586973,28.199386723772406,1673.828125,1650.390625
tensor(216),69.560706615448,-32.305053434562225,28.13309540838335,1732.421875,1650.390625
tensor(216),68.01317930221558,-0.9142368953292775,28.978906002052437,1310.546875,1656.25
tensor(216),68.67206692695618,72.47192528494662,30.44805418977498,302.734375,1662.109375
tensor(216),68.64476203918457,-10.950444131518244,30.319102847454307,1445.3125,1679.6875
tensor(216),68.43920350074768,-17.93307815181834,30.216333717811185,1539.0625,1679.6875
tensor(216),68.00767183303833,-3.1291154604617852,30.806971531174657,1339.84375,1685.546875
tensor(216),68.99001002311707,-24.10896868583517,31.24942907586673,1621.09375,1697.265625
tensor(216),69.53744292259216,-32.47693410664176,31.50407976764915,1732.421875,1703.125
tensor(216),68.81416440010071,-21.94811987104077,32.03091727440612,1591.796875,1708.984375
tensor(216),68.28253865242004,17.185361876250322,33.3362706104383,1064.453125,1720.703125
tensor(216),68.19719076156616,-15.85779507079088,33.24380678408391,1509.765625,1726.5625
tensor(216),68.18875670433044,74.75940905138282,34.88831819026908,273.4375,1732.421875
tensor(216),69.36529874801636,-28.16628486408426,33.44717864830138,1673.828125,1732.421875
tensor(216),68.16084384918213,71.82348097160691,35.21616775276421,314.453125,1738.28125
tensor(216),68.49652528762817,-1.471996417687739,34.195753606000984,1316.40625,1738.28125
tensor(216),70.03364562988281,-32.592087158543805,33.76250203343994,1732.421875,1738.28125
